Using cpu device
-----------------------------
| time/              |      |
|    fps             | 5078 |
|    iterations      | 1    |
|    time_elapsed    | 1    |
|    total_timesteps | 8192 |
-----------------------------
-----------------------------------------
| time/                   |             |
|    fps                  | 4448        |
|    iterations           | 2           |
|    time_elapsed         | 3           |
|    total_timesteps      | 16384       |
| train/                  |             |
|    approx_kl            | 0.003739166 |
|    clip_fraction        | 0.0257      |
|    clip_range           | 0.2         |
|    entropy_loss         | -2.83       |
|    explained_variance   | 0.049       |
|    learning_rate        | 0.000299    |
|    loss                 | 1.7         |
|    n_updates            | 10          |
|    policy_gradient_loss | -0.00303    |
|    std                  | 0.993       |
|    value_loss           | 8.32        |
-----------------------------------------
------------------------------------------
| time/                   |              |
|    fps                  | 4498         |
|    iterations           | 3            |
|    time_elapsed         | 5            |
|    total_timesteps      | 24576        |
| train/                  |              |
|    approx_kl            | 0.0031012148 |
|    clip_fraction        | 0.00807      |
|    clip_range           | 0.2          |
|    entropy_loss         | -2.82        |
|    explained_variance   | -0.00903     |
|    learning_rate        | 0.000298     |
|    loss                 | 20           |
|    n_updates            | 20           |
|    policy_gradient_loss | -0.0012      |
|    std                  | 0.992        |
|    value_loss           | 77.2         |
------------------------------------------
------------------------------------------
| time/                   |              |
|    fps                  | 4429         |
|    iterations           | 4            |
|    time_elapsed         | 7            |
|    total_timesteps      | 32768        |
| train/                  |              |
|    approx_kl            | 0.0022654776 |
|    clip_fraction        | 0.00129      |
|    clip_range           | 0.2          |
|    entropy_loss         | -2.82        |
|    explained_variance   | -0.0426      |
|    learning_rate        | 0.000298     |
|    loss                 | 72.9         |
|    n_updates            | 30           |
|    policy_gradient_loss | -0.000856    |
|    std                  | 0.991        |
|    value_loss           | 203          |
------------------------------------------
-----------------------------------------
| time/                   |             |
|    fps                  | 4445        |
|    iterations           | 5           |
|    time_elapsed         | 9           |
|    total_timesteps      | 40960       |
| train/                  |             |
|    approx_kl            | 0.002013992 |
|    clip_fraction        | 0.00154     |
|    clip_range           | 0.2         |
|    entropy_loss         | -2.82       |
|    explained_variance   | 0.14        |
|    learning_rate        | 0.000297    |
|    loss                 | 206         |
|    n_updates            | 40          |
|    policy_gradient_loss | -0.00102    |
|    std                  | 0.991       |
|    value_loss           | 461         |
-----------------------------------------
-----------------------------------------
| time/                   |             |
|    fps                  | 4468        |
|    iterations           | 6           |
|    time_elapsed         | 11          |
|    total_timesteps      | 49152       |
| train/                  |             |
|    approx_kl            | 0.001778798 |
|    clip_fraction        | 0.000403    |
|    clip_range           | 0.2         |
|    entropy_loss         | -2.82       |
|    explained_variance   | 0.254       |
|    learning_rate        | 0.000296    |
|    loss                 | 233         |
|    n_updates            | 50          |
|    policy_gradient_loss | -0.00091    |
|    std                  | 0.991       |
|    value_loss           | 514         |
-----------------------------------------
------------------------------------------
| time/                   |              |
|    fps                  | 4458         |
|    iterations           | 7            |
|    time_elapsed         | 12           |
|    total_timesteps      | 57344        |
| train/                  |              |
|    approx_kl            | 0.0026248302 |
|    clip_fraction        | 0.0125       |
|    clip_range           | 0.2          |
|    entropy_loss         | -2.82        |
|    explained_variance   | 0.737        |
|    learning_rate        | 0.000295     |
|    loss                 | 2.49         |
|    n_updates            | 60           |
|    policy_gradient_loss | -0.00122     |
|    std                  | 0.989        |
|    value_loss           | 11.4         |
------------------------------------------
------------------------------------------
| time/                   |              |
|    fps                  | 4500         |
|    iterations           | 8            |
|    time_elapsed         | 14           |
|    total_timesteps      | 65536        |
| train/                  |              |
|    approx_kl            | 0.0031270091 |
|    clip_fraction        | 0.0109       |
|    clip_range           | 0.2          |
|    entropy_loss         | -2.81        |
|    explained_variance   | 0.618        |
|    learning_rate        | 0.000294     |
|    loss                 | 28.9         |
|    n_updates            | 70           |
|    policy_gradient_loss | -0.00143     |
|    std                  | 0.988        |
|    value_loss           | 98.7         |
------------------------------------------
------------------------------------------
| time/                   |              |
|    fps                  | 4550         |
|    iterations           | 9            |
|    time_elapsed         | 16           |
|    total_timesteps      | 73728        |
| train/                  |              |
|    approx_kl            | 0.0019569234 |
|    clip_fraction        | 0.00441      |
|    clip_range           | 0.2          |
|    entropy_loss         | -2.81        |
|    explained_variance   | 0.533        |
|    learning_rate        | 0.000293     |
|    loss                 | 127          |
|    n_updates            | 80           |
|    policy_gradient_loss | -0.000832    |
|    std                  | 0.989        |
|    value_loss           | 311          |
------------------------------------------
-------------------------------------------
| time/                   |               |
|    fps                  | 4601          |
|    iterations           | 10            |
|    time_elapsed         | 17            |
|    total_timesteps      | 81920         |
| train/                  |               |
|    approx_kl            | 0.00075586245 |
|    clip_fraction        | 0             |
|    clip_range           | 0.2           |
|    entropy_loss         | -2.81         |
|    explained_variance   | 0.507         |
|    learning_rate        | 0.000293      |
|    loss                 | 282           |
|    n_updates            | 90            |
|    policy_gradient_loss | -0.000477     |
|    std                  | 0.987         |
|    value_loss           | 635           |
-------------------------------------------
------------------------------------------
| time/                   |              |
|    fps                  | 4631         |
|    iterations           | 11           |
|    time_elapsed         | 19           |
|    total_timesteps      | 90112        |
| train/                  |              |
|    approx_kl            | 0.0024463492 |
|    clip_fraction        | 0.00272      |
|    clip_range           | 0.2          |
|    entropy_loss         | -2.81        |
|    explained_variance   | 0.639        |
|    learning_rate        | 0.000292     |
|    loss                 | 120          |
|    n_updates            | 100          |
|    policy_gradient_loss | -0.000725    |
|    std                  | 0.985        |
|    value_loss           | 333          |
------------------------------------------
------------------------------------------
| time/                   |              |
|    fps                  | 4576         |
|    iterations           | 12           |
|    time_elapsed         | 21           |
|    total_timesteps      | 98304        |
| train/                  |              |
|    approx_kl            | 0.0032012379 |
|    clip_fraction        | 0.0141       |
|    clip_range           | 0.2          |
|    entropy_loss         | -2.8         |
|    explained_variance   | 0.94         |
|    learning_rate        | 0.000291     |
|    loss                 | 2.52         |
|    n_updates            | 110          |
|    policy_gradient_loss | -0.00174     |
|    std                  | 0.981        |
|    value_loss           | 8.02         |
------------------------------------------
------------------------------------------
| time/                   |              |
|    fps                  | 4577         |
|    iterations           | 13           |
|    time_elapsed         | 23           |
|    total_timesteps      | 106496       |
| train/                  |              |
|    approx_kl            | 0.0033125929 |
|    clip_fraction        | 0.0137       |
|    clip_range           | 0.2          |
|    entropy_loss         | -2.8         |
|    explained_variance   | 0.86         |
|    learning_rate        | 0.00029      |
|    loss                 | 26.6         |
|    n_updates            | 120          |
|    policy_gradient_loss | -0.00215     |
|    std                  | 0.982        |
|    value_loss           | 86.7         |
------------------------------------------
-----------------------------------------
| time/                   |             |
|    fps                  | 4590        |
|    iterations           | 14          |
|    time_elapsed         | 24          |
|    total_timesteps      | 114688      |
| train/                  |             |
|    approx_kl            | 0.003197047 |
|    clip_fraction        | 0.00638     |
|    clip_range           | 0.2         |
|    entropy_loss         | -2.8        |
|    explained_variance   | 0.755       |
|    learning_rate        | 0.000289    |
|    loss                 | 91.9        |
|    n_updates            | 130         |
|    policy_gradient_loss | -0.00111    |
|    std                  | 0.981       |
|    value_loss           | 249         |
-----------------------------------------
------------------------------------------
| time/                   |              |
|    fps                  | 4610         |
|    iterations           | 15           |
|    time_elapsed         | 26           |
|    total_timesteps      | 122880       |
| train/                  |              |
|    approx_kl            | 0.0037181634 |
|    clip_fraction        | 0.0126       |
|    clip_range           | 0.2          |
|    entropy_loss         | -2.8         |
|    explained_variance   | 0.658        |
|    learning_rate        | 0.000289     |
|    loss                 | 191          |
|    n_updates            | 140          |
|    policy_gradient_loss | -0.00205     |
|    std                  | 0.981        |
|    value_loss           | 491          |
------------------------------------------
------------------------------------------
| time/                   |              |
|    fps                  | 4611         |
|    iterations           | 16           |
|    time_elapsed         | 28           |
|    total_timesteps      | 131072       |
| train/                  |              |
|    approx_kl            | 0.0037737403 |
|    clip_fraction        | 0.02         |
|    clip_range           | 0.2          |
|    entropy_loss         | -2.8         |
|    explained_variance   | 0.939        |
|    learning_rate        | 0.000288     |
|    loss                 | 19.3         |
|    n_updates            | 150          |
|    policy_gradient_loss | -0.00291     |
|    std                  | 0.98         |
|    value_loss           | 24.8         |
------------------------------------------
------------------------------------------
| time/                   |              |
|    fps                  | 4601         |
|    iterations           | 17           |
|    time_elapsed         | 30           |
|    total_timesteps      | 139264       |
| train/                  |              |
|    approx_kl            | 0.0020476107 |
|    clip_fraction        | 0.00323      |
|    clip_range           | 0.2          |
|    entropy_loss         | -2.8         |
|    explained_variance   | 0.964        |
|    learning_rate        | 0.000287     |
|    loss                 | 8.29         |
|    n_updates            | 160          |
|    policy_gradient_loss | -0.000968    |
|    std                  | 0.978        |
|    value_loss           | 22.8         |
------------------------------------------
------------------------------------------
| time/                   |              |
|    fps                  | 4637         |
|    iterations           | 18           |
|    time_elapsed         | 31           |
|    total_timesteps      | 147456       |
| train/                  |              |
|    approx_kl            | 0.0027443045 |
|    clip_fraction        | 0.00858      |
|    clip_range           | 0.2          |
|    entropy_loss         | -2.79        |
|    explained_variance   | 0.855        |
|    learning_rate        | 0.000286     |
|    loss                 | 36.2         |
|    n_updates            | 170          |
|    policy_gradient_loss | -0.00134     |
|    std                  | 0.976        |
|    value_loss           | 126          |
------------------------------------------
------------------------------------------
| time/                   |              |
|    fps                  | 4658         |
|    iterations           | 19           |
|    time_elapsed         | 33           |
|    total_timesteps      | 155648       |
| train/                  |              |
|    approx_kl            | 0.0020801232 |
|    clip_fraction        | 0.00226      |
|    clip_range           | 0.2          |
|    entropy_loss         | -2.79        |
|    explained_variance   | 0.768        |
|    learning_rate        | 0.000285     |
|    loss                 | 130          |
|    n_updates            | 180          |
|    policy_gradient_loss | -0.00103     |
|    std                  | 0.974        |
|    value_loss           | 379          |
------------------------------------------
-----------------------------------------
| time/                   |             |
|    fps                  | 4673        |
|    iterations           | 20          |
|    time_elapsed         | 35          |
|    total_timesteps      | 163840      |
| train/                  |             |
|    approx_kl            | 0.003519829 |
|    clip_fraction        | 0.00937     |
|    clip_range           | 0.2         |
|    entropy_loss         | -2.78       |
|    explained_variance   | 0.847       |
|    learning_rate        | 0.000284    |
|    loss                 | 242         |
|    n_updates            | 190         |
|    policy_gradient_loss | -0.00155    |
|    std                  | 0.973       |
|    value_loss           | 573         |
-----------------------------------------
------------------------------------------
| time/                   |              |
|    fps                  | 4637         |
|    iterations           | 21           |
|    time_elapsed         | 37           |
|    total_timesteps      | 172032       |
| train/                  |              |
|    approx_kl            | 0.0029789698 |
|    clip_fraction        | 0.0167       |
|    clip_range           | 0.2          |
|    entropy_loss         | -2.78        |
|    explained_variance   | 0.988        |
|    learning_rate        | 0.000284     |
|    loss                 | 1.23         |
|    n_updates            | 200          |
|    policy_gradient_loss | -0.00157     |
|    std                  | 0.966        |
|    value_loss           | 3.94         |
------------------------------------------
------------------------------------------
| time/                   |              |
|    fps                  | 4663         |
|    iterations           | 22           |
|    time_elapsed         | 38           |
|    total_timesteps      | 180224       |
| train/                  |              |
|    approx_kl            | 0.0014661222 |
|    clip_fraction        | 0.00573      |
|    clip_range           | 0.2          |
|    entropy_loss         | -2.77        |
|    explained_variance   | 0.962        |
|    learning_rate        | 0.000283     |
|    loss                 | 9.59         |
|    n_updates            | 210          |
|    policy_gradient_loss | -0.00075     |
|    std                  | 0.965        |
|    value_loss           | 29.8         |
------------------------------------------
------------------------------------------
| time/                   |              |
|    fps                  | 4683         |
|    iterations           | 23           |
|    time_elapsed         | 40           |
|    total_timesteps      | 188416       |
| train/                  |              |
|    approx_kl            | 0.0027395731 |
|    clip_fraction        | 0.0175       |
|    clip_range           | 0.2          |
|    entropy_loss         | -2.77        |
|    explained_variance   | 0.88         |
|    learning_rate        | 0.000282     |
|    loss                 | 48.1         |
|    n_updates            | 220          |
|    policy_gradient_loss | -0.00258     |
|    std                  | 0.964        |
|    value_loss           | 154          |
------------------------------------------
------------------------------------------
| time/                   |              |
|    fps                  | 4709         |
|    iterations           | 24           |
|    time_elapsed         | 41           |
|    total_timesteps      | 196608       |
| train/                  |              |
|    approx_kl            | 0.0018822929 |
|    clip_fraction        | 0.00719      |
|    clip_range           | 0.2          |
|    entropy_loss         | -2.76        |
|    explained_variance   | 0.682        |
|    learning_rate        | 0.000281     |
|    loss                 | 184          |
|    n_updates            | 230          |
|    policy_gradient_loss | -0.0012      |
|    std                  | 0.962        |
|    value_loss           | 427          |
------------------------------------------
------------------------------------------
| time/                   |              |
|    fps                  | 4728         |
|    iterations           | 25           |
|    time_elapsed         | 43           |
|    total_timesteps      | 204800       |
| train/                  |              |
|    approx_kl            | 0.0025647464 |
|    clip_fraction        | 0.0166       |
|    clip_range           | 0.2          |
|    entropy_loss         | -2.76        |
|    explained_variance   | 0.909        |
|    learning_rate        | 0.00028      |
|    loss                 | 132          |
|    n_updates            | 240          |
|    policy_gradient_loss | -0.00232     |
|    std                  | 0.964        |
|    value_loss           | 313          |
------------------------------------------
------------------------------------------
| time/                   |              |
|    fps                  | 4745         |
|    iterations           | 26           |
|    time_elapsed         | 44           |
|    total_timesteps      | 212992       |
| train/                  |              |
|    approx_kl            | 0.0022965446 |
|    clip_fraction        | 0.00718      |
|    clip_range           | 0.2          |
|    entropy_loss         | -2.76        |
|    explained_variance   | 0.978        |
|    learning_rate        | 0.00028      |
|    loss                 | 2.63         |
|    n_updates            | 250          |
|    policy_gradient_loss | -0.00116     |
|    std                  | 0.962        |
|    value_loss           | 6.84         |
------------------------------------------
------------------------------------------
| time/                   |              |
|    fps                  | 4763         |
|    iterations           | 27           |
|    time_elapsed         | 46           |
|    total_timesteps      | 221184       |
| train/                  |              |
|    approx_kl            | 0.0031689468 |
|    clip_fraction        | 0.0167       |
|    clip_range           | 0.2          |
|    entropy_loss         | -2.76        |
|    explained_variance   | 0.964        |
|    learning_rate        | 0.000279     |
|    loss                 | 10.8         |
|    n_updates            | 260          |
|    policy_gradient_loss | -0.00205     |
|    std                  | 0.964        |
|    value_loss           | 29.1         |
------------------------------------------
------------------------------------------
| time/                   |              |
|    fps                  | 4785         |
|    iterations           | 28           |
|    time_elapsed         | 47           |
|    total_timesteps      | 229376       |
| train/                  |              |
|    approx_kl            | 0.0033266312 |
|    clip_fraction        | 0.0142       |
|    clip_range           | 0.2          |
|    entropy_loss         | -2.77        |
|    explained_variance   | 0.924        |
|    learning_rate        | 0.000278     |
|    loss                 | 48.4         |
|    n_updates            | 270          |
|    policy_gradient_loss | -0.00181     |
|    std                  | 0.968        |
|    value_loss           | 131          |
------------------------------------------
------------------------------------------
| time/                   |              |
|    fps                  | 4805         |
|    iterations           | 29           |
|    time_elapsed         | 49           |
|    total_timesteps      | 237568       |
| train/                  |              |
|    approx_kl            | 0.0033651371 |
|    clip_fraction        | 0.0157       |
|    clip_range           | 0.2          |
|    entropy_loss         | -2.77        |
|    explained_variance   | 0.883        |
|    learning_rate        | 0.000277     |
|    loss                 | 149          |
|    n_updates            | 280          |
|    policy_gradient_loss | -0.00191     |
|    std                  | 0.969        |
|    value_loss           | 376          |
------------------------------------------
------------------------------------------
| time/                   |              |
|    fps                  | 4825         |
|    iterations           | 30           |
|    time_elapsed         | 50           |
|    total_timesteps      | 245760       |
| train/                  |              |
|    approx_kl            | 0.0034703182 |
|    clip_fraction        | 0.0172       |
|    clip_range           | 0.2          |
|    entropy_loss         | -2.78        |
|    explained_variance   | 0.959        |
|    learning_rate        | 0.000276     |
|    loss                 | 23.7         |
|    n_updates            | 290          |
|    policy_gradient_loss | -0.00217     |
|    std                  | 0.972        |
|    value_loss           | 59.3         |
------------------------------------------
-----------------------------------------
| time/                   |             |
|    fps                  | 4833        |
|    iterations           | 31          |
|    time_elapsed         | 52          |
|    total_timesteps      | 253952      |
| train/                  |             |
|    approx_kl            | 0.002494344 |
|    clip_fraction        | 0.0068      |
|    clip_range           | 0.2         |
|    entropy_loss         | -2.78       |
|    explained_variance   | 0.995       |
|    learning_rate        | 0.000275    |
|    loss                 | 1.43        |
|    n_updates            | 300         |
|    policy_gradient_loss | -0.00224    |
|    std                  | 0.965       |
|    value_loss           | 5           |
-----------------------------------------
------------------------------------------
| time/                   |              |
|    fps                  | 4840         |
|    iterations           | 32           |
|    time_elapsed         | 54           |
|    total_timesteps      | 262144       |
| train/                  |              |
|    approx_kl            | 0.0022939318 |
|    clip_fraction        | 0.0114       |
|    clip_range           | 0.2          |
|    entropy_loss         | -2.76        |
|    explained_variance   | 0.978        |
|    learning_rate        | 0.000275     |
|    loss                 | 15           |
|    n_updates            | 310          |
|    policy_gradient_loss | -0.00148     |
|    std                  | 0.96         |
|    value_loss           | 39.6         |
------------------------------------------
-----------------------------------------
| time/                   |             |
|    fps                  | 4839        |
|    iterations           | 33          |
|    time_elapsed         | 55          |
|    total_timesteps      | 270336      |
| train/                  |             |
|    approx_kl            | 0.002710469 |
|    clip_fraction        | 0.0172      |
|    clip_range           | 0.2         |
|    entropy_loss         | -2.76       |
|    explained_variance   | 0.937       |
|    learning_rate        | 0.000274    |
|    loss                 | 67.5        |
|    n_updates            | 320         |
|    policy_gradient_loss | -0.00234    |
|    std                  | 0.961       |
|    value_loss           | 161         |
-----------------------------------------
------------------------------------------
| time/                   |              |
|    fps                  | 4850         |
|    iterations           | 34           |
|    time_elapsed         | 57           |
|    total_timesteps      | 278528       |
| train/                  |              |
|    approx_kl            | 0.0035896143 |
|    clip_fraction        | 0.0147       |
|    clip_range           | 0.2          |
|    entropy_loss         | -2.76        |
|    explained_variance   | 0.934        |
|    learning_rate        | 0.000273     |
|    loss                 | 128          |
|    n_updates            | 330          |
|    policy_gradient_loss | -0.00218     |
|    std                  | 0.962        |
|    value_loss           | 287          |
------------------------------------------
------------------------------------------
| time/                   |              |
|    fps                  | 4820         |
|    iterations           | 35           |
|    time_elapsed         | 59           |
|    total_timesteps      | 286720       |
| train/                  |              |
|    approx_kl            | 0.0034318536 |
|    clip_fraction        | 0.0137       |
|    clip_range           | 0.2          |
|    entropy_loss         | -2.76        |
|    explained_variance   | 0.982        |
|    learning_rate        | 0.000272     |
|    loss                 | 0.943        |
|    n_updates            | 340          |
|    policy_gradient_loss | -0.00121     |
|    std                  | 0.958        |
|    value_loss           | 3.28         |
------------------------------------------
-----------------------------------------
| time/                   |             |
|    fps                  | 4833        |
|    iterations           | 36          |
|    time_elapsed         | 61          |
|    total_timesteps      | 294912      |
| train/                  |             |
|    approx_kl            | 0.004483461 |
|    clip_fraction        | 0.0202      |
|    clip_range           | 0.2         |
|    entropy_loss         | -2.75       |
|    explained_variance   | 0.989       |
|    learning_rate        | 0.000271    |
|    loss                 | 2.53        |
|    n_updates            | 350         |
|    policy_gradient_loss | -0.00185    |
|    std                  | 0.956       |
|    value_loss           | 7.02        |
-----------------------------------------
-----------------------------------------
| time/                   |             |
|    fps                  | 4849        |
|    iterations           | 37          |
|    time_elapsed         | 62          |
|    total_timesteps      | 303104      |
| train/                  |             |
|    approx_kl            | 0.003459633 |
|    clip_fraction        | 0.0192      |
|    clip_range           | 0.2         |
|    entropy_loss         | -2.74       |
|    explained_variance   | 0.977       |
|    learning_rate        | 0.000271    |
|    loss                 | 17.4        |
|    n_updates            | 360         |
|    policy_gradient_loss | -0.00292    |
|    std                  | 0.952       |
|    value_loss           | 49.5        |
-----------------------------------------
------------------------------------------
| time/                   |              |
|    fps                  | 4860         |
|    iterations           | 38           |
|    time_elapsed         | 64           |
|    total_timesteps      | 311296       |
| train/                  |              |
|    approx_kl            | 0.0028331033 |
|    clip_fraction        | 0.0226       |
|    clip_range           | 0.2          |
|    entropy_loss         | -2.74        |
|    explained_variance   | 0.953        |
|    learning_rate        | 0.00027      |
|    loss                 | 80.1         |
|    n_updates            | 370          |
|    policy_gradient_loss | -0.00332     |
|    std                  | 0.956        |
|    value_loss           | 221          |
------------------------------------------
------------------------------------------
| time/                   |              |
|    fps                  | 4873         |
|    iterations           | 39           |
|    time_elapsed         | 65           |
|    total_timesteps      | 319488       |
| train/                  |              |
|    approx_kl            | 0.0048035188 |
|    clip_fraction        | 0.0241       |
|    clip_range           | 0.2          |
|    entropy_loss         | -2.74        |
|    explained_variance   | 0.952        |
|    learning_rate        | 0.000269     |
|    loss                 | 97.8         |
|    n_updates            | 380          |
|    policy_gradient_loss | -0.00239     |
|    std                  | 0.952        |
|    value_loss           | 207          |
------------------------------------------
------------------------------------------
| time/                   |              |
|    fps                  | 4886         |
|    iterations           | 40           |
|    time_elapsed         | 67           |
|    total_timesteps      | 327680       |
| train/                  |              |
|    approx_kl            | 0.0050347764 |
|    clip_fraction        | 0.0334       |
|    clip_range           | 0.2          |
|    entropy_loss         | -2.73        |
|    explained_variance   | 0.987        |
|    learning_rate        | 0.000268     |
|    loss                 | 0.626        |
|    n_updates            | 390          |
|    policy_gradient_loss | -0.0027      |
|    std                  | 0.938        |
|    value_loss           | 1.82         |
------------------------------------------
------------------------------------------
| time/                   |              |
|    fps                  | 4898         |
|    iterations           | 41           |
|    time_elapsed         | 68           |
|    total_timesteps      | 335872       |
| train/                  |              |
|    approx_kl            | 0.0032686663 |
|    clip_fraction        | 0.0226       |
|    clip_range           | 0.2          |
|    entropy_loss         | -2.7         |
|    explained_variance   | 0.997        |
|    learning_rate        | 0.000267     |
|    loss                 | 0.656        |
|    n_updates            | 400          |
|    policy_gradient_loss | -0.00231     |
|    std                  | 0.93         |
|    value_loss           | 2.37         |
------------------------------------------
------------------------------------------
| time/                   |              |
|    fps                  | 4905         |
|    iterations           | 42           |
|    time_elapsed         | 70           |
|    total_timesteps      | 344064       |
| train/                  |              |
|    approx_kl            | 0.0027858245 |
|    clip_fraction        | 0.0135       |
|    clip_range           | 0.2          |
|    entropy_loss         | -2.69        |
|    explained_variance   | 0.997        |
|    learning_rate        | 0.000266     |
|    loss                 | 0.681        |
|    n_updates            | 410          |
|    policy_gradient_loss | -0.00265     |
|    std                  | 0.929        |
|    value_loss           | 2.01         |
------------------------------------------
-----------------------------------------
| time/                   |             |
|    fps                  | 4918        |
|    iterations           | 43          |
|    time_elapsed         | 71          |
|    total_timesteps      | 352256      |
| train/                  |             |
|    approx_kl            | 0.003869896 |
|    clip_fraction        | 0.0177      |
|    clip_range           | 0.2         |
|    entropy_loss         | -2.69       |
|    explained_variance   | 0.988       |
|    learning_rate        | 0.000266    |
|    loss                 | 3.83        |
|    n_updates            | 420         |
|    policy_gradient_loss | -0.00113    |
|    std                  | 0.925       |
|    value_loss           | 14          |
-----------------------------------------
-----------------------------------------
| time/                   |             |
|    fps                  | 4928        |
|    iterations           | 44          |
|    time_elapsed         | 73          |
|    total_timesteps      | 360448      |
| train/                  |             |
|    approx_kl            | 0.002491807 |
|    clip_fraction        | 0.0206      |
|    clip_range           | 0.2         |
|    entropy_loss         | -2.68       |
|    explained_variance   | 0.993       |
|    learning_rate        | 0.000265    |
|    loss                 | 6.03        |
|    n_updates            | 430         |
|    policy_gradient_loss | -0.00195    |
|    std                  | 0.929       |
|    value_loss           | 13.9        |
-----------------------------------------
------------------------------------------
| time/                   |              |
|    fps                  | 4939         |
|    iterations           | 45           |
|    time_elapsed         | 74           |
|    total_timesteps      | 368640       |
| train/                  |              |
|    approx_kl            | 0.0027606282 |
|    clip_fraction        | 0.0158       |
|    clip_range           | 0.2          |
|    entropy_loss         | -2.69        |
|    explained_variance   | 0.996        |
|    learning_rate        | 0.000264     |
|    loss                 | 0.613        |
|    n_updates            | 440          |
|    policy_gradient_loss | -0.00186     |
|    std                  | 0.93         |
|    value_loss           | 2.56         |
------------------------------------------
-----------------------------------------
| time/                   |             |
|    fps                  | 4946        |
|    iterations           | 46          |
|    time_elapsed         | 76          |
|    total_timesteps      | 376832      |
| train/                  |             |
|    approx_kl            | 0.003968076 |
|    clip_fraction        | 0.0194      |
|    clip_range           | 0.2         |
|    entropy_loss         | -2.69       |
|    explained_variance   | 0.996       |
|    learning_rate        | 0.000263    |
|    loss                 | 3.69        |
|    n_updates            | 450         |
|    policy_gradient_loss | -0.0022     |
|    std                  | 0.925       |
|    value_loss           | 9.61        |
-----------------------------------------
------------------------------------------
| time/                   |              |
|    fps                  | 4955         |
|    iterations           | 47           |
|    time_elapsed         | 77           |
|    total_timesteps      | 385024       |
| train/                  |              |
|    approx_kl            | 0.0013920113 |
|    clip_fraction        | 0.0107       |
|    clip_range           | 0.2          |
|    entropy_loss         | -2.68        |
|    explained_variance   | 0.983        |
|    learning_rate        | 0.000262     |
|    loss                 | 31.3         |
|    n_updates            | 460          |
|    policy_gradient_loss | -0.0013      |
|    std                  | 0.922        |
|    value_loss           | 70.2         |
------------------------------------------
------------------------------------------
| time/                   |              |
|    fps                  | 4960         |
|    iterations           | 48           |
|    time_elapsed         | 79           |
|    total_timesteps      | 393216       |
| train/                  |              |
|    approx_kl            | 0.0031963047 |
|    clip_fraction        | 0.0207       |
|    clip_range           | 0.2          |
|    entropy_loss         | -2.67        |
|    explained_variance   | 0.971        |
|    learning_rate        | 0.000261     |
|    loss                 | 64.6         |
|    n_updates            | 470          |
|    policy_gradient_loss | -0.00188     |
|    std                  | 0.923        |
|    value_loss           | 170          |
------------------------------------------
------------------------------------------
| time/                   |              |
|    fps                  | 4961         |
|    iterations           | 49           |
|    time_elapsed         | 80           |
|    total_timesteps      | 401408       |
| train/                  |              |
|    approx_kl            | 0.0037348783 |
|    clip_fraction        | 0.0358       |
|    clip_range           | 0.2          |
|    entropy_loss         | -2.67        |
|    explained_variance   | 0.974        |
|    learning_rate        | 0.000261     |
|    loss                 | 0.816        |
|    n_updates            | 480          |
|    policy_gradient_loss | -0.00289     |
|    std                  | 0.913        |
|    value_loss           | 2.64         |
------------------------------------------
------------------------------------------
| time/                   |              |
|    fps                  | 4958         |
|    iterations           | 50           |
|    time_elapsed         | 82           |
|    total_timesteps      | 409600       |
| train/                  |              |
|    approx_kl            | 0.0026383467 |
|    clip_fraction        | 0.0119       |
|    clip_range           | 0.2          |
|    entropy_loss         | -2.65        |
|    explained_variance   | 0.995        |
|    learning_rate        | 0.00026      |
|    loss                 | 1.41         |
|    n_updates            | 490          |
|    policy_gradient_loss | -0.00116     |
|    std                  | 0.909        |
|    value_loss           | 3.91         |
------------------------------------------
------------------------------------------
| time/                   |              |
|    fps                  | 4960         |
|    iterations           | 51           |
|    time_elapsed         | 84           |
|    total_timesteps      | 417792       |
| train/                  |              |
|    approx_kl            | 0.0028564888 |
|    clip_fraction        | 0.0136       |
|    clip_range           | 0.2          |
|    entropy_loss         | -2.65        |
|    explained_variance   | 0.995        |
|    learning_rate        | 0.000259     |
|    loss                 | 4.67         |
|    n_updates            | 500          |
|    policy_gradient_loss | -0.00194     |
|    std                  | 0.908        |
|    value_loss           | 12.9         |
------------------------------------------
------------------------------------------
| time/                   |              |
|    fps                  | 4962         |
|    iterations           | 52           |
|    time_elapsed         | 85           |
|    total_timesteps      | 425984       |
| train/                  |              |
|    approx_kl            | 0.0034196707 |
|    clip_fraction        | 0.0186       |
|    clip_range           | 0.2          |
|    entropy_loss         | -2.64        |
|    explained_variance   | 0.985        |
|    learning_rate        | 0.000258     |
|    loss                 | 18.3         |
|    n_updates            | 510          |
|    policy_gradient_loss | -0.00255     |
|    std                  | 0.904        |
|    value_loss           | 60.9         |
------------------------------------------
-----------------------------------------
| time/                   |             |
|    fps                  | 4957        |
|    iterations           | 53          |
|    time_elapsed         | 87          |
|    total_timesteps      | 434176      |
| train/                  |             |
|    approx_kl            | 0.003923306 |
|    clip_fraction        | 0.0195      |
|    clip_range           | 0.2         |
|    entropy_loss         | -2.63       |
|    explained_variance   | 0.986       |
|    learning_rate        | 0.000257    |
|    loss                 | 21.6        |
|    n_updates            | 520         |
|    policy_gradient_loss | -0.00196    |
|    std                  | 0.903       |
|    value_loss           | 77.6        |
-----------------------------------------
------------------------------------------
| time/                   |              |
|    fps                  | 4963         |
|    iterations           | 54           |
|    time_elapsed         | 89           |
|    total_timesteps      | 442368       |
| train/                  |              |
|    approx_kl            | 0.0032113486 |
|    clip_fraction        | 0.0153       |
|    clip_range           | 0.2          |
|    entropy_loss         | -2.63        |
|    explained_variance   | 0.994        |
|    learning_rate        | 0.000257     |
|    loss                 | 0.772        |
|    n_updates            | 530          |
|    policy_gradient_loss | -0.00228     |
|    std                  | 0.902        |
|    value_loss           | 2.65         |
------------------------------------------
------------------------------------------
| time/                   |              |
|    fps                  | 4965         |
|    iterations           | 55           |
|    time_elapsed         | 90           |
|    total_timesteps      | 450560       |
| train/                  |              |
|    approx_kl            | 0.0038652238 |
|    clip_fraction        | 0.0241       |
|    clip_range           | 0.2          |
|    entropy_loss         | -2.63        |
|    explained_variance   | 0.995        |
|    learning_rate        | 0.000256     |
|    loss                 | 1.03         |
|    n_updates            | 540          |
|    policy_gradient_loss | -0.0028      |
|    std                  | 0.899        |
|    value_loss           | 3.58         |
------------------------------------------
------------------------------------------
| time/                   |              |
|    fps                  | 4970         |
|    iterations           | 56           |
|    time_elapsed         | 92           |
|    total_timesteps      | 458752       |
| train/                  |              |
|    approx_kl            | 0.0026863774 |
|    clip_fraction        | 0.0135       |
|    clip_range           | 0.2          |
|    entropy_loss         | -2.62        |
|    explained_variance   | 0.985        |
|    learning_rate        | 0.000255     |
|    loss                 | 12.4         |
|    n_updates            | 550          |
|    policy_gradient_loss | -0.00152     |
|    std                  | 0.892        |
|    value_loss           | 45.1         |
------------------------------------------
------------------------------------------
| time/                   |              |
|    fps                  | 4970         |
|    iterations           | 57           |
|    time_elapsed         | 93           |
|    total_timesteps      | 466944       |
| train/                  |              |
|    approx_kl            | 0.0027000224 |
|    clip_fraction        | 0.0176       |
|    clip_range           | 0.2          |
|    entropy_loss         | -2.61        |
|    explained_variance   | 0.964        |
|    learning_rate        | 0.000254     |
|    loss                 | 85.7         |
|    n_updates            | 560          |
|    policy_gradient_loss | -0.00232     |
|    std                  | 0.889        |
|    value_loss           | 250          |
------------------------------------------
-----------------------------------------
| time/                   |             |
|    fps                  | 4976        |
|    iterations           | 58          |
|    time_elapsed         | 95          |
|    total_timesteps      | 475136      |
| train/                  |             |
|    approx_kl            | 0.004381328 |
|    clip_fraction        | 0.0151      |
|    clip_range           | 0.2         |
|    entropy_loss         | -2.6        |
|    explained_variance   | 0.981       |
|    learning_rate        | 0.000253    |
|    loss                 | 41.4        |
|    n_updates            | 570         |
|    policy_gradient_loss | -0.00303    |
|    std                  | 0.885       |
|    value_loss           | 102         |
-----------------------------------------
------------------------------------------
| time/                   |              |
|    fps                  | 4982         |
|    iterations           | 59           |
|    time_elapsed         | 97           |
|    total_timesteps      | 483328       |
| train/                  |              |
|    approx_kl            | 0.0049323463 |
|    clip_fraction        | 0.0386       |
|    clip_range           | 0.2          |
|    entropy_loss         | -2.58        |
|    explained_variance   | 0.993        |
|    learning_rate        | 0.000252     |
|    loss                 | 1.74         |
|    n_updates            | 580          |
|    policy_gradient_loss | -0.0024      |
|    std                  | 0.872        |
|    value_loss           | 4.6          |
------------------------------------------
------------------------------------------
| time/                   |              |
|    fps                  | 4986         |
|    iterations           | 60           |
|    time_elapsed         | 98           |
|    total_timesteps      | 491520       |
| train/                  |              |
|    approx_kl            | 0.0040056948 |
|    clip_fraction        | 0.0222       |
|    clip_range           | 0.2          |
|    entropy_loss         | -2.56        |
|    explained_variance   | 0.996        |
|    learning_rate        | 0.000252     |
|    loss                 | 1.42         |
|    n_updates            | 590          |
|    policy_gradient_loss | -0.00248     |
|    std                  | 0.869        |
|    value_loss           | 4.79         |
------------------------------------------
------------------------------------------
| time/                   |              |
|    fps                  | 4984         |
|    iterations           | 61           |
|    time_elapsed         | 100          |
|    total_timesteps      | 499712       |
| train/                  |              |
|    approx_kl            | 0.0040604533 |
|    clip_fraction        | 0.0248       |
|    clip_range           | 0.2          |
|    entropy_loss         | -2.56        |
|    explained_variance   | 0.99         |
|    learning_rate        | 0.000251     |
|    loss                 | 8.35         |
|    n_updates            | 600          |
|    policy_gradient_loss | -0.0024      |
|    std                  | 0.869        |
|    value_loss           | 25.9         |
------------------------------------------
------------------------------------------
| time/                   |              |
|    fps                  | 4984         |
|    iterations           | 62           |
|    time_elapsed         | 101          |
|    total_timesteps      | 507904       |
| train/                  |              |
|    approx_kl            | 0.0044036675 |
|    clip_fraction        | 0.0244       |
|    clip_range           | 0.2          |
|    entropy_loss         | -2.56        |
|    explained_variance   | 0.973        |
|    learning_rate        | 0.00025      |
|    loss                 | 59.8         |
|    n_updates            | 610          |
|    policy_gradient_loss | -0.00363     |
|    std                  | 0.869        |
|    value_loss           | 103          |
------------------------------------------
------------------------------------------
| time/                   |              |
|    fps                  | 4988         |
|    iterations           | 63           |
|    time_elapsed         | 103          |
|    total_timesteps      | 516096       |
| train/                  |              |
|    approx_kl            | 0.0058744657 |
|    clip_fraction        | 0.042        |
|    clip_range           | 0.2          |
|    entropy_loss         | -2.55        |
|    explained_variance   | 0.972        |
|    learning_rate        | 0.000249     |
|    loss                 | 0.619        |
|    n_updates            | 620          |
|    policy_gradient_loss | -0.00163     |
|    std                  | 0.865        |
|    value_loss           | 2.47         |
------------------------------------------
-----------------------------------------
| time/                   |             |
|    fps                  | 4989        |
|    iterations           | 64          |
|    time_elapsed         | 105         |
|    total_timesteps      | 524288      |
| train/                  |             |
|    approx_kl            | 0.003187898 |
|    clip_fraction        | 0.0139      |
|    clip_range           | 0.2         |
|    entropy_loss         | -2.54       |
|    explained_variance   | 0.994       |
|    learning_rate        | 0.000248    |
|    loss                 | 2.49        |
|    n_updates            | 630         |
|    policy_gradient_loss | -0.00167    |
|    std                  | 0.854       |
|    value_loss           | 5.34        |
-----------------------------------------
------------------------------------------
| time/                   |              |
|    fps                  | 4992         |
|    iterations           | 65           |
|    time_elapsed         | 106          |
|    total_timesteps      | 532480       |
| train/                  |              |
|    approx_kl            | 0.0044229217 |
|    clip_fraction        | 0.0233       |
|    clip_range           | 0.2          |
|    entropy_loss         | -2.52        |
|    explained_variance   | 0.997        |
|    learning_rate        | 0.000248     |
|    loss                 | 1.14         |
|    n_updates            | 640          |
|    policy_gradient_loss | -0.00449     |
|    std                  | 0.853        |
|    value_loss           | 4.81         |
------------------------------------------
------------------------------------------
| time/                   |              |
|    fps                  | 4986         |
|    iterations           | 66           |
|    time_elapsed         | 108          |
|    total_timesteps      | 540672       |
| train/                  |              |
|    approx_kl            | 0.0032822671 |
|    clip_fraction        | 0.0245       |
|    clip_range           | 0.2          |
|    entropy_loss         | -2.52        |
|    explained_variance   | 0.99         |
|    learning_rate        | 0.000247     |
|    loss                 | 16.1         |
|    n_updates            | 650          |
|    policy_gradient_loss | -0.00171     |
|    std                  | 0.853        |
|    value_loss           | 41.2         |
------------------------------------------
------------------------------------------
| time/                   |              |
|    fps                  | 4990         |
|    iterations           | 67           |
|    time_elapsed         | 109          |
|    total_timesteps      | 548864       |
| train/                  |              |
|    approx_kl            | 0.0035316679 |
|    clip_fraction        | 0.0216       |
|    clip_range           | 0.2          |
|    entropy_loss         | -2.52        |
|    explained_variance   | 0.985        |
|    learning_rate        | 0.000246     |
|    loss                 | 30.8         |
|    n_updates            | 660          |
|    policy_gradient_loss | -0.00326     |
|    std                  | 0.856        |
|    value_loss           | 79.9         |
------------------------------------------
------------------------------------------
| time/                   |              |
|    fps                  | 4974         |
|    iterations           | 68           |
|    time_elapsed         | 111          |
|    total_timesteps      | 557056       |
| train/                  |              |
|    approx_kl            | 0.0065296544 |
|    clip_fraction        | 0.0276       |
|    clip_range           | 0.2          |
|    entropy_loss         | -2.52        |
|    explained_variance   | 0.988        |
|    learning_rate        | 0.000245     |
|    loss                 | 0.863        |
|    n_updates            | 670          |
|    policy_gradient_loss | -0.00159     |
|    std                  | 0.854        |
|    value_loss           | 2.63         |
------------------------------------------
------------------------------------------
| time/                   |              |
|    fps                  | 4967         |
|    iterations           | 69           |
|    time_elapsed         | 113          |
|    total_timesteps      | 565248       |
| train/                  |              |
|    approx_kl            | 0.0030993274 |
|    clip_fraction        | 0.0312       |
|    clip_range           | 0.2          |
|    entropy_loss         | -2.52        |
|    explained_variance   | 0.995        |
|    learning_rate        | 0.000244     |
|    loss                 | 0.821        |
|    n_updates            | 680          |
|    policy_gradient_loss | -0.00182     |
|    std                  | 0.85         |
|    value_loss           | 3.35         |
------------------------------------------
-----------------------------------------
| time/                   |             |
|    fps                  | 4968        |
|    iterations           | 70          |
|    time_elapsed         | 115         |
|    total_timesteps      | 573440      |
| train/                  |             |
|    approx_kl            | 0.004015478 |
|    clip_fraction        | 0.0273      |
|    clip_range           | 0.2         |
|    entropy_loss         | -2.51       |
|    explained_variance   | 0.995       |
|    learning_rate        | 0.000243    |
|    loss                 | 1.41        |
|    n_updates            | 690         |
|    policy_gradient_loss | -0.00384    |
|    std                  | 0.849       |
|    value_loss           | 6.05        |
-----------------------------------------
------------------------------------------
| time/                   |              |
|    fps                  | 4966         |
|    iterations           | 71           |
|    time_elapsed         | 117          |
|    total_timesteps      | 581632       |
| train/                  |              |
|    approx_kl            | 0.0025418315 |
|    clip_fraction        | 0.00811      |
|    clip_range           | 0.2          |
|    entropy_loss         | -2.51        |
|    explained_variance   | 0.983        |
|    learning_rate        | 0.000243     |
|    loss                 | 29.8         |
|    n_updates            | 700          |
|    policy_gradient_loss | -0.00154     |
|    std                  | 0.847        |
|    value_loss           | 84.7         |
------------------------------------------
-----------------------------------------
| time/                   |             |
|    fps                  | 4962        |
|    iterations           | 72          |
|    time_elapsed         | 118         |
|    total_timesteps      | 589824      |
| train/                  |             |
|    approx_kl            | 0.004144864 |
|    clip_fraction        | 0.022       |
|    clip_range           | 0.2         |
|    entropy_loss         | -2.51       |
|    explained_variance   | 0.991       |
|    learning_rate        | 0.000242    |
|    loss                 | 16.6        |
|    n_updates            | 710         |
|    policy_gradient_loss | -0.00334    |
|    std                  | 0.852       |
|    value_loss           | 47.4        |
-----------------------------------------
----------------------------------------
| time/                   |            |
|    fps                  | 4966       |
|    iterations           | 73         |
|    time_elapsed         | 120        |
|    total_timesteps      | 598016     |
| train/                  |            |
|    approx_kl            | 0.00864581 |
|    clip_fraction        | 0.0364     |
|    clip_range           | 0.2        |
|    entropy_loss         | -2.5       |
|    explained_variance   | 0.997      |
|    learning_rate        | 0.000241   |
|    loss                 | 0.527      |
|    n_updates            | 720        |
|    policy_gradient_loss | -0.00289   |
|    std                  | 0.839      |
|    value_loss           | 1.74       |
----------------------------------------
------------------------------------------
| time/                   |              |
|    fps                  | 4967         |
|    iterations           | 74           |
|    time_elapsed         | 122          |
|    total_timesteps      | 606208       |
| train/                  |              |
|    approx_kl            | 0.0028040288 |
|    clip_fraction        | 0.023        |
|    clip_range           | 0.2          |
|    entropy_loss         | -2.49        |
|    explained_variance   | 0.997        |
|    learning_rate        | 0.00024      |
|    loss                 | 1.33         |
|    n_updates            | 730          |
|    policy_gradient_loss | -0.00212     |
|    std                  | 0.841        |
|    value_loss           | 4.05         |
------------------------------------------
------------------------------------------
| time/                   |              |
|    fps                  | 4969         |
|    iterations           | 75           |
|    time_elapsed         | 123          |
|    total_timesteps      | 614400       |
| train/                  |              |
|    approx_kl            | 0.0034368983 |
|    clip_fraction        | 0.0207       |
|    clip_range           | 0.2          |
|    entropy_loss         | -2.49        |
|    explained_variance   | 0.994        |
|    learning_rate        | 0.000239     |
|    loss                 | 8.78         |
|    n_updates            | 740          |
|    policy_gradient_loss | -0.00222     |
|    std                  | 0.839        |
|    value_loss           | 18.7         |
------------------------------------------
------------------------------------------
| time/                   |              |
|    fps                  | 4973         |
|    iterations           | 76           |
|    time_elapsed         | 125          |
|    total_timesteps      | 622592       |
| train/                  |              |
|    approx_kl            | 0.0024361995 |
|    clip_fraction        | 0.0166       |
|    clip_range           | 0.2          |
|    entropy_loss         | -2.49        |
|    explained_variance   | 0.989        |
|    learning_rate        | 0.000239     |
|    loss                 | 26.3         |
|    n_updates            | 750          |
|    policy_gradient_loss | -0.00249     |
|    std                  | 0.843        |
|    value_loss           | 54.2         |
------------------------------------------
------------------------------------------
| time/                   |              |
|    fps                  | 4977         |
|    iterations           | 77           |
|    time_elapsed         | 126          |
|    total_timesteps      | 630784       |
| train/                  |              |
|    approx_kl            | 0.0044510122 |
|    clip_fraction        | 0.0278       |
|    clip_range           | 0.2          |
|    entropy_loss         | -2.49        |
|    explained_variance   | 0.995        |
|    learning_rate        | 0.000238     |
|    loss                 | 0.777        |
|    n_updates            | 760          |
|    policy_gradient_loss | -0.00261     |
|    std                  | 0.838        |
|    value_loss           | 2.57         |
------------------------------------------
------------------------------------------
| time/                   |              |
|    fps                  | 4969         |
|    iterations           | 78           |
|    time_elapsed         | 128          |
|    total_timesteps      | 638976       |
| train/                  |              |
|    approx_kl            | 0.0041587055 |
|    clip_fraction        | 0.0167       |
|    clip_range           | 0.2          |
|    entropy_loss         | -2.49        |
|    explained_variance   | 0.997        |
|    learning_rate        | 0.000237     |
|    loss                 | 1.38         |
|    n_updates            | 770          |
|    policy_gradient_loss | -0.00184     |
|    std                  | 0.839        |
|    value_loss           | 4.24         |
------------------------------------------
-----------------------------------------
| time/                   |             |
|    fps                  | 4969        |
|    iterations           | 79          |
|    time_elapsed         | 130         |
|    total_timesteps      | 647168      |
| train/                  |             |
|    approx_kl            | 0.004211763 |
|    clip_fraction        | 0.0188      |
|    clip_range           | 0.2         |
|    entropy_loss         | -2.49       |
|    explained_variance   | 0.996       |
|    learning_rate        | 0.000236    |
|    loss                 | 7.17        |
|    n_updates            | 780         |
|    policy_gradient_loss | -0.000521   |
|    std                  | 0.842       |
|    value_loss           | 18          |
-----------------------------------------
------------------------------------------
| time/                   |              |
|    fps                  | 4972         |
|    iterations           | 80           |
|    time_elapsed         | 131          |
|    total_timesteps      | 655360       |
| train/                  |              |
|    approx_kl            | 0.0039262446 |
|    clip_fraction        | 0.0237       |
|    clip_range           | 0.2          |
|    entropy_loss         | -2.5         |
|    explained_variance   | 0.991        |
|    learning_rate        | 0.000235     |
|    loss                 | 15.4         |
|    n_updates            | 790          |
|    policy_gradient_loss | -0.00251     |
|    std                  | 0.847        |
|    value_loss           | 57.8         |
------------------------------------------
------------------------------------------
| time/                   |              |
|    fps                  | 4973         |
|    iterations           | 81           |
|    time_elapsed         | 133          |
|    total_timesteps      | 663552       |
| train/                  |              |
|    approx_kl            | 0.0028364286 |
|    clip_fraction        | 0.0266       |
|    clip_range           | 0.2          |
|    entropy_loss         | -2.51        |
|    explained_variance   | 0.992        |
|    learning_rate        | 0.000234     |
|    loss                 | 24.4         |
|    n_updates            | 800          |
|    policy_gradient_loss | -0.00257     |
|    std                  | 0.848        |
|    value_loss           | 74           |
------------------------------------------
-----------------------------------------
| time/                   |             |
|    fps                  | 4976        |
|    iterations           | 82          |
|    time_elapsed         | 134         |
|    total_timesteps      | 671744      |
| train/                  |             |
|    approx_kl            | 0.006280899 |
|    clip_fraction        | 0.0432      |
|    clip_range           | 0.2         |
|    entropy_loss         | -2.51       |
|    explained_variance   | 0.991       |
|    learning_rate        | 0.000234    |
|    loss                 | 0.787       |
|    n_updates            | 810         |
|    policy_gradient_loss | -0.00279    |
|    std                  | 0.849       |
|    value_loss           | 2.18        |
-----------------------------------------
-----------------------------------------
| time/                   |             |
|    fps                  | 4976        |
|    iterations           | 83          |
|    time_elapsed         | 136         |
|    total_timesteps      | 679936      |
| train/                  |             |
|    approx_kl            | 0.002478972 |
|    clip_fraction        | 0.0269      |
|    clip_range           | 0.2         |
|    entropy_loss         | -2.51       |
|    explained_variance   | 0.996       |
|    learning_rate        | 0.000233    |
|    loss                 | 1.27        |
|    n_updates            | 820         |
|    policy_gradient_loss | -0.00149    |
|    std                  | 0.848       |
|    value_loss           | 4.82        |
-----------------------------------------
------------------------------------------
| time/                   |              |
|    fps                  | 4975         |
|    iterations           | 84           |
|    time_elapsed         | 138          |
|    total_timesteps      | 688128       |
| train/                  |              |
|    approx_kl            | 0.0034152642 |
|    clip_fraction        | 0.0201       |
|    clip_range           | 0.2          |
|    entropy_loss         | -2.51        |
|    explained_variance   | 0.996        |
|    learning_rate        | 0.000232     |
|    loss                 | 0.993        |
|    n_updates            | 830          |
|    policy_gradient_loss | -0.00299     |
|    std                  | 0.848        |
|    value_loss           | 5.03         |
------------------------------------------
------------------------------------------
| time/                   |              |
|    fps                  | 4975         |
|    iterations           | 85           |
|    time_elapsed         | 139          |
|    total_timesteps      | 696320       |
| train/                  |              |
|    approx_kl            | 0.0033305266 |
|    clip_fraction        | 0.0172       |
|    clip_range           | 0.2          |
|    entropy_loss         | -2.5         |
|    explained_variance   | 0.997        |
|    learning_rate        | 0.000231     |
|    loss                 | 2.92         |
|    n_updates            | 840          |
|    policy_gradient_loss | -0.00236     |
|    std                  | 0.845        |
|    value_loss           | 6.53         |
------------------------------------------
------------------------------------------
| time/                   |              |
|    fps                  | 4978         |
|    iterations           | 86           |
|    time_elapsed         | 141          |
|    total_timesteps      | 704512       |
| train/                  |              |
|    approx_kl            | 0.0030534505 |
|    clip_fraction        | 0.0193       |
|    clip_range           | 0.2          |
|    entropy_loss         | -2.5         |
|    explained_variance   | 0.997        |
|    learning_rate        | 0.00023      |
|    loss                 | 5.34         |
|    n_updates            | 850          |
|    policy_gradient_loss | -0.00232     |
|    std                  | 0.845        |
|    value_loss           | 11.3         |
------------------------------------------
-----------------------------------------
| time/                   |             |
|    fps                  | 4981        |
|    iterations           | 87          |
|    time_elapsed         | 143         |
|    total_timesteps      | 712704      |
| train/                  |             |
|    approx_kl            | 0.013433399 |
|    clip_fraction        | 0.111       |
|    clip_range           | 0.2         |
|    entropy_loss         | -2.49       |
|    explained_variance   | 0.987       |
|    learning_rate        | 0.00023     |
|    loss                 | 1.04        |
|    n_updates            | 860         |
|    policy_gradient_loss | 0.00228     |
|    std                  | 0.84        |
|    value_loss           | 3.16        |
-----------------------------------------
-----------------------------------------
| time/                   |             |
|    fps                  | 4964        |
|    iterations           | 88          |
|    time_elapsed         | 145         |
|    total_timesteps      | 720896      |
| train/                  |             |
|    approx_kl            | 0.004129814 |
|    clip_fraction        | 0.0339      |
|    clip_range           | 0.2         |
|    entropy_loss         | -2.49       |
|    explained_variance   | 0.992       |
|    learning_rate        | 0.000229    |
|    loss                 | 1.26        |
|    n_updates            | 870         |
|    policy_gradient_loss | -0.00207    |
|    std                  | 0.84        |
|    value_loss           | 3.93        |
-----------------------------------------
------------------------------------------
| time/                   |              |
|    fps                  | 4965         |
|    iterations           | 89           |
|    time_elapsed         | 146          |
|    total_timesteps      | 729088       |
| train/                  |              |
|    approx_kl            | 0.0051928693 |
|    clip_fraction        | 0.0286       |
|    clip_range           | 0.2          |
|    entropy_loss         | -2.49        |
|    explained_variance   | 0.997        |
|    learning_rate        | 0.000228     |
|    loss                 | 0.79         |
|    n_updates            | 880          |
|    policy_gradient_loss | -0.00319     |
|    std                  | 0.839        |
|    value_loss           | 2.6          |
------------------------------------------
------------------------------------------
| time/                   |              |
|    fps                  | 4968         |
|    iterations           | 90           |
|    time_elapsed         | 148          |
|    total_timesteps      | 737280       |
| train/                  |              |
|    approx_kl            | 0.0024708714 |
|    clip_fraction        | 0.00485      |
|    clip_range           | 0.2          |
|    entropy_loss         | -2.49        |
|    explained_variance   | 0.994        |
|    learning_rate        | 0.000227     |
|    loss                 | 2.94         |
|    n_updates            | 890          |
|    policy_gradient_loss | -0.00122     |
|    std                  | 0.839        |
|    value_loss           | 19.3         |
------------------------------------------
------------------------------------------
| time/                   |              |
|    fps                  | 4972         |
|    iterations           | 91           |
|    time_elapsed         | 149          |
|    total_timesteps      | 745472       |
| train/                  |              |
|    approx_kl            | 0.0034490656 |
|    clip_fraction        | 0.0205       |
|    clip_range           | 0.2          |
|    entropy_loss         | -2.48        |
|    explained_variance   | 0.993        |
|    learning_rate        | 0.000226     |
|    loss                 | 1.19         |
|    n_updates            | 900          |
|    policy_gradient_loss | -0.00206     |
|    std                  | 0.833        |
|    value_loss           | 3.74         |
------------------------------------------
------------------------------------------
| time/                   |              |
|    fps                  | 4972         |
|    iterations           | 92           |
|    time_elapsed         | 151          |
|    total_timesteps      | 753664       |
| train/                  |              |
|    approx_kl            | 0.0040102885 |
|    clip_fraction        | 0.0313       |
|    clip_range           | 0.2          |
|    entropy_loss         | -2.47        |
|    explained_variance   | 0.994        |
|    learning_rate        | 0.000225     |
|    loss                 | 1.22         |
|    n_updates            | 910          |
|    policy_gradient_loss | -0.00369     |
|    std                  | 0.83         |
|    value_loss           | 3.97         |
------------------------------------------
------------------------------------------
| time/                   |              |
|    fps                  | 4976         |
|    iterations           | 93           |
|    time_elapsed         | 153          |
|    total_timesteps      | 761856       |
| train/                  |              |
|    approx_kl            | 0.0057964004 |
|    clip_fraction        | 0.0444       |
|    clip_range           | 0.2          |
|    entropy_loss         | -2.46        |
|    explained_variance   | 0.998        |
|    learning_rate        | 0.000225     |
|    loss                 | 0.787        |
|    n_updates            | 920          |
|    policy_gradient_loss | -0.0022      |
|    std                  | 0.83         |
|    value_loss           | 2.56         |
------------------------------------------
------------------------------------------
| time/                   |              |
|    fps                  | 4980         |
|    iterations           | 94           |
|    time_elapsed         | 154          |
|    total_timesteps      | 770048       |
| train/                  |              |
|    approx_kl            | 0.0040903296 |
|    clip_fraction        | 0.0325       |
|    clip_range           | 0.2          |
|    entropy_loss         | -2.46        |
|    explained_variance   | 0.996        |
|    learning_rate        | 0.000224     |
|    loss                 | 1.14         |
|    n_updates            | 930          |
|    policy_gradient_loss | -0.00322     |
|    std                  | 0.831        |
|    value_loss           | 3.32         |
------------------------------------------
-----------------------------------------
| time/                   |             |
|    fps                  | 4984        |
|    iterations           | 95          |
|    time_elapsed         | 156         |
|    total_timesteps      | 778240      |
| train/                  |             |
|    approx_kl            | 0.003903367 |
|    clip_fraction        | 0.0191      |
|    clip_range           | 0.2         |
|    entropy_loss         | -2.46       |
|    explained_variance   | 0.99        |
|    learning_rate        | 0.000223    |
|    loss                 | 13.4        |
|    n_updates            | 940         |
|    policy_gradient_loss | -0.00211    |
|    std                  | 0.826       |
|    value_loss           | 27.2        |
-----------------------------------------
------------------------------------------
| time/                   |              |
|    fps                  | 4987         |
|    iterations           | 96           |
|    time_elapsed         | 157          |
|    total_timesteps      | 786432       |
| train/                  |              |
|    approx_kl            | 0.0060862745 |
|    clip_fraction        | 0.0422       |
|    clip_range           | 0.2          |
|    entropy_loss         | -2.44        |
|    explained_variance   | 0.989        |
|    learning_rate        | 0.000222     |
|    loss                 | 0.978        |
|    n_updates            | 950          |
|    policy_gradient_loss | -0.00278     |
|    std                  | 0.817        |
|    value_loss           | 2.55         |
------------------------------------------
------------------------------------------
| time/                   |              |
|    fps                  | 4991         |
|    iterations           | 97           |
|    time_elapsed         | 159          |
|    total_timesteps      | 794624       |
| train/                  |              |
|    approx_kl            | 0.0035365866 |
|    clip_fraction        | 0.0293       |
|    clip_range           | 0.2          |
|    entropy_loss         | -2.43        |
|    explained_variance   | 0.996        |
|    learning_rate        | 0.000221     |
|    loss                 | 1.61         |
|    n_updates            | 960          |
|    policy_gradient_loss | -0.00215     |
|    std                  | 0.814        |
|    value_loss           | 2.1          |
------------------------------------------
-----------------------------------------
| time/                   |             |
|    fps                  | 4986        |
|    iterations           | 98          |
|    time_elapsed         | 161         |
|    total_timesteps      | 802816      |
| train/                  |             |
|    approx_kl            | 0.002730235 |
|    clip_fraction        | 0.0132      |
|    clip_range           | 0.2         |
|    entropy_loss         | -2.42       |
|    explained_variance   | 0.999       |
|    learning_rate        | 0.000221    |
|    loss                 | 0.776       |
|    n_updates            | 970         |
|    policy_gradient_loss | -0.00231    |
|    std                  | 0.809       |
|    value_loss           | 2.23        |
-----------------------------------------
------------------------------------------
| time/                   |              |
|    fps                  | 4990         |
|    iterations           | 99           |
|    time_elapsed         | 162          |
|    total_timesteps      | 811008       |
| train/                  |              |
|    approx_kl            | 0.0053615295 |
|    clip_fraction        | 0.0342       |
|    clip_range           | 0.2          |
|    entropy_loss         | -2.41        |
|    explained_variance   | 0.997        |
|    learning_rate        | 0.00022      |
|    loss                 | 2.9          |
|    n_updates            | 980          |
|    policy_gradient_loss | -0.00171     |
|    std                  | 0.807        |
|    value_loss           | 14           |
------------------------------------------
------------------------------------------
| time/                   |              |
|    fps                  | 4994         |
|    iterations           | 100          |
|    time_elapsed         | 164          |
|    total_timesteps      | 819200       |
| train/                  |              |
|    approx_kl            | 0.0038067615 |
|    clip_fraction        | 0.0263       |
|    clip_range           | 0.2          |
|    entropy_loss         | -2.4         |
|    explained_variance   | 0.998        |
|    learning_rate        | 0.000219     |
|    loss                 | 1.25         |
|    n_updates            | 990          |
|    policy_gradient_loss | -0.00203     |
|    std                  | 0.803        |
|    value_loss           | 3.48         |
------------------------------------------
------------------------------------------
| time/                   |              |
|    fps                  | 4996         |
|    iterations           | 101          |
|    time_elapsed         | 165          |
|    total_timesteps      | 827392       |
| train/                  |              |
|    approx_kl            | 0.0029974328 |
|    clip_fraction        | 0.0431       |
|    clip_range           | 0.2          |
|    entropy_loss         | -2.39        |
|    explained_variance   | 0.989        |
|    learning_rate        | 0.000218     |
|    loss                 | 1.16         |
|    n_updates            | 1000         |
|    policy_gradient_loss | -0.00162     |
|    std                  | 0.797        |
|    value_loss           | 2.82         |
------------------------------------------
------------------------------------------
| time/                   |              |
|    fps                  | 4999         |
|    iterations           | 102          |
|    time_elapsed         | 167          |
|    total_timesteps      | 835584       |
| train/                  |              |
|    approx_kl            | 0.0036345252 |
|    clip_fraction        | 0.0267       |
|    clip_range           | 0.2          |
|    entropy_loss         | -2.37        |
|    explained_variance   | 0.996        |
|    learning_rate        | 0.000217     |
|    loss                 | 1.07         |
|    n_updates            | 1010         |
|    policy_gradient_loss | -0.00307     |
|    std                  | 0.791        |
|    value_loss           | 2.95         |
------------------------------------------
-----------------------------------------
| time/                   |             |
|    fps                  | 5003        |
|    iterations           | 103         |
|    time_elapsed         | 168         |
|    total_timesteps      | 843776      |
| train/                  |             |
|    approx_kl            | 0.003708704 |
|    clip_fraction        | 0.0144      |
|    clip_range           | 0.2         |
|    entropy_loss         | -2.37       |
|    explained_variance   | 0.998       |
|    learning_rate        | 0.000216    |
|    loss                 | 1.07        |
|    n_updates            | 1020        |
|    policy_gradient_loss | -0.00196    |
|    std                  | 0.791       |
|    value_loss           | 3.09        |
-----------------------------------------
------------------------------------------
| time/                   |              |
|    fps                  | 5007         |
|    iterations           | 104          |
|    time_elapsed         | 170          |
|    total_timesteps      | 851968       |
| train/                  |              |
|    approx_kl            | 0.0027281558 |
|    clip_fraction        | 0.0154       |
|    clip_range           | 0.2          |
|    entropy_loss         | -2.37        |
|    explained_variance   | 0.998        |
|    learning_rate        | 0.000216     |
|    loss                 | 0.713        |
|    n_updates            | 1030         |
|    policy_gradient_loss | -0.00176     |
|    std                  | 0.792        |
|    value_loss           | 2.81         |
------------------------------------------
-----------------------------------------
| time/                   |             |
|    fps                  | 5011        |
|    iterations           | 105         |
|    time_elapsed         | 171         |
|    total_timesteps      | 860160      |
| train/                  |             |
|    approx_kl            | 0.004413334 |
|    clip_fraction        | 0.0381      |
|    clip_range           | 0.2         |
|    entropy_loss         | -2.36       |
|    explained_variance   | 0.996       |
|    learning_rate        | 0.000215    |
|    loss                 | 1.17        |
|    n_updates            | 1040        |
|    policy_gradient_loss | -0.0032     |
|    std                  | 0.784       |
|    value_loss           | 3.19        |
-----------------------------------------
------------------------------------------
| time/                   |              |
|    fps                  | 5015         |
|    iterations           | 106          |
|    time_elapsed         | 173          |
|    total_timesteps      | 868352       |
| train/                  |              |
|    approx_kl            | 0.0033262598 |
|    clip_fraction        | 0.0366       |
|    clip_range           | 0.2          |
|    entropy_loss         | -2.35        |
|    explained_variance   | 0.995        |
|    learning_rate        | 0.000214     |
|    loss                 | 1.15         |
|    n_updates            | 1050         |
|    policy_gradient_loss | -0.00246     |
|    std                  | 0.784        |
|    value_loss           | 3.29         |
------------------------------------------
------------------------------------------
| time/                   |              |
|    fps                  | 5019         |
|    iterations           | 107          |
|    time_elapsed         | 174          |
|    total_timesteps      | 876544       |
| train/                  |              |
|    approx_kl            | 0.0036887005 |
|    clip_fraction        | 0.0196       |
|    clip_range           | 0.2          |
|    entropy_loss         | -2.35        |
|    explained_variance   | 0.995        |
|    learning_rate        | 0.000213     |
|    loss                 | 10.9         |
|    n_updates            | 1060         |
|    policy_gradient_loss | -0.00298     |
|    std                  | 0.782        |
|    value_loss           | 14.9         |
------------------------------------------
------------------------------------------
| time/                   |              |
|    fps                  | 5023         |
|    iterations           | 108          |
|    time_elapsed         | 176          |
|    total_timesteps      | 884736       |
| train/                  |              |
|    approx_kl            | 0.0029724608 |
|    clip_fraction        | 0.0126       |
|    clip_range           | 0.2          |
|    entropy_loss         | -2.35        |
|    explained_variance   | 0.996        |
|    learning_rate        | 0.000212     |
|    loss                 | 1.04         |
|    n_updates            | 1070         |
|    policy_gradient_loss | -0.000841    |
|    std                  | 0.783        |
|    value_loss           | 4.63         |
------------------------------------------
------------------------------------------
| time/                   |              |
|    fps                  | 5026         |
|    iterations           | 109          |
|    time_elapsed         | 177          |
|    total_timesteps      | 892928       |
| train/                  |              |
|    approx_kl            | 0.0038541295 |
|    clip_fraction        | 0.0242       |
|    clip_range           | 0.2          |
|    entropy_loss         | -2.35        |
|    explained_variance   | 0.995        |
|    learning_rate        | 0.000212     |
|    loss                 | 3.25         |
|    n_updates            | 1080         |
|    policy_gradient_loss | -0.0019      |
|    std                  | 0.785        |
|    value_loss           | 15.5         |
------------------------------------------
------------------------------------------
| time/                   |              |
|    fps                  | 5028         |
|    iterations           | 110          |
|    time_elapsed         | 179          |
|    total_timesteps      | 901120       |
| train/                  |              |
|    approx_kl            | 0.0075386297 |
|    clip_fraction        | 0.0677       |
|    clip_range           | 0.2          |
|    entropy_loss         | -2.34        |
|    explained_variance   | 0.996        |
|    learning_rate        | 0.000211     |
|    loss                 | 0.686        |
|    n_updates            | 1090         |
|    policy_gradient_loss | -0.00209     |
|    std                  | 0.774        |
|    value_loss           | 1.83         |
------------------------------------------
------------------------------------------
| time/                   |              |
|    fps                  | 5031         |
|    iterations           | 111          |
|    time_elapsed         | 180          |
|    total_timesteps      | 909312       |
| train/                  |              |
|    approx_kl            | 0.0038944574 |
|    clip_fraction        | 0.04         |
|    clip_range           | 0.2          |
|    entropy_loss         | -2.32        |
|    explained_variance   | 0.999        |
|    learning_rate        | 0.00021      |
|    loss                 | 0.452        |
|    n_updates            | 1100         |
|    policy_gradient_loss | -0.00241     |
|    std                  | 0.774        |
|    value_loss           | 1.54         |
------------------------------------------
------------------------------------------
| time/                   |              |
|    fps                  | 5033         |
|    iterations           | 112          |
|    time_elapsed         | 182          |
|    total_timesteps      | 917504       |
| train/                  |              |
|    approx_kl            | 0.0049002077 |
|    clip_fraction        | 0.0468       |
|    clip_range           | 0.2          |
|    entropy_loss         | -2.32        |
|    explained_variance   | 0.999        |
|    learning_rate        | 0.000209     |
|    loss                 | 0.897        |
|    n_updates            | 1110         |
|    policy_gradient_loss | -0.00261     |
|    std                  | 0.769        |
|    value_loss           | 2.92         |
------------------------------------------
----------------------------------------
| time/                   |            |
|    fps                  | 5035       |
|    iterations           | 113        |
|    time_elapsed         | 183        |
|    total_timesteps      | 925696     |
| train/                  |            |
|    approx_kl            | 0.00676833 |
|    clip_fraction        | 0.0387     |
|    clip_range           | 0.2        |
|    entropy_loss         | -2.31      |
|    explained_variance   | 0.997      |
|    learning_rate        | 0.000208   |
|    loss                 | 1.68       |
|    n_updates            | 1120       |
|    policy_gradient_loss | -0.00324   |
|    std                  | 0.771      |
|    value_loss           | 8.19       |
----------------------------------------
------------------------------------------
| time/                   |              |
|    fps                  | 5039         |
|    iterations           | 114          |
|    time_elapsed         | 185          |
|    total_timesteps      | 933888       |
| train/                  |              |
|    approx_kl            | 0.0056878137 |
|    clip_fraction        | 0.0312       |
|    clip_range           | 0.2          |
|    entropy_loss         | -2.31        |
|    explained_variance   | 0.996        |
|    learning_rate        | 0.000207     |
|    loss                 | 1.98         |
|    n_updates            | 1130         |
|    policy_gradient_loss | -0.00347     |
|    std                  | 0.769        |
|    value_loss           | 7.31         |
------------------------------------------
-----------------------------------------
| time/                   |             |
|    fps                  | 5041        |
|    iterations           | 115         |
|    time_elapsed         | 186         |
|    total_timesteps      | 942080      |
| train/                  |             |
|    approx_kl            | 0.004162673 |
|    clip_fraction        | 0.028       |
|    clip_range           | 0.2         |
|    entropy_loss         | -2.31       |
|    explained_variance   | 0.993       |
|    learning_rate        | 0.000207    |
|    loss                 | 0.393       |
|    n_updates            | 1140        |
|    policy_gradient_loss | -0.00258    |
|    std                  | 0.769       |
|    value_loss           | 1.63        |
-----------------------------------------
------------------------------------------
| time/                   |              |
|    fps                  | 5044         |
|    iterations           | 116          |
|    time_elapsed         | 188          |
|    total_timesteps      | 950272       |
| train/                  |              |
|    approx_kl            | 0.0030397226 |
|    clip_fraction        | 0.0218       |
|    clip_range           | 0.2          |
|    entropy_loss         | -2.31        |
|    explained_variance   | 0.997        |
|    learning_rate        | 0.000206     |
|    loss                 | 0.599        |
|    n_updates            | 1150         |
|    policy_gradient_loss | -0.00258     |
|    std                  | 0.767        |
|    value_loss           | 2.56         |
------------------------------------------
-----------------------------------------
| time/                   |             |
|    fps                  | 5045        |
|    iterations           | 117         |
|    time_elapsed         | 189         |
|    total_timesteps      | 958464      |
| train/                  |             |
|    approx_kl            | 0.004178105 |
|    clip_fraction        | 0.0257      |
|    clip_range           | 0.2         |
|    entropy_loss         | -2.31       |
|    explained_variance   | 0.996       |
|    learning_rate        | 0.000205    |
|    loss                 | 4.02        |
|    n_updates            | 1160        |
|    policy_gradient_loss | -0.00244    |
|    std                  | 0.768       |
|    value_loss           | 16.7        |
-----------------------------------------
-----------------------------------------
| time/                   |             |
|    fps                  | 5046        |
|    iterations           | 118         |
|    time_elapsed         | 191         |
|    total_timesteps      | 966656      |
| train/                  |             |
|    approx_kl            | 0.002592356 |
|    clip_fraction        | 0.021       |
|    clip_range           | 0.2         |
|    entropy_loss         | -2.31       |
|    explained_variance   | 0.997       |
|    learning_rate        | 0.000204    |
|    loss                 | 7.22        |
|    n_updates            | 1170        |
|    policy_gradient_loss | -0.00188    |
|    std                  | 0.767       |
|    value_loss           | 12.9        |
-----------------------------------------
------------------------------------------
| time/                   |              |
|    fps                  | 5049         |
|    iterations           | 119          |
|    time_elapsed         | 193          |
|    total_timesteps      | 974848       |
| train/                  |              |
|    approx_kl            | 0.0036036079 |
|    clip_fraction        | 0.04         |
|    clip_range           | 0.2          |
|    entropy_loss         | -2.3         |
|    explained_variance   | 0.997        |
|    learning_rate        | 0.000203     |
|    loss                 | 1.03         |
|    n_updates            | 1180         |
|    policy_gradient_loss | -0.00229     |
|    std                  | 0.766        |
|    value_loss           | 3.34         |
------------------------------------------
------------------------------------------
| time/                   |              |
|    fps                  | 5050         |
|    iterations           | 120          |
|    time_elapsed         | 194          |
|    total_timesteps      | 983040       |
| train/                  |              |
|    approx_kl            | 0.0045404187 |
|    clip_fraction        | 0.0521       |
|    clip_range           | 0.2          |
|    entropy_loss         | -2.3         |
|    explained_variance   | 0.996        |
|    learning_rate        | 0.000203     |
|    loss                 | 0.54         |
|    n_updates            | 1190         |
|    policy_gradient_loss | -0.00282     |
|    std                  | 0.767        |
|    value_loss           | 1.87         |
------------------------------------------
------------------------------------------
| time/                   |              |
|    fps                  | 5052         |
|    iterations           | 121          |
|    time_elapsed         | 196          |
|    total_timesteps      | 991232       |
| train/                  |              |
|    approx_kl            | 0.0045287916 |
|    clip_fraction        | 0.0585       |
|    clip_range           | 0.2          |
|    entropy_loss         | -2.3         |
|    explained_variance   | 0.997        |
|    learning_rate        | 0.000202     |
|    loss                 | 1.01         |
|    n_updates            | 1200         |
|    policy_gradient_loss | -0.00363     |
|    std                  | 0.764        |
|    value_loss           | 2.95         |
------------------------------------------
------------------------------------------
| time/                   |              |
|    fps                  | 5055         |
|    iterations           | 122          |
|    time_elapsed         | 197          |
|    total_timesteps      | 999424       |
| train/                  |              |
|    approx_kl            | 0.0039307154 |
|    clip_fraction        | 0.0298       |
|    clip_range           | 0.2          |
|    entropy_loss         | -2.29        |
|    explained_variance   | 0.999        |
|    learning_rate        | 0.000201     |
|    loss                 | 0.814        |
|    n_updates            | 1210         |
|    policy_gradient_loss | -0.00292     |
|    std                  | 0.761        |
|    value_loss           | 2.35         |
------------------------------------------
-----------------------------------------
| time/                   |             |
|    fps                  | 5055        |
|    iterations           | 123         |
|    time_elapsed         | 199         |
|    total_timesteps      | 1007616     |
| train/                  |             |
|    approx_kl            | 0.003254381 |
|    clip_fraction        | 0.0205      |
|    clip_range           | 0.2         |
|    entropy_loss         | -2.29       |
|    explained_variance   | 0.997       |
|    learning_rate        | 0.0002      |
|    loss                 | 16.1        |
|    n_updates            | 1220        |
|    policy_gradient_loss | -0.00391    |
|    std                  | 0.763       |
|    value_loss           | 22.8        |
-----------------------------------------
----------------------------------------
| time/                   |            |
|    fps                  | 5056       |
|    iterations           | 124        |
|    time_elapsed         | 200        |
|    total_timesteps      | 1015808    |
| train/                  |            |
|    approx_kl            | 0.00894562 |
|    clip_fraction        | 0.076      |
|    clip_range           | 0.2        |
|    entropy_loss         | -2.27      |
|    explained_variance   | 0.995      |
|    learning_rate        | 0.000199   |
|    loss                 | 0.434      |
|    n_updates            | 1230       |
|    policy_gradient_loss | -0.00249   |
|    std                  | 0.745      |
|    value_loss           | 1.3        |
----------------------------------------
-----------------------------------------
| time/                   |             |
|    fps                  | 5058        |
|    iterations           | 125         |
|    time_elapsed         | 202         |
|    total_timesteps      | 1024000     |
| train/                  |             |
|    approx_kl            | 0.004963169 |
|    clip_fraction        | 0.0505      |
|    clip_range           | 0.2         |
|    entropy_loss         | -2.24       |
|    explained_variance   | 0.997       |
|    learning_rate        | 0.000198    |
|    loss                 | 0.61        |
|    n_updates            | 1240        |
|    policy_gradient_loss | -0.00294    |
|    std                  | 0.742       |
|    value_loss           | 1.65        |
-----------------------------------------
------------------------------------------
| time/                   |              |
|    fps                  | 5059         |
|    iterations           | 126          |
|    time_elapsed         | 203          |
|    total_timesteps      | 1032192      |
| train/                  |              |
|    approx_kl            | 0.0027523825 |
|    clip_fraction        | 0.0109       |
|    clip_range           | 0.2          |
|    entropy_loss         | -2.24        |
|    explained_variance   | 0.997        |
|    learning_rate        | 0.000198     |
|    loss                 | 0.762        |
|    n_updates            | 1250         |
|    policy_gradient_loss | -0.00162     |
|    std                  | 0.74         |
|    value_loss           | 2.63         |
------------------------------------------
------------------------------------------
| time/                   |              |
|    fps                  | 5061         |
|    iterations           | 127          |
|    time_elapsed         | 205          |
|    total_timesteps      | 1040384      |
| train/                  |              |
|    approx_kl            | 0.0026091188 |
|    clip_fraction        | 0.01         |
|    clip_range           | 0.2          |
|    entropy_loss         | -2.23        |
|    explained_variance   | 0.998        |
|    learning_rate        | 0.000197     |
|    loss                 | 1.05         |
|    n_updates            | 1260         |
|    policy_gradient_loss | -0.0012      |
|    std                  | 0.74         |
|    value_loss           | 2.75         |
------------------------------------------
------------------------------------------
| time/                   |              |
|    fps                  | 5061         |
|    iterations           | 128          |
|    time_elapsed         | 207          |
|    total_timesteps      | 1048576      |
| train/                  |              |
|    approx_kl            | 0.0034115177 |
|    clip_fraction        | 0.0172       |
|    clip_range           | 0.2          |
|    entropy_loss         | -2.23        |
|    explained_variance   | 0.999        |
|    learning_rate        | 0.000196     |
|    loss                 | 1.47         |
|    n_updates            | 1270         |
|    policy_gradient_loss | -0.00261     |
|    std                  | 0.737        |
|    value_loss           | 3.17         |
------------------------------------------
-----------------------------------------
| time/                   |             |
|    fps                  | 5062        |
|    iterations           | 129         |
|    time_elapsed         | 208         |
|    total_timesteps      | 1056768     |
| train/                  |             |
|    approx_kl            | 0.007161917 |
|    clip_fraction        | 0.0699      |
|    clip_range           | 0.2         |
|    entropy_loss         | -2.22       |
|    explained_variance   | 0.989       |
|    learning_rate        | 0.000195    |
|    loss                 | 0.496       |
|    n_updates            | 1280        |
|    policy_gradient_loss | -0.00133    |
|    std                  | 0.73        |
|    value_loss           | 1.68        |
-----------------------------------------
-----------------------------------------
| time/                   |             |
|    fps                  | 5064        |
|    iterations           | 130         |
|    time_elapsed         | 210         |
|    total_timesteps      | 1064960     |
| train/                  |             |
|    approx_kl            | 0.004485303 |
|    clip_fraction        | 0.0425      |
|    clip_range           | 0.2         |
|    entropy_loss         | -2.2        |
|    explained_variance   | 0.995       |
|    learning_rate        | 0.000194    |
|    loss                 | 0.832       |
|    n_updates            | 1290        |
|    policy_gradient_loss | -0.00329    |
|    std                  | 0.729       |
|    value_loss           | 3.48        |
-----------------------------------------
-----------------------------------------
| time/                   |             |
|    fps                  | 5065        |
|    iterations           | 131         |
|    time_elapsed         | 211         |
|    total_timesteps      | 1073152     |
| train/                  |             |
|    approx_kl            | 0.003998479 |
|    clip_fraction        | 0.0144      |
|    clip_range           | 0.2         |
|    entropy_loss         | -2.2        |
|    explained_variance   | 0.996       |
|    learning_rate        | 0.000194    |
|    loss                 | 0.726       |
|    n_updates            | 1300        |
|    policy_gradient_loss | -0.00141    |
|    std                  | 0.726       |
|    value_loss           | 3.07        |
-----------------------------------------
------------------------------------------
| time/                   |              |
|    fps                  | 5067         |
|    iterations           | 132          |
|    time_elapsed         | 213          |
|    total_timesteps      | 1081344      |
| train/                  |              |
|    approx_kl            | 0.0026459806 |
|    clip_fraction        | 0.0156       |
|    clip_range           | 0.2          |
|    entropy_loss         | -2.19        |
|    explained_variance   | 0.995        |
|    learning_rate        | 0.000193     |
|    loss                 | 1.06         |
|    n_updates            | 1310         |
|    policy_gradient_loss | -0.00121     |
|    std                  | 0.725        |
|    value_loss           | 5.39         |
------------------------------------------
-----------------------------------------
| time/                   |             |
|    fps                  | 5069        |
|    iterations           | 133         |
|    time_elapsed         | 214         |
|    total_timesteps      | 1089536     |
| train/                  |             |
|    approx_kl            | 0.004318957 |
|    clip_fraction        | 0.0293      |
|    clip_range           | 0.2         |
|    entropy_loss         | -2.19       |
|    explained_variance   | 0.995       |
|    learning_rate        | 0.000192    |
|    loss                 | 0.976       |
|    n_updates            | 1320        |
|    policy_gradient_loss | -0.00225    |
|    std                  | 0.724       |
|    value_loss           | 4.46        |
-----------------------------------------
------------------------------------------
| time/                   |              |
|    fps                  | 5070         |
|    iterations           | 134          |
|    time_elapsed         | 216          |
|    total_timesteps      | 1097728      |
| train/                  |              |
|    approx_kl            | 0.0031702975 |
|    clip_fraction        | 0.0245       |
|    clip_range           | 0.2          |
|    entropy_loss         | -2.18        |
|    explained_variance   | 0.994        |
|    learning_rate        | 0.000191     |
|    loss                 | 0.597        |
|    n_updates            | 1330         |
|    policy_gradient_loss | -0.00248     |
|    std                  | 0.715        |
|    value_loss           | 1.78         |
------------------------------------------
------------------------------------------
| time/                   |              |
|    fps                  | 5072         |
|    iterations           | 135          |
|    time_elapsed         | 218          |
|    total_timesteps      | 1105920      |
| train/                  |              |
|    approx_kl            | 0.0051833782 |
|    clip_fraction        | 0.035        |
|    clip_range           | 0.2          |
|    entropy_loss         | -2.16        |
|    explained_variance   | 0.998        |
|    learning_rate        | 0.00019      |
|    loss                 | 0.562        |
|    n_updates            | 1340         |
|    policy_gradient_loss | -0.00281     |
|    std                  | 0.713        |
|    value_loss           | 1.92         |
------------------------------------------
-----------------------------------------
| time/                   |             |
|    fps                  | 5074        |
|    iterations           | 136         |
|    time_elapsed         | 219         |
|    total_timesteps      | 1114112     |
| train/                  |             |
|    approx_kl            | 0.003812679 |
|    clip_fraction        | 0.0212      |
|    clip_range           | 0.2         |
|    entropy_loss         | -2.16       |
|    explained_variance   | 0.998       |
|    learning_rate        | 0.000189    |
|    loss                 | 1.2         |
|    n_updates            | 1350        |
|    policy_gradient_loss | -0.00171    |
|    std                  | 0.711       |
|    value_loss           | 3.64        |
-----------------------------------------
-----------------------------------------
| time/                   |             |
|    fps                  | 5076        |
|    iterations           | 137         |
|    time_elapsed         | 221         |
|    total_timesteps      | 1122304     |
| train/                  |             |
|    approx_kl            | 0.004354559 |
|    clip_fraction        | 0.0355      |
|    clip_range           | 0.2         |
|    entropy_loss         | -2.15       |
|    explained_variance   | 0.999       |
|    learning_rate        | 0.000189    |
|    loss                 | 1.15        |
|    n_updates            | 1360        |
|    policy_gradient_loss | -0.0035     |
|    std                  | 0.707       |
|    value_loss           | 3.14        |
-----------------------------------------
-----------------------------------------
| time/                   |             |
|    fps                  | 5078        |
|    iterations           | 138         |
|    time_elapsed         | 222         |
|    total_timesteps      | 1130496     |
| train/                  |             |
|    approx_kl            | 0.009734397 |
|    clip_fraction        | 0.119       |
|    clip_range           | 0.2         |
|    entropy_loss         | -2.13       |
|    explained_variance   | 0.975       |
|    learning_rate        | 0.000188    |
|    loss                 | 0.488       |
|    n_updates            | 1370        |
|    policy_gradient_loss | -0.00145    |
|    std                  | 0.702       |
|    value_loss           | 1.32        |
-----------------------------------------
------------------------------------------
| time/                   |              |
|    fps                  | 5079         |
|    iterations           | 139          |
|    time_elapsed         | 224          |
|    total_timesteps      | 1138688      |
| train/                  |              |
|    approx_kl            | 0.0039976127 |
|    clip_fraction        | 0.0411       |
|    clip_range           | 0.2          |
|    entropy_loss         | -2.13        |
|    explained_variance   | 0.993        |
|    learning_rate        | 0.000187     |
|    loss                 | 0.709        |
|    n_updates            | 1380         |
|    policy_gradient_loss | -0.00264     |
|    std                  | 0.701        |
|    value_loss           | 1.86         |
------------------------------------------
------------------------------------------
| time/                   |              |
|    fps                  | 5082         |
|    iterations           | 140          |
|    time_elapsed         | 225          |
|    total_timesteps      | 1146880      |
| train/                  |              |
|    approx_kl            | 0.0057185586 |
|    clip_fraction        | 0.0405       |
|    clip_range           | 0.2          |
|    entropy_loss         | -2.13        |
|    explained_variance   | 0.998        |
|    learning_rate        | 0.000186     |
|    loss                 | 0.531        |
|    n_updates            | 1390         |
|    policy_gradient_loss | -0.00235     |
|    std                  | 0.701        |
|    value_loss           | 2.3          |
------------------------------------------
-----------------------------------------
| time/                   |             |
|    fps                  | 5083        |
|    iterations           | 141         |
|    time_elapsed         | 227         |
|    total_timesteps      | 1155072     |
| train/                  |             |
|    approx_kl            | 0.001535515 |
|    clip_fraction        | 0.00553     |
|    clip_range           | 0.2         |
|    entropy_loss         | -2.13       |
|    explained_variance   | 0.998       |
|    learning_rate        | 0.000185    |
|    loss                 | 1.52        |
|    n_updates            | 1400        |
|    policy_gradient_loss | -0.00105    |
|    std                  | 0.7         |
|    value_loss           | 2.94        |
-----------------------------------------
------------------------------------------
| time/                   |              |
|    fps                  | 5084         |
|    iterations           | 142          |
|    time_elapsed         | 228          |
|    total_timesteps      | 1163264      |
| train/                  |              |
|    approx_kl            | 0.0034471327 |
|    clip_fraction        | 0.0128       |
|    clip_range           | 0.2          |
|    entropy_loss         | -2.12        |
|    explained_variance   | 0.999        |
|    learning_rate        | 0.000184     |
|    loss                 | 1.41         |
|    n_updates            | 1410         |
|    policy_gradient_loss | -0.00182     |
|    std                  | 0.698        |
|    value_loss           | 3.09         |
------------------------------------------
------------------------------------------
| time/                   |              |
|    fps                  | 5085         |
|    iterations           | 143          |
|    time_elapsed         | 230          |
|    total_timesteps      | 1171456      |
| train/                  |              |
|    approx_kl            | 0.0071230372 |
|    clip_fraction        | 0.0894       |
|    clip_range           | 0.2          |
|    entropy_loss         | -2.1         |
|    explained_variance   | 0.998        |
|    learning_rate        | 0.000184     |
|    loss                 | 0.304        |
|    n_updates            | 1420         |
|    policy_gradient_loss | -0.000506    |
|    std                  | 0.689        |
|    value_loss           | 0.905        |
------------------------------------------
------------------------------------------
| time/                   |              |
|    fps                  | 5088         |
|    iterations           | 144          |
|    time_elapsed         | 231          |
|    total_timesteps      | 1179648      |
| train/                  |              |
|    approx_kl            | 0.0035771988 |
|    clip_fraction        | 0.0255       |
|    clip_range           | 0.2          |
|    entropy_loss         | -2.09        |
|    explained_variance   | 0.999        |
|    learning_rate        | 0.000183     |
|    loss                 | 0.462        |
|    n_updates            | 1430         |
|    policy_gradient_loss | -0.00248     |
|    std                  | 0.686        |
|    value_loss           | 1.49         |
------------------------------------------
-----------------------------------------
| time/                   |             |
|    fps                  | 5089        |
|    iterations           | 145         |
|    time_elapsed         | 233         |
|    total_timesteps      | 1187840     |
| train/                  |             |
|    approx_kl            | 0.004099871 |
|    clip_fraction        | 0.0176      |
|    clip_range           | 0.2         |
|    entropy_loss         | -2.08       |
|    explained_variance   | 0.998       |
|    learning_rate        | 0.000182    |
|    loss                 | 0.81        |
|    n_updates            | 1440        |
|    policy_gradient_loss | -0.00265    |
|    std                  | 0.684       |
|    value_loss           | 3.07        |
-----------------------------------------
------------------------------------------
| time/                   |              |
|    fps                  | 5091         |
|    iterations           | 146          |
|    time_elapsed         | 234          |
|    total_timesteps      | 1196032      |
| train/                  |              |
|    approx_kl            | 0.0034526852 |
|    clip_fraction        | 0.0173       |
|    clip_range           | 0.2          |
|    entropy_loss         | -2.07        |
|    explained_variance   | 0.997        |
|    learning_rate        | 0.000181     |
|    loss                 | 1.07         |
|    n_updates            | 1450         |
|    policy_gradient_loss | -0.0021      |
|    std                  | 0.681        |
|    value_loss           | 3.64         |
------------------------------------------
-----------------------------------------
| time/                   |             |
|    fps                  | 5090        |
|    iterations           | 147         |
|    time_elapsed         | 236         |
|    total_timesteps      | 1204224     |
| train/                  |             |
|    approx_kl            | 0.005320525 |
|    clip_fraction        | 0.0353      |
|    clip_range           | 0.2         |
|    entropy_loss         | -2.07       |
|    explained_variance   | 0.997       |
|    learning_rate        | 0.00018     |
|    loss                 | 0.806       |
|    n_updates            | 1460        |
|    policy_gradient_loss | -0.00112    |
|    std                  | 0.68        |
|    value_loss           | 2.69        |
-----------------------------------------
------------------------------------------
| time/                   |              |
|    fps                  | 5091         |
|    iterations           | 148          |
|    time_elapsed         | 238          |
|    total_timesteps      | 1212416      |
| train/                  |              |
|    approx_kl            | 0.0043782275 |
|    clip_fraction        | 0.0439       |
|    clip_range           | 0.2          |
|    entropy_loss         | -2.06        |
|    explained_variance   | 0.994        |
|    learning_rate        | 0.00018      |
|    loss                 | 0.622        |
|    n_updates            | 1470         |
|    policy_gradient_loss | -0.00174     |
|    std                  | 0.678        |
|    value_loss           | 1.96         |
------------------------------------------
------------------------------------------
| time/                   |              |
|    fps                  | 5091         |
|    iterations           | 149          |
|    time_elapsed         | 239          |
|    total_timesteps      | 1220608      |
| train/                  |              |
|    approx_kl            | 0.0025188127 |
|    clip_fraction        | 0.0187       |
|    clip_range           | 0.2          |
|    entropy_loss         | -2.06        |
|    explained_variance   | 0.996        |
|    learning_rate        | 0.000179     |
|    loss                 | 0.817        |
|    n_updates            | 1480         |
|    policy_gradient_loss | -0.00142     |
|    std                  | 0.678        |
|    value_loss           | 3.07         |
------------------------------------------
-----------------------------------------
| time/                   |             |
|    fps                  | 5089        |
|    iterations           | 150         |
|    time_elapsed         | 241         |
|    total_timesteps      | 1228800     |
| train/                  |             |
|    approx_kl            | 0.004365128 |
|    clip_fraction        | 0.0186      |
|    clip_range           | 0.2         |
|    entropy_loss         | -2.06       |
|    explained_variance   | 0.997       |
|    learning_rate        | 0.000178    |
|    loss                 | 1.25        |
|    n_updates            | 1490        |
|    policy_gradient_loss | -0.00231    |
|    std                  | 0.678       |
|    value_loss           | 5.79        |
-----------------------------------------
-----------------------------------------
| time/                   |             |
|    fps                  | 5089        |
|    iterations           | 151         |
|    time_elapsed         | 243         |
|    total_timesteps      | 1236992     |
| train/                  |             |
|    approx_kl            | 0.005604727 |
|    clip_fraction        | 0.027       |
|    clip_range           | 0.2         |
|    entropy_loss         | -2.06       |
|    explained_variance   | 0.995       |
|    learning_rate        | 0.000177    |
|    loss                 | 7.17        |
|    n_updates            | 1500        |
|    policy_gradient_loss | -0.0013     |
|    std                  | 0.68        |
|    value_loss           | 18.8        |
-----------------------------------------
-----------------------------------------
| time/                   |             |
|    fps                  | 5091        |
|    iterations           | 152         |
|    time_elapsed         | 244         |
|    total_timesteps      | 1245184     |
| train/                  |             |
|    approx_kl            | 0.005672955 |
|    clip_fraction        | 0.0775      |
|    clip_range           | 0.2         |
|    entropy_loss         | -2.06       |
|    explained_variance   | 0.995       |
|    learning_rate        | 0.000176    |
|    loss                 | 0.352       |
|    n_updates            | 1510        |
|    policy_gradient_loss | -0.000131   |
|    std                  | 0.679       |
|    value_loss           | 1.18        |
-----------------------------------------
------------------------------------------
| time/                   |              |
|    fps                  | 5093         |
|    iterations           | 153          |
|    time_elapsed         | 246          |
|    total_timesteps      | 1253376      |
| train/                  |              |
|    approx_kl            | 0.0039639533 |
|    clip_fraction        | 0.0538       |
|    clip_range           | 0.2          |
|    entropy_loss         | -2.06        |
|    explained_variance   | 0.993        |
|    learning_rate        | 0.000175     |
|    loss                 | 0.454        |
|    n_updates            | 1520         |
|    policy_gradient_loss | 5.26e-05     |
|    std                  | 0.678        |
|    value_loss           | 1.89         |
------------------------------------------
-----------------------------------------
| time/                   |             |
|    fps                  | 5094        |
|    iterations           | 154         |
|    time_elapsed         | 247         |
|    total_timesteps      | 1261568     |
| train/                  |             |
|    approx_kl            | 0.004161043 |
|    clip_fraction        | 0.0283      |
|    clip_range           | 0.2         |
|    entropy_loss         | -2.06       |
|    explained_variance   | 0.99        |
|    learning_rate        | 0.000175    |
|    loss                 | 0.426       |
|    n_updates            | 1530        |
|    policy_gradient_loss | -0.00153    |
|    std                  | 0.678       |
|    value_loss           | 2.41        |
-----------------------------------------
-----------------------------------------
| time/                   |             |
|    fps                  | 5095        |
|    iterations           | 155         |
|    time_elapsed         | 249         |
|    total_timesteps      | 1269760     |
| train/                  |             |
|    approx_kl            | 0.004996348 |
|    clip_fraction        | 0.038       |
|    clip_range           | 0.2         |
|    entropy_loss         | -2.05       |
|    explained_variance   | 0.998       |
|    learning_rate        | 0.000174    |
|    loss                 | 0.461       |
|    n_updates            | 1540        |
|    policy_gradient_loss | -0.00354    |
|    std                  | 0.674       |
|    value_loss           | 2.38        |
-----------------------------------------
-----------------------------------------
| time/                   |             |
|    fps                  | 5097        |
|    iterations           | 156         |
|    time_elapsed         | 250         |
|    total_timesteps      | 1277952     |
| train/                  |             |
|    approx_kl            | 0.008345477 |
|    clip_fraction        | 0.0367      |
|    clip_range           | 0.2         |
|    entropy_loss         | -2.05       |
|    explained_variance   | 0.998       |
|    learning_rate        | 0.000173    |
|    loss                 | 1.36        |
|    n_updates            | 1550        |
|    policy_gradient_loss | -0.00123    |
|    std                  | 0.672       |
|    value_loss           | 3.38        |
-----------------------------------------
-----------------------------------------
| time/                   |             |
|    fps                  | 5100        |
|    iterations           | 157         |
|    time_elapsed         | 252         |
|    total_timesteps      | 1286144     |
| train/                  |             |
|    approx_kl            | 0.008281904 |
|    clip_fraction        | 0.0554      |
|    clip_range           | 0.2         |
|    entropy_loss         | -2.04       |
|    explained_variance   | 0.999       |
|    learning_rate        | 0.000172    |
|    loss                 | 0.412       |
|    n_updates            | 1560        |
|    policy_gradient_loss | -0.000957   |
|    std                  | 0.671       |
|    value_loss           | 1.04        |
-----------------------------------------
------------------------------------------
| time/                   |              |
|    fps                  | 5100         |
|    iterations           | 158          |
|    time_elapsed         | 253          |
|    total_timesteps      | 1294336      |
| train/                  |              |
|    approx_kl            | 0.0059313066 |
|    clip_fraction        | 0.0559       |
|    clip_range           | 0.2          |
|    entropy_loss         | -2.03        |
|    explained_variance   | 0.999        |
|    learning_rate        | 0.000171     |
|    loss                 | 0.636        |
|    n_updates            | 1570         |
|    policy_gradient_loss | -0.00185     |
|    std                  | 0.666        |
|    value_loss           | 1.65         |
------------------------------------------
------------------------------------------
| time/                   |              |
|    fps                  | 5101         |
|    iterations           | 159          |
|    time_elapsed         | 255          |
|    total_timesteps      | 1302528      |
| train/                  |              |
|    approx_kl            | 0.0043416475 |
|    clip_fraction        | 0.0247       |
|    clip_range           | 0.2          |
|    entropy_loss         | -2.02        |
|    explained_variance   | 0.998        |
|    learning_rate        | 0.000171     |
|    loss                 | 1.43         |
|    n_updates            | 1580         |
|    policy_gradient_loss | -0.0027      |
|    std                  | 0.666        |
|    value_loss           | 5.45         |
------------------------------------------
------------------------------------------
| time/                   |              |
|    fps                  | 5102         |
|    iterations           | 160          |
|    time_elapsed         | 256          |
|    total_timesteps      | 1310720      |
| train/                  |              |
|    approx_kl            | 0.0036518355 |
|    clip_fraction        | 0.0286       |
|    clip_range           | 0.2          |
|    entropy_loss         | -2.02        |
|    explained_variance   | 0.999        |
|    learning_rate        | 0.00017      |
|    loss                 | 0.946        |
|    n_updates            | 1590         |
|    policy_gradient_loss | -0.00253     |
|    std                  | 0.665        |
|    value_loss           | 3.07         |
------------------------------------------
------------------------------------------
| time/                   |              |
|    fps                  | 5102         |
|    iterations           | 161          |
|    time_elapsed         | 258          |
|    total_timesteps      | 1318912      |
| train/                  |              |
|    approx_kl            | 0.0040981523 |
|    clip_fraction        | 0.0433       |
|    clip_range           | 0.2          |
|    entropy_loss         | -2.02        |
|    explained_variance   | 0.998        |
|    learning_rate        | 0.000169     |
|    loss                 | 1.48         |
|    n_updates            | 1600         |
|    policy_gradient_loss | -0.00263     |
|    std                  | 0.664        |
|    value_loss           | 2.82         |
------------------------------------------
-----------------------------------------
| time/                   |             |
|    fps                  | 5102        |
|    iterations           | 162         |
|    time_elapsed         | 260         |
|    total_timesteps      | 1327104     |
| train/                  |             |
|    approx_kl            | 0.005340323 |
|    clip_fraction        | 0.0752      |
|    clip_range           | 0.2         |
|    entropy_loss         | -2.01       |
|    explained_variance   | 0.996       |
|    learning_rate        | 0.000168    |
|    loss                 | 0.435       |
|    n_updates            | 1610        |
|    policy_gradient_loss | -0.000905   |
|    std                  | 0.659       |
|    value_loss           | 1.23        |
-----------------------------------------
------------------------------------------
| time/                   |              |
|    fps                  | 5103         |
|    iterations           | 163          |
|    time_elapsed         | 261          |
|    total_timesteps      | 1335296      |
| train/                  |              |
|    approx_kl            | 0.0039480403 |
|    clip_fraction        | 0.0357       |
|    clip_range           | 0.2          |
|    entropy_loss         | -2           |
|    explained_variance   | 0.998        |
|    learning_rate        | 0.000167     |
|    loss                 | 0.64         |
|    n_updates            | 1620         |
|    policy_gradient_loss | -0.00258     |
|    std                  | 0.657        |
|    value_loss           | 1.68         |
------------------------------------------
------------------------------------------
| time/                   |              |
|    fps                  | 5103         |
|    iterations           | 164          |
|    time_elapsed         | 263          |
|    total_timesteps      | 1343488      |
| train/                  |              |
|    approx_kl            | 0.0037885536 |
|    clip_fraction        | 0.0206       |
|    clip_range           | 0.2          |
|    entropy_loss         | -1.99        |
|    explained_variance   | 0.999        |
|    learning_rate        | 0.000166     |
|    loss                 | 0.879        |
|    n_updates            | 1630         |
|    policy_gradient_loss | -0.00229     |
|    std                  | 0.656        |
|    value_loss           | 2.54         |
------------------------------------------
-----------------------------------------
| time/                   |             |
|    fps                  | 5102        |
|    iterations           | 165         |
|    time_elapsed         | 264         |
|    total_timesteps      | 1351680     |
| train/                  |             |
|    approx_kl            | 0.003803263 |
|    clip_fraction        | 0.0235      |
|    clip_range           | 0.2         |
|    entropy_loss         | -1.99       |
|    explained_variance   | 0.998       |
|    learning_rate        | 0.000166    |
|    loss                 | 1.5         |
|    n_updates            | 1640        |
|    policy_gradient_loss | -0.00217    |
|    std                  | 0.656       |
|    value_loss           | 5.8         |
-----------------------------------------
------------------------------------------
| time/                   |              |
|    fps                  | 5088         |
|    iterations           | 166          |
|    time_elapsed         | 267          |
|    total_timesteps      | 1359872      |
| train/                  |              |
|    approx_kl            | 0.0030823536 |
|    clip_fraction        | 0.0549       |
|    clip_range           | 0.2          |
|    entropy_loss         | -1.99        |
|    explained_variance   | 0.997        |
|    learning_rate        | 0.000165     |
|    loss                 | 0.629        |
|    n_updates            | 1650         |
|    policy_gradient_loss | -0.000726    |
|    std                  | 0.654        |
|    value_loss           | 1.8          |
------------------------------------------
-----------------------------------------
| time/                   |             |
|    fps                  | 5086        |
|    iterations           | 167         |
|    time_elapsed         | 268         |
|    total_timesteps      | 1368064     |
| train/                  |             |
|    approx_kl            | 0.004480878 |
|    clip_fraction        | 0.0933      |
|    clip_range           | 0.2         |
|    entropy_loss         | -1.98       |
|    explained_variance   | 0.996       |
|    learning_rate        | 0.000164    |
|    loss                 | 0.437       |
|    n_updates            | 1660        |
|    policy_gradient_loss | -0.000383   |
|    std                  | 0.65        |
|    value_loss           | 1.32        |
-----------------------------------------
------------------------------------------
| time/                   |              |
|    fps                  | 5085         |
|    iterations           | 168          |
|    time_elapsed         | 270          |
|    total_timesteps      | 1376256      |
| train/                  |              |
|    approx_kl            | 0.0038078343 |
|    clip_fraction        | 0.0341       |
|    clip_range           | 0.2          |
|    entropy_loss         | -1.97        |
|    explained_variance   | 0.997        |
|    learning_rate        | 0.000163     |
|    loss                 | 0.658        |
|    n_updates            | 1670         |
|    policy_gradient_loss | -0.00227     |
|    std                  | 0.646        |
|    value_loss           | 1.83         |
------------------------------------------
------------------------------------------
| time/                   |              |
|    fps                  | 5086         |
|    iterations           | 169          |
|    time_elapsed         | 272          |
|    total_timesteps      | 1384448      |
| train/                  |              |
|    approx_kl            | 0.0045378786 |
|    clip_fraction        | 0.0338       |
|    clip_range           | 0.2          |
|    entropy_loss         | -1.96        |
|    explained_variance   | 0.998        |
|    learning_rate        | 0.000162     |
|    loss                 | 0.71         |
|    n_updates            | 1680         |
|    policy_gradient_loss | -0.00235     |
|    std                  | 0.641        |
|    value_loss           | 2.14         |
------------------------------------------
------------------------------------------
| time/                   |              |
|    fps                  | 5085         |
|    iterations           | 170          |
|    time_elapsed         | 273          |
|    total_timesteps      | 1392640      |
| train/                  |              |
|    approx_kl            | 0.0029321588 |
|    clip_fraction        | 0.0212       |
|    clip_range           | 0.2          |
|    entropy_loss         | -1.94        |
|    explained_variance   | 0.999        |
|    learning_rate        | 0.000162     |
|    loss                 | 1.01         |
|    n_updates            | 1690         |
|    policy_gradient_loss | -0.000996    |
|    std                  | 0.639        |
|    value_loss           | 3.17         |
------------------------------------------
------------------------------------------
| time/                   |              |
|    fps                  | 5083         |
|    iterations           | 171          |
|    time_elapsed         | 275          |
|    total_timesteps      | 1400832      |
| train/                  |              |
|    approx_kl            | 0.0057393764 |
|    clip_fraction        | 0.055        |
|    clip_range           | 0.2          |
|    entropy_loss         | -1.94        |
|    explained_variance   | 0.994        |
|    learning_rate        | 0.000161     |
|    loss                 | 0.257        |
|    n_updates            | 1700         |
|    policy_gradient_loss | -0.00252     |
|    std                  | 0.637        |
|    value_loss           | 1.03         |
------------------------------------------
-----------------------------------------
| time/                   |             |
|    fps                  | 5078        |
|    iterations           | 172         |
|    time_elapsed         | 277         |
|    total_timesteps      | 1409024     |
| train/                  |             |
|    approx_kl            | 0.003338857 |
|    clip_fraction        | 0.033       |
|    clip_range           | 0.2         |
|    entropy_loss         | -1.93       |
|    explained_variance   | 0.997       |
|    learning_rate        | 0.00016     |
|    loss                 | 0.567       |
|    n_updates            | 1710        |
|    policy_gradient_loss | -0.000775   |
|    std                  | 0.636       |
|    value_loss           | 2           |
-----------------------------------------
-----------------------------------------
| time/                   |             |
|    fps                  | 5073        |
|    iterations           | 173         |
|    time_elapsed         | 279         |
|    total_timesteps      | 1417216     |
| train/                  |             |
|    approx_kl            | 0.002234449 |
|    clip_fraction        | 0.0111      |
|    clip_range           | 0.2         |
|    entropy_loss         | -1.93       |
|    explained_variance   | 0.998       |
|    learning_rate        | 0.000159    |
|    loss                 | 0.496       |
|    n_updates            | 1720        |
|    policy_gradient_loss | -0.00125    |
|    std                  | 0.637       |
|    value_loss           | 1.8         |
-----------------------------------------
------------------------------------------
| time/                   |              |
|    fps                  | 5074         |
|    iterations           | 174          |
|    time_elapsed         | 280          |
|    total_timesteps      | 1425408      |
| train/                  |              |
|    approx_kl            | 0.0032105795 |
|    clip_fraction        | 0.0176       |
|    clip_range           | 0.2          |
|    entropy_loss         | -1.93        |
|    explained_variance   | 0.996        |
|    learning_rate        | 0.000158     |
|    loss                 | 0.943        |
|    n_updates            | 1730         |
|    policy_gradient_loss | -0.00253     |
|    std                  | 0.637        |
|    value_loss           | 4.4          |
------------------------------------------
------------------------------------------
| time/                   |              |
|    fps                  | 5069         |
|    iterations           | 175          |
|    time_elapsed         | 282          |
|    total_timesteps      | 1433600      |
| train/                  |              |
|    approx_kl            | 0.0041984664 |
|    clip_fraction        | 0.0269       |
|    clip_range           | 0.2          |
|    entropy_loss         | -1.93        |
|    explained_variance   | 0.998        |
|    learning_rate        | 0.000157     |
|    loss                 | 1.03         |
|    n_updates            | 1740         |
|    policy_gradient_loss | -0.00291     |
|    std                  | 0.636        |
|    value_loss           | 3.72         |
------------------------------------------
-----------------------------------------
| time/                   |             |
|    fps                  | 5067        |
|    iterations           | 176         |
|    time_elapsed         | 284         |
|    total_timesteps      | 1441792     |
| train/                  |             |
|    approx_kl            | 0.011412094 |
|    clip_fraction        | 0.0609      |
|    clip_range           | 0.2         |
|    entropy_loss         | -1.94       |
|    explained_variance   | 0.99        |
|    learning_rate        | 0.000157    |
|    loss                 | 0.259       |
|    n_updates            | 1750        |
|    policy_gradient_loss | 0.00112     |
|    std                  | 0.64        |
|    value_loss           | 1.07        |
-----------------------------------------
------------------------------------------
| time/                   |              |
|    fps                  | 5067         |
|    iterations           | 177          |
|    time_elapsed         | 286          |
|    total_timesteps      | 1449984      |
| train/                  |              |
|    approx_kl            | 0.0043828133 |
|    clip_fraction        | 0.0221       |
|    clip_range           | 0.2          |
|    entropy_loss         | -1.94        |
|    explained_variance   | 0.994        |
|    learning_rate        | 0.000156     |
|    loss                 | 0.313        |
|    n_updates            | 1760         |
|    policy_gradient_loss | -0.000513    |
|    std                  | 0.639        |
|    value_loss           | 1.95         |
------------------------------------------
-----------------------------------------
| time/                   |             |
|    fps                  | 5068        |
|    iterations           | 178         |
|    time_elapsed         | 287         |
|    total_timesteps      | 1458176     |
| train/                  |             |
|    approx_kl            | 0.001837316 |
|    clip_fraction        | 0.0106      |
|    clip_range           | 0.2         |
|    entropy_loss         | -1.94       |
|    explained_variance   | 0.994       |
|    learning_rate        | 0.000155    |
|    loss                 | 0.647       |
|    n_updates            | 1770        |
|    policy_gradient_loss | -0.000549   |
|    std                  | 0.639       |
|    value_loss           | 3.68        |
-----------------------------------------
------------------------------------------
| time/                   |              |
|    fps                  | 5070         |
|    iterations           | 179          |
|    time_elapsed         | 289          |
|    total_timesteps      | 1466368      |
| train/                  |              |
|    approx_kl            | 0.0027654155 |
|    clip_fraction        | 0.0166       |
|    clip_range           | 0.2          |
|    entropy_loss         | -1.94        |
|    explained_variance   | 0.994        |
|    learning_rate        | 0.000154     |
|    loss                 | 1.65         |
|    n_updates            | 1780         |
|    policy_gradient_loss | -0.00188     |
|    std                  | 0.639        |
|    value_loss           | 4.2          |
------------------------------------------
------------------------------------------
| time/                   |              |
|    fps                  | 5071         |
|    iterations           | 180          |
|    time_elapsed         | 290          |
|    total_timesteps      | 1474560      |
| train/                  |              |
|    approx_kl            | 0.0064960956 |
|    clip_fraction        | 0.0496       |
|    clip_range           | 0.2          |
|    entropy_loss         | -1.94        |
|    explained_variance   | 0.992        |
|    learning_rate        | 0.000153     |
|    loss                 | 0.904        |
|    n_updates            | 1790         |
|    policy_gradient_loss | -0.0034      |
|    std                  | 0.636        |
|    value_loss           | 2.48         |
------------------------------------------
------------------------------------------
| time/                   |              |
|    fps                  | 5073         |
|    iterations           | 181          |
|    time_elapsed         | 292          |
|    total_timesteps      | 1482752      |
| train/                  |              |
|    approx_kl            | 0.0051297033 |
|    clip_fraction        | 0.0531       |
|    clip_range           | 0.2          |
|    entropy_loss         | -1.91        |
|    explained_variance   | 0.973        |
|    learning_rate        | 0.000153     |
|    loss                 | 0.808        |
|    n_updates            | 1800         |
|    policy_gradient_loss | -0.00257     |
|    std                  | 0.627        |
|    value_loss           | 2.42         |
------------------------------------------
-----------------------------------------
| time/                   |             |
|    fps                  | 5075        |
|    iterations           | 182         |
|    time_elapsed         | 293         |
|    total_timesteps      | 1490944     |
| train/                  |             |
|    approx_kl            | 0.005107523 |
|    clip_fraction        | 0.0785      |
|    clip_range           | 0.2         |
|    entropy_loss         | -1.9        |
|    explained_variance   | 0.994       |
|    learning_rate        | 0.000152    |
|    loss                 | 0.627       |
|    n_updates            | 1810        |
|    policy_gradient_loss | -0.00207    |
|    std                  | 0.628       |
|    value_loss           | 1.49        |
-----------------------------------------
------------------------------------------
| time/                   |              |
|    fps                  | 5076         |
|    iterations           | 183          |
|    time_elapsed         | 295          |
|    total_timesteps      | 1499136      |
| train/                  |              |
|    approx_kl            | 0.0039349515 |
|    clip_fraction        | 0.0345       |
|    clip_range           | 0.2          |
|    entropy_loss         | -1.89        |
|    explained_variance   | 0.998        |
|    learning_rate        | 0.000151     |
|    loss                 | 0.378        |
|    n_updates            | 1820         |
|    policy_gradient_loss | -0.0026      |
|    std                  | 0.622        |
|    value_loss           | 1.2          |
------------------------------------------
------------------------------------------
| time/                   |              |
|    fps                  | 5078         |
|    iterations           | 184          |
|    time_elapsed         | 296          |
|    total_timesteps      | 1507328      |
| train/                  |              |
|    approx_kl            | 0.0033447286 |
|    clip_fraction        | 0.0183       |
|    clip_range           | 0.2          |
|    entropy_loss         | -1.88        |
|    explained_variance   | 0.998        |
|    learning_rate        | 0.00015      |
|    loss                 | 1.22         |
|    n_updates            | 1830         |
|    policy_gradient_loss | -0.00202     |
|    std                  | 0.621        |
|    value_loss           | 2.81         |
------------------------------------------
-----------------------------------------
| time/                   |             |
|    fps                  | 5079        |
|    iterations           | 185         |
|    time_elapsed         | 298         |
|    total_timesteps      | 1515520     |
| train/                  |             |
|    approx_kl            | 0.007869997 |
|    clip_fraction        | 0.0624      |
|    clip_range           | 0.2         |
|    entropy_loss         | -1.88       |
|    explained_variance   | 0.992       |
|    learning_rate        | 0.000149    |
|    loss                 | 0.377       |
|    n_updates            | 1840        |
|    policy_gradient_loss | -0.00168    |
|    std                  | 0.623       |
|    value_loss           | 1.36        |
-----------------------------------------
------------------------------------------
| time/                   |              |
|    fps                  | 5076         |
|    iterations           | 186          |
|    time_elapsed         | 300          |
|    total_timesteps      | 1523712      |
| train/                  |              |
|    approx_kl            | 0.0021235577 |
|    clip_fraction        | 0.0109       |
|    clip_range           | 0.2          |
|    entropy_loss         | -1.89        |
|    explained_variance   | 0.995        |
|    learning_rate        | 0.000148     |
|    loss                 | 0.773        |
|    n_updates            | 1850         |
|    policy_gradient_loss | -0.000878    |
|    std                  | 0.623        |
|    value_loss           | 2.85         |
------------------------------------------
------------------------------------------
| time/                   |              |
|    fps                  | 5076         |
|    iterations           | 187          |
|    time_elapsed         | 301          |
|    total_timesteps      | 1531904      |
| train/                  |              |
|    approx_kl            | 0.0038944404 |
|    clip_fraction        | 0.0185       |
|    clip_range           | 0.2          |
|    entropy_loss         | -1.89        |
|    explained_variance   | 0.996        |
|    learning_rate        | 0.000148     |
|    loss                 | 1.17         |
|    n_updates            | 1860         |
|    policy_gradient_loss | -0.00189     |
|    std                  | 0.623        |
|    value_loss           | 4.76         |
------------------------------------------
------------------------------------------
| time/                   |              |
|    fps                  | 5073         |
|    iterations           | 188          |
|    time_elapsed         | 303          |
|    total_timesteps      | 1540096      |
| train/                  |              |
|    approx_kl            | 0.0021631005 |
|    clip_fraction        | 0.0105       |
|    clip_range           | 0.2          |
|    entropy_loss         | -1.89        |
|    explained_variance   | 0.997        |
|    learning_rate        | 0.000147     |
|    loss                 | 1.86         |
|    n_updates            | 1870         |
|    policy_gradient_loss | -0.00144     |
|    std                  | 0.623        |
|    value_loss           | 6.09         |
------------------------------------------
-----------------------------------------
| time/                   |             |
|    fps                  | 5075        |
|    iterations           | 189         |
|    time_elapsed         | 305         |
|    total_timesteps      | 1548288     |
| train/                  |             |
|    approx_kl            | 0.004478832 |
|    clip_fraction        | 0.025       |
|    clip_range           | 0.2         |
|    entropy_loss         | -1.89       |
|    explained_variance   | 0.996       |
|    learning_rate        | 0.000146    |
|    loss                 | 2.02        |
|    n_updates            | 1880        |
|    policy_gradient_loss | -0.0035     |
|    std                  | 0.623       |
|    value_loss           | 6.8         |
-----------------------------------------
-----------------------------------------
| time/                   |             |
|    fps                  | 5077        |
|    iterations           | 190         |
|    time_elapsed         | 306         |
|    total_timesteps      | 1556480     |
| train/                  |             |
|    approx_kl            | 0.005181239 |
|    clip_fraction        | 0.0807      |
|    clip_range           | 0.2         |
|    entropy_loss         | -1.89       |
|    explained_variance   | 0.995       |
|    learning_rate        | 0.000145    |
|    loss                 | 0.402       |
|    n_updates            | 1890        |
|    policy_gradient_loss | -0.00298    |
|    std                  | 0.624       |
|    value_loss           | 1.11        |
-----------------------------------------
------------------------------------------
| time/                   |              |
|    fps                  | 5079         |
|    iterations           | 191          |
|    time_elapsed         | 308          |
|    total_timesteps      | 1564672      |
| train/                  |              |
|    approx_kl            | 0.0049650855 |
|    clip_fraction        | 0.0402       |
|    clip_range           | 0.2          |
|    entropy_loss         | -1.89        |
|    explained_variance   | 0.997        |
|    learning_rate        | 0.000144     |
|    loss                 | 0.56         |
|    n_updates            | 1900         |
|    policy_gradient_loss | -0.00316     |
|    std                  | 0.625        |
|    value_loss           | 1.62         |
------------------------------------------
-----------------------------------------
| time/                   |             |
|    fps                  | 5079        |
|    iterations           | 192         |
|    time_elapsed         | 309         |
|    total_timesteps      | 1572864     |
| train/                  |             |
|    approx_kl            | 0.004089033 |
|    clip_fraction        | 0.0304      |
|    clip_range           | 0.2         |
|    entropy_loss         | -1.89       |
|    explained_variance   | 0.998       |
|    learning_rate        | 0.000144    |
|    loss                 | 0.855       |
|    n_updates            | 1910        |
|    policy_gradient_loss | -0.00303    |
|    std                  | 0.623       |
|    value_loss           | 2.2         |
-----------------------------------------
------------------------------------------
| time/                   |              |
|    fps                  | 5080         |
|    iterations           | 193          |
|    time_elapsed         | 311          |
|    total_timesteps      | 1581056      |
| train/                  |              |
|    approx_kl            | 0.0020568687 |
|    clip_fraction        | 0.0197       |
|    clip_range           | 0.2          |
|    entropy_loss         | -1.89        |
|    explained_variance   | 0.998        |
|    learning_rate        | 0.000143     |
|    loss                 | 0.398        |
|    n_updates            | 1920         |
|    policy_gradient_loss | -0.000958    |
|    std                  | 0.623        |
|    value_loss           | 1.58         |
------------------------------------------
-----------------------------------------
| time/                   |             |
|    fps                  | 5080        |
|    iterations           | 194         |
|    time_elapsed         | 312         |
|    total_timesteps      | 1589248     |
| train/                  |             |
|    approx_kl            | 0.004695455 |
|    clip_fraction        | 0.0332      |
|    clip_range           | 0.2         |
|    entropy_loss         | -1.89       |
|    explained_variance   | 0.998       |
|    learning_rate        | 0.000142    |
|    loss                 | 0.58        |
|    n_updates            | 1930        |
|    policy_gradient_loss | -0.00345    |
|    std                  | 0.622       |
|    value_loss           | 1.7         |
-----------------------------------------
-----------------------------------------
| time/                   |             |
|    fps                  | 5081        |
|    iterations           | 195         |
|    time_elapsed         | 314         |
|    total_timesteps      | 1597440     |
| train/                  |             |
|    approx_kl            | 0.006748567 |
|    clip_fraction        | 0.0626      |
|    clip_range           | 0.2         |
|    entropy_loss         | -1.88       |
|    explained_variance   | 0.995       |
|    learning_rate        | 0.000141    |
|    loss                 | 0.97        |
|    n_updates            | 1940        |
|    policy_gradient_loss | -0.00176    |
|    std                  | 0.619       |
|    value_loss           | 2.48        |
-----------------------------------------
------------------------------------------
| time/                   |              |
|    fps                  | 5077         |
|    iterations           | 196          |
|    time_elapsed         | 316          |
|    total_timesteps      | 1605632      |
| train/                  |              |
|    approx_kl            | 0.0076047555 |
|    clip_fraction        | 0.0517       |
|    clip_range           | 0.2          |
|    entropy_loss         | -1.87        |
|    explained_variance   | 0.997        |
|    learning_rate        | 0.00014      |
|    loss                 | 1.14         |
|    n_updates            | 1950         |
|    policy_gradient_loss | -0.000451    |
|    std                  | 0.617        |
|    value_loss           | 3.29         |
------------------------------------------
----------------------------------------
| time/                   |            |
|    fps                  | 5077       |
|    iterations           | 197        |
|    time_elapsed         | 317        |
|    total_timesteps      | 1613824    |
| train/                  |            |
|    approx_kl            | 0.00401835 |
|    clip_fraction        | 0.0347     |
|    clip_range           | 0.2        |
|    entropy_loss         | -1.87      |
|    explained_variance   | 0.997      |
|    learning_rate        | 0.000139   |
|    loss                 | 1.72       |
|    n_updates            | 1960       |
|    policy_gradient_loss | -0.00261   |
|    std                  | 0.615      |
|    value_loss           | 3.86       |
----------------------------------------
-----------------------------------------
| time/                   |             |
|    fps                  | 5079        |
|    iterations           | 198         |
|    time_elapsed         | 319         |
|    total_timesteps      | 1622016     |
| train/                  |             |
|    approx_kl            | 0.004362142 |
|    clip_fraction        | 0.0311      |
|    clip_range           | 0.2         |
|    entropy_loss         | -1.86       |
|    explained_variance   | 0.999       |
|    learning_rate        | 0.000139    |
|    loss                 | 1.53        |
|    n_updates            | 1970        |
|    policy_gradient_loss | -0.00299    |
|    std                  | 0.614       |
|    value_loss           | 2.91        |
-----------------------------------------
----------------------------------------
| time/                   |            |
|    fps                  | 5081       |
|    iterations           | 199        |
|    time_elapsed         | 320        |
|    total_timesteps      | 1630208    |
| train/                  |            |
|    approx_kl            | 0.00560561 |
|    clip_fraction        | 0.0929     |
|    clip_range           | 0.2        |
|    entropy_loss         | -1.85      |
|    explained_variance   | 0.99       |
|    learning_rate        | 0.000138   |
|    loss                 | 0.283      |
|    n_updates            | 1980       |
|    policy_gradient_loss | -0.00138   |
|    std                  | 0.612      |
|    value_loss           | 0.806      |
----------------------------------------
------------------------------------------
| time/                   |              |
|    fps                  | 5083         |
|    iterations           | 200          |
|    time_elapsed         | 322          |
|    total_timesteps      | 1638400      |
| train/                  |              |
|    approx_kl            | 0.0048608873 |
|    clip_fraction        | 0.0416       |
|    clip_range           | 0.2          |
|    entropy_loss         | -1.85        |
|    explained_variance   | 0.994        |
|    learning_rate        | 0.000137     |
|    loss                 | 0.263        |
|    n_updates            | 1990         |
|    policy_gradient_loss | -0.00169     |
|    std                  | 0.611        |
|    value_loss           | 0.964        |
------------------------------------------
------------------------------------------
| time/                   |              |
|    fps                  | 5084         |
|    iterations           | 201          |
|    time_elapsed         | 323          |
|    total_timesteps      | 1646592      |
| train/                  |              |
|    approx_kl            | 0.0041634766 |
|    clip_fraction        | 0.0318       |
|    clip_range           | 0.2          |
|    entropy_loss         | -1.85        |
|    explained_variance   | 0.999        |
|    learning_rate        | 0.000136     |
|    loss                 | 0.179        |
|    n_updates            | 2000         |
|    policy_gradient_loss | -0.0018      |
|    std                  | 0.612        |
|    value_loss           | 0.614        |
------------------------------------------
------------------------------------------
| time/                   |              |
|    fps                  | 5085         |
|    iterations           | 202          |
|    time_elapsed         | 325          |
|    total_timesteps      | 1654784      |
| train/                  |              |
|    approx_kl            | 0.0027221185 |
|    clip_fraction        | 0.023        |
|    clip_range           | 0.2          |
|    entropy_loss         | -1.85        |
|    explained_variance   | 0.999        |
|    learning_rate        | 0.000135     |
|    loss                 | 0.451        |
|    n_updates            | 2010         |
|    policy_gradient_loss | -0.00146     |
|    std                  | 0.611        |
|    value_loss           | 0.988        |
------------------------------------------
------------------------------------------
| time/                   |              |
|    fps                  | 5086         |
|    iterations           | 203          |
|    time_elapsed         | 326          |
|    total_timesteps      | 1662976      |
| train/                  |              |
|    approx_kl            | 0.0033124571 |
|    clip_fraction        | 0.0198       |
|    clip_range           | 0.2          |
|    entropy_loss         | -1.85        |
|    explained_variance   | 0.997        |
|    learning_rate        | 0.000135     |
|    loss                 | 0.881        |
|    n_updates            | 2020         |
|    policy_gradient_loss | -0.00159     |
|    std                  | 0.61         |
|    value_loss           | 2.71         |
------------------------------------------
-----------------------------------------
| time/                   |             |
|    fps                  | 5086        |
|    iterations           | 204         |
|    time_elapsed         | 328         |
|    total_timesteps      | 1671168     |
| train/                  |             |
|    approx_kl            | 0.012409067 |
|    clip_fraction        | 0.0784      |
|    clip_range           | 0.2         |
|    entropy_loss         | -1.84       |
|    explained_variance   | 0.978       |
|    learning_rate        | 0.000134    |
|    loss                 | 0.947       |
|    n_updates            | 2030        |
|    policy_gradient_loss | -0.00119    |
|    std                  | 0.607       |
|    value_loss           | 2.21        |
-----------------------------------------
-----------------------------------------
| time/                   |             |
|    fps                  | 5088        |
|    iterations           | 205         |
|    time_elapsed         | 330         |
|    total_timesteps      | 1679360     |
| train/                  |             |
|    approx_kl            | 0.007718866 |
|    clip_fraction        | 0.0716      |
|    clip_range           | 0.2         |
|    entropy_loss         | -1.84       |
|    explained_variance   | 0.991       |
|    learning_rate        | 0.000133    |
|    loss                 | 0.817       |
|    n_updates            | 2040        |
|    policy_gradient_loss | -0.00328    |
|    std                  | 0.609       |
|    value_loss           | 2.19        |
-----------------------------------------
------------------------------------------
| time/                   |              |
|    fps                  | 5090         |
|    iterations           | 206          |
|    time_elapsed         | 331          |
|    total_timesteps      | 1687552      |
| train/                  |              |
|    approx_kl            | 0.0052122036 |
|    clip_fraction        | 0.0514       |
|    clip_range           | 0.2          |
|    entropy_loss         | -1.84        |
|    explained_variance   | 0.995        |
|    learning_rate        | 0.000132     |
|    loss                 | 1.06         |
|    n_updates            | 2050         |
|    policy_gradient_loss | -0.00361     |
|    std                  | 0.606        |
|    value_loss           | 2.69         |
------------------------------------------
-----------------------------------------
| time/                   |             |
|    fps                  | 5090        |
|    iterations           | 207         |
|    time_elapsed         | 333         |
|    total_timesteps      | 1695744     |
| train/                  |             |
|    approx_kl            | 0.004161286 |
|    clip_fraction        | 0.0344      |
|    clip_range           | 0.2         |
|    entropy_loss         | -1.83       |
|    explained_variance   | 0.998       |
|    learning_rate        | 0.000131    |
|    loss                 | 1.57        |
|    n_updates            | 2060        |
|    policy_gradient_loss | -0.000968   |
|    std                  | 0.606       |
|    value_loss           | 3.08        |
-----------------------------------------
------------------------------------------
| time/                   |              |
|    fps                  | 5089         |
|    iterations           | 208          |
|    time_elapsed         | 334          |
|    total_timesteps      | 1703936      |
| train/                  |              |
|    approx_kl            | 0.0035796752 |
|    clip_fraction        | 0.0435       |
|    clip_range           | 0.2          |
|    entropy_loss         | -1.83        |
|    explained_variance   | 0.996        |
|    learning_rate        | 0.00013      |
|    loss                 | 0.882        |
|    n_updates            | 2070         |
|    policy_gradient_loss | -0.00353     |
|    std                  | 0.606        |
|    value_loss           | 2.49         |
------------------------------------------
-----------------------------------------
| time/                   |             |
|    fps                  | 5090        |
|    iterations           | 209         |
|    time_elapsed         | 336         |
|    total_timesteps      | 1712128     |
| train/                  |             |
|    approx_kl            | 0.005437162 |
|    clip_fraction        | 0.0546      |
|    clip_range           | 0.2         |
|    entropy_loss         | -1.83       |
|    explained_variance   | 0.995       |
|    learning_rate        | 0.00013     |
|    loss                 | 0.39        |
|    n_updates            | 2080        |
|    policy_gradient_loss | -0.00162    |
|    std                  | 0.605       |
|    value_loss           | 1.45        |
-----------------------------------------
-----------------------------------------
| time/                   |             |
|    fps                  | 5091        |
|    iterations           | 210         |
|    time_elapsed         | 337         |
|    total_timesteps      | 1720320     |
| train/                  |             |
|    approx_kl            | 0.004193761 |
|    clip_fraction        | 0.0256      |
|    clip_range           | 0.2         |
|    entropy_loss         | -1.83       |
|    explained_variance   | 0.995       |
|    learning_rate        | 0.000129    |
|    loss                 | 1.12        |
|    n_updates            | 2090        |
|    policy_gradient_loss | -0.00373    |
|    std                  | 0.605       |
|    value_loss           | 3.98        |
-----------------------------------------
-----------------------------------------
| time/                   |             |
|    fps                  | 5093        |
|    iterations           | 211         |
|    time_elapsed         | 339         |
|    total_timesteps      | 1728512     |
| train/                  |             |
|    approx_kl            | 0.002119265 |
|    clip_fraction        | 0.0123      |
|    clip_range           | 0.2         |
|    entropy_loss         | -1.83       |
|    explained_variance   | 0.994       |
|    learning_rate        | 0.000128    |
|    loss                 | 1.03        |
|    n_updates            | 2100        |
|    policy_gradient_loss | -0.00102    |
|    std                  | 0.605       |
|    value_loss           | 5.07        |
-----------------------------------------
------------------------------------------
| time/                   |              |
|    fps                  | 5094         |
|    iterations           | 212          |
|    time_elapsed         | 340          |
|    total_timesteps      | 1736704      |
| train/                  |              |
|    approx_kl            | 0.0032855556 |
|    clip_fraction        | 0.0181       |
|    clip_range           | 0.2          |
|    entropy_loss         | -1.83        |
|    explained_variance   | 0.998        |
|    learning_rate        | 0.000127     |
|    loss                 | 1.07         |
|    n_updates            | 2110         |
|    policy_gradient_loss | -0.00198     |
|    std                  | 0.605        |
|    value_loss           | 3.22         |
------------------------------------------
-----------------------------------------
| time/                   |             |
|    fps                  | 5095        |
|    iterations           | 213         |
|    time_elapsed         | 342         |
|    total_timesteps      | 1744896     |
| train/                  |             |
|    approx_kl            | 0.017542005 |
|    clip_fraction        | 0.153       |
|    clip_range           | 0.2         |
|    entropy_loss         | -1.82       |
|    explained_variance   | 0.986       |
|    learning_rate        | 0.000126    |
|    loss                 | 0.389       |
|    n_updates            | 2120        |
|    policy_gradient_loss | 0.00321     |
|    std                  | 0.601       |
|    value_loss           | 1.15        |
-----------------------------------------
------------------------------------------
| time/                   |              |
|    fps                  | 5093         |
|    iterations           | 214          |
|    time_elapsed         | 344          |
|    total_timesteps      | 1753088      |
| train/                  |              |
|    approx_kl            | 0.0061896387 |
|    clip_fraction        | 0.0472       |
|    clip_range           | 0.2          |
|    entropy_loss         | -1.81        |
|    explained_variance   | 0.993        |
|    learning_rate        | 0.000126     |
|    loss                 | 0.736        |
|    n_updates            | 2130         |
|    policy_gradient_loss | -0.00122     |
|    std                  | 0.598        |
|    value_loss           | 2.2          |
------------------------------------------
------------------------------------------
| time/                   |              |
|    fps                  | 5090         |
|    iterations           | 215          |
|    time_elapsed         | 345          |
|    total_timesteps      | 1761280      |
| train/                  |              |
|    approx_kl            | 0.0053847115 |
|    clip_fraction        | 0.024        |
|    clip_range           | 0.2          |
|    entropy_loss         | -1.81        |
|    explained_variance   | 0.997        |
|    learning_rate        | 0.000125     |
|    loss                 | 0.826        |
|    n_updates            | 2140         |
|    policy_gradient_loss | -0.00162     |
|    std                  | 0.597        |
|    value_loss           | 2.56         |
------------------------------------------
----------------------------------------
| time/                   |            |
|    fps                  | 5091       |
|    iterations           | 216        |
|    time_elapsed         | 347        |
|    total_timesteps      | 1769472    |
| train/                  |            |
|    approx_kl            | 0.00342288 |
|    clip_fraction        | 0.0402     |
|    clip_range           | 0.2        |
|    entropy_loss         | -1.8       |
|    explained_variance   | 0.993      |
|    learning_rate        | 0.000124   |
|    loss                 | 5.96       |
|    n_updates            | 2150       |
|    policy_gradient_loss | -0.00122   |
|    std                  | 0.594      |
|    value_loss           | 15.3       |
----------------------------------------
------------------------------------------
| time/                   |              |
|    fps                  | 5093         |
|    iterations           | 217          |
|    time_elapsed         | 349          |
|    total_timesteps      | 1777664      |
| train/                  |              |
|    approx_kl            | 0.0040178946 |
|    clip_fraction        | 0.0226       |
|    clip_range           | 0.2          |
|    entropy_loss         | -1.79        |
|    explained_variance   | 0.996        |
|    learning_rate        | 0.000123     |
|    loss                 | 1.23         |
|    n_updates            | 2160         |
|    policy_gradient_loss | -0.00291     |
|    std                  | 0.592        |
|    value_loss           | 3.18         |
------------------------------------------
-----------------------------------------
| time/                   |             |
|    fps                  | 5092        |
|    iterations           | 218         |
|    time_elapsed         | 350         |
|    total_timesteps      | 1785856     |
| train/                  |             |
|    approx_kl            | 0.006560293 |
|    clip_fraction        | 0.0446      |
|    clip_range           | 0.2         |
|    entropy_loss         | -1.79       |
|    explained_variance   | 0.993       |
|    learning_rate        | 0.000122    |
|    loss                 | 0.545       |
|    n_updates            | 2170        |
|    policy_gradient_loss | -0.00329    |
|    std                  | 0.591       |
|    value_loss           | 1.77        |
-----------------------------------------
------------------------------------------
| time/                   |              |
|    fps                  | 5092         |
|    iterations           | 219          |
|    time_elapsed         | 352          |
|    total_timesteps      | 1794048      |
| train/                  |              |
|    approx_kl            | 0.0036764925 |
|    clip_fraction        | 0.0286       |
|    clip_range           | 0.2          |
|    entropy_loss         | -1.78        |
|    explained_variance   | 0.996        |
|    learning_rate        | 0.000121     |
|    loss                 | 0.249        |
|    n_updates            | 2180         |
|    policy_gradient_loss | -0.0018      |
|    std                  | 0.591        |
|    value_loss           | 1.39         |
------------------------------------------
------------------------------------------
| time/                   |              |
|    fps                  | 5093         |
|    iterations           | 220          |
|    time_elapsed         | 353          |
|    total_timesteps      | 1802240      |
| train/                  |              |
|    approx_kl            | 0.0020467134 |
|    clip_fraction        | 0.0107       |
|    clip_range           | 0.2          |
|    entropy_loss         | -1.78        |
|    explained_variance   | 0.998        |
|    learning_rate        | 0.000121     |
|    loss                 | 0.549        |
|    n_updates            | 2190         |
|    policy_gradient_loss | -0.00121     |
|    std                  | 0.59         |
|    value_loss           | 1.47         |
------------------------------------------
------------------------------------------
| time/                   |              |
|    fps                  | 5094         |
|    iterations           | 221          |
|    time_elapsed         | 355          |
|    total_timesteps      | 1810432      |
| train/                  |              |
|    approx_kl            | 0.0033522262 |
|    clip_fraction        | 0.0206       |
|    clip_range           | 0.2          |
|    entropy_loss         | -1.78        |
|    explained_variance   | 0.999        |
|    learning_rate        | 0.00012      |
|    loss                 | 0.566        |
|    n_updates            | 2200         |
|    policy_gradient_loss | -0.00205     |
|    std                  | 0.59         |
|    value_loss           | 1.56         |
------------------------------------------
----------------------------------------
| time/                   |            |
|    fps                  | 5093       |
|    iterations           | 222        |
|    time_elapsed         | 357        |
|    total_timesteps      | 1818624    |
| train/                  |            |
|    approx_kl            | 0.00395118 |
|    clip_fraction        | 0.0272     |
|    clip_range           | 0.2        |
|    entropy_loss         | -1.78      |
|    explained_variance   | 0.992      |
|    learning_rate        | 0.000119   |
|    loss                 | 1.37       |
|    n_updates            | 2210       |
|    policy_gradient_loss | -0.00259   |
|    std                  | 0.59       |
|    value_loss           | 4.04       |
----------------------------------------
------------------------------------------
| time/                   |              |
|    fps                  | 5095         |
|    iterations           | 223          |
|    time_elapsed         | 358          |
|    total_timesteps      | 1826816      |
| train/                  |              |
|    approx_kl            | 0.0066674314 |
|    clip_fraction        | 0.0373       |
|    clip_range           | 0.2          |
|    entropy_loss         | -1.78        |
|    explained_variance   | 0.989        |
|    learning_rate        | 0.000118     |
|    loss                 | 0.648        |
|    n_updates            | 2220         |
|    policy_gradient_loss | -0.00139     |
|    std                  | 0.59         |
|    value_loss           | 2.15         |
------------------------------------------
-----------------------------------------
| time/                   |             |
|    fps                  | 5096        |
|    iterations           | 224         |
|    time_elapsed         | 360         |
|    total_timesteps      | 1835008     |
| train/                  |             |
|    approx_kl            | 0.009429944 |
|    clip_fraction        | 0.0724      |
|    clip_range           | 0.2         |
|    entropy_loss         | -1.78       |
|    explained_variance   | 0.994       |
|    learning_rate        | 0.000117    |
|    loss                 | 0.64        |
|    n_updates            | 2230        |
|    policy_gradient_loss | -0.00114    |
|    std                  | 0.59        |
|    value_loss           | 2.82        |
-----------------------------------------
----------------------------------------
| time/                   |            |
|    fps                  | 5097       |
|    iterations           | 225        |
|    time_elapsed         | 361        |
|    total_timesteps      | 1843200    |
| train/                  |            |
|    approx_kl            | 0.00551802 |
|    clip_fraction        | 0.0417     |
|    clip_range           | 0.2        |
|    entropy_loss         | -1.78      |
|    explained_variance   | 0.997      |
|    learning_rate        | 0.000116   |
|    loss                 | 0.828      |
|    n_updates            | 2240       |
|    policy_gradient_loss | -0.00227   |
|    std                  | 0.588      |
|    value_loss           | 2.46       |
----------------------------------------
------------------------------------------
| time/                   |              |
|    fps                  | 5098         |
|    iterations           | 226          |
|    time_elapsed         | 363          |
|    total_timesteps      | 1851392      |
| train/                  |              |
|    approx_kl            | 0.0035636318 |
|    clip_fraction        | 0.0268       |
|    clip_range           | 0.2          |
|    entropy_loss         | -1.77        |
|    explained_variance   | 0.995        |
|    learning_rate        | 0.000116     |
|    loss                 | 1.1          |
|    n_updates            | 2250         |
|    policy_gradient_loss | -0.00269     |
|    std                  | 0.587        |
|    value_loss           | 3.37         |
------------------------------------------
-----------------------------------------
| time/                   |             |
|    fps                  | 5099        |
|    iterations           | 227         |
|    time_elapsed         | 364         |
|    total_timesteps      | 1859584     |
| train/                  |             |
|    approx_kl            | 0.005024101 |
|    clip_fraction        | 0.0303      |
|    clip_range           | 0.2         |
|    entropy_loss         | -1.77       |
|    explained_variance   | 0.994       |
|    learning_rate        | 0.000115    |
|    loss                 | 0.436       |
|    n_updates            | 2260        |
|    policy_gradient_loss | -0.00126    |
|    std                  | 0.589       |
|    value_loss           | 1.52        |
-----------------------------------------
-----------------------------------------
| time/                   |             |
|    fps                  | 5100        |
|    iterations           | 228         |
|    time_elapsed         | 366         |
|    total_timesteps      | 1867776     |
| train/                  |             |
|    approx_kl            | 0.002792675 |
|    clip_fraction        | 0.0985      |
|    clip_range           | 0.2         |
|    entropy_loss         | -1.78       |
|    explained_variance   | 0.995       |
|    learning_rate        | 0.000114    |
|    loss                 | 1.13        |
|    n_updates            | 2270        |
|    policy_gradient_loss | 0.00811     |
|    std                  | 0.589       |
|    value_loss           | 3.24        |
-----------------------------------------
------------------------------------------
| time/                   |              |
|    fps                  | 5101         |
|    iterations           | 229          |
|    time_elapsed         | 367          |
|    total_timesteps      | 1875968      |
| train/                  |              |
|    approx_kl            | 0.0041322503 |
|    clip_fraction        | 0.0247       |
|    clip_range           | 0.2          |
|    entropy_loss         | -1.78        |
|    explained_variance   | 0.996        |
|    learning_rate        | 0.000113     |
|    loss                 | 0.622        |
|    n_updates            | 2280         |
|    policy_gradient_loss | -0.00315     |
|    std                  | 0.589        |
|    value_loss           | 2.63         |
------------------------------------------
------------------------------------------
| time/                   |              |
|    fps                  | 5102         |
|    iterations           | 230          |
|    time_elapsed         | 369          |
|    total_timesteps      | 1884160      |
| train/                  |              |
|    approx_kl            | 0.0033901117 |
|    clip_fraction        | 0.0194       |
|    clip_range           | 0.2          |
|    entropy_loss         | -1.77        |
|    explained_variance   | 0.999        |
|    learning_rate        | 0.000112     |
|    loss                 | 0.632        |
|    n_updates            | 2290         |
|    policy_gradient_loss | -0.00245     |
|    std                  | 0.587        |
|    value_loss           | 1.75         |
------------------------------------------
------------------------------------------
| time/                   |              |
|    fps                  | 5103         |
|    iterations           | 231          |
|    time_elapsed         | 370          |
|    total_timesteps      | 1892352      |
| train/                  |              |
|    approx_kl            | 0.0030156276 |
|    clip_fraction        | 0.0199       |
|    clip_range           | 0.2          |
|    entropy_loss         | -1.76        |
|    explained_variance   | 0.998        |
|    learning_rate        | 0.000112     |
|    loss                 | 1.02         |
|    n_updates            | 2300         |
|    policy_gradient_loss | -0.00144     |
|    std                  | 0.584        |
|    value_loss           | 2.52         |
------------------------------------------
-----------------------------------------
| time/                   |             |
|    fps                  | 5104        |
|    iterations           | 232         |
|    time_elapsed         | 372         |
|    total_timesteps      | 1900544     |
| train/                  |             |
|    approx_kl            | 0.006389062 |
|    clip_fraction        | 0.0713      |
|    clip_range           | 0.2         |
|    entropy_loss         | -1.76       |
|    explained_variance   | 0.982       |
|    learning_rate        | 0.000111    |
|    loss                 | 0.408       |
|    n_updates            | 2310        |
|    policy_gradient_loss | 0.000743    |
|    std                  | 0.583       |
|    value_loss           | 0.952       |
-----------------------------------------
------------------------------------------
| time/                   |              |
|    fps                  | 5105         |
|    iterations           | 233          |
|    time_elapsed         | 373          |
|    total_timesteps      | 1908736      |
| train/                  |              |
|    approx_kl            | 0.0031474645 |
|    clip_fraction        | 0.0505       |
|    clip_range           | 0.2          |
|    entropy_loss         | -1.76        |
|    explained_variance   | 0.996        |
|    learning_rate        | 0.00011      |
|    loss                 | 0.576        |
|    n_updates            | 2320         |
|    policy_gradient_loss | -0.000699    |
|    std                  | 0.582        |
|    value_loss           | 1.39         |
------------------------------------------
------------------------------------------
| time/                   |              |
|    fps                  | 5106         |
|    iterations           | 234          |
|    time_elapsed         | 375          |
|    total_timesteps      | 1916928      |
| train/                  |              |
|    approx_kl            | 0.0022518388 |
|    clip_fraction        | 0.0327       |
|    clip_range           | 0.2          |
|    entropy_loss         | -1.75        |
|    explained_variance   | 0.995        |
|    learning_rate        | 0.000109     |
|    loss                 | 2.07         |
|    n_updates            | 2330         |
|    policy_gradient_loss | -0.0018      |
|    std                  | 0.581        |
|    value_loss           | 4.85         |
------------------------------------------
------------------------------------------
| time/                   |              |
|    fps                  | 5108         |
|    iterations           | 235          |
|    time_elapsed         | 376          |
|    total_timesteps      | 1925120      |
| train/                  |              |
|    approx_kl            | 0.0039484445 |
|    clip_fraction        | 0.0183       |
|    clip_range           | 0.2          |
|    entropy_loss         | -1.75        |
|    explained_variance   | 0.998        |
|    learning_rate        | 0.000108     |
|    loss                 | 1.18         |
|    n_updates            | 2340         |
|    policy_gradient_loss | -0.00153     |
|    std                  | 0.581        |
|    value_loss           | 3.29         |
------------------------------------------
-----------------------------------------
| time/                   |             |
|    fps                  | 5108        |
|    iterations           | 236         |
|    time_elapsed         | 378         |
|    total_timesteps      | 1933312     |
| train/                  |             |
|    approx_kl            | 0.004519984 |
|    clip_fraction        | 0.0271      |
|    clip_range           | 0.2         |
|    entropy_loss         | -1.75       |
|    explained_variance   | 0.998       |
|    learning_rate        | 0.000107    |
|    loss                 | 0.783       |
|    n_updates            | 2350        |
|    policy_gradient_loss | -0.00191    |
|    std                  | 0.58        |
|    value_loss           | 2.36        |
-----------------------------------------
-----------------------------------------
| time/                   |             |
|    fps                  | 5108        |
|    iterations           | 237         |
|    time_elapsed         | 380         |
|    total_timesteps      | 1941504     |
| train/                  |             |
|    approx_kl            | 0.008828538 |
|    clip_fraction        | 0.0607      |
|    clip_range           | 0.2         |
|    entropy_loss         | -1.74       |
|    explained_variance   | 0.99        |
|    learning_rate        | 0.000107    |
|    loss                 | 0.429       |
|    n_updates            | 2360        |
|    policy_gradient_loss | -0.00156    |
|    std                  | 0.579       |
|    value_loss           | 1.35        |
-----------------------------------------
------------------------------------------
| time/                   |              |
|    fps                  | 5108         |
|    iterations           | 238          |
|    time_elapsed         | 381          |
|    total_timesteps      | 1949696      |
| train/                  |              |
|    approx_kl            | 0.0051105637 |
|    clip_fraction        | 0.0569       |
|    clip_range           | 0.2          |
|    entropy_loss         | -1.74        |
|    explained_variance   | 0.995        |
|    learning_rate        | 0.000106     |
|    loss                 | 0.513        |
|    n_updates            | 2370         |
|    policy_gradient_loss | -0.00175     |
|    std                  | 0.578        |
|    value_loss           | 1.82         |
------------------------------------------
-----------------------------------------
| time/                   |             |
|    fps                  | 5109        |
|    iterations           | 239         |
|    time_elapsed         | 383         |
|    total_timesteps      | 1957888     |
| train/                  |             |
|    approx_kl            | 0.003946624 |
|    clip_fraction        | 0.0152      |
|    clip_range           | 0.2         |
|    entropy_loss         | -1.74       |
|    explained_variance   | 0.997       |
|    learning_rate        | 0.000105    |
|    loss                 | 0.364       |
|    n_updates            | 2380        |
|    policy_gradient_loss | -0.00135    |
|    std                  | 0.578       |
|    value_loss           | 1.4         |
-----------------------------------------
------------------------------------------
| time/                   |              |
|    fps                  | 5110         |
|    iterations           | 240          |
|    time_elapsed         | 384          |
|    total_timesteps      | 1966080      |
| train/                  |              |
|    approx_kl            | 0.0034879409 |
|    clip_fraction        | 0.0244       |
|    clip_range           | 0.2          |
|    entropy_loss         | -1.74        |
|    explained_variance   | 0.999        |
|    learning_rate        | 0.000104     |
|    loss                 | 0.405        |
|    n_updates            | 2390         |
|    policy_gradient_loss | -0.00255     |
|    std                  | 0.577        |
|    value_loss           | 1.27         |
------------------------------------------
----------------------------------------
| time/                   |            |
|    fps                  | 5108       |
|    iterations           | 241        |
|    time_elapsed         | 386        |
|    total_timesteps      | 1974272    |
| train/                  |            |
|    approx_kl            | 0.00356169 |
|    clip_fraction        | 0.0277     |
|    clip_range           | 0.2        |
|    entropy_loss         | -1.73      |
|    explained_variance   | 0.996      |
|    learning_rate        | 0.000103   |
|    loss                 | 0.461      |
|    n_updates            | 2400       |
|    policy_gradient_loss | -0.0038    |
|    std                  | 0.575      |
|    value_loss           | 1.02       |
----------------------------------------
------------------------------------------
| time/                   |              |
|    fps                  | 5107         |
|    iterations           | 242          |
|    time_elapsed         | 388          |
|    total_timesteps      | 1982464      |
| train/                  |              |
|    approx_kl            | 0.0038740898 |
|    clip_fraction        | 0.0462       |
|    clip_range           | 0.2          |
|    entropy_loss         | -1.73        |
|    explained_variance   | 0.991        |
|    learning_rate        | 0.000103     |
|    loss                 | 0.33         |
|    n_updates            | 2410         |
|    policy_gradient_loss | -0.000491    |
|    std                  | 0.574        |
|    value_loss           | 0.847        |
------------------------------------------
------------------------------------------
| time/                   |              |
|    fps                  | 5106         |
|    iterations           | 243          |
|    time_elapsed         | 389          |
|    total_timesteps      | 1990656      |
| train/                  |              |
|    approx_kl            | 0.0045554517 |
|    clip_fraction        | 0.0453       |
|    clip_range           | 0.2          |
|    entropy_loss         | -1.72        |
|    explained_variance   | 0.996        |
|    learning_rate        | 0.000102     |
|    loss                 | 0.44         |
|    n_updates            | 2420         |
|    policy_gradient_loss | -0.00228     |
|    std                  | 0.571        |
|    value_loss           | 1.13         |
------------------------------------------
-----------------------------------------
| time/                   |             |
|    fps                  | 5104        |
|    iterations           | 244         |
|    time_elapsed         | 391         |
|    total_timesteps      | 1998848     |
| train/                  |             |
|    approx_kl            | 0.005101763 |
|    clip_fraction        | 0.0298      |
|    clip_range           | 0.2         |
|    entropy_loss         | -1.71       |
|    explained_variance   | 0.997       |
|    learning_rate        | 0.000101    |
|    loss                 | 0.846       |
|    n_updates            | 2430        |
|    policy_gradient_loss | -0.00191    |
|    std                  | 0.57        |
|    value_loss           | 1.64        |
-----------------------------------------
------------------------------------------
| time/                   |              |
|    fps                  | 5105         |
|    iterations           | 245          |
|    time_elapsed         | 393          |
|    total_timesteps      | 2007040      |
| train/                  |              |
|    approx_kl            | 0.0038889104 |
|    clip_fraction        | 0.0248       |
|    clip_range           | 0.2          |
|    entropy_loss         | -1.71        |
|    explained_variance   | 0.996        |
|    learning_rate        | 0.0001       |
|    loss                 | 1            |
|    n_updates            | 2440         |
|    policy_gradient_loss | -0.000738    |
|    std                  | 0.568        |
|    value_loss           | 2.41         |
------------------------------------------
------------------------------------------
| time/                   |              |
|    fps                  | 5106         |
|    iterations           | 246          |
|    time_elapsed         | 394          |
|    total_timesteps      | 2015232      |
| train/                  |              |
|    approx_kl            | 0.0044308295 |
|    clip_fraction        | 0.0402       |
|    clip_range           | 0.2          |
|    entropy_loss         | -1.7         |
|    explained_variance   | 0.986        |
|    learning_rate        | 9.93e-05     |
|    loss                 | 0.15         |
|    n_updates            | 2450         |
|    policy_gradient_loss | -0.00115     |
|    std                  | 0.569        |
|    value_loss           | 0.574        |
------------------------------------------
-----------------------------------------
| time/                   |             |
|    fps                  | 5106        |
|    iterations           | 247         |
|    time_elapsed         | 396         |
|    total_timesteps      | 2023424     |
| train/                  |             |
|    approx_kl            | 0.004502086 |
|    clip_fraction        | 0.044       |
|    clip_range           | 0.2         |
|    entropy_loss         | -1.7        |
|    explained_variance   | 0.997       |
|    learning_rate        | 9.85e-05    |
|    loss                 | 0.0996      |
|    n_updates            | 2460        |
|    policy_gradient_loss | -0.0011     |
|    std                  | 0.568       |
|    value_loss           | 0.428       |
-----------------------------------------
-----------------------------------------
| time/                   |             |
|    fps                  | 5107        |
|    iterations           | 248         |
|    time_elapsed         | 397         |
|    total_timesteps      | 2031616     |
| train/                  |             |
|    approx_kl            | 0.004197495 |
|    clip_fraction        | 0.0378      |
|    clip_range           | 0.2         |
|    entropy_loss         | -1.7        |
|    explained_variance   | 0.999       |
|    learning_rate        | 9.77e-05    |
|    loss                 | 0.45        |
|    n_updates            | 2470        |
|    policy_gradient_loss | -0.0016     |
|    std                  | 0.567       |
|    value_loss           | 0.771       |
-----------------------------------------
------------------------------------------
| time/                   |              |
|    fps                  | 5108         |
|    iterations           | 249          |
|    time_elapsed         | 399          |
|    total_timesteps      | 2039808      |
| train/                  |              |
|    approx_kl            | 0.0012689038 |
|    clip_fraction        | 0.00953      |
|    clip_range           | 0.2          |
|    entropy_loss         | -1.7         |
|    explained_variance   | 0.999        |
|    learning_rate        | 9.68e-05     |
|    loss                 | 0.758        |
|    n_updates            | 2480         |
|    policy_gradient_loss | -0.00132     |
|    std                  | 0.565        |
|    value_loss           | 1.51         |
------------------------------------------
------------------------------------------
| time/                   |              |
|    fps                  | 5109         |
|    iterations           | 250          |
|    time_elapsed         | 400          |
|    total_timesteps      | 2048000      |
| train/                  |              |
|    approx_kl            | 0.0053406963 |
|    clip_fraction        | 0.0387       |
|    clip_range           | 0.2          |
|    entropy_loss         | -1.69        |
|    explained_variance   | 0.994        |
|    learning_rate        | 9.6e-05      |
|    loss                 | 0.746        |
|    n_updates            | 2490         |
|    policy_gradient_loss | -0.00263     |
|    std                  | 0.565        |
|    value_loss           | 2.06         |
------------------------------------------
-----------------------------------------
| time/                   |             |
|    fps                  | 5110        |
|    iterations           | 251         |
|    time_elapsed         | 402         |
|    total_timesteps      | 2056192     |
| train/                  |             |
|    approx_kl            | 0.008717796 |
|    clip_fraction        | 0.0499      |
|    clip_range           | 0.2         |
|    entropy_loss         | -1.7        |
|    explained_variance   | 0.997       |
|    learning_rate        | 9.52e-05    |
|    loss                 | 0.187       |
|    n_updates            | 2500        |
|    policy_gradient_loss | -0.00272    |
|    std                  | 0.566       |
|    value_loss           | 0.689       |
-----------------------------------------
------------------------------------------
| time/                   |              |
|    fps                  | 5110         |
|    iterations           | 252          |
|    time_elapsed         | 403          |
|    total_timesteps      | 2064384      |
| train/                  |              |
|    approx_kl            | 0.0030902256 |
|    clip_fraction        | 0.0292       |
|    clip_range           | 0.2          |
|    entropy_loss         | -1.69        |
|    explained_variance   | 0.998        |
|    learning_rate        | 9.44e-05     |
|    loss                 | 0.349        |
|    n_updates            | 2510         |
|    policy_gradient_loss | 0.000203     |
|    std                  | 0.565        |
|    value_loss           | 1.49         |
------------------------------------------
-----------------------------------------
| time/                   |             |
|    fps                  | 5110        |
|    iterations           | 253         |
|    time_elapsed         | 405         |
|    total_timesteps      | 2072576     |
| train/                  |             |
|    approx_kl            | 0.003444951 |
|    clip_fraction        | 0.0165      |
|    clip_range           | 0.2         |
|    entropy_loss         | -1.69       |
|    explained_variance   | 0.998       |
|    learning_rate        | 9.36e-05    |
|    loss                 | 0.473       |
|    n_updates            | 2520        |
|    policy_gradient_loss | -0.00286    |
|    std                  | 0.564       |
|    value_loss           | 2.15        |
-----------------------------------------
-----------------------------------------
| time/                   |             |
|    fps                  | 5110        |
|    iterations           | 254         |
|    time_elapsed         | 407         |
|    total_timesteps      | 2080768     |
| train/                  |             |
|    approx_kl            | 0.003738778 |
|    clip_fraction        | 0.0169      |
|    clip_range           | 0.2         |
|    entropy_loss         | -1.69       |
|    explained_variance   | 0.998       |
|    learning_rate        | 9.27e-05    |
|    loss                 | 1.58        |
|    n_updates            | 2530        |
|    policy_gradient_loss | -0.00207    |
|    std                  | 0.564       |
|    value_loss           | 3.82        |
-----------------------------------------
-----------------------------------------
| time/                   |             |
|    fps                  | 5110        |
|    iterations           | 255         |
|    time_elapsed         | 408         |
|    total_timesteps      | 2088960     |
| train/                  |             |
|    approx_kl            | 0.004421411 |
|    clip_fraction        | 0.0313      |
|    clip_range           | 0.2         |
|    entropy_loss         | -1.69       |
|    explained_variance   | 0.998       |
|    learning_rate        | 9.19e-05    |
|    loss                 | 0.678       |
|    n_updates            | 2540        |
|    policy_gradient_loss | -0.00331    |
|    std                  | 0.561       |
|    value_loss           | 1.51        |
-----------------------------------------
-----------------------------------------
| time/                   |             |
|    fps                  | 5112        |
|    iterations           | 256         |
|    time_elapsed         | 410         |
|    total_timesteps      | 2097152     |
| train/                  |             |
|    approx_kl            | 0.004016312 |
|    clip_fraction        | 0.0482      |
|    clip_range           | 0.2         |
|    entropy_loss         | -1.68       |
|    explained_variance   | 0.995       |
|    learning_rate        | 9.11e-05    |
|    loss                 | 0.456       |
|    n_updates            | 2550        |
|    policy_gradient_loss | -0.00304    |
|    std                  | 0.559       |
|    value_loss           | 1.66        |
-----------------------------------------
-----------------------------------------
| time/                   |             |
|    fps                  | 5113        |
|    iterations           | 257         |
|    time_elapsed         | 411         |
|    total_timesteps      | 2105344     |
| train/                  |             |
|    approx_kl            | 0.003927044 |
|    clip_fraction        | 0.0322      |
|    clip_range           | 0.2         |
|    entropy_loss         | -1.67       |
|    explained_variance   | 0.996       |
|    learning_rate        | 9.03e-05    |
|    loss                 | 0.556       |
|    n_updates            | 2560        |
|    policy_gradient_loss | -0.00358    |
|    std                  | 0.558       |
|    value_loss           | 1.93        |
-----------------------------------------
------------------------------------------
| time/                   |              |
|    fps                  | 5114         |
|    iterations           | 258          |
|    time_elapsed         | 413          |
|    total_timesteps      | 2113536      |
| train/                  |              |
|    approx_kl            | 0.0035769031 |
|    clip_fraction        | 0.0167       |
|    clip_range           | 0.2          |
|    entropy_loss         | -1.67        |
|    explained_variance   | 0.997        |
|    learning_rate        | 8.95e-05     |
|    loss                 | 0.916        |
|    n_updates            | 2570         |
|    policy_gradient_loss | -0.00233     |
|    std                  | 0.557        |
|    value_loss           | 3.28         |
------------------------------------------
------------------------------------------
| time/                   |              |
|    fps                  | 5113         |
|    iterations           | 259          |
|    time_elapsed         | 414          |
|    total_timesteps      | 2121728      |
| train/                  |              |
|    approx_kl            | 0.0046971347 |
|    clip_fraction        | 0.0274       |
|    clip_range           | 0.2          |
|    entropy_loss         | -1.66        |
|    explained_variance   | 0.999        |
|    learning_rate        | 8.86e-05     |
|    loss                 | 0.83         |
|    n_updates            | 2580         |
|    policy_gradient_loss | -0.00326     |
|    std                  | 0.557        |
|    value_loss           | 2.62         |
------------------------------------------
-----------------------------------------
| time/                   |             |
|    fps                  | 5113        |
|    iterations           | 260         |
|    time_elapsed         | 416         |
|    total_timesteps      | 2129920     |
| train/                  |             |
|    approx_kl            | 0.005726685 |
|    clip_fraction        | 0.0545      |
|    clip_range           | 0.2         |
|    entropy_loss         | -1.66       |
|    explained_variance   | 0.998       |
|    learning_rate        | 8.78e-05    |
|    loss                 | 0.235       |
|    n_updates            | 2590        |
|    policy_gradient_loss | -0.00233    |
|    std                  | 0.555       |
|    value_loss           | 0.639       |
-----------------------------------------
------------------------------------------
| time/                   |              |
|    fps                  | 5114         |
|    iterations           | 261          |
|    time_elapsed         | 418          |
|    total_timesteps      | 2138112      |
| train/                  |              |
|    approx_kl            | 0.0046219863 |
|    clip_fraction        | 0.0411       |
|    clip_range           | 0.2          |
|    entropy_loss         | -1.66        |
|    explained_variance   | 0.999        |
|    learning_rate        | 8.7e-05      |
|    loss                 | 0.249        |
|    n_updates            | 2600         |
|    policy_gradient_loss | -0.0029      |
|    std                  | 0.555        |
|    value_loss           | 0.837        |
------------------------------------------
------------------------------------------
| time/                   |              |
|    fps                  | 5115         |
|    iterations           | 262          |
|    time_elapsed         | 419          |
|    total_timesteps      | 2146304      |
| train/                  |              |
|    approx_kl            | 0.0019599863 |
|    clip_fraction        | 0.0162       |
|    clip_range           | 0.2          |
|    entropy_loss         | -1.66        |
|    explained_variance   | 0.999        |
|    learning_rate        | 8.62e-05     |
|    loss                 | 0.423        |
|    n_updates            | 2610         |
|    policy_gradient_loss | -0.00164     |
|    std                  | 0.555        |
|    value_loss           | 1.64         |
------------------------------------------
------------------------------------------
| time/                   |              |
|    fps                  | 5116         |
|    iterations           | 263          |
|    time_elapsed         | 421          |
|    total_timesteps      | 2154496      |
| train/                  |              |
|    approx_kl            | 0.0044396548 |
|    clip_fraction        | 0.0191       |
|    clip_range           | 0.2          |
|    entropy_loss         | -1.65        |
|    explained_variance   | 0.998        |
|    learning_rate        | 8.54e-05     |
|    loss                 | 0.649        |
|    n_updates            | 2620         |
|    policy_gradient_loss | -0.00184     |
|    std                  | 0.554        |
|    value_loss           | 2.17         |
------------------------------------------
------------------------------------------
| time/                   |              |
|    fps                  | 5116         |
|    iterations           | 264          |
|    time_elapsed         | 422          |
|    total_timesteps      | 2162688      |
| train/                  |              |
|    approx_kl            | 0.0061788196 |
|    clip_fraction        | 0.0371       |
|    clip_range           | 0.2          |
|    entropy_loss         | -1.65        |
|    explained_variance   | 0.999        |
|    learning_rate        | 8.46e-05     |
|    loss                 | 1.09         |
|    n_updates            | 2630         |
|    policy_gradient_loss | -0.00256     |
|    std                  | 0.553        |
|    value_loss           | 2.89         |
------------------------------------------
------------------------------------------
| time/                   |              |
|    fps                  | 5116         |
|    iterations           | 265          |
|    time_elapsed         | 424          |
|    total_timesteps      | 2170880      |
| train/                  |              |
|    approx_kl            | 0.0043473355 |
|    clip_fraction        | 0.0376       |
|    clip_range           | 0.2          |
|    entropy_loss         | -1.64        |
|    explained_variance   | 0.986        |
|    learning_rate        | 8.37e-05     |
|    loss                 | 0.364        |
|    n_updates            | 2640         |
|    policy_gradient_loss | -0.00185     |
|    std                  | 0.549        |
|    value_loss           | 1.15         |
------------------------------------------
------------------------------------------
| time/                   |              |
|    fps                  | 5117         |
|    iterations           | 266          |
|    time_elapsed         | 425          |
|    total_timesteps      | 2179072      |
| train/                  |              |
|    approx_kl            | 0.0047515584 |
|    clip_fraction        | 0.0428       |
|    clip_range           | 0.2          |
|    entropy_loss         | -1.63        |
|    explained_variance   | 0.995        |
|    learning_rate        | 8.29e-05     |
|    loss                 | 0.546        |
|    n_updates            | 2650         |
|    policy_gradient_loss | -0.00231     |
|    std                  | 0.547        |
|    value_loss           | 1.7          |
------------------------------------------
-----------------------------------------
| time/                   |             |
|    fps                  | 5117        |
|    iterations           | 267         |
|    time_elapsed         | 427         |
|    total_timesteps      | 2187264     |
| train/                  |             |
|    approx_kl            | 0.003664037 |
|    clip_fraction        | 0.0182      |
|    clip_range           | 0.2         |
|    entropy_loss         | -1.63       |
|    explained_variance   | 0.996       |
|    learning_rate        | 8.21e-05    |
|    loss                 | 1.39        |
|    n_updates            | 2660        |
|    policy_gradient_loss | -0.00179    |
|    std                  | 0.547       |
|    value_loss           | 3.81        |
-----------------------------------------
------------------------------------------
| time/                   |              |
|    fps                  | 5117         |
|    iterations           | 268          |
|    time_elapsed         | 429          |
|    total_timesteps      | 2195456      |
| train/                  |              |
|    approx_kl            | 0.0033573546 |
|    clip_fraction        | 0.0217       |
|    clip_range           | 0.2          |
|    entropy_loss         | -1.63        |
|    explained_variance   | 0.998        |
|    learning_rate        | 8.13e-05     |
|    loss                 | 0.914        |
|    n_updates            | 2670         |
|    policy_gradient_loss | -0.00228     |
|    std                  | 0.547        |
|    value_loss           | 2.75         |
------------------------------------------
-----------------------------------------
| time/                   |             |
|    fps                  | 5118        |
|    iterations           | 269         |
|    time_elapsed         | 430         |
|    total_timesteps      | 2203648     |
| train/                  |             |
|    approx_kl            | 0.004093736 |
|    clip_fraction        | 0.0172      |
|    clip_range           | 0.2         |
|    entropy_loss         | -1.63       |
|    explained_variance   | 0.997       |
|    learning_rate        | 8.05e-05    |
|    loss                 | 0.632       |
|    n_updates            | 2680        |
|    policy_gradient_loss | -0.00254    |
|    std                  | 0.546       |
|    value_loss           | 1.79        |
-----------------------------------------
------------------------------------------
| time/                   |              |
|    fps                  | 5118         |
|    iterations           | 270          |
|    time_elapsed         | 432          |
|    total_timesteps      | 2211840      |
| train/                  |              |
|    approx_kl            | 0.0039055035 |
|    clip_fraction        | 0.0302       |
|    clip_range           | 0.2          |
|    entropy_loss         | -1.63        |
|    explained_variance   | 0.997        |
|    learning_rate        | 7.96e-05     |
|    loss                 | 0.358        |
|    n_updates            | 2690         |
|    policy_gradient_loss | -0.0024      |
|    std                  | 0.547        |
|    value_loss           | 0.986        |
------------------------------------------
------------------------------------------
| time/                   |              |
|    fps                  | 5119         |
|    iterations           | 271          |
|    time_elapsed         | 433          |
|    total_timesteps      | 2220032      |
| train/                  |              |
|    approx_kl            | 0.0047312723 |
|    clip_fraction        | 0.0356       |
|    clip_range           | 0.2          |
|    entropy_loss         | -1.63        |
|    explained_variance   | 0.998        |
|    learning_rate        | 7.88e-05     |
|    loss                 | 0.478        |
|    n_updates            | 2700         |
|    policy_gradient_loss | -0.00261     |
|    std                  | 0.546        |
|    value_loss           | 1.34         |
------------------------------------------
-----------------------------------------
| time/                   |             |
|    fps                  | 5119        |
|    iterations           | 272         |
|    time_elapsed         | 435         |
|    total_timesteps      | 2228224     |
| train/                  |             |
|    approx_kl            | 0.004233148 |
|    clip_fraction        | 0.0288      |
|    clip_range           | 0.2         |
|    entropy_loss         | -1.62       |
|    explained_variance   | 0.999       |
|    learning_rate        | 7.8e-05     |
|    loss                 | 0.829       |
|    n_updates            | 2710        |
|    policy_gradient_loss | -0.0033     |
|    std                  | 0.545       |
|    value_loss           | 1.81        |
-----------------------------------------
------------------------------------------
| time/                   |              |
|    fps                  | 5120         |
|    iterations           | 273          |
|    time_elapsed         | 436          |
|    total_timesteps      | 2236416      |
| train/                  |              |
|    approx_kl            | 0.0034703712 |
|    clip_fraction        | 0.0107       |
|    clip_range           | 0.2          |
|    entropy_loss         | -1.62        |
|    explained_variance   | 0.998        |
|    learning_rate        | 7.72e-05     |
|    loss                 | 1.21         |
|    n_updates            | 2720         |
|    policy_gradient_loss | -0.00138     |
|    std                  | 0.545        |
|    value_loss           | 3.19         |
------------------------------------------
-----------------------------------------
| time/                   |             |
|    fps                  | 5120        |
|    iterations           | 274         |
|    time_elapsed         | 438         |
|    total_timesteps      | 2244608     |
| train/                  |             |
|    approx_kl            | 0.007745869 |
|    clip_fraction        | 0.0753      |
|    clip_range           | 0.2         |
|    entropy_loss         | -1.62       |
|    explained_variance   | 0.984       |
|    learning_rate        | 7.64e-05    |
|    loss                 | 0.356       |
|    n_updates            | 2730        |
|    policy_gradient_loss | -0.000951   |
|    std                  | 0.544       |
|    value_loss           | 1.09        |
-----------------------------------------
----------------------------------------
| time/                   |            |
|    fps                  | 5120       |
|    iterations           | 275        |
|    time_elapsed         | 439        |
|    total_timesteps      | 2252800    |
| train/                  |            |
|    approx_kl            | 0.00657172 |
|    clip_fraction        | 0.0437     |
|    clip_range           | 0.2        |
|    entropy_loss         | -1.61      |
|    explained_variance   | 0.996      |
|    learning_rate        | 7.55e-05   |
|    loss                 | 0.216      |
|    n_updates            | 2740       |
|    policy_gradient_loss | -0.00297   |
|    std                  | 0.541      |
|    value_loss           | 0.647      |
----------------------------------------
-----------------------------------------
| time/                   |             |
|    fps                  | 5120        |
|    iterations           | 276         |
|    time_elapsed         | 441         |
|    total_timesteps      | 2260992     |
| train/                  |             |
|    approx_kl            | 0.004603992 |
|    clip_fraction        | 0.0385      |
|    clip_range           | 0.2         |
|    entropy_loss         | -1.6        |
|    explained_variance   | 0.999       |
|    learning_rate        | 7.47e-05    |
|    loss                 | 0.419       |
|    n_updates            | 2750        |
|    policy_gradient_loss | -0.00237    |
|    std                  | 0.54        |
|    value_loss           | 1.07        |
-----------------------------------------
------------------------------------------
| time/                   |              |
|    fps                  | 5121         |
|    iterations           | 277          |
|    time_elapsed         | 443          |
|    total_timesteps      | 2269184      |
| train/                  |              |
|    approx_kl            | 0.0045184093 |
|    clip_fraction        | 0.0208       |
|    clip_range           | 0.2          |
|    entropy_loss         | -1.6         |
|    explained_variance   | 0.999        |
|    learning_rate        | 7.39e-05     |
|    loss                 | 0.529        |
|    n_updates            | 2760         |
|    policy_gradient_loss | -0.0017      |
|    std                  | 0.54         |
|    value_loss           | 1.36         |
------------------------------------------
------------------------------------------
| time/                   |              |
|    fps                  | 5121         |
|    iterations           | 278          |
|    time_elapsed         | 444          |
|    total_timesteps      | 2277376      |
| train/                  |              |
|    approx_kl            | 0.0053004916 |
|    clip_fraction        | 0.0337       |
|    clip_range           | 0.2          |
|    entropy_loss         | -1.6         |
|    explained_variance   | 0.999        |
|    learning_rate        | 7.31e-05     |
|    loss                 | 1.7          |
|    n_updates            | 2770         |
|    policy_gradient_loss | -0.00297     |
|    std                  | 0.54         |
|    value_loss           | 2.49         |
------------------------------------------
-----------------------------------------
| time/                   |             |
|    fps                  | 5121        |
|    iterations           | 279         |
|    time_elapsed         | 446         |
|    total_timesteps      | 2285568     |
| train/                  |             |
|    approx_kl            | 0.005391904 |
|    clip_fraction        | 0.0664      |
|    clip_range           | 0.2         |
|    entropy_loss         | -1.59       |
|    explained_variance   | 0.972       |
|    learning_rate        | 7.23e-05    |
|    loss                 | 0.198       |
|    n_updates            | 2780        |
|    policy_gradient_loss | -0.00105    |
|    std                  | 0.534       |
|    value_loss           | 0.539       |
-----------------------------------------
------------------------------------------
| time/                   |              |
|    fps                  | 5123         |
|    iterations           | 280          |
|    time_elapsed         | 447          |
|    total_timesteps      | 2293760      |
| train/                  |              |
|    approx_kl            | 0.0041417857 |
|    clip_fraction        | 0.037        |
|    clip_range           | 0.2          |
|    entropy_loss         | -1.58        |
|    explained_variance   | 0.991        |
|    learning_rate        | 7.14e-05     |
|    loss                 | 0.335        |
|    n_updates            | 2790         |
|    policy_gradient_loss | -0.00225     |
|    std                  | 0.532        |
|    value_loss           | 0.944        |
------------------------------------------
------------------------------------------
| time/                   |              |
|    fps                  | 5124         |
|    iterations           | 281          |
|    time_elapsed         | 449          |
|    total_timesteps      | 2301952      |
| train/                  |              |
|    approx_kl            | 0.0034314143 |
|    clip_fraction        | 0.0253       |
|    clip_range           | 0.2          |
|    entropy_loss         | -1.57        |
|    explained_variance   | 0.997        |
|    learning_rate        | 7.06e-05     |
|    loss                 | 0.49         |
|    n_updates            | 2800         |
|    policy_gradient_loss | -0.00201     |
|    std                  | 0.532        |
|    value_loss           | 1.32         |
------------------------------------------
------------------------------------------
| time/                   |              |
|    fps                  | 5122         |
|    iterations           | 282          |
|    time_elapsed         | 451          |
|    total_timesteps      | 2310144      |
| train/                  |              |
|    approx_kl            | 0.0020954513 |
|    clip_fraction        | 0.00748      |
|    clip_range           | 0.2          |
|    entropy_loss         | -1.57        |
|    explained_variance   | 0.998        |
|    learning_rate        | 6.98e-05     |
|    loss                 | 0.648        |
|    n_updates            | 2810         |
|    policy_gradient_loss | -0.00168     |
|    std                  | 0.532        |
|    value_loss           | 2.77         |
------------------------------------------
------------------------------------------
| time/                   |              |
|    fps                  | 5117         |
|    iterations           | 283          |
|    time_elapsed         | 452          |
|    total_timesteps      | 2318336      |
| train/                  |              |
|    approx_kl            | 0.0035970742 |
|    clip_fraction        | 0.0208       |
|    clip_range           | 0.2          |
|    entropy_loss         | -1.57        |
|    explained_variance   | 0.998        |
|    learning_rate        | 6.9e-05      |
|    loss                 | 0.996        |
|    n_updates            | 2820         |
|    policy_gradient_loss | -0.00186     |
|    std                  | 0.531        |
|    value_loss           | 2.12         |
------------------------------------------
-----------------------------------------
| time/                   |             |
|    fps                  | 5118        |
|    iterations           | 284         |
|    time_elapsed         | 454         |
|    total_timesteps      | 2326528     |
| train/                  |             |
|    approx_kl            | 0.006889016 |
|    clip_fraction        | 0.049       |
|    clip_range           | 0.2         |
|    entropy_loss         | -1.57       |
|    explained_variance   | 0.971       |
|    learning_rate        | 6.82e-05    |
|    loss                 | 0.462       |
|    n_updates            | 2830        |
|    policy_gradient_loss | -0.00384    |
|    std                  | 0.531       |
|    value_loss           | 1.39        |
-----------------------------------------
------------------------------------------
| time/                   |              |
|    fps                  | 5115         |
|    iterations           | 285          |
|    time_elapsed         | 456          |
|    total_timesteps      | 2334720      |
| train/                  |              |
|    approx_kl            | 0.0034695133 |
|    clip_fraction        | 0.0421       |
|    clip_range           | 0.2          |
|    entropy_loss         | -1.57        |
|    explained_variance   | 0.991        |
|    learning_rate        | 6.73e-05     |
|    loss                 | 0.25         |
|    n_updates            | 2840         |
|    policy_gradient_loss | -0.00293     |
|    std                  | 0.53         |
|    value_loss           | 0.821        |
------------------------------------------
------------------------------------------
| time/                   |              |
|    fps                  | 5114         |
|    iterations           | 286          |
|    time_elapsed         | 458          |
|    total_timesteps      | 2342912      |
| train/                  |              |
|    approx_kl            | 0.0034370534 |
|    clip_fraction        | 0.0222       |
|    clip_range           | 0.2          |
|    entropy_loss         | -1.56        |
|    explained_variance   | 0.996        |
|    learning_rate        | 6.65e-05     |
|    loss                 | 0.521        |
|    n_updates            | 2850         |
|    policy_gradient_loss | -0.00257     |
|    std                  | 0.529        |
|    value_loss           | 0.981        |
------------------------------------------
------------------------------------------
| time/                   |              |
|    fps                  | 5114         |
|    iterations           | 287          |
|    time_elapsed         | 459          |
|    total_timesteps      | 2351104      |
| train/                  |              |
|    approx_kl            | 0.0046628285 |
|    clip_fraction        | 0.0223       |
|    clip_range           | 0.2          |
|    entropy_loss         | -1.56        |
|    explained_variance   | 0.994        |
|    learning_rate        | 6.57e-05     |
|    loss                 | 1.02         |
|    n_updates            | 2860         |
|    policy_gradient_loss | -0.00253     |
|    std                  | 0.529        |
|    value_loss           | 2.63         |
------------------------------------------
------------------------------------------
| time/                   |              |
|    fps                  | 5115         |
|    iterations           | 288          |
|    time_elapsed         | 461          |
|    total_timesteps      | 2359296      |
| train/                  |              |
|    approx_kl            | 0.0049836366 |
|    clip_fraction        | 0.0218       |
|    clip_range           | 0.2          |
|    entropy_loss         | -1.56        |
|    explained_variance   | 0.956        |
|    learning_rate        | 6.49e-05     |
|    loss                 | 0.381        |
|    n_updates            | 2870         |
|    policy_gradient_loss | -0.00108     |
|    std                  | 0.53         |
|    value_loss           | 1.22         |
------------------------------------------
------------------------------------------
| time/                   |              |
|    fps                  | 5116         |
|    iterations           | 289          |
|    time_elapsed         | 462          |
|    total_timesteps      | 2367488      |
| train/                  |              |
|    approx_kl            | 0.0043120757 |
|    clip_fraction        | 0.0197       |
|    clip_range           | 0.2          |
|    entropy_loss         | -1.57        |
|    explained_variance   | 0.986        |
|    learning_rate        | 6.41e-05     |
|    loss                 | 0.379        |
|    n_updates            | 2880         |
|    policy_gradient_loss | -0.00182     |
|    std                  | 0.53         |
|    value_loss           | 1.53         |
------------------------------------------
------------------------------------------
| time/                   |              |
|    fps                  | 5116         |
|    iterations           | 290          |
|    time_elapsed         | 464          |
|    total_timesteps      | 2375680      |
| train/                  |              |
|    approx_kl            | 0.0032800988 |
|    clip_fraction        | 0.0241       |
|    clip_range           | 0.2          |
|    entropy_loss         | -1.56        |
|    explained_variance   | 0.995        |
|    learning_rate        | 6.33e-05     |
|    loss                 | 0.311        |
|    n_updates            | 2890         |
|    policy_gradient_loss | -0.0022      |
|    std                  | 0.53         |
|    value_loss           | 1.14         |
------------------------------------------
----------------------------------------
| time/                   |            |
|    fps                  | 5117       |
|    iterations           | 291        |
|    time_elapsed         | 465        |
|    total_timesteps      | 2383872    |
| train/                  |            |
|    approx_kl            | 0.00205101 |
|    clip_fraction        | 0.0167     |
|    clip_range           | 0.2        |
|    entropy_loss         | -1.56      |
|    explained_variance   | 0.996      |
|    learning_rate        | 6.24e-05   |
|    loss                 | 0.451      |
|    n_updates            | 2900       |
|    policy_gradient_loss | -0.00122   |
|    std                  | 0.53       |
|    value_loss           | 1.57       |
----------------------------------------
------------------------------------------
| time/                   |              |
|    fps                  | 5117         |
|    iterations           | 292          |
|    time_elapsed         | 467          |
|    total_timesteps      | 2392064      |
| train/                  |              |
|    approx_kl            | 0.0033431181 |
|    clip_fraction        | 0.0203       |
|    clip_range           | 0.2          |
|    entropy_loss         | -1.56        |
|    explained_variance   | 0.994        |
|    learning_rate        | 6.16e-05     |
|    loss                 | 0.928        |
|    n_updates            | 2910         |
|    policy_gradient_loss | -0.00296     |
|    std                  | 0.53         |
|    value_loss           | 2.25         |
------------------------------------------
------------------------------------------
| time/                   |              |
|    fps                  | 5118         |
|    iterations           | 293          |
|    time_elapsed         | 468          |
|    total_timesteps      | 2400256      |
| train/                  |              |
|    approx_kl            | 0.0022089302 |
|    clip_fraction        | 0.0219       |
|    clip_range           | 0.2          |
|    entropy_loss         | -1.56        |
|    explained_variance   | 0.996        |
|    learning_rate        | 6.08e-05     |
|    loss                 | 0.536        |
|    n_updates            | 2920         |
|    policy_gradient_loss | -0.00123     |
|    std                  | 0.529        |
|    value_loss           | 1.42         |
------------------------------------------
----------------------------------------
| time/                   |            |
|    fps                  | 5118       |
|    iterations           | 294        |
|    time_elapsed         | 470        |
|    total_timesteps      | 2408448    |
| train/                  |            |
|    approx_kl            | 0.00228159 |
|    clip_fraction        | 0.0168     |
|    clip_range           | 0.2        |
|    entropy_loss         | -1.56      |
|    explained_variance   | 0.995      |
|    learning_rate        | 6e-05      |
|    loss                 | 0.744      |
|    n_updates            | 2930       |
|    policy_gradient_loss | -0.00151   |
|    std                  | 0.529      |
|    value_loss           | 2.28       |
----------------------------------------
-----------------------------------------
| time/                   |             |
|    fps                  | 5116        |
|    iterations           | 295         |
|    time_elapsed         | 472         |
|    total_timesteps      | 2416640     |
| train/                  |             |
|    approx_kl            | 0.003036455 |
|    clip_fraction        | 0.0303      |
|    clip_range           | 0.2         |
|    entropy_loss         | -1.56       |
|    explained_variance   | 0.995       |
|    learning_rate        | 5.92e-05    |
|    loss                 | 0.712       |
|    n_updates            | 2940        |
|    policy_gradient_loss | -0.00248    |
|    std                  | 0.53        |
|    value_loss           | 1.67        |
-----------------------------------------
------------------------------------------
| time/                   |              |
|    fps                  | 5116         |
|    iterations           | 296          |
|    time_elapsed         | 473          |
|    total_timesteps      | 2424832      |
| train/                  |              |
|    approx_kl            | 0.0035912558 |
|    clip_fraction        | 0.021        |
|    clip_range           | 0.2          |
|    entropy_loss         | -1.56        |
|    explained_variance   | 0.997        |
|    learning_rate        | 5.83e-05     |
|    loss                 | 0.584        |
|    n_updates            | 2950         |
|    policy_gradient_loss | -0.00211     |
|    std                  | 0.53         |
|    value_loss           | 1.92         |
------------------------------------------
------------------------------------------
| time/                   |              |
|    fps                  | 5117         |
|    iterations           | 297          |
|    time_elapsed         | 475          |
|    total_timesteps      | 2433024      |
| train/                  |              |
|    approx_kl            | 0.0030342708 |
|    clip_fraction        | 0.0207       |
|    clip_range           | 0.2          |
|    entropy_loss         | -1.56        |
|    explained_variance   | 0.994        |
|    learning_rate        | 5.75e-05     |
|    loss                 | 1.22         |
|    n_updates            | 2960         |
|    policy_gradient_loss | -0.00342     |
|    std                  | 0.53         |
|    value_loss           | 3.05         |
------------------------------------------
------------------------------------------
| time/                   |              |
|    fps                  | 5118         |
|    iterations           | 298          |
|    time_elapsed         | 476          |
|    total_timesteps      | 2441216      |
| train/                  |              |
|    approx_kl            | 0.0043048533 |
|    clip_fraction        | 0.0398       |
|    clip_range           | 0.2          |
|    entropy_loss         | -1.56        |
|    explained_variance   | 0.996        |
|    learning_rate        | 5.67e-05     |
|    loss                 | 0.414        |
|    n_updates            | 2970         |
|    policy_gradient_loss | -0.00263     |
|    std                  | 0.529        |
|    value_loss           | 1.07         |
------------------------------------------
-----------------------------------------
| time/                   |             |
|    fps                  | 5119        |
|    iterations           | 299         |
|    time_elapsed         | 478         |
|    total_timesteps      | 2449408     |
| train/                  |             |
|    approx_kl            | 0.004310118 |
|    clip_fraction        | 0.0275      |
|    clip_range           | 0.2         |
|    entropy_loss         | -1.56       |
|    explained_variance   | 0.996       |
|    learning_rate        | 5.59e-05    |
|    loss                 | 0.346       |
|    n_updates            | 2980        |
|    policy_gradient_loss | -0.00243    |
|    std                  | 0.529       |
|    value_loss           | 1.21        |
-----------------------------------------
-----------------------------------------
| time/                   |             |
|    fps                  | 5119        |
|    iterations           | 300         |
|    time_elapsed         | 480         |
|    total_timesteps      | 2457600     |
| train/                  |             |
|    approx_kl            | 0.002068997 |
|    clip_fraction        | 0.0176      |
|    clip_range           | 0.2         |
|    entropy_loss         | -1.56       |
|    explained_variance   | 0.993       |
|    learning_rate        | 5.51e-05    |
|    loss                 | 0.742       |
|    n_updates            | 2990        |
|    policy_gradient_loss | -0.00184    |
|    std                  | 0.529       |
|    value_loss           | 2.4         |
-----------------------------------------
---------------------------------------
| time/                   |           |
|    fps                  | 5120      |
|    iterations           | 301       |
|    time_elapsed         | 481       |
|    total_timesteps      | 2465792   |
| train/                  |           |
|    approx_kl            | 0.0026848 |
|    clip_fraction        | 0.00814   |
|    clip_range           | 0.2       |
|    entropy_loss         | -1.56     |
|    explained_variance   | 0.996     |
|    learning_rate        | 5.42e-05  |
|    loss                 | 1.26      |
|    n_updates            | 3000      |
|    policy_gradient_loss | -0.00155  |
|    std                  | 0.529     |
|    value_loss           | 2.85      |
---------------------------------------
------------------------------------------
| time/                   |              |
|    fps                  | 5121         |
|    iterations           | 302          |
|    time_elapsed         | 483          |
|    total_timesteps      | 2473984      |
| train/                  |              |
|    approx_kl            | 0.0037904452 |
|    clip_fraction        | 0.0321       |
|    clip_range           | 0.2          |
|    entropy_loss         | -1.56        |
|    explained_variance   | 0.993        |
|    learning_rate        | 5.34e-05     |
|    loss                 | 0.536        |
|    n_updates            | 3010         |
|    policy_gradient_loss | -0.0026      |
|    std                  | 0.528        |
|    value_loss           | 1.36         |
------------------------------------------
------------------------------------------
| time/                   |              |
|    fps                  | 5122         |
|    iterations           | 303          |
|    time_elapsed         | 484          |
|    total_timesteps      | 2482176      |
| train/                  |              |
|    approx_kl            | 0.0031306993 |
|    clip_fraction        | 0.0235       |
|    clip_range           | 0.2          |
|    entropy_loss         | -1.56        |
|    explained_variance   | 0.998        |
|    learning_rate        | 5.26e-05     |
|    loss                 | 0.337        |
|    n_updates            | 3020         |
|    policy_gradient_loss | -0.00232     |
|    std                  | 0.529        |
|    value_loss           | 1.04         |
------------------------------------------
------------------------------------------
| time/                   |              |
|    fps                  | 5123         |
|    iterations           | 304          |
|    time_elapsed         | 486          |
|    total_timesteps      | 2490368      |
| train/                  |              |
|    approx_kl            | 0.0034814214 |
|    clip_fraction        | 0.0192       |
|    clip_range           | 0.2          |
|    entropy_loss         | -1.56        |
|    explained_variance   | 0.999        |
|    learning_rate        | 5.18e-05     |
|    loss                 | 1.11         |
|    n_updates            | 3030         |
|    policy_gradient_loss | -0.00216     |
|    std                  | 0.528        |
|    value_loss           | 1.69         |
------------------------------------------
------------------------------------------
| time/                   |              |
|    fps                  | 5124         |
|    iterations           | 305          |
|    time_elapsed         | 487          |
|    total_timesteps      | 2498560      |
| train/                  |              |
|    approx_kl            | 0.0024805055 |
|    clip_fraction        | 0.00831      |
|    clip_range           | 0.2          |
|    entropy_loss         | -1.56        |
|    explained_variance   | 0.998        |
|    learning_rate        | 5.1e-05      |
|    loss                 | 0.784        |
|    n_updates            | 3040         |
|    policy_gradient_loss | -0.00255     |
|    std                  | 0.528        |
|    value_loss           | 2.23         |
------------------------------------------
------------------------------------------
| time/                   |              |
|    fps                  | 5125         |
|    iterations           | 306          |
|    time_elapsed         | 489          |
|    total_timesteps      | 2506752      |
| train/                  |              |
|    approx_kl            | 0.0035731946 |
|    clip_fraction        | 0.00999      |
|    clip_range           | 0.2          |
|    entropy_loss         | -1.56        |
|    explained_variance   | 0.997        |
|    learning_rate        | 5.01e-05     |
|    loss                 | 1.17         |
|    n_updates            | 3050         |
|    policy_gradient_loss | -0.00117     |
|    std                  | 0.528        |
|    value_loss           | 2.97         |
------------------------------------------
------------------------------------------
| time/                   |              |
|    fps                  | 5126         |
|    iterations           | 307          |
|    time_elapsed         | 490          |
|    total_timesteps      | 2514944      |
| train/                  |              |
|    approx_kl            | 0.0039773104 |
|    clip_fraction        | 0.0211       |
|    clip_range           | 0.2          |
|    entropy_loss         | -1.56        |
|    explained_variance   | 0.996        |
|    learning_rate        | 4.93e-05     |
|    loss                 | 0.415        |
|    n_updates            | 3060         |
|    policy_gradient_loss | -0.00106     |
|    std                  | 0.527        |
|    value_loss           | 1.22         |
------------------------------------------
----------------------------------------
| time/                   |            |
|    fps                  | 5126       |
|    iterations           | 308        |
|    time_elapsed         | 492        |
|    total_timesteps      | 2523136    |
| train/                  |            |
|    approx_kl            | 0.00503499 |
|    clip_fraction        | 0.0136     |
|    clip_range           | 0.2        |
|    entropy_loss         | -1.55      |
|    explained_variance   | 0.998      |
|    learning_rate        | 4.85e-05   |
|    loss                 | 0.729      |
|    n_updates            | 3070       |
|    policy_gradient_loss | -0.000973  |
|    std                  | 0.527      |
|    value_loss           | 1.97       |
----------------------------------------
------------------------------------------
| time/                   |              |
|    fps                  | 5127         |
|    iterations           | 309          |
|    time_elapsed         | 493          |
|    total_timesteps      | 2531328      |
| train/                  |              |
|    approx_kl            | 0.0012513397 |
|    clip_fraction        | 0.00635      |
|    clip_range           | 0.2          |
|    entropy_loss         | -1.55        |
|    explained_variance   | 0.995        |
|    learning_rate        | 4.77e-05     |
|    loss                 | 1.34         |
|    n_updates            | 3080         |
|    policy_gradient_loss | -0.00099     |
|    std                  | 0.527        |
|    value_loss           | 4.87         |
------------------------------------------
------------------------------------------
| time/                   |              |
|    fps                  | 5128         |
|    iterations           | 310          |
|    time_elapsed         | 495          |
|    total_timesteps      | 2539520      |
| train/                  |              |
|    approx_kl            | 0.0044243326 |
|    clip_fraction        | 0.0191       |
|    clip_range           | 0.2          |
|    entropy_loss         | -1.55        |
|    explained_variance   | 0.995        |
|    learning_rate        | 4.69e-05     |
|    loss                 | 2.68         |
|    n_updates            | 3090         |
|    policy_gradient_loss | -0.00193     |
|    std                  | 0.527        |
|    value_loss           | 6.55         |
------------------------------------------
------------------------------------------
| time/                   |              |
|    fps                  | 5127         |
|    iterations           | 311          |
|    time_elapsed         | 496          |
|    total_timesteps      | 2547712      |
| train/                  |              |
|    approx_kl            | 0.0021876905 |
|    clip_fraction        | 0.0185       |
|    clip_range           | 0.2          |
|    entropy_loss         | -1.55        |
|    explained_variance   | 0.996        |
|    learning_rate        | 4.6e-05      |
|    loss                 | 1.28         |
|    n_updates            | 3100         |
|    policy_gradient_loss | -0.00199     |
|    std                  | 0.526        |
|    value_loss           | 3.45         |
------------------------------------------
-----------------------------------------
| time/                   |             |
|    fps                  | 5124        |
|    iterations           | 312         |
|    time_elapsed         | 498         |
|    total_timesteps      | 2555904     |
| train/                  |             |
|    approx_kl            | 0.005168327 |
|    clip_fraction        | 0.0314      |
|    clip_range           | 0.2         |
|    entropy_loss         | -1.55       |
|    explained_variance   | 0.992       |
|    learning_rate        | 4.52e-05    |
|    loss                 | 0.897       |
|    n_updates            | 3110        |
|    policy_gradient_loss | -0.00281    |
|    std                  | 0.526       |
|    value_loss           | 2.48        |
-----------------------------------------
------------------------------------------
| time/                   |              |
|    fps                  | 5120         |
|    iterations           | 313          |
|    time_elapsed         | 500          |
|    total_timesteps      | 2564096      |
| train/                  |              |
|    approx_kl            | 0.0038744863 |
|    clip_fraction        | 0.0224       |
|    clip_range           | 0.2          |
|    entropy_loss         | -1.55        |
|    explained_variance   | 0.997        |
|    learning_rate        | 4.44e-05     |
|    loss                 | 0.439        |
|    n_updates            | 3120         |
|    policy_gradient_loss | -0.00151     |
|    std                  | 0.527        |
|    value_loss           | 1.71         |
------------------------------------------
------------------------------------------
| time/                   |              |
|    fps                  | 5118         |
|    iterations           | 314          |
|    time_elapsed         | 502          |
|    total_timesteps      | 2572288      |
| train/                  |              |
|    approx_kl            | 0.0041231904 |
|    clip_fraction        | 0.0247       |
|    clip_range           | 0.2          |
|    entropy_loss         | -1.55        |
|    explained_variance   | 0.998        |
|    learning_rate        | 4.36e-05     |
|    loss                 | 0.685        |
|    n_updates            | 3130         |
|    policy_gradient_loss | -0.00362     |
|    std                  | 0.527        |
|    value_loss           | 2.58         |
------------------------------------------
------------------------------------------
| time/                   |              |
|    fps                  | 5118         |
|    iterations           | 315          |
|    time_elapsed         | 504          |
|    total_timesteps      | 2580480      |
| train/                  |              |
|    approx_kl            | 0.0023790281 |
|    clip_fraction        | 0.00969      |
|    clip_range           | 0.2          |
|    entropy_loss         | -1.55        |
|    explained_variance   | 0.998        |
|    learning_rate        | 4.28e-05     |
|    loss                 | 0.923        |
|    n_updates            | 3140         |
|    policy_gradient_loss | -0.00199     |
|    std                  | 0.527        |
|    value_loss           | 3.2          |
------------------------------------------
-----------------------------------------
| time/                   |             |
|    fps                  | 5115        |
|    iterations           | 316         |
|    time_elapsed         | 506         |
|    total_timesteps      | 2588672     |
| train/                  |             |
|    approx_kl            | 0.004672892 |
|    clip_fraction        | 0.032       |
|    clip_range           | 0.2         |
|    entropy_loss         | -1.55       |
|    explained_variance   | 0.996       |
|    learning_rate        | 4.2e-05     |
|    loss                 | 0.595       |
|    n_updates            | 3150        |
|    policy_gradient_loss | -0.00307    |
|    std                  | 0.528       |
|    value_loss           | 1.55        |
-----------------------------------------
------------------------------------------
| time/                   |              |
|    fps                  | 5113         |
|    iterations           | 317          |
|    time_elapsed         | 507          |
|    total_timesteps      | 2596864      |
| train/                  |              |
|    approx_kl            | 0.0045807743 |
|    clip_fraction        | 0.0227       |
|    clip_range           | 0.2          |
|    entropy_loss         | -1.56        |
|    explained_variance   | 0.99         |
|    learning_rate        | 4.11e-05     |
|    loss                 | 0.412        |
|    n_updates            | 3160         |
|    policy_gradient_loss | -0.0015      |
|    std                  | 0.528        |
|    value_loss           | 1.33         |
------------------------------------------
-----------------------------------------
| time/                   |             |
|    fps                  | 5112        |
|    iterations           | 318         |
|    time_elapsed         | 509         |
|    total_timesteps      | 2605056     |
| train/                  |             |
|    approx_kl            | 0.002278655 |
|    clip_fraction        | 0.0259      |
|    clip_range           | 0.2         |
|    entropy_loss         | -1.55       |
|    explained_variance   | 0.996       |
|    learning_rate        | 4.03e-05    |
|    loss                 | 0.659       |
|    n_updates            | 3170        |
|    policy_gradient_loss | -0.00311    |
|    std                  | 0.527       |
|    value_loss           | 1.89        |
-----------------------------------------
-----------------------------------------
| time/                   |             |
|    fps                  | 5107        |
|    iterations           | 319         |
|    time_elapsed         | 511         |
|    total_timesteps      | 2613248     |
| train/                  |             |
|    approx_kl            | 0.005155002 |
|    clip_fraction        | 0.0212      |
|    clip_range           | 0.2         |
|    entropy_loss         | -1.55       |
|    explained_variance   | 0.998       |
|    learning_rate        | 3.95e-05    |
|    loss                 | 1.22        |
|    n_updates            | 3180        |
|    policy_gradient_loss | -0.00203    |
|    std                  | 0.527       |
|    value_loss           | 3.69        |
-----------------------------------------
------------------------------------------
| time/                   |              |
|    fps                  | 5102         |
|    iterations           | 320          |
|    time_elapsed         | 513          |
|    total_timesteps      | 2621440      |
| train/                  |              |
|    approx_kl            | 0.0029569622 |
|    clip_fraction        | 0.00814      |
|    clip_range           | 0.2          |
|    entropy_loss         | -1.55        |
|    explained_variance   | 0.999        |
|    learning_rate        | 3.87e-05     |
|    loss                 | 1.2          |
|    n_updates            | 3190         |
|    policy_gradient_loss | -0.00124     |
|    std                  | 0.526        |
|    value_loss           | 2.5          |
------------------------------------------
-----------------------------------------
| time/                   |             |
|    fps                  | 5102        |
|    iterations           | 321         |
|    time_elapsed         | 515         |
|    total_timesteps      | 2629632     |
| train/                  |             |
|    approx_kl            | 0.002684014 |
|    clip_fraction        | 0.0202      |
|    clip_range           | 0.2         |
|    entropy_loss         | -1.55       |
|    explained_variance   | 0.97        |
|    learning_rate        | 3.79e-05    |
|    loss                 | 0.426       |
|    n_updates            | 3200        |
|    policy_gradient_loss | -0.00269    |
|    std                  | 0.524       |
|    value_loss           | 1.5         |
-----------------------------------------
-----------------------------------------
| time/                   |             |
|    fps                  | 5101        |
|    iterations           | 322         |
|    time_elapsed         | 517         |
|    total_timesteps      | 2637824     |
| train/                  |             |
|    approx_kl            | 0.004442304 |
|    clip_fraction        | 0.0304      |
|    clip_range           | 0.2         |
|    entropy_loss         | -1.54       |
|    explained_variance   | 0.994       |
|    learning_rate        | 3.7e-05     |
|    loss                 | 0.337       |
|    n_updates            | 3210        |
|    policy_gradient_loss | -0.00285    |
|    std                  | 0.524       |
|    value_loss           | 1.26        |
-----------------------------------------
------------------------------------------
| time/                   |              |
|    fps                  | 5100         |
|    iterations           | 323          |
|    time_elapsed         | 518          |
|    total_timesteps      | 2646016      |
| train/                  |              |
|    approx_kl            | 0.0037217431 |
|    clip_fraction        | 0.0422       |
|    clip_range           | 0.2          |
|    entropy_loss         | -1.54        |
|    explained_variance   | 0.999        |
|    learning_rate        | 3.62e-05     |
|    loss                 | 0.404        |
|    n_updates            | 3220         |
|    policy_gradient_loss | -0.00294     |
|    std                  | 0.524        |
|    value_loss           | 0.785        |
------------------------------------------
------------------------------------------
| time/                   |              |
|    fps                  | 5099         |
|    iterations           | 324          |
|    time_elapsed         | 520          |
|    total_timesteps      | 2654208      |
| train/                  |              |
|    approx_kl            | 0.0036730487 |
|    clip_fraction        | 0.0211       |
|    clip_range           | 0.2          |
|    entropy_loss         | -1.54        |
|    explained_variance   | 0.999        |
|    learning_rate        | 3.54e-05     |
|    loss                 | 0.467        |
|    n_updates            | 3230         |
|    policy_gradient_loss | -0.00223     |
|    std                  | 0.524        |
|    value_loss           | 1.41         |
------------------------------------------
------------------------------------------
| time/                   |              |
|    fps                  | 5097         |
|    iterations           | 325          |
|    time_elapsed         | 522          |
|    total_timesteps      | 2662400      |
| train/                  |              |
|    approx_kl            | 0.0028454524 |
|    clip_fraction        | 0.0114       |
|    clip_range           | 0.2          |
|    entropy_loss         | -1.54        |
|    explained_variance   | 0.992        |
|    learning_rate        | 3.46e-05     |
|    loss                 | 1.31         |
|    n_updates            | 3240         |
|    policy_gradient_loss | -0.00153     |
|    std                  | 0.524        |
|    value_loss           | 2.55         |
------------------------------------------
------------------------------------------
| time/                   |              |
|    fps                  | 5094         |
|    iterations           | 326          |
|    time_elapsed         | 524          |
|    total_timesteps      | 2670592      |
| train/                  |              |
|    approx_kl            | 0.0052698376 |
|    clip_fraction        | 0.0426       |
|    clip_range           | 0.2          |
|    entropy_loss         | -1.54        |
|    explained_variance   | 0.991        |
|    learning_rate        | 3.38e-05     |
|    loss                 | 0.313        |
|    n_updates            | 3250         |
|    policy_gradient_loss | -0.00218     |
|    std                  | 0.524        |
|    value_loss           | 0.948        |
------------------------------------------
------------------------------------------
| time/                   |              |
|    fps                  | 5091         |
|    iterations           | 327          |
|    time_elapsed         | 526          |
|    total_timesteps      | 2678784      |
| train/                  |              |
|    approx_kl            | 0.0037849795 |
|    clip_fraction        | 0.022        |
|    clip_range           | 0.2          |
|    entropy_loss         | -1.54        |
|    explained_variance   | 0.996        |
|    learning_rate        | 3.29e-05     |
|    loss                 | 0.311        |
|    n_updates            | 3260         |
|    policy_gradient_loss | -0.00151     |
|    std                  | 0.524        |
|    value_loss           | 0.901        |
------------------------------------------
-----------------------------------------
| time/                   |             |
|    fps                  | 5088        |
|    iterations           | 328         |
|    time_elapsed         | 528         |
|    total_timesteps      | 2686976     |
| train/                  |             |
|    approx_kl            | 0.003034386 |
|    clip_fraction        | 0.0166      |
|    clip_range           | 0.2         |
|    entropy_loss         | -1.54       |
|    explained_variance   | 0.997       |
|    learning_rate        | 3.21e-05    |
|    loss                 | 0.46        |
|    n_updates            | 3270        |
|    policy_gradient_loss | -0.0017     |
|    std                  | 0.524       |
|    value_loss           | 1.66        |
-----------------------------------------
------------------------------------------
| time/                   |              |
|    fps                  | 5087         |
|    iterations           | 329          |
|    time_elapsed         | 529          |
|    total_timesteps      | 2695168      |
| train/                  |              |
|    approx_kl            | 0.0018176505 |
|    clip_fraction        | 0.00292      |
|    clip_range           | 0.2          |
|    entropy_loss         | -1.54        |
|    explained_variance   | 0.997        |
|    learning_rate        | 3.13e-05     |
|    loss                 | 1.05         |
|    n_updates            | 3280         |
|    policy_gradient_loss | -0.000755    |
|    std                  | 0.524        |
|    value_loss           | 2.99         |
------------------------------------------
------------------------------------------
| time/                   |              |
|    fps                  | 5086         |
|    iterations           | 330          |
|    time_elapsed         | 531          |
|    total_timesteps      | 2703360      |
| train/                  |              |
|    approx_kl            | 0.0033751554 |
|    clip_fraction        | 0.023        |
|    clip_range           | 0.2          |
|    entropy_loss         | -1.54        |
|    explained_variance   | 0.996        |
|    learning_rate        | 3.05e-05     |
|    loss                 | 0.657        |
|    n_updates            | 3290         |
|    policy_gradient_loss | -0.00239     |
|    std                  | 0.524        |
|    value_loss           | 1.79         |
------------------------------------------
------------------------------------------
| time/                   |              |
|    fps                  | 5085         |
|    iterations           | 331          |
|    time_elapsed         | 533          |
|    total_timesteps      | 2711552      |
| train/                  |              |
|    approx_kl            | 0.0034018145 |
|    clip_fraction        | 0.0335       |
|    clip_range           | 0.2          |
|    entropy_loss         | -1.54        |
|    explained_variance   | 0.988        |
|    learning_rate        | 2.97e-05     |
|    loss                 | 0.251        |
|    n_updates            | 3300         |
|    policy_gradient_loss | -0.00354     |
|    std                  | 0.523        |
|    value_loss           | 0.703        |
------------------------------------------
------------------------------------------
| time/                   |              |
|    fps                  | 5085         |
|    iterations           | 332          |
|    time_elapsed         | 534          |
|    total_timesteps      | 2719744      |
| train/                  |              |
|    approx_kl            | 0.0032028921 |
|    clip_fraction        | 0.0131       |
|    clip_range           | 0.2          |
|    entropy_loss         | -1.54        |
|    explained_variance   | 0.992        |
|    learning_rate        | 2.88e-05     |
|    loss                 | 0.471        |
|    n_updates            | 3310         |
|    policy_gradient_loss | -0.00199     |
|    std                  | 0.523        |
|    value_loss           | 1.39         |
------------------------------------------
------------------------------------------
| time/                   |              |
|    fps                  | 5083         |
|    iterations           | 333          |
|    time_elapsed         | 536          |
|    total_timesteps      | 2727936      |
| train/                  |              |
|    approx_kl            | 0.0027606438 |
|    clip_fraction        | 0.0131       |
|    clip_range           | 0.2          |
|    entropy_loss         | -1.53        |
|    explained_variance   | 0.993        |
|    learning_rate        | 2.8e-05      |
|    loss                 | 0.798        |
|    n_updates            | 3320         |
|    policy_gradient_loss | -0.00182     |
|    std                  | 0.522        |
|    value_loss           | 2.13         |
------------------------------------------
------------------------------------------
| time/                   |              |
|    fps                  | 5082         |
|    iterations           | 334          |
|    time_elapsed         | 538          |
|    total_timesteps      | 2736128      |
| train/                  |              |
|    approx_kl            | 0.0029682375 |
|    clip_fraction        | 0.0122       |
|    clip_range           | 0.2          |
|    entropy_loss         | -1.53        |
|    explained_variance   | 0.99         |
|    learning_rate        | 2.72e-05     |
|    loss                 | 1.7          |
|    n_updates            | 3330         |
|    policy_gradient_loss | -0.00115     |
|    std                  | 0.522        |
|    value_loss           | 3.71         |
------------------------------------------
------------------------------------------
| time/                   |              |
|    fps                  | 5080         |
|    iterations           | 335          |
|    time_elapsed         | 540          |
|    total_timesteps      | 2744320      |
| train/                  |              |
|    approx_kl            | 0.0027393247 |
|    clip_fraction        | 0.0128       |
|    clip_range           | 0.2          |
|    entropy_loss         | -1.53        |
|    explained_variance   | 0.987        |
|    learning_rate        | 2.64e-05     |
|    loss                 | 0.329        |
|    n_updates            | 3340         |
|    policy_gradient_loss | -0.00268     |
|    std                  | 0.522        |
|    value_loss           | 1.31         |
------------------------------------------
------------------------------------------
| time/                   |              |
|    fps                  | 5078         |
|    iterations           | 336          |
|    time_elapsed         | 541          |
|    total_timesteps      | 2752512      |
| train/                  |              |
|    approx_kl            | 0.0020139096 |
|    clip_fraction        | 0.00638      |
|    clip_range           | 0.2          |
|    entropy_loss         | -1.53        |
|    explained_variance   | 0.988        |
|    learning_rate        | 2.56e-05     |
|    loss                 | 0.461        |
|    n_updates            | 3350         |
|    policy_gradient_loss | -0.00132     |
|    std                  | 0.522        |
|    value_loss           | 2.13         |
------------------------------------------
-----------------------------------------
| time/                   |             |
|    fps                  | 5077        |
|    iterations           | 337         |
|    time_elapsed         | 543         |
|    total_timesteps      | 2760704     |
| train/                  |             |
|    approx_kl            | 0.003988282 |
|    clip_fraction        | 0.0131      |
|    clip_range           | 0.2         |
|    entropy_loss         | -1.53       |
|    explained_variance   | 0.997       |
|    learning_rate        | 2.47e-05    |
|    loss                 | 1           |
|    n_updates            | 3360        |
|    policy_gradient_loss | -0.00203    |
|    std                  | 0.521       |
|    value_loss           | 2.6         |
-----------------------------------------
------------------------------------------
| time/                   |              |
|    fps                  | 5076         |
|    iterations           | 338          |
|    time_elapsed         | 545          |
|    total_timesteps      | 2768896      |
| train/                  |              |
|    approx_kl            | 0.0038089608 |
|    clip_fraction        | 0.0154       |
|    clip_range           | 0.2          |
|    entropy_loss         | -1.53        |
|    explained_variance   | 0.996        |
|    learning_rate        | 2.39e-05     |
|    loss                 | 2.05         |
|    n_updates            | 3370         |
|    policy_gradient_loss | -0.00244     |
|    std                  | 0.521        |
|    value_loss           | 5.41         |
------------------------------------------
------------------------------------------
| time/                   |              |
|    fps                  | 5075         |
|    iterations           | 339          |
|    time_elapsed         | 547          |
|    total_timesteps      | 2777088      |
| train/                  |              |
|    approx_kl            | 0.0023439769 |
|    clip_fraction        | 0.00442      |
|    clip_range           | 0.2          |
|    entropy_loss         | -1.53        |
|    explained_variance   | 0.995        |
|    learning_rate        | 2.31e-05     |
|    loss                 | 1.08         |
|    n_updates            | 3380         |
|    policy_gradient_loss | -0.00127     |
|    std                  | 0.521        |
|    value_loss           | 2.63         |
------------------------------------------
------------------------------------------
| time/                   |              |
|    fps                  | 5074         |
|    iterations           | 340          |
|    time_elapsed         | 548          |
|    total_timesteps      | 2785280      |
| train/                  |              |
|    approx_kl            | 0.0052660583 |
|    clip_fraction        | 0.0373       |
|    clip_range           | 0.2          |
|    entropy_loss         | -1.53        |
|    explained_variance   | 0.993        |
|    learning_rate        | 2.23e-05     |
|    loss                 | 0.509        |
|    n_updates            | 3390         |
|    policy_gradient_loss | -0.00462     |
|    std                  | 0.52         |
|    value_loss           | 0.969        |
------------------------------------------
------------------------------------------
| time/                   |              |
|    fps                  | 5073         |
|    iterations           | 341          |
|    time_elapsed         | 550          |
|    total_timesteps      | 2793472      |
| train/                  |              |
|    approx_kl            | 0.0029970044 |
|    clip_fraction        | 0.0156       |
|    clip_range           | 0.2          |
|    entropy_loss         | -1.53        |
|    explained_variance   | 0.995        |
|    learning_rate        | 2.15e-05     |
|    loss                 | 0.63         |
|    n_updates            | 3400         |
|    policy_gradient_loss | -0.00231     |
|    std                  | 0.52         |
|    value_loss           | 1.42         |
------------------------------------------
------------------------------------------
| time/                   |              |
|    fps                  | 5072         |
|    iterations           | 342          |
|    time_elapsed         | 552          |
|    total_timesteps      | 2801664      |
| train/                  |              |
|    approx_kl            | 0.0017513065 |
|    clip_fraction        | 0.00276      |
|    clip_range           | 0.2          |
|    entropy_loss         | -1.52        |
|    explained_variance   | 0.995        |
|    learning_rate        | 2.07e-05     |
|    loss                 | 1.13         |
|    n_updates            | 3410         |
|    policy_gradient_loss | -0.000396    |
|    std                  | 0.519        |
|    value_loss           | 3.07         |
------------------------------------------
------------------------------------------
| time/                   |              |
|    fps                  | 5071         |
|    iterations           | 343          |
|    time_elapsed         | 554          |
|    total_timesteps      | 2809856      |
| train/                  |              |
|    approx_kl            | 0.0023137587 |
|    clip_fraction        | 0.00687      |
|    clip_range           | 0.2          |
|    entropy_loss         | -1.52        |
|    explained_variance   | 0.995        |
|    learning_rate        | 1.98e-05     |
|    loss                 | 1.76         |
|    n_updates            | 3420         |
|    policy_gradient_loss | -0.00134     |
|    std                  | 0.519        |
|    value_loss           | 4.57         |
------------------------------------------
------------------------------------------
| time/                   |              |
|    fps                  | 5070         |
|    iterations           | 344          |
|    time_elapsed         | 555          |
|    total_timesteps      | 2818048      |
| train/                  |              |
|    approx_kl            | 0.0043094615 |
|    clip_fraction        | 0.0143       |
|    clip_range           | 0.2          |
|    entropy_loss         | -1.52        |
|    explained_variance   | 0.997        |
|    learning_rate        | 1.9e-05      |
|    loss                 | 0.752        |
|    n_updates            | 3430         |
|    policy_gradient_loss | -0.00251     |
|    std                  | 0.519        |
|    value_loss           | 2.18         |
------------------------------------------
------------------------------------------
| time/                   |              |
|    fps                  | 5069         |
|    iterations           | 345          |
|    time_elapsed         | 557          |
|    total_timesteps      | 2826240      |
| train/                  |              |
|    approx_kl            | 0.0039826347 |
|    clip_fraction        | 0.0203       |
|    clip_range           | 0.2          |
|    entropy_loss         | -1.52        |
|    explained_variance   | 0.994        |
|    learning_rate        | 1.82e-05     |
|    loss                 | 0.543        |
|    n_updates            | 3440         |
|    policy_gradient_loss | -0.00208     |
|    std                  | 0.519        |
|    value_loss           | 1.23         |
------------------------------------------
-----------------------------------------
| time/                   |             |
|    fps                  | 5068        |
|    iterations           | 346         |
|    time_elapsed         | 559         |
|    total_timesteps      | 2834432     |
| train/                  |             |
|    approx_kl            | 0.004483033 |
|    clip_fraction        | 0.0234      |
|    clip_range           | 0.2         |
|    entropy_loss         | -1.52       |
|    explained_variance   | 0.997       |
|    learning_rate        | 1.74e-05    |
|    loss                 | 0.839       |
|    n_updates            | 3450        |
|    policy_gradient_loss | -0.00295    |
|    std                  | 0.519       |
|    value_loss           | 1.75        |
-----------------------------------------
------------------------------------------
| time/                   |              |
|    fps                  | 5066         |
|    iterations           | 347          |
|    time_elapsed         | 561          |
|    total_timesteps      | 2842624      |
| train/                  |              |
|    approx_kl            | 0.0019514416 |
|    clip_fraction        | 0.00474      |
|    clip_range           | 0.2          |
|    entropy_loss         | -1.52        |
|    explained_variance   | 0.997        |
|    learning_rate        | 1.66e-05     |
|    loss                 | 0.957        |
|    n_updates            | 3460         |
|    policy_gradient_loss | -0.00118     |
|    std                  | 0.519        |
|    value_loss           | 2.96         |
------------------------------------------
-----------------------------------------
| time/                   |             |
|    fps                  | 5066        |
|    iterations           | 348         |
|    time_elapsed         | 562         |
|    total_timesteps      | 2850816     |
| train/                  |             |
|    approx_kl            | 0.002233053 |
|    clip_fraction        | 0.00823     |
|    clip_range           | 0.2         |
|    entropy_loss         | -1.52       |
|    explained_variance   | 0.998       |
|    learning_rate        | 1.57e-05    |
|    loss                 | 1.13        |
|    n_updates            | 3470        |
|    policy_gradient_loss | -0.00111    |
|    std                  | 0.519       |
|    value_loss           | 3.16        |
-----------------------------------------
------------------------------------------
| time/                   |              |
|    fps                  | 5064         |
|    iterations           | 349          |
|    time_elapsed         | 564          |
|    total_timesteps      | 2859008      |
| train/                  |              |
|    approx_kl            | 0.0028726931 |
|    clip_fraction        | 0.0177       |
|    clip_range           | 0.2          |
|    entropy_loss         | -1.52        |
|    explained_variance   | 0.982        |
|    learning_rate        | 1.49e-05     |
|    loss                 | 0.709        |
|    n_updates            | 3480         |
|    policy_gradient_loss | -0.0027      |
|    std                  | 0.519        |
|    value_loss           | 2.53         |
------------------------------------------
------------------------------------------
| time/                   |              |
|    fps                  | 5063         |
|    iterations           | 350          |
|    time_elapsed         | 566          |
|    total_timesteps      | 2867200      |
| train/                  |              |
|    approx_kl            | 0.0033027804 |
|    clip_fraction        | 0.0143       |
|    clip_range           | 0.2          |
|    entropy_loss         | -1.52        |
|    explained_variance   | 0.997        |
|    learning_rate        | 1.41e-05     |
|    loss                 | 0.465        |
|    n_updates            | 3490         |
|    policy_gradient_loss | -0.00196     |
|    std                  | 0.519        |
|    value_loss           | 1.61         |
------------------------------------------
-------------------------------------------
| time/                   |               |
|    fps                  | 5062          |
|    iterations           | 351           |
|    time_elapsed         | 568           |
|    total_timesteps      | 2875392       |
| train/                  |               |
|    approx_kl            | 0.00069831713 |
|    clip_fraction        | 9.77e-05      |
|    clip_range           | 0.2           |
|    entropy_loss         | -1.52         |
|    explained_variance   | 0.999         |
|    learning_rate        | 1.33e-05      |
|    loss                 | 0.534         |
|    n_updates            | 3500          |
|    policy_gradient_loss | -0.000333     |
|    std                  | 0.519         |
|    value_loss           | 1.54          |
-------------------------------------------
------------------------------------------
| time/                   |              |
|    fps                  | 5061         |
|    iterations           | 352          |
|    time_elapsed         | 569          |
|    total_timesteps      | 2883584      |
| train/                  |              |
|    approx_kl            | 0.0026674198 |
|    clip_fraction        | 0.00532      |
|    clip_range           | 0.2          |
|    entropy_loss         | -1.52        |
|    explained_variance   | 0.999        |
|    learning_rate        | 1.25e-05     |
|    loss                 | 1.2          |
|    n_updates            | 3510         |
|    policy_gradient_loss | -0.00133     |
|    std                  | 0.519        |
|    value_loss           | 3.07         |
------------------------------------------
------------------------------------------
| time/                   |              |
|    fps                  | 5060         |
|    iterations           | 353          |
|    time_elapsed         | 571          |
|    total_timesteps      | 2891776      |
| train/                  |              |
|    approx_kl            | 0.0019335146 |
|    clip_fraction        | 0.00223      |
|    clip_range           | 0.2          |
|    entropy_loss         | -1.52        |
|    explained_variance   | 0.999        |
|    learning_rate        | 1.16e-05     |
|    loss                 | 1.93         |
|    n_updates            | 3520         |
|    policy_gradient_loss | -0.00131     |
|    std                  | 0.519        |
|    value_loss           | 3.96         |
------------------------------------------
------------------------------------------
| time/                   |              |
|    fps                  | 5059         |
|    iterations           | 354          |
|    time_elapsed         | 573          |
|    total_timesteps      | 2899968      |
| train/                  |              |
|    approx_kl            | 0.0021009871 |
|    clip_fraction        | 0.0063       |
|    clip_range           | 0.2          |
|    entropy_loss         | -1.52        |
|    explained_variance   | 0.999        |
|    learning_rate        | 1.08e-05     |
|    loss                 | 0.569        |
|    n_updates            | 3530         |
|    policy_gradient_loss | -0.000923    |
|    std                  | 0.519        |
|    value_loss           | 1.22         |
------------------------------------------
------------------------------------------
| time/                   |              |
|    fps                  | 5053         |
|    iterations           | 355          |
|    time_elapsed         | 575          |
|    total_timesteps      | 2908160      |
| train/                  |              |
|    approx_kl            | 0.0016130663 |
|    clip_fraction        | 0.00957      |
|    clip_range           | 0.2          |
|    entropy_loss         | -1.52        |
|    explained_variance   | 1            |
|    learning_rate        | 1e-05        |
|    loss                 | 0.331        |
|    n_updates            | 3540         |
|    policy_gradient_loss | -0.00162     |
|    std                  | 0.519        |
|    value_loss           | 0.765        |
------------------------------------------
-----------------------------------------
| time/                   |             |
|    fps                  | 5050        |
|    iterations           | 356         |
|    time_elapsed         | 577         |
|    total_timesteps      | 2916352     |
| train/                  |             |
|    approx_kl            | 0.001797395 |
|    clip_fraction        | 0.00175     |
|    clip_range           | 0.2         |
|    entropy_loss         | -1.52       |
|    explained_variance   | 0.999       |
|    learning_rate        | 9.18e-06    |
|    loss                 | 0.562       |
|    n_updates            | 3550        |
|    policy_gradient_loss | -0.000726   |
|    std                  | 0.519       |
|    value_loss           | 2.17        |
-----------------------------------------
------------------------------------------
| time/                   |              |
|    fps                  | 5048         |
|    iterations           | 357          |
|    time_elapsed         | 579          |
|    total_timesteps      | 2924544      |
| train/                  |              |
|    approx_kl            | 0.0018905741 |
|    clip_fraction        | 0.000928     |
|    clip_range           | 0.2          |
|    entropy_loss         | -1.52        |
|    explained_variance   | 0.996        |
|    learning_rate        | 8.36e-06     |
|    loss                 | 1.47         |
|    n_updates            | 3560         |
|    policy_gradient_loss | -0.000559    |
|    std                  | 0.519        |
|    value_loss           | 3.69         |
------------------------------------------
------------------------------------------
| time/                   |              |
|    fps                  | 5048         |
|    iterations           | 358          |
|    time_elapsed         | 580          |
|    total_timesteps      | 2932736      |
| train/                  |              |
|    approx_kl            | 0.0020083883 |
|    clip_fraction        | 0.000854     |
|    clip_range           | 0.2          |
|    entropy_loss         | -1.52        |
|    explained_variance   | 0.981        |
|    learning_rate        | 7.55e-06     |
|    loss                 | 1.83         |
|    n_updates            | 3570         |
|    policy_gradient_loss | -0.000658    |
|    std                  | 0.519        |
|    value_loss           | 15.7         |
------------------------------------------
------------------------------------------
| time/                   |              |
|    fps                  | 5047         |
|    iterations           | 359          |
|    time_elapsed         | 582          |
|    total_timesteps      | 2940928      |
| train/                  |              |
|    approx_kl            | 0.0023659025 |
|    clip_fraction        | 0.0126       |
|    clip_range           | 0.2          |
|    entropy_loss         | -1.52        |
|    explained_variance   | 0.991        |
|    learning_rate        | 6.73e-06     |
|    loss                 | 0.901        |
|    n_updates            | 3580         |
|    policy_gradient_loss | -0.00258     |
|    std                  | 0.519        |
|    value_loss           | 2.22         |
------------------------------------------
------------------------------------------
| time/                   |              |
|    fps                  | 5047         |
|    iterations           | 360          |
|    time_elapsed         | 584          |
|    total_timesteps      | 2949120      |
| train/                  |              |
|    approx_kl            | 0.0021607373 |
|    clip_fraction        | 0.00354      |
|    clip_range           | 0.2          |
|    entropy_loss         | -1.52        |
|    explained_variance   | 0.997        |
|    learning_rate        | 5.91e-06     |
|    loss                 | 0.958        |
|    n_updates            | 3590         |
|    policy_gradient_loss | -0.000988    |
|    std                  | 0.519        |
|    value_loss           | 2.11         |
------------------------------------------
------------------------------------------
| time/                   |              |
|    fps                  | 5046         |
|    iterations           | 361          |
|    time_elapsed         | 585          |
|    total_timesteps      | 2957312      |
| train/                  |              |
|    approx_kl            | 0.0018296377 |
|    clip_fraction        | 0.00118      |
|    clip_range           | 0.2          |
|    entropy_loss         | -1.52        |
|    explained_variance   | 0.998        |
|    learning_rate        | 5.09e-06     |
|    loss                 | 1.9          |
|    n_updates            | 3600         |
|    policy_gradient_loss | -0.000682    |
|    std                  | 0.519        |
|    value_loss           | 4.32         |
------------------------------------------
-------------------------------------------
| time/                   |               |
|    fps                  | 5047          |
|    iterations           | 362           |
|    time_elapsed         | 587           |
|    total_timesteps      | 2965504       |
| train/                  |               |
|    approx_kl            | 0.00023743024 |
|    clip_fraction        | 0             |
|    clip_range           | 0.2           |
|    entropy_loss         | -1.52         |
|    explained_variance   | 0.998         |
|    learning_rate        | 4.27e-06      |
|    loss                 | 3.68          |
|    n_updates            | 3610          |
|    policy_gradient_loss | -0.000279     |
|    std                  | 0.519         |
|    value_loss           | 8.31          |
-------------------------------------------
------------------------------------------
| time/                   |              |
|    fps                  | 5048         |
|    iterations           | 363          |
|    time_elapsed         | 589          |
|    total_timesteps      | 2973696      |
| train/                  |              |
|    approx_kl            | 0.0026595772 |
|    clip_fraction        | 0.00948      |
|    clip_range           | 0.2          |
|    entropy_loss         | -1.52        |
|    explained_variance   | 0.97         |
|    learning_rate        | 3.45e-06     |
|    loss                 | 0.49         |
|    n_updates            | 3620         |
|    policy_gradient_loss | -0.00103     |
|    std                  | 0.519        |
|    value_loss           | 1.97         |
------------------------------------------
-------------------------------------------
| time/                   |               |
|    fps                  | 5048          |
|    iterations           | 364           |
|    time_elapsed         | 590           |
|    total_timesteps      | 2981888       |
| train/                  |               |
|    approx_kl            | 0.00027520416 |
|    clip_fraction        | 0             |
|    clip_range           | 0.2           |
|    entropy_loss         | -1.52         |
|    explained_variance   | 0.982         |
|    learning_rate        | 2.63e-06      |
|    loss                 | 1.06          |
|    n_updates            | 3630          |
|    policy_gradient_loss | -0.000321     |
|    std                  | 0.519         |
|    value_loss           | 3.21          |
-------------------------------------------
-------------------------------------------
| time/                   |               |
|    fps                  | 5046          |
|    iterations           | 365           |
|    time_elapsed         | 592           |
|    total_timesteps      | 2990080       |
| train/                  |               |
|    approx_kl            | 0.00038297777 |
|    clip_fraction        | 0             |
|    clip_range           | 0.2           |
|    entropy_loss         | -1.52         |
|    explained_variance   | 0.99          |
|    learning_rate        | 1.81e-06      |
|    loss                 | 1.84          |
|    n_updates            | 3640          |
|    policy_gradient_loss | -0.000368     |
|    std                  | 0.519         |
|    value_loss           | 4.37          |
-------------------------------------------
------------------------------------------
| time/                   |              |
|    fps                  | 5046         |
|    iterations           | 366          |
|    time_elapsed         | 594          |
|    total_timesteps      | 2998272      |
| train/                  |              |
|    approx_kl            | 2.423529e-05 |
|    clip_fraction        | 0            |
|    clip_range           | 0.2          |
|    entropy_loss         | -1.52        |
|    explained_variance   | 0.993        |
|    learning_rate        | 9.92e-07     |
|    loss                 | 3.45         |
|    n_updates            | 3650         |
|    policy_gradient_loss | -0.000112    |
|    std                  | 0.519        |
|    value_loss           | 6.1          |
------------------------------------------
------------------------------------------
| time/                   |              |
|    fps                  | 5047         |
|    iterations           | 367          |
|    time_elapsed         | 595          |
|    total_timesteps      | 3006464      |
| train/                  |              |
|    approx_kl            | 3.898458e-08 |
|    clip_fraction        | 0            |
|    clip_range           | 0.2          |
|    entropy_loss         | -1.52        |
|    explained_variance   | 0.992        |
|    learning_rate        | 1.73e-07     |
|    loss                 | 2.94         |
|    n_updates            | 3660         |
|    policy_gradient_loss | -3.56e-06    |
|    std                  | 0.519        |
|    value_loss           | 6.9          |
------------------------------------------
{
  "median_return": -186.46644183242537,
  "normalized_score": 0.8987205208570851,
  "success_rate": 0.0,
  "final_leg_activation_rate": 0.12,
  "gate_passed": false
}
