[INFO] [launch]: All log files can be found below /root/.ros/log/2026-08-22-17-20-11-326833-d07ba4548821-1
[INFO] [launch]: Default logging verbosity is set to INFO
['xacro', '/opt/vrx_ws/install/share/wamv_gazebo/urdf/wamv_gazebo.urdf.xacro', 'namespace:=wamv', 'locked:=true', 'vrx_sensors_enabled:=true', 'thruster_config:=H']
[INFO] [gazebo-1]: process started with pid [45]
[INFO] [monitor_sim-2]: process started with pid [47]
[INFO] [create-3]: process started with pid [49]
[INFO] [parameter_bridge-4]: process started with pid [51]
[create-3] [INFO] [1787419213.064160794] [ros_gz_sim]: Requesting list of world names.
[parameter_bridge-4] [INFO] [1787419213.103016711] [ros_gz_bridge]: Creating GZ->ROS Bridge: [/clock (gz.msgs.Clock) -> /clock (rosgraph_msgs/msg/Clock)] (Lazy 0)
[parameter_bridge-4] [INFO] [1787419213.110462711] [ros_gz_bridge]: Creating GZ->ROS Bridge: [/vrx/task/info (gz.msgs.Param) -> /vrx/task/info (ros_gz_interfaces/msg/ParamVec)] (Lazy 0)
[parameter_bridge-4] [INFO] [1787419213.114596086] [ros_gz_bridge]: Creating GZ->ROS Bridge: [/vrx/debug/wind/speed (gz.msgs.Float) -> /vrx/debug/wind/speed (std_msgs/msg/Float32)] (Lazy 0)
[parameter_bridge-4] [INFO] [1787419213.115931544] [ros_gz_bridge]: Creating GZ->ROS Bridge: [/vrx/debug/wind/direction (gz.msgs.Float) -> /vrx/debug/wind/direction (std_msgs/msg/Float32)] (Lazy 0)
[gazebo-1] [1;33m[Wrn] [LocalCache.cc:104] [0m[1;33mServer directory does not exist [[0m[1;33m/root/.gz/fuel/fuel.gazebosim.org[0m[1;33m][0m
[create-3] [INFO] [1787419218.077282588] [ros_gz_sim]: Requesting list of world names.
[gazebo-1] [1;32m[Msg] [0m[1;32mGazebo Sim Server v[0m[1;32m8.10.0[0m[1;32m[0m
[gazebo-1] [1;32m[Msg] [0m[1;32mLoading SDF world file[[0m[1;32m/opt/vrx_ws/install/share/vrx_gz/worlds/sydney_regatta.sdf[0m[1;32m].[0m
[gazebo-1] [1;32m[Msg] [0m[1;32mDownloading model [[0m[1;32mfuel.gazebosim.org/openrobotics/models/sydney_regatta[0m[1;32m][0m[1;32m[0m
[gazebo-1] [1;36m[Dbg] [FuelClient.cc:1968] [0m[1;36mDownloading from a referral link [[0m[1;36mhttps://gz-fuel-resources-production.s3.amazonaws.com/OpenRobotics/2831dbbf-67ed-4211-9e97-f549a5f4befa/.zips/3.zip?X-Amz-Algorithm=AWS4-HMAC-SHA256&X-Amz-Credential=AKIAS5OHIRKDBY6VUUFF%2F20260822%2Fus-east-1%2Fs3%2Faws4_request&X-Amz-Date=20260822T172013Z&X-Amz-Expires=3600&X-Amz-SignedHeaders=host&X-Amz-Signature=b3b9997779db6eefbe0f0319b253207af489306a1d25f1f5ec037dccfef47efe[0m[1;36m][0m
[gazebo-1] [1;36m[Dbg] [Zip.cc:180] [0m[1;36mCreated file [[0m[1;36m/root/.gz/fuel/fuel.gazebosim.org/openrobotics/models/sydney_regatta/3/materials/textures/Dock.png[0m[1;36m][0m[1;36m[0m
[gazebo-1] [1;36m[Dbg] [Zip.cc:180] [0m[1;36mCreated file [[0m[1;36m/root/.gz/fuel/fuel.gazebosim.org/openrobotics/models/sydney_regatta/3/materials/textures/DockDark.png[0m[1;36m][0m[1;36m[0m
[gazebo-1] [1;36m[Dbg] [Zip.cc:180] [0m[1;36mCreated file [[0m[1;36m/root/.gz/fuel/fuel.gazebosim.org/openrobotics/models/sydney_regatta/3/materials/textures/MetalGalvanized.png[0m[1;36m][0m[1;36m[0m
[gazebo-1] [1;36m[Dbg] [Zip.cc:180] [0m[1;36mCreated file [[0m[1;36m/root/.gz/fuel/fuel.gazebosim.org/openrobotics/models/sydney_regatta/3/materials/textures/RoofCorrugated.png[0m[1;36m][0m[1;36m[0m
[gazebo-1] [1;36m[Dbg] [Zip.cc:180] [0m[1;36mCreated file [[0m[1;36m/root/.gz/fuel/fuel.gazebosim.org/openrobotics/models/sydney_regatta/3/materials/textures/Terrain.png[0m[1;36m][0m[1;36m[0m
[gazebo-1] [1;36m[Dbg] [Zip.cc:180] [0m[1;36mCreated file [[0m[1;36m/root/.gz/fuel/fuel.gazebosim.org/openrobotics/models/sydney_regatta/3/materials/textures/TreeDiffuse.png[0m[1;36m][0m[1;36m[0m
[gazebo-1] [1;36m[Dbg] [Zip.cc:180] [0m[1;36mCreated file [[0m[1;36m/root/.gz/fuel/fuel.gazebosim.org/openrobotics/models/sydney_regatta/3/materials/textures/Wall_05.png[0m[1;36m][0m[1;36m[0m
[gazebo-1] [1;36m[Dbg] [Zip.cc:180] [0m[1;36mCreated file [[0m[1;36m/root/.gz/fuel/fuel.gazebosim.org/openrobotics/models/sydney_regatta/3/materials/textures/Windows_Dark.png[0m[1;36m][0m[1;36m[0m
[gazebo-1] [1;36m[Dbg] [Zip.cc:180] [0m[1;36mCreated file [[0m[1;36m/root/.gz/fuel/fuel.gazebosim.org/openrobotics/models/sydney_regatta/3/meshes/sydney_regatta.dae[0m[1;36m][0m[1;36m[0m
[gazebo-1] [1;36m[Dbg] [Zip.cc:180] [0m[1;36mCreated file [[0m[1;36m/root/.gz/fuel/fuel.gazebosim.org/openrobotics/models/sydney_regatta/3/meshes/sydney_regatta_shore.dae[0m[1;36m][0m[1;36m[0m
[gazebo-1] [1;36m[Dbg] [Zip.cc:180] [0m[1;36mCreated file [[0m[1;36m/root/.gz/fuel/fuel.gazebosim.org/openrobotics/models/sydney_regatta/3/model.config[0m[1;36m][0m[1;36m[0m
[gazebo-1] [1;36m[Dbg] [Zip.cc:180] [0m[1;36mCreated file [[0m[1;36m/root/.gz/fuel/fuel.gazebosim.org/openrobotics/models/sydney_regatta/3/model.sdf[0m[1;36m][0m[1;36m[0m
[gazebo-1] [1;36m[Dbg] [Zip.cc:180] [0m[1;36mCreated file [[0m[1;36m/root/.gz/fuel/fuel.gazebosim.org/openrobotics/models/sydney_regatta/3/thumbnails/1.png[0m[1;36m][0m[1;36m[0m
[gazebo-1] [1;36m[Dbg] [Zip.cc:180] [0m[1;36mCreated file [[0m[1;36m/root/.gz/fuel/fuel.gazebosim.org/openrobotics/models/sydney_regatta/3/thumbnails/2.png[0m[1;36m][0m[1;36m[0m
[gazebo-1] [1;36m[Dbg] [Zip.cc:180] [0m[1;36mCreated file [[0m[1;36m/root/.gz/fuel/fuel.gazebosim.org/openrobotics/models/sydney_regatta/3/thumbnails/3.png[0m[1;36m][0m[1;36m[0m
[gazebo-1] [1;36m[Dbg] [Zip.cc:180] [0m[1;36mCreated file [[0m[1;36m/root/.gz/fuel/fuel.gazebosim.org/openrobotics/models/sydney_regatta/3/thumbnails/4.png[0m[1;36m][0m[1;36m[0m
[gazebo-1] [1;36m[Dbg] [Zip.cc:180] [0m[1;36mCreated file [[0m[1;36m/root/.gz/fuel/fuel.gazebosim.org/openrobotics/models/sydney_regatta/3/thumbnails/5.png[0m[1;36m][0m[1;36m[0m
[gazebo-1] [1;32m[Msg] [0m[1;32mDownloading model [[0m[1;32mfuel.gazebosim.org/openrobotics/models/mb_marker_buoy_red[0m[1;32m][0m[1;32m[0m
[gazebo-1] [1;36m[Dbg] [FuelClient.cc:1968] [0m[1;36mDownloading from a referral link [[0m[1;36mhttps://gz-fuel-resources-production.s3.amazonaws.com/OpenRobotics/7186b70e-1c62-4597-b85e-6079d8d5b7a2/.zips/5.zip?X-Amz-Algorithm=AWS4-HMAC-SHA256&X-Amz-Credential=AKIAS5OHIRKDBY6VUUFF%2F20260822%2Fus-east-1%2Fs3%2Faws4_request&X-Amz-Date=20260822T172019Z&X-Amz-Expires=3600&X-Amz-SignedHeaders=host&X-Amz-Signature=066e0741effd165fac623f6d3c082c0f9dbb6c022a442e96069fda6bfb641021[0m[1;36m][0m
[gazebo-1] [1;36m[Dbg] [Zip.cc:180] [0m[1;36mCreated file [[0m[1;36m/root/.gz/fuel/fuel.gazebosim.org/openrobotics/models/mb_marker_buoy_red/5/materials/textures/MarkerBuoy_Base_Color.png[0m[1;36m][0m[1;36m[0m
[gazebo-1] [1;36m[Dbg] [Zip.cc:180] [0m[1;36mCreated file [[0m[1;36m/root/.gz/fuel/fuel.gazebosim.org/openrobotics/models/mb_marker_buoy_red/5/materials/textures/MarkerBuoy_Roughness.png[0m[1;36m][0m[1;36m[0m
[gazebo-1] [1;36m[Dbg] [Zip.cc:180] [0m[1;36mCreated file [[0m[1;36m/root/.gz/fuel/fuel.gazebosim.org/openrobotics/models/mb_marker_buoy_red/5/meshes/mb_marker_buoy.dae[0m[1;36m][0m[1;36m[0m
[gazebo-1] [1;36m[Dbg] [Zip.cc:180] [0m[1;36mCreated file [[0m[1;36m/root/.gz/fuel/fuel.gazebosim.org/openrobotics/models/mb_marker_buoy_red/5/model.config[0m[1;36m][0m[1;36m[0m
[gazebo-1] [1;36m[Dbg] [Zip.cc:180] [0m[1;36mCreated file [[0m[1;36m/root/.gz/fuel/fuel.gazebosim.org/openrobotics/models/mb_marker_buoy_red/5/model.sdf[0m[1;36m][0m[1;36m[0m
[gazebo-1] [1;36m[Dbg] [Zip.cc:180] [0m[1;36mCreated file [[0m[1;36m/root/.gz/fuel/fuel.gazebosim.org/openrobotics/models/mb_marker_buoy_red/5/thumbnails/1.png[0m[1;36m][0m[1;36m[0m
[gazebo-1] [1;36m[Dbg] [Zip.cc:180] [0m[1;36mCreated file [[0m[1;36m/root/.gz/fuel/fuel.gazebosim.org/openrobotics/models/mb_marker_buoy_red/5/thumbnails/2.png[0m[1;36m][0m[1;36m[0m
[gazebo-1] [1;36m[Dbg] [Zip.cc:180] [0m[1;36mCreated file [[0m[1;36m/root/.gz/fuel/fuel.gazebosim.org/openrobotics/models/mb_marker_buoy_red/5/thumbnails/3.png[0m[1;36m][0m[1;36m[0m
[gazebo-1] [1;36m[Dbg] [Zip.cc:180] [0m[1;36mCreated file [[0m[1;36m/root/.gz/fuel/fuel.gazebosim.org/openrobotics/models/mb_marker_buoy_red/5/thumbnails/4.png[0m[1;36m][0m[1;36m[0m
[gazebo-1] [1;36m[Dbg] [Zip.cc:180] [0m[1;36mCreated file [[0m[1;36m/root/.gz/fuel/fuel.gazebosim.org/openrobotics/models/mb_marker_buoy_red/5/thumbnails/5.png[0m[1;36m][0m[1;36m[0m
[gazebo-1] [1;32m[Msg] [0m[1;32mDownloading model [[0m[1;32mfuel.gazebosim.org/openrobotics/models/mb_marker_buoy_black[0m[1;32m][0m[1;32m[0m
[gazebo-1] [1;36m[Dbg] [FuelClient.cc:1968] [0m[1;36mDownloading from a referral link [[0m[1;36mhttps://gz-fuel-resources-production.s3.amazonaws.com/OpenRobotics/ee3b70d9-fb51-4d1a-9ab6-e865d3ae529d/.zips/7.zip?X-Amz-Algorithm=AWS4-HMAC-SHA256&X-Amz-Credential=AKIAS5OHIRKDBY6VUUFF%2F20260822%2Fus-east-1%2Fs3%2Faws4_request&X-Amz-Date=20260822T172020Z&X-Amz-Expires=3600&X-Amz-SignedHeaders=host&X-Amz-Signature=02cb4d043d49287e80ea68388b781592dbf1ca3e15e61ce374fea236a0129280[0m[1;36m][0m
[gazebo-1] [1;36m[Dbg] [Zip.cc:180] [0m[1;36mCreated file [[0m[1;36m/root/.gz/fuel/fuel.gazebosim.org/openrobotics/models/mb_marker_buoy_black/7/model.config[0m[1;36m][0m[1;36m[0m
[gazebo-1] [1;36m[Dbg] [Zip.cc:180] [0m[1;36mCreated file [[0m[1;36m/root/.gz/fuel/fuel.gazebosim.org/openrobotics/models/mb_marker_buoy_black/7/model.sdf[0m[1;36m][0m[1;36m[0m
[gazebo-1] [1;36m[Dbg] [Zip.cc:180] [0m[1;36mCreated file [[0m[1;36m/root/.gz/fuel/fuel.gazebosim.org/openrobotics/models/mb_marker_buoy_black/7/thumbnails/1.png[0m[1;36m][0m[1;36m[0m
[gazebo-1] [1;36m[Dbg] [Zip.cc:180] [0m[1;36mCreated file [[0m[1;36m/root/.gz/fuel/fuel.gazebosim.org/openrobotics/models/mb_marker_buoy_black/7/thumbnails/2.png[0m[1;36m][0m[1;36m[0m
[gazebo-1] [1;36m[Dbg] [Zip.cc:180] [0m[1;36mCreated file [[0m[1;36m/root/.gz/fuel/fuel.gazebosim.org/openrobotics/models/mb_marker_buoy_black/7/thumbnails/3.png[0m[1;36m][0m[1;36m[0m
[gazebo-1] [1;36m[Dbg] [Zip.cc:180] [0m[1;36mCreated file [[0m[1;36m/root/.gz/fuel/fuel.gazebosim.org/openrobotics/models/mb_marker_buoy_black/7/thumbnails/4.png[0m[1;36m][0m[1;36m[0m
[gazebo-1] [1;36m[Dbg] [Zip.cc:180] [0m[1;36mCreated file [[0m[1;36m/root/.gz/fuel/fuel.gazebosim.org/openrobotics/models/mb_marker_buoy_black/7/thumbnails/5.png[0m[1;36m][0m[1;36m[0m
[gazebo-1] [1;32m[Msg] [0m[1;32mDownloading model [[0m[1;32mfuel.gazebosim.org/openrobotics/models/mb_marker_buoy_green[0m[1;32m][0m[1;32m[0m
[gazebo-1] [1;36m[Dbg] [FuelClient.cc:1968] [0m[1;36mDownloading from a referral link [[0m[1;36mhttps://gz-fuel-resources-production.s3.amazonaws.com/OpenRobotics/f2e9dde0-66e0-489a-aa0a-353a2ec2a5ea/.zips/4.zip?X-Amz-Algorithm=AWS4-HMAC-SHA256&X-Amz-Credential=AKIAS5OHIRKDBY6VUUFF%2F20260822%2Fus-east-1%2Fs3%2Faws4_request&X-Amz-Date=20260822T172021Z&X-Amz-Expires=3600&X-Amz-SignedHeaders=host&X-Amz-Signature=e39a36ff6e8e82bee73d24d02397b5b77c3a9dc898733397456a82651d44e148[0m[1;36m][0m
[gazebo-1] [1;36m[Dbg] [Zip.cc:180] [0m[1;36mCreated file [[0m[1;36m/root/.gz/fuel/fuel.gazebosim.org/openrobotics/models/mb_marker_buoy_green/4/model.config[0m[1;36m][0m[1;36m[0m
[gazebo-1] [1;36m[Dbg] [Zip.cc:180] [0m[1;36mCreated file [[0m[1;36m/root/.gz/fuel/fuel.gazebosim.org/openrobotics/models/mb_marker_buoy_green/4/model.sdf[0m[1;36m][0m[1;36m[0m
[gazebo-1] [1;36m[Dbg] [Zip.cc:180] [0m[1;36mCreated file [[0m[1;36m/root/.gz/fuel/fuel.gazebosim.org/openrobotics/models/mb_marker_buoy_green/4/thumbnails/1.png[0m[1;36m][0m[1;36m[0m
[gazebo-1] [1;36m[Dbg] [Zip.cc:180] [0m[1;36mCreated file [[0m[1;36m/root/.gz/fuel/fuel.gazebosim.org/openrobotics/models/mb_marker_buoy_green/4/thumbnails/2.png[0m[1;36m][0m[1;36m[0m
[gazebo-1] [1;36m[Dbg] [Zip.cc:180] [0m[1;36mCreated file [[0m[1;36m/root/.gz/fuel/fuel.gazebosim.org/openrobotics/models/mb_marker_buoy_green/4/thumbnails/3.png[0m[1;36m][0m[1;36m[0m
[gazebo-1] [1;36m[Dbg] [Zip.cc:180] [0m[1;36mCreated file [[0m[1;36m/root/.gz/fuel/fuel.gazebosim.org/openrobotics/models/mb_marker_buoy_green/4/thumbnails/4.png[0m[1;36m][0m[1;36m[0m
[gazebo-1] [1;36m[Dbg] [Zip.cc:180] [0m[1;36mCreated file [[0m[1;36m/root/.gz/fuel/fuel.gazebosim.org/openrobotics/models/mb_marker_buoy_green/4/thumbnails/5.png[0m[1;36m][0m[1;36m[0m
[gazebo-1] [1;32m[Msg] [0m[1;32mDownloading model [[0m[1;32mfuel.gazebosim.org/openrobotics/models/mb_marker_buoy_white[0m[1;32m][0m[1;32m[0m
[gazebo-1] [1;36m[Dbg] [FuelClient.cc:1968] [0m[1;36mDownloading from a referral link [[0m[1;36mhttps://gz-fuel-resources-production.s3.amazonaws.com/OpenRobotics/1cbcdd88-d5eb-4979-9baf-f1cd525f8411/.zips/4.zip?X-Amz-Algorithm=AWS4-HMAC-SHA256&X-Amz-Credential=AKIAS5OHIRKDBY6VUUFF%2F20260822%2Fus-east-1%2Fs3%2Faws4_request&X-Amz-Date=20260822T172021Z&X-Amz-Expires=3600&X-Amz-SignedHeaders=host&X-Amz-Signature=d77a64910e92a547e3f466ef7e619bcf6cc6f882621c8973a63233e294531c29[0m[1;36m][0m
[gazebo-1] [1;36m[Dbg] [Zip.cc:180] [0m[1;36mCreated file [[0m[1;36m/root/.gz/fuel/fuel.gazebosim.org/openrobotics/models/mb_marker_buoy_white/4/model.config[0m[1;36m][0m[1;36m[0m
[gazebo-1] [1;36m[Dbg] [Zip.cc:180] [0m[1;36mCreated file [[0m[1;36m/root/.gz/fuel/fuel.gazebosim.org/openrobotics/models/mb_marker_buoy_white/4/model.sdf[0m[1;36m][0m[1;36m[0m
[gazebo-1] [1;36m[Dbg] [Zip.cc:180] [0m[1;36mCreated file [[0m[1;36m/root/.gz/fuel/fuel.gazebosim.org/openrobotics/models/mb_marker_buoy_white/4/thumbnails/1.png[0m[1;36m][0m[1;36m[0m
[gazebo-1] [1;36m[Dbg] [Zip.cc:180] [0m[1;36mCreated file [[0m[1;36m/root/.gz/fuel/fuel.gazebosim.org/openrobotics/models/mb_marker_buoy_white/4/thumbnails/2.png[0m[1;36m][0m[1;36m[0m
[gazebo-1] [1;36m[Dbg] [Zip.cc:180] [0m[1;36mCreated file [[0m[1;36m/root/.gz/fuel/fuel.gazebosim.org/openrobotics/models/mb_marker_buoy_white/4/thumbnails/3.png[0m[1;36m][0m[1;36m[0m
[gazebo-1] [1;36m[Dbg] [Zip.cc:180] [0m[1;36mCreated file [[0m[1;36m/root/.gz/fuel/fuel.gazebosim.org/openrobotics/models/mb_marker_buoy_white/4/thumbnails/4.png[0m[1;36m][0m[1;36m[0m
[gazebo-1] [1;36m[Dbg] [Zip.cc:180] [0m[1;36mCreated file [[0m[1;36m/root/.gz/fuel/fuel.gazebosim.org/openrobotics/models/mb_marker_buoy_white/4/thumbnails/5.png[0m[1;36m][0m[1;36m[0m
[create-3] [INFO] [1787419223.079334757] [ros_gz_sim]: Requesting list of world names.
[gazebo-1] [1;32m[Msg] [0m[1;32mDownloading model [[0m[1;32mfuel.gazebosim.org/openrobotics/models/mb_round_buoy_orange[0m[1;32m][0m[1;32m[0m
[gazebo-1] [1;36m[Dbg] [FuelClient.cc:1968] [0m[1;36mDownloading from a referral link [[0m[1;36mhttps://gz-fuel-resources-production.s3.amazonaws.com/OpenRobotics/a5730194-6137-41c4-83ca-8ce89690d32f/.zips/5.zip?X-Amz-Algorithm=AWS4-HMAC-SHA256&X-Amz-Credential=AKIAS5OHIRKDBY6VUUFF%2F20260822%2Fus-east-1%2Fs3%2Faws4_request&X-Amz-Date=20260822T172022Z&X-Amz-Expires=3600&X-Amz-SignedHeaders=host&X-Amz-Signature=8fef9987811eb35473aa13660d7a4942d952b70e27417dc50c527c4f8f97024c[0m[1;36m][0m
[gazebo-1] [1;36m[Dbg] [Zip.cc:180] [0m[1;36mCreated file [[0m[1;36m/root/.gz/fuel/fuel.gazebosim.org/openrobotics/models/mb_round_buoy_orange/5/materials/textures/RoundBarrierBuoy_Base_Color.png[0m[1;36m][0m[1;36m[0m
[gazebo-1] [1;36m[Dbg] [Zip.cc:180] [0m[1;36mCreated file [[0m[1;36m/root/.gz/fuel/fuel.gazebosim.org/openrobotics/models/mb_round_buoy_orange/5/materials/textures/RoundBarrierBuoy_Roughness.png[0m[1;36m][0m[1;36m[0m
[gazebo-1] [1;36m[Dbg] [Zip.cc:180] [0m[1;36mCreated file [[0m[1;36m/root/.gz/fuel/fuel.gazebosim.org/openrobotics/models/mb_round_buoy_orange/5/meshes/mb_round_buoy.dae[0m[1;36m][0m[1;36m[0m
[gazebo-1] [1;36m[Dbg] [Zip.cc:180] [0m[1;36mCreated file [[0m[1;36m/root/.gz/fuel/fuel.gazebosim.org/openrobotics/models/mb_round_buoy_orange/5/model.config[0m[1;36m][0m[1;36m[0m
[gazebo-1] [1;36m[Dbg] [Zip.cc:180] [0m[1;36mCreated file [[0m[1;36m/root/.gz/fuel/fuel.gazebosim.org/openrobotics/models/mb_round_buoy_orange/5/model.sdf[0m[1;36m][0m[1;36m[0m
[gazebo-1] [1;36m[Dbg] [Zip.cc:180] [0m[1;36mCreated file [[0m[1;36m/root/.gz/fuel/fuel.gazebosim.org/openrobotics/models/mb_round_buoy_orange/5/thumbnails/1.png[0m[1;36m][0m[1;36m[0m
[gazebo-1] [1;36m[Dbg] [Zip.cc:180] [0m[1;36mCreated file [[0m[1;36m/root/.gz/fuel/fuel.gazebosim.org/openrobotics/models/mb_round_buoy_orange/5/thumbnails/2.png[0m[1;36m][0m[1;36m[0m
[gazebo-1] [1;36m[Dbg] [Zip.cc:180] [0m[1;36mCreated file [[0m[1;36m/root/.gz/fuel/fuel.gazebosim.org/openrobotics/models/mb_round_buoy_orange/5/thumbnails/3.png[0m[1;36m][0m[1;36m[0m
[gazebo-1] [1;36m[Dbg] [Zip.cc:180] [0m[1;36mCreated file [[0m[1;36m/root/.gz/fuel/fuel.gazebosim.org/openrobotics/models/mb_round_buoy_orange/5/thumbnails/4.png[0m[1;36m][0m[1;36m[0m
[gazebo-1] [1;36m[Dbg] [Zip.cc:180] [0m[1;36mCreated file [[0m[1;36m/root/.gz/fuel/fuel.gazebosim.org/openrobotics/models/mb_round_buoy_orange/5/thumbnails/5.png[0m[1;36m][0m[1;36m[0m
[gazebo-1] [1;32m[Msg] [0m[1;32mDownloading model [[0m[1;32mfuel.gazebosim.org/openrobotics/models/mb_round_buoy_black[0m[1;32m][0m[1;32m[0m
[gazebo-1] [1;36m[Dbg] [FuelClient.cc:1968] [0m[1;36mDownloading from a referral link [[0m[1;36mhttps://gz-fuel-resources-production.s3.amazonaws.com/OpenRobotics/4bc225f6-ea14-4c71-af96-9608e350d0b4/.zips/4.zip?X-Amz-Algorithm=AWS4-HMAC-SHA256&X-Amz-Credential=AKIAS5OHIRKDBY6VUUFF%2F20260822%2Fus-east-1%2Fs3%2Faws4_request&X-Amz-Date=20260822T172022Z&X-Amz-Expires=3600&X-Amz-SignedHeaders=host&X-Amz-Signature=c13bf6dc6acb4c07daa6f9012266678aae9940e892cbea3dd69ec0dbce942ff5[0m[1;36m][0m
[gazebo-1] [1;36m[Dbg] [Zip.cc:180] [0m[1;36mCreated file [[0m[1;36m/root/.gz/fuel/fuel.gazebosim.org/openrobotics/models/mb_round_buoy_black/4/model.config[0m[1;36m][0m[1;36m[0m
[gazebo-1] [1;36m[Dbg] [Zip.cc:180] [0m[1;36mCreated file [[0m[1;36m/root/.gz/fuel/fuel.gazebosim.org/openrobotics/models/mb_round_buoy_black/4/model.sdf[0m[1;36m][0m[1;36m[0m
[gazebo-1] [1;36m[Dbg] [Zip.cc:180] [0m[1;36mCreated file [[0m[1;36m/root/.gz/fuel/fuel.gazebosim.org/openrobotics/models/mb_round_buoy_black/4/thumbnails/1.png[0m[1;36m][0m[1;36m[0m
[gazebo-1] [1;36m[Dbg] [Zip.cc:180] [0m[1;36mCreated file [[0m[1;36m/root/.gz/fuel/fuel.gazebosim.org/openrobotics/models/mb_round_buoy_black/4/thumbnails/2.png[0m[1;36m][0m[1;36m[0m
[gazebo-1] [1;36m[Dbg] [Zip.cc:180] [0m[1;36mCreated file [[0m[1;36m/root/.gz/fuel/fuel.gazebosim.org/openrobotics/models/mb_round_buoy_black/4/thumbnails/3.png[0m[1;36m][0m[1;36m[0m
[gazebo-1] [1;36m[Dbg] [Zip.cc:180] [0m[1;36mCreated file [[0m[1;36m/root/.gz/fuel/fuel.gazebosim.org/openrobotics/models/mb_round_buoy_black/4/thumbnails/4.png[0m[1;36m][0m[1;36m[0m
[gazebo-1] [1;36m[Dbg] [Zip.cc:180] [0m[1;36mCreated file [[0m[1;36m/root/.gz/fuel/fuel.gazebosim.org/openrobotics/models/mb_round_buoy_black/4/thumbnails/5.png[0m[1;36m][0m[1;36m[0m
[gazebo-1] [1;32m[Msg] [0m[1;32mDownloading model [[0m[1;32mfuel.gazebosim.org/openrobotics/models/post[0m[1;32m][0m[1;32m[0m
[gazebo-1] [1;36m[Dbg] [FuelClient.cc:1968] [0m[1;36mDownloading from a referral link [[0m[1;36mhttps://gz-fuel-resources-production.s3.amazonaws.com/OpenRobotics/a63fe814-ea73-464a-82d4-50804e3d7f2b/.zips/4.zip?X-Amz-Algorithm=AWS4-HMAC-SHA256&X-Amz-Credential=AKIAS5OHIRKDBY6VUUFF%2F20260822%2Fus-east-1%2Fs3%2Faws4_request&X-Amz-Date=20260822T172023Z&X-Amz-Expires=3600&X-Amz-SignedHeaders=host&X-Amz-Signature=e9a4a5ccb0dc860354f8baa0c870a4f46a8bf17510ba86c1440463736be8bc65[0m[1;36m][0m
[gazebo-1] [1;36m[Dbg] [Zip.cc:180] [0m[1;36mCreated file [[0m[1;36m/root/.gz/fuel/fuel.gazebosim.org/openrobotics/models/post/4/materials/textures/post.png[0m[1;36m][0m[1;36m[0m
[gazebo-1] [1;36m[Dbg] [Zip.cc:180] [0m[1;36mCreated file [[0m[1;36m/root/.gz/fuel/fuel.gazebosim.org/openrobotics/models/post/4/meshes/post.dae[0m[1;36m][0m[1;36m[0m
[gazebo-1] [1;36m[Dbg] [Zip.cc:180] [0m[1;36mCreated file [[0m[1;36m/root/.gz/fuel/fuel.gazebosim.org/openrobotics/models/post/4/model.config[0m[1;36m][0m[1;36m[0m
[gazebo-1] [1;36m[Dbg] [Zip.cc:180] [0m[1;36mCreated file [[0m[1;36m/root/.gz/fuel/fuel.gazebosim.org/openrobotics/models/post/4/model.sdf[0m[1;36m][0m[1;36m[0m
[gazebo-1] [1;36m[Dbg] [Zip.cc:180] [0m[1;36mCreated file [[0m[1;36m/root/.gz/fuel/fuel.gazebosim.org/openrobotics/models/post/4/thumbnails/1.png[0m[1;36m][0m[1;36m[0m
[gazebo-1] [1;36m[Dbg] [Zip.cc:180] [0m[1;36mCreated file [[0m[1;36m/root/.gz/fuel/fuel.gazebosim.org/openrobotics/models/post/4/thumbnails/2.png[0m[1;36m][0m[1;36m[0m
[gazebo-1] [1;36m[Dbg] [Zip.cc:180] [0m[1;36mCreated file [[0m[1;36m/root/.gz/fuel/fuel.gazebosim.org/openrobotics/models/post/4/thumbnails/3.png[0m[1;36m][0m[1;36m[0m
[gazebo-1] [1;36m[Dbg] [Zip.cc:180] [0m[1;36mCreated file [[0m[1;36m/root/.gz/fuel/fuel.gazebosim.org/openrobotics/models/post/4/thumbnails/4.png[0m[1;36m][0m[1;36m[0m
[gazebo-1] [1;36m[Dbg] [Zip.cc:180] [0m[1;36mCreated file [[0m[1;36m/root/.gz/fuel/fuel.gazebosim.org/openrobotics/models/post/4/thumbnails/5.png[0m[1;36m][0m[1;36m[0m
[gazebo-1] [1;32m[Msg] [0m[1;32mDownloading model [[0m[1;32mfuel.gazebosim.org/openrobotics/models/antenna[0m[1;32m][0m[1;32m[0m
[gazebo-1] [1;36m[Dbg] [FuelClient.cc:1968] [0m[1;36mDownloading from a referral link [[0m[1;36mhttps://gz-fuel-resources-production.s3.amazonaws.com/OpenRobotics/732c4103-4e0f-4c2c-bd2c-b4285886132a/.zips/5.zip?X-Amz-Algorithm=AWS4-HMAC-SHA256&X-Amz-Credential=AKIAS5OHIRKDBY6VUUFF%2F20260822%2Fus-east-1%2Fs3%2Faws4_request&X-Amz-Date=20260822T172024Z&X-Amz-Expires=3600&X-Amz-SignedHeaders=host&X-Amz-Signature=1bce089129ba3a64d086361840c8f4a42763514437bbed00a2b7c2499c960bd1[0m[1;36m][0m
[gazebo-1] [1;36m[Dbg] [Zip.cc:180] [0m[1;36mCreated file [[0m[1;36m/root/.gz/fuel/fuel.gazebosim.org/openrobotics/models/antenna/5/meshes/antenna.dae[0m[1;36m][0m[1;36m[0m
[gazebo-1] [1;36m[Dbg] [Zip.cc:180] [0m[1;36mCreated file [[0m[1;36m/root/.gz/fuel/fuel.gazebosim.org/openrobotics/models/antenna/5/meshes/antenna.png[0m[1;36m][0m[1;36m[0m
[gazebo-1] [1;36m[Dbg] [Zip.cc:180] [0m[1;36mCreated file [[0m[1;36m/root/.gz/fuel/fuel.gazebosim.org/openrobotics/models/antenna/5/model.config[0m[1;36m][0m[1;36m[0m
[gazebo-1] [1;36m[Dbg] [Zip.cc:180] [0m[1;36mCreated file [[0m[1;36m/root/.gz/fuel/fuel.gazebosim.org/openrobotics/models/antenna/5/model.sdf[0m[1;36m][0m[1;36m[0m
[gazebo-1] [1;36m[Dbg] [Zip.cc:180] [0m[1;36mCreated file [[0m[1;36m/root/.gz/fuel/fuel.gazebosim.org/openrobotics/models/antenna/5/thumbnails/1.png[0m[1;36m][0m[1;36m[0m
[gazebo-1] [1;36m[Dbg] [Zip.cc:180] [0m[1;36mCreated file [[0m[1;36m/root/.gz/fuel/fuel.gazebosim.org/openrobotics/models/antenna/5/thumbnails/2.png[0m[1;36m][0m[1;36m[0m
[gazebo-1] [1;36m[Dbg] [Zip.cc:180] [0m[1;36mCreated file [[0m[1;36m/root/.gz/fuel/fuel.gazebosim.org/openrobotics/models/antenna/5/thumbnails/3.png[0m[1;36m][0m[1;36m[0m
[gazebo-1] [1;36m[Dbg] [Zip.cc:180] [0m[1;36mCreated file [[0m[1;36m/root/.gz/fuel/fuel.gazebosim.org/openrobotics/models/antenna/5/thumbnails/4.png[0m[1;36m][0m[1;36m[0m
[gazebo-1] [1;36m[Dbg] [Zip.cc:180] [0m[1;36mCreated file [[0m[1;36m/root/.gz/fuel/fuel.gazebosim.org/openrobotics/models/antenna/5/thumbnails/5.png[0m[1;36m][0m[1;36m[0m
[gazebo-1] [1;32m[Msg] [0m[1;32mDownloading model [[0m[1;32mfuel.gazebosim.org/openrobotics/models/ground_station[0m[1;32m][0m[1;32m[0m
[gazebo-1] [1;36m[Dbg] [FuelClient.cc:1968] [0m[1;36mDownloading from a referral link [[0m[1;36mhttps://gz-fuel-resources-production.s3.amazonaws.com/OpenRobotics/7037712b-468d-40f7-b056-1b2b709c2b55/.zips/7.zip?X-Amz-Algorithm=AWS4-HMAC-SHA256&X-Amz-Credential=AKIAS5OHIRKDBY6VUUFF%2F20260822%2Fus-east-1%2Fs3%2Faws4_request&X-Amz-Date=20260822T172024Z&X-Amz-Expires=3600&X-Amz-SignedHeaders=host&X-Amz-Signature=30e7169fc176c978b209772086a8592e85b0cedf53ab3c4d7d6e1bd91b2c250a[0m[1;36m][0m
[gazebo-1] [1;36m[Dbg] [Zip.cc:180] [0m[1;36mCreated file [[0m[1;36m/root/.gz/fuel/fuel.gazebosim.org/openrobotics/models/ground_station/7/model.config[0m[1;36m][0m[1;36m[0m
[gazebo-1] [1;36m[Dbg] [Zip.cc:180] [0m[1;36mCreated file [[0m[1;36m/root/.gz/fuel/fuel.gazebosim.org/openrobotics/models/ground_station/7/model.sdf[0m[1;36m][0m[1;36m[0m
[gazebo-1] [1;36m[Dbg] [Zip.cc:180] [0m[1;36mCreated file [[0m[1;36m/root/.gz/fuel/fuel.gazebosim.org/openrobotics/models/ground_station/7/thumbnails/1.png[0m[1;36m][0m[1;36m[0m
[gazebo-1] [1;36m[Dbg] [Zip.cc:180] [0m[1;36mCreated file [[0m[1;36m/root/.gz/fuel/fuel.gazebosim.org/openrobotics/models/ground_station/7/thumbnails/2.png[0m[1;36m][0m[1;36m[0m
[gazebo-1] [1;36m[Dbg] [Zip.cc:180] [0m[1;36mCreated file [[0m[1;36m/root/.gz/fuel/fuel.gazebosim.org/openrobotics/models/ground_station/7/thumbnails/3.png[0m[1;36m][0m[1;36m[0m
[gazebo-1] [1;36m[Dbg] [Zip.cc:180] [0m[1;36mCreated file [[0m[1;36m/root/.gz/fuel/fuel.gazebosim.org/openrobotics/models/ground_station/7/thumbnails/4.png[0m[1;36m][0m[1;36m[0m
[gazebo-1] [1;36m[Dbg] [Zip.cc:180] [0m[1;36mCreated file [[0m[1;36m/root/.gz/fuel/fuel.gazebosim.org/openrobotics/models/ground_station/7/thumbnails/5.png[0m[1;36m][0m[1;36m[0m
[gazebo-1] [1;32m[Msg] [0m[1;32mDownloading model [[0m[1;32mfuel.gazebosim.org/openrobotics/models/tent[0m[1;32m][0m[1;32m[0m
[gazebo-1] [1;36m[Dbg] [FuelClient.cc:1968] [0m[1;36mDownloading from a referral link [[0m[1;36mhttps://gz-fuel-resources-production.s3.amazonaws.com/OpenRobotics/02fdda68-3d93-4296-a7fe-789534f5570f/.zips/4.zip?X-Amz-Algorithm=AWS4-HMAC-SHA256&X-Amz-Credential=AKIAS5OHIRKDBY6VUUFF%2F20260822%2Fus-east-1%2Fs3%2Faws4_request&X-Amz-Date=20260822T172025Z&X-Amz-Expires=3600&X-Amz-SignedHeaders=host&X-Amz-Signature=79955275339aa2b92c959555f7ad215524ef49c017d85896d5bf1dd1151f8e9c[0m[1;36m][0m
[gazebo-1] [1;36m[Dbg] [Zip.cc:180] [0m[1;36mCreated file [[0m[1;36m/root/.gz/fuel/fuel.gazebosim.org/openrobotics/models/tent/4/mesh/tent.dae[0m[1;36m][0m[1;36m[0m
[gazebo-1] [1;36m[Dbg] [Zip.cc:180] [0m[1;36mCreated file [[0m[1;36m/root/.gz/fuel/fuel.gazebosim.org/openrobotics/models/tent/4/mesh/tent.png[0m[1;36m][0m[1;36m[0m
[gazebo-1] [1;36m[Dbg] [Zip.cc:180] [0m[1;36mCreated file [[0m[1;36m/root/.gz/fuel/fuel.gazebosim.org/openrobotics/models/tent/4/model.config[0m[1;36m][0m[1;36m[0m
[gazebo-1] [1;36m[Dbg] [Zip.cc:180] [0m[1;36mCreated file [[0m[1;36m/root/.gz/fuel/fuel.gazebosim.org/openrobotics/models/tent/4/model.sdf[0m[1;36m][0m[1;36m[0m
[gazebo-1] [1;36m[Dbg] [Zip.cc:180] [0m[1;36mCreated file [[0m[1;36m/root/.gz/fuel/fuel.gazebosim.org/openrobotics/models/tent/4/thumbnails/1.png[0m[1;36m][0m[1;36m[0m
[gazebo-1] [1;36m[Dbg] [Zip.cc:180] [0m[1;36mCreated file [[0m[1;36m/root/.gz/fuel/fuel.gazebosim.org/openrobotics/models/tent/4/thumbnails/2.png[0m[1;36m][0m[1;36m[0m
[gazebo-1] [1;36m[Dbg] [Zip.cc:180] [0m[1;36mCreated file [[0m[1;36m/root/.gz/fuel/fuel.gazebosim.org/openrobotics/models/tent/4/thumbnails/3.png[0m[1;36m][0m[1;36m[0m
[gazebo-1] [1;36m[Dbg] [Zip.cc:180] [0m[1;36mCreated file [[0m[1;36m/root/.gz/fuel/fuel.gazebosim.org/openrobotics/models/tent/4/thumbnails/4.png[0m[1;36m][0m[1;36m[0m
[gazebo-1] [1;36m[Dbg] [Zip.cc:180] [0m[1;36mCreated file [[0m[1;36m/root/.gz/fuel/fuel.gazebosim.org/openrobotics/models/tent/4/thumbnails/5.png[0m[1;36m][0m[1;36m[0m
[gazebo-1] [1;32m[Msg] [0m[1;32mDownloading model [[0m[1;32mfuel.gazebosim.org/openrobotics/models/foldable_table[0m[1;32m][0m[1;32m[0m
[gazebo-1] [1;36m[Dbg] [FuelClient.cc:1968] [0m[1;36mDownloading from a referral link [[0m[1;36mhttps://gz-fuel-resources-production.s3.amazonaws.com/OpenRobotics/1d9bc9dd-1590-4951-a344-2bb17bd386f4/.zips/4.zip?X-Amz-Algorithm=AWS4-HMAC-SHA256&X-Amz-Credential=AKIAS5OHIRKDBY6VUUFF%2F20260822%2Fus-east-1%2Fs3%2Faws4_request&X-Amz-Date=20260822T172025Z&X-Amz-Expires=3600&X-Amz-SignedHeaders=host&X-Amz-Signature=2177b2bcd978fb8eadcc621b85c431d6be4b7103fdf26d5bea7cbf91692a0c8c[0m[1;36m][0m
[gazebo-1] [1;36m[Dbg] [Zip.cc:180] [0m[1;36mCreated file [[0m[1;36m/root/.gz/fuel/fuel.gazebosim.org/openrobotics/models/foldable_table/4/mesh/foldable_table.dae[0m[1;36m][0m[1;36m[0m
[gazebo-1] [1;36m[Dbg] [Zip.cc:180] [0m[1;36mCreated file [[0m[1;36m/root/.gz/fuel/fuel.gazebosim.org/openrobotics/models/foldable_table/4/mesh/foldable_table.png[0m[1;36m][0m[1;36m[0m
[gazebo-1] [1;36m[Dbg] [Zip.cc:180] [0m[1;36mCreated file [[0m[1;36m/root/.gz/fuel/fuel.gazebosim.org/openrobotics/models/foldable_table/4/model.config[0m[1;36m][0m[1;36m[0m
[gazebo-1] [1;36m[Dbg] [Zip.cc:180] [0m[1;36mCreated file [[0m[1;36m/root/.gz/fuel/fuel.gazebosim.org/openrobotics/models/foldable_table/4/model.sdf[0m[1;36m][0m[1;36m[0m
[gazebo-1] [1;36m[Dbg] [Zip.cc:180] [0m[1;36mCreated file [[0m[1;36m/root/.gz/fuel/fuel.gazebosim.org/openrobotics/models/foldable_table/4/thumbnails/1.png[0m[1;36m][0m[1;36m[0m
[gazebo-1] [1;36m[Dbg] [Zip.cc:180] [0m[1;36mCreated file [[0m[1;36m/root/.gz/fuel/fuel.gazebosim.org/openrobotics/models/foldable_table/4/thumbnails/2.png[0m[1;36m][0m[1;36m[0m
[gazebo-1] [1;36m[Dbg] [Zip.cc:180] [0m[1;36mCreated file [[0m[1;36m/root/.gz/fuel/fuel.gazebosim.org/openrobotics/models/foldable_table/4/thumbnails/3.png[0m[1;36m][0m[1;36m[0m
[gazebo-1] [1;36m[Dbg] [Zip.cc:180] [0m[1;36mCreated file [[0m[1;36m/root/.gz/fuel/fuel.gazebosim.org/openrobotics/models/foldable_table/4/thumbnails/4.png[0m[1;36m][0m[1;36m[0m
[gazebo-1] [1;36m[Dbg] [Zip.cc:180] [0m[1;36mCreated file [[0m[1;36m/root/.gz/fuel/fuel.gazebosim.org/openrobotics/models/foldable_table/4/thumbnails/5.png[0m[1;36m][0m[1;36m[0m
[gazebo-1] [1;32m[Msg] [0m[1;32mDownloading model [[0m[1;32mfuel.gazebosim.org/openrobotics/models/foldable_chair[0m[1;32m][0m[1;32m[0m
[gazebo-1] [1;36m[Dbg] [FuelClient.cc:1968] [0m[1;36mDownloading from a referral link [[0m[1;36mhttps://gz-fuel-resources-production.s3.amazonaws.com/OpenRobotics/6d3e4cf8-4f92-4b93-8990-e2c6a53d9d9a/.zips/3.zip?X-Amz-Algorithm=AWS4-HMAC-SHA256&X-Amz-Credential=AKIAS5OHIRKDBY6VUUFF%2F20260822%2Fus-east-1%2Fs3%2Faws4_request&X-Amz-Date=20260822T172026Z&X-Amz-Expires=3600&X-Amz-SignedHeaders=host&X-Amz-Signature=44571d64e4b5f9187207b9e5e0a066e13c4fbdc63bad0b285b51e47efba86d5e[0m[1;36m][0m
[gazebo-1] [1;36m[Dbg] [Zip.cc:180] [0m[1;36mCreated file [[0m[1;36m/root/.gz/fuel/fuel.gazebosim.org/openrobotics/models/foldable_chair/3/mesh/foldable_chair.dae[0m[1;36m][0m[1;36m[0m
[gazebo-1] [1;36m[Dbg] [Zip.cc:180] [0m[1;36mCreated file [[0m[1;36m/root/.gz/fuel/fuel.gazebosim.org/openrobotics/models/foldable_chair/3/mesh/foldable_chair.png[0m[1;36m][0m[1;36m[0m
[gazebo-1] [1;36m[Dbg] [Zip.cc:180] [0m[1;36mCreated file [[0m[1;36m/root/.gz/fuel/fuel.gazebosim.org/openrobotics/models/foldable_chair/3/model.config[0m[1;36m][0m[1;36m[0m
[gazebo-1] [1;36m[Dbg] [Zip.cc:180] [0m[1;36mCreated file [[0m[1;36m/root/.gz/fuel/fuel.gazebosim.org/openrobotics/models/foldable_chair/3/model.sdf[0m[1;36m][0m[1;36m[0m
[gazebo-1] [1;36m[Dbg] [Zip.cc:180] [0m[1;36mCreated file [[0m[1;36m/root/.gz/fuel/fuel.gazebosim.org/openrobotics/models/foldable_chair/3/thumbnails/1.png[0m[1;36m][0m[1;36m[0m
[gazebo-1] [1;36m[Dbg] [Zip.cc:180] [0m[1;36mCreated file [[0m[1;36m/root/.gz/fuel/fuel.gazebosim.org/openrobotics/models/foldable_chair/3/thumbnails/2.png[0m[1;36m][0m[1;36m[0m
[gazebo-1] [1;36m[Dbg] [Zip.cc:180] [0m[1;36mCreated file [[0m[1;36m/root/.gz/fuel/fuel.gazebosim.org/openrobotics/models/foldable_chair/3/thumbnails/3.png[0m[1;36m][0m[1;36m[0m
[gazebo-1] [1;36m[Dbg] [Zip.cc:180] [0m[1;36mCreated file [[0m[1;36m/root/.gz/fuel/fuel.gazebosim.org/openrobotics/models/foldable_chair/3/thumbnails/4.png[0m[1;36m][0m[1;36m[0m
[gazebo-1] [1;36m[Dbg] [Zip.cc:180] [0m[1;36mCreated file [[0m[1;36m/root/.gz/fuel/fuel.gazebosim.org/openrobotics/models/foldable_chair/3/thumbnails/5.png[0m[1;36m][0m[1;36m[0m
[gazebo-1] [1;32m[Msg] [0m[1;32mServing entity system service on [[0m[1;32m/[0m[1;32mentity/system/add[0m[1;32m][0m[1;32m[0m
[gazebo-1] [1;36m[Dbg] [Physics.cc:899] [0m[1;36mLoaded [[0m[1;36mgz::physics::dartsim::Plugin[0m[1;36m] from library [[0m[1;36m/opt/ros/jazzy/opt/gz_physics_vendor/lib/gz-physics-7/engine-plugins/libgz-physics-dartsim-plugin.so[0m[1;36m][0m[1;36m[0m
[gazebo-1] [1;36m[Dbg] [SystemManager.cc:80] [0m[1;36mLoaded system [[0m[1;36mgz::sim::systems::Physics[0m[1;36m] for entity [[0m[1;36m1[0m[1;36m][0m[1;36m[0m
[gazebo-1] [1;32m[Msg] [0m[1;32mCreate[0m[1;32m service on [[0m[1;32m/world/sydney_regatta/create_multiple[0m[1;32m] (async)[0m[1;32m[0m
[gazebo-1] [1;32m[Msg] [0m[1;32mCreate[0m[1;32m service on [[0m[1;32m/world/sydney_regatta/create_multiple/blocking[0m[1;32m] (blocking)[0m[1;32m[0m
[gazebo-1] [1;32m[Msg] [0m[1;32mRemove[0m[1;32m service on [[0m[1;32m/world/sydney_regatta/remove[0m[1;32m] (async)[0m[1;32m[0m
[gazebo-1] [1;32m[Msg] [0m[1;32mRemove[0m[1;32m service on [[0m[1;32m/world/sydney_regatta/remove/blocking[0m[1;32m] (blocking)[0m[1;32m[0m
[gazebo-1] [1;32m[Msg] [0m[1;32mPose[0m[1;32m service on [[0m[1;32m/world/sydney_regatta/set_pose[0m[1;32m] (async)[0m[1;32m[0m
[gazebo-1] [1;32m[Msg] [0m[1;32mPose[0m[1;32m service on [[0m[1;32m/world/sydney_regatta/set_pose/blocking[0m[1;32m] (blocking)[0m[1;32m[0m
[gazebo-1] [1;32m[Msg] [0m[1;32mPose[0m[1;32m service on [[0m[1;32m/world/sydney_regatta/set_pose_vector[0m[1;32m] (async)[0m[1;32m[0m
[gazebo-1] [1;32m[Msg] [0m[1;32mPose[0m[1;32m service on [[0m[1;32m/world/sydney_regatta/set_pose_vector/blocking[0m[1;32m] (blocking)[0m[1;32m[0m
[gazebo-1] [1;32m[Msg] [0m[1;32mLight configuration[0m[1;32m service on [[0m[1;32m/world/sydney_regatta/light_config[0m[1;32m] (async)[0m[1;32m[0m
[gazebo-1] [1;32m[Msg] [0m[1;32mLight configuration[0m[1;32m service on [[0m[1;32m/world/sydney_regatta/light_config/blocking[0m[1;32m] (blocking)[0m[1;32m[0m
[gazebo-1] [1;32m[Msg] [0m[1;32mPhysics[0m[1;32m service on [[0m[1;32m/world/sydney_regatta/set_physics[0m[1;32m] (async)[0m[1;32m[0m
[gazebo-1] [1;32m[Msg] [0m[1;32mPhysics[0m[1;32m service on [[0m[1;32m/world/sydney_regatta/set_physics/blocking[0m[1;32m] (blocking)[0m[1;32m[0m
[gazebo-1] [1;32m[Msg] [0m[1;32mSphericalCoordinates[0m[1;32m service on [[0m[1;32m/world/sydney_regatta/set_spherical_coordinates[0m[1;32m] (async)[0m[1;32m[0m
[gazebo-1] [1;32m[Msg] [0m[1;32mSphericalCoordinates[0m[1;32m service on [[0m[1;32m/world/sydney_regatta/set_spherical_coordinates/blocking[0m[1;32m] (blocking)[0m[1;32m[0m
[gazebo-1] [1;32m[Msg] [0m[1;32mEnable collision[0m[1;32m service on [[0m[1;32m/world/sydney_regatta/enable_collision[0m[1;32m] (async)[0m[1;32m[0m
[gazebo-1] [1;32m[Msg] [0m[1;32mEnable collision[0m[1;32m service on [[0m[1;32m/world/sydney_regatta/enable_collision/blocking[0m[1;32m] (blocking)[0m[1;32m[0m
[gazebo-1] [1;32m[Msg] [0m[1;32mDisable collision[0m[1;32m service on [[0m[1;32m/world/sydney_regatta/disable_collision[0m[1;32m] (async)[0m[1;32m[0m
[gazebo-1] [1;32m[Msg] [0m[1;32mDisable collision[0m[1;32m service on [[0m[1;32m/world/sydney_regatta/disable_collision/blocking[0m[1;32m] (blocking)[0m[1;32m[0m
[gazebo-1] [1;32m[Msg] [0m[1;32mMaterial[0m[1;32m service on [[0m[1;32m/world/sydney_regatta/visual_config[0m[1;32m] (async)[0m[1;32m[0m
[gazebo-1] [1;32m[Msg] [0m[1;32mMaterial[0m[1;32m service on [[0m[1;32m/world/sydney_regatta/visual_config/blocking[0m[1;32m] (blocking)[0m[1;32m[0m
[create-3] [INFO] [1787419228.082399426] [ros_gz_sim]: Requesting list of world names.
[gazebo-1] [1;32m[Msg] [0m[1;32mMaterial[0m[1;32m service on [[0m[1;32m/world/sydney_regatta/wheel_slip[0m[1;32m] (async)[0m[1;32m[0m
[gazebo-1] [1;32m[Msg] [0m[1;32mMaterial[0m[1;32m service on [[0m[1;32m/world/sydney_regatta/wheel_slip/blocking[0m[1;32m] (blocking)[0m[1;32m[0m
[gazebo-1] [1;36m[Dbg] [SystemManager.cc:80] [0m[1;36mLoaded system [[0m[1;36mgz::sim::systems::UserCommands[0m[1;36m] for entity [[0m[1;36m1[0m[1;36m][0m[1;36m[0m
[gazebo-1] [1;36m[Dbg] [Sensors.cc:697] [0m[1;36mConfiguring Sensors system[0m[1;36m[0m
[gazebo-1] [1;36m[Dbg] [Sensors.cc:557] [0m[1;36mSensorsPrivate::Run[0m[1;36m[0m
[gazebo-1] [1;36m[Dbg] [SystemManager.cc:80] [0m[1;36mLoaded system [[0m[1;36mgz::sim::systems::Sensors[0m[1;36m] for entity [[0m[1;36m1[0m[1;36m][0m[1;36m[0m
[gazebo-1] [1;36m[Dbg] [Sensors.cc:532] [0m[1;36mSensorsPrivate::RenderThread started[0m[1;36m[0m
[gazebo-1] [1;36m[Dbg] [Sensors.cc:337] [0m[1;36mWaiting for init[0m[1;36m[0m
[gazebo-1] [1;36m[Dbg] [SystemManager.cc:80] [0m[1;36mLoaded system [[0m[1;36mgz::sim::systems::Imu[0m[1;36m] for entity [[0m[1;36m1[0m[1;36m][0m[1;36m[0m
[gazebo-1] [1;36m[Dbg] [Magnetometer.cc:261] [0m[1;36mMagnetometer: using param [use_units_gauss: [0m[1;36m1[0m[1;36m].[0m[1;36m[0m
[gazebo-1] [1;36m[Dbg] [Magnetometer.cc:269] [0m[1;36mMagnetometer: using param [use_earth_frame_ned: [0m[1;36m1[0m[1;36m].[0m[1;36m[0m
[gazebo-1] [1;36m[Dbg] [SystemManager.cc:80] [0m[1;36mLoaded system [[0m[1;36mgz::sim::systems::Magnetometer[0m[1;36m] for entity [[0m[1;36m1[0m[1;36m][0m[1;36m[0m
[gazebo-1] [1;36m[Dbg] [SystemManager.cc:80] [0m[1;36mLoaded system [[0m[1;36mgz::sim::systems::ForceTorque[0m[1;36m] for entity [[0m[1;36m1[0m[1;36m][0m[1;36m[0m
[gazebo-1] [1;32m[Msg] [0m[1;32mServing particle emitter information on [[0m[1;32m/world/sydney_regatta/particle_emitters[0m[1;32m][0m[1;32m[0m
[gazebo-1] [1;36m[Dbg] [SystemManager.cc:80] [0m[1;36mLoaded system [[0m[1;36mgz::sim::systems::ParticleEmitter[0m[1;36m] for entity [[0m[1;36m1[0m[1;36m][0m[1;36m[0m
[gazebo-1] [1;36m[Dbg] [SystemManager.cc:80] [0m[1;36mLoaded system [[0m[1;36mgz::sim::systems::SceneBroadcaster[0m[1;36m] for entity [[0m[1;36m1[0m[1;36m][0m[1;36m[0m
[gazebo-1] [1;36m[Dbg] [SystemManager.cc:80] [0m[1;36mLoaded system [[0m[1;36mgz::sim::systems::Contact[0m[1;36m] for entity [[0m[1;36m1[0m[1;36m][0m[1;36m[0m
[gazebo-1] [1;36m[Dbg] [SystemManager.cc:80] [0m[1;36mLoaded system [[0m[1;36mgz::sim::systems::NavSat[0m[1;36m] for entity [[0m[1;36m1[0m[1;36m][0m[1;36m[0m
[gazebo-1] [1;36m[Dbg] [USVWind.cc:160] [0m[1;36mwamv[0m[1;36m loaded[0m[1;36m[0m
[gazebo-1] [1;32m[Msg] [0m[1;32mWind direction unit vector = [0m[1;32m-0.5[0m[1;32m [0m[1;32m-0.866025[0m[1;32m [0m[1;32m0[0m[1;32m[0m
[gazebo-1] [1;32m[Msg] [0m[1;32mWind mean velocity = [0m[1;32m0[0m[1;32m[0m
[gazebo-1] [1;32m[Msg] [0m[1;32mvar wind gain constants = [0m[1;32m0[0m[1;32m[0m
[gazebo-1] [1;32m[Msg] [0m[1;32mvar wind time constants = [0m[1;32m2[0m[1;32m[0m
[gazebo-1] [1;32m[Msg] [0m[1;32mupdate rate  = [0m[1;32m10[0m[1;32m[0m
[gazebo-1] [1;32m[Msg] [0m[1;32mtopic wind speed  = [0m[1;32m/vrx/debug/wind/speed[0m[1;32m[0m
[gazebo-1] [1;32m[Msg] [0m[1;32mtopic wind direction = [0m[1;32m/vrx/debug/wind/direction[0m[1;32m[0m
[gazebo-1] [1;32m[Msg] [0m[1;32mRandom seed value = [0m[1;32m10[0m[1;32m[0m
[gazebo-1] [1;32m[Msg] [0m[1;32mVar wind filter gain = [0m[1;32m0[0m[1;32m[0m
[gazebo-1] [1;36m[Dbg] [SystemManager.cc:80] [0m[1;36mLoaded system [[0m[1;36mvrx::USVWind[0m[1;36m] for entity [[0m[1;36m1[0m[1;36m][0m[1;36m[0m
[gazebo-1] [1;36m[Dbg] [SystemManager.cc:80] [0m[1;36mLoaded system [[0m[1;36mvrx::PublisherPlugin[0m[1;36m] for entity [[0m[1;36m1[0m[1;36m][0m[1;36m[0m
[gazebo-1] [1;32m[Msg] [0m[1;32mInput Parameters:[0m[1;32m[0m
[gazebo-1] [1;32m[Msg] [0m[1;32mmodel:     [0m[1;32mPMS[0m[1;32m[0m
[gazebo-1] [1;32m[Msg] [0m[1;32mnumber:     [0m[1;32m3[0m[1;32m[0m
[gazebo-1] [1;32m[Msg] [0m[1;32mscale:      [0m[1;32m1.1[0m[1;32m[0m
[gazebo-1] [1;32m[Msg] [0m[1;32mangle:      [0m[1;32m0.4[0m[1;32m[0m
[gazebo-1] [1;32m[Msg] [0m[1;32msteepness:  [0m[1;32m0[0m[1;32m[0m
[gazebo-1] [1;32m[Msg] [0m[1;32mamplitude:  [0m[1;32m0[0m[1;32m[0m
[gazebo-1] [1;32m[Msg] [0m[1;32mperiod:     [0m[1;32m5[0m[1;32m[0m
[gazebo-1] [1;32m[Msg] [0m[1;32mdirection:  [0m[1;32m0[0m[1;32m[0m
[gazebo-1] [1;32m[Msg] [0m[1;32mtau:  [0m[1;32m2[0m[1;32m[0m
[gazebo-1] [1;32m[Msg] [0m[1;32mgain:  [0m[1;32m1[0m[1;32m[0m
[gazebo-1] [1;32m[Msg] [0m[1;32mDerived Parameters:[0m[1;32m[0m
[gazebo-1] [1;32m[Msg] [0m[1;32mamplitudes:  [0m[1;32m0.121167[0m[1;32m, [0m[1;32m0.130759[0m[1;32m, [0m[1;32m0.128568[0m[1;32m, [0m[1;32m[0m
[gazebo-1] [1;32m[Msg] [0m[1;32mwavenumbers: [0m[1;32m0.133171[0m[1;32m, [0m[1;32m0.161136[0m[1;32m, [0m[1;32m0.194975[0m[1;32m, [0m[1;32m[0m
[gazebo-1] [1;32m[Msg] [0m[1;32momegas:      [0m[1;32m1.1424[0m[1;32m, [0m[1;32m1.25664[0m[1;32m, [0m[1;32m1.3823[0m[1;32m, [0m[1;32m[0m
[gazebo-1] [1;32m[Msg] [0m[1;32mperiods:     [0m[1;32m[Msg] [0m[1;32m5.5[0m[1;32m, [0m[1;32m[Msg] [0m[1;32m5[0m[1;32m, [0m[1;32m[Msg] [0m[1;32m4.54545[0m[1;32m, [0m[1;32m[Msg] [0m[1;32m[0m
[gazebo-1] [1;32m[Msg] [0m[1;32mphases:      [0m[1;32m0[0m[1;32m, [0m[1;32m0[0m[1;32m, [0m[1;32m0[0m[1;32m, [0m[1;32m[0m
[gazebo-1] [1;32m[Msg] [0m[1;32msteepnesses: [0m[1;32m0[0m[1;32m, [0m[1;32m0[0m[1;32m, [0m[1;32m0[0m[1;32m, [0m[1;32m[0m
[gazebo-1] [1;32m[Msg] [0m[1;32mdirections:  [0m[1;32m[Msg] [0m[1;32m0.921061[0m[1;32m [0m[1;32m-0.389418[0m[1;32m; [0m[1;32m[Msg] [0m[1;32m1[0m[1;32m [0m[1;32m0[0m[1;32m; [0m[1;32m[Msg] [0m[1;32m0.921061[0m[1;32m [0m[1;32m0.389418[0m[1;32m; [0m[1;32m[Msg] [0m[1;32m[0m
[gazebo-1] [1;36m[Dbg] [SystemManager.cc:80] [0m[1;36mLoaded system [[0m[1;36mvrx::WaveVisual[0m[1;36m] for entity [[0m[1;36m17[0m[1;36m][0m[1;36m[0m
[gazebo-1] [1;32m[Msg] [0m[1;32mInput Parameters:[0m[1;32m[0m
[gazebo-1] [1;32m[Msg] [0m[1;32mmodel:     [0m[1;32mPMS[0m[1;32m[0m
[gazebo-1] [1;32m[Msg] [0m[1;32mnumber:     [0m[1;32m3[0m[1;32m[0m
[gazebo-1] [1;32m[Msg] [0m[1;32mscale:      [0m[1;32m1.1[0m[1;32m[0m
[gazebo-1] [1;32m[Msg] [0m[1;32mangle:      [0m[1;32m0.4[0m[1;32m[0m
[gazebo-1] [1;32m[Msg] [0m[1;32msteepness:  [0m[1;32m0[0m[1;32m[0m
[gazebo-1] [1;32m[Msg] [0m[1;32mamplitude:  [0m[1;32m0[0m[1;32m[0m
[gazebo-1] [1;32m[Msg] [0m[1;32mperiod:     [0m[1;32m5[0m[1;32m[0m
[gazebo-1] [1;32m[Msg] [0m[1;32mdirection:  [0m[1;32m0[0m[1;32m[0m
[gazebo-1] [1;32m[Msg] [0m[1;32mtau:  [0m[1;32m2[0m[1;32m[0m
[gazebo-1] [1;32m[Msg] [0m[1;32mgain:  [0m[1;32m1[0m[1;32m[0m
[gazebo-1] [1;32m[Msg] [0m[1;32mDerived Parameters:[0m[1;32m[0m
[gazebo-1] [1;32m[Msg] [0m[1;32mamplitudes:  [0m[1;32m0.121167[0m[1;32m, [0m[1;32m0.130759[0m[1;32m, [0m[1;32m0.128568[0m[1;32m, [0m[1;32m[0m
[gazebo-1] [1;32m[Msg] [0m[1;32mwavenumbers: [0m[1;32m0.133171[0m[1;32m, [0m[1;32m0.161136[0m[1;32m, [0m[1;32m0.194975[0m[1;32m, [0m[1;32m[0m
[gazebo-1] [1;32m[Msg] [0m[1;32momegas:      [0m[1;32m1.1424[0m[1;32m, [0m[1;32m1.25664[0m[1;32m, [0m[1;32m1.3823[0m[1;32m, [0m[1;32m[0m
[gazebo-1] [1;32m[Msg] [0m[1;32mperiods:     [0m[1;32m[Msg] [0m[1;32m5.5[0m[1;32m, [0m[1;32m[Msg] [0m[1;32m5[0m[1;32m, [0m[1;32m[Msg] [0m[1;32m4.54545[0m[1;32m, [0m[1;32m[Msg] [0m[1;32m[0m
[gazebo-1] [1;32m[Msg] [0m[1;32mphases:      [0m[1;32m0[0m[1;32m, [0m[1;32m0[0m[1;32m, [0m[1;32m0[0m[1;32m, [0m[1;32m[0m
[gazebo-1] [1;32m[Msg] [0m[1;32msteepnesses: [0m[1;32m0[0m[1;32m, [0m[1;32m0[0m[1;32m, [0m[1;32m0[0m[1;32m, [0m[1;32m[0m
[gazebo-1] [1;32m[Msg] [0m[1;32mdirections:  [0m[1;32m[Msg] [0m[1;32m0.921061[0m[1;32m [0m[1;32m-0.389418[0m[1;32m; [0m[1;32m[Msg] [0m[1;32m1[0m[1;32m [0m[1;32m0[0m[1;32m; [0m[1;32m[Msg] [0m[1;32m0.921061[0m[1;32m [0m[1;32m0.389418[0m[1;32m; [0m[1;32m[Msg] [0m[1;32m[0m
[gazebo-1] [1;36m[Dbg] [PolyhedraBuoyancyDrag.cc:236] [0m[1;36mFound buoyancy element(s), looking at each element...[0m[1;36m[0m
[gazebo-1] [1;36m[Dbg] [PolyhedraBuoyancyDrag.cc:248] [0m[1;36mBuoyancy object:[0m
[gazebo-1] [1;36m	Link: [0m[1;36mlink[0m[1;36m[[0m[1;36m19[0m[1;36m][0m
[gazebo-1] [1;36m	Pose: [0m[1;36m0[0m[1;36m [0m[1;36m0[0m[1;36m [0m[1;36m-0.3[0m[1;36m [0m[1;36m0[0m[1;36m [0m[1;36m0[0m[1;36m [0m[1;36m0[0m[1;36m[0m
[gazebo-1] [1;36m	Geometry: [0m[1;36mCylinder:0.325,0.1[0m[1;36m[0m
[gazebo-1] [1;36m	Mass: [0m[1;36m20[0m[1;36m[0m
[gazebo-1] [1;36m	Water height: [0m[1;36m0[0m[1;36m[0m
[gazebo-1] [1;36m	Water velocity: [0m[1;36m0[0m[1;36m[0m
[gazebo-1] [1;36m[0m
[gazebo-1] [1;36m[Dbg] [SystemManager.cc:80] [0m[1;36mLoaded system [[0m[1;36mvrx::PolyhedraBuoyancyDrag[0m[1;36m] for entity [[0m[1;36m18[0m[1;36m][0m[1;36m[0m
[gazebo-1] [1;32m[Msg] [0m[1;32mInput Parameters:[0m[1;32m[0m
[gazebo-1] [1;32m[Msg] [0m[1;32mmodel:     [0m[1;32mPMS[0m[1;32m[0m
[gazebo-1] [1;32m[Msg] [0m[1;32mnumber:     [0m[1;32m3[0m[1;32m[0m
[gazebo-1] [1;32m[Msg] [0m[1;32mscale:      [0m[1;32m1.1[0m[1;32m[0m
[gazebo-1] [1;32m[Msg] [0m[1;32mangle:      [0m[1;32m0.4[0m[1;32m[0m
[gazebo-1] [1;32m[Msg] [0m[1;32msteepness:  [0m[1;32m0[0m[1;32m[0m
[gazebo-1] [1;32m[Msg] [0m[1;32mamplitude:  [0m[1;32m0[0m[1;32m[0m
[gazebo-1] [1;32m[Msg] [0m[1;32mperiod:     [0m[1;32m5[0m[1;32m[0m
[gazebo-1] [1;32m[Msg] [0m[1;32mdirection:  [0m[1;32m0[0m[1;32m[0m
[gazebo-1] [1;32m[Msg] [0m[1;32mtau:  [0m[1;32m2[0m[1;32m[0m
[gazebo-1] [1;32m[Msg] [0m[1;32mgain:  [0m[1;32m1[0m[1;32m[0m
[gazebo-1] [1;32m[Msg] [0m[1;32mDerived Parameters:[0m[1;32m[0m
[gazebo-1] [1;32m[Msg] [0m[1;32mamplitudes:  [0m[1;32m0.121167[0m[1;32m, [0m[1;32m0.130759[0m[1;32m, [0m[1;32m0.128568[0m[1;32m, [0m[1;32m[0m
[gazebo-1] [1;32m[Msg] [0m[1;32mwavenumbers: [0m[1;32m0.133171[0m[1;32m, [0m[1;32m0.161136[0m[1;32m, [0m[1;32m0.194975[0m[1;32m, [0m[1;32m[0m
[gazebo-1] [1;32m[Msg] [0m[1;32momegas:      [0m[1;32m1.1424[0m[1;32m, [0m[1;32m1.25664[0m[1;32m, [0m[1;32m1.3823[0m[1;32m, [0m[1;32m[0m
[gazebo-1] [1;32m[Msg] [0m[1;32mperiods:     [0m[1;32m[Msg] [0m[1;32m5.5[0m[1;32m, [0m[1;32m[Msg] [0m[1;32m5[0m[1;32m, [0m[1;32m[Msg] [0m[1;32m4.54545[0m[1;32m, [0m[1;32m[Msg] [0m[1;32m[0m
[gazebo-1] [1;32m[Msg] [0m[1;32mphases:      [0m[1;32m0[0m[1;32m, [0m[1;32m0[0m[1;32m, [0m[1;32m0[0m[1;32m, [0m[1;32m[0m
[gazebo-1] [1;32m[Msg] [0m[1;32msteepnesses: [0m[1;32m0[0m[1;32m, [0m[1;32m0[0m[1;32m, [0m[1;32m0[0m[1;32m, [0m[1;32m[0m
[gazebo-1] [1;32m[Msg] [0m[1;32mdirections:  [0m[1;32m[Msg] [0m[1;32m0.921061[0m[1;32m [0m[1;32m-0.389418[0m[1;32m; [0m[1;32m[Msg] [0m[1;32m1[0m[1;32m [0m[1;32m0[0m[1;32m; [0m[1;32m[Msg] [0m[1;32m0.921061[0m[1;32m [0m[1;32m0.389418[0m[1;32m; [0m[1;32m[Msg] [0m[1;32m[0m
[gazebo-1] [1;36m[Dbg] [PolyhedraBuoyancyDrag.cc:236] [0m[1;36mFound buoyancy element(s), looking at each element...[0m[1;36m[0m
[gazebo-1] [1;36m[Dbg] [PolyhedraBuoyancyDrag.cc:248] [0m[1;36mBuoyancy object:[0m
[gazebo-1] [1;36m	Link: [0m[1;36mlink[0m[1;36m[[0m[1;36m24[0m[1;36m][0m
[gazebo-1] [1;36m	Pose: [0m[1;36m0[0m[1;36m [0m[1;36m0[0m[1;36m [0m[1;36m-0.3[0m[1;36m [0m[1;36m0[0m[1;36m [0m[1;36m0[0m[1;36m [0m[1;36m0[0m[1;36m[0m
[gazebo-1] [1;36m	Geometry: [0m[1;36mCylinder:0.325,0.1[0m[1;36m[0m
[gazebo-1] [1;36m	Mass: [0m[1;36m20[0m[1;36m[0m
[gazebo-1] [1;36m	Water height: [0m[1;36m0[0m[1;36m[0m
[gazebo-1] [1;36m	Water velocity: [0m[1;36m0[0m[1;36m[0m
[gazebo-1] [1;36m[0m
[gazebo-1] [1;36m[Dbg] [SystemManager.cc:80] [0m[1;36mLoaded system [[0m[1;36mvrx::PolyhedraBuoyancyDrag[0m[1;36m] for entity [[0m[1;36m23[0m[1;36m][0m[1;36m[0m
[gazebo-1] [1;32m[Msg] [0m[1;32mInput Parameters:[0m[1;32m[0m
[gazebo-1] [1;32m[Msg] [0m[1;32mmodel:     [0m[1;32mPMS[0m[1;32m[0m
[gazebo-1] [1;32m[Msg] [0m[1;32mnumber:     [0m[1;32m3[0m[1;32m[0m
[gazebo-1] [1;32m[Msg] [0m[1;32mscale:      [0m[1;32m1.1[0m[1;32m[0m
[gazebo-1] [1;32m[Msg] [0m[1;32mangle:      [0m[1;32m0.4[0m[1;32m[0m
[gazebo-1] [1;32m[Msg] [0m[1;32msteepness:  [0m[1;32m0[0m[1;32m[0m
[gazebo-1] [1;32m[Msg] [0m[1;32mamplitude:  [0m[1;32m0[0m[1;32m[0m
[gazebo-1] [1;32m[Msg] [0m[1;32mperiod:     [0m[1;32m5[0m[1;32m[0m
[gazebo-1] [1;32m[Msg] [0m[1;32mdirection:  [0m[1;32m0[0m[1;32m[0m
[gazebo-1] [1;32m[Msg] [0m[1;32mtau:  [0m[1;32m2[0m[1;32m[0m
[gazebo-1] [1;32m[Msg] [0m[1;32mgain:  [0m[1;32m1[0m[1;32m[0m
[gazebo-1] [1;32m[Msg] [0m[1;32mDerived Parameters:[0m[1;32m[0m
[gazebo-1] [1;32m[Msg] [0m[1;32mamplitudes:  [0m[1;32m0.121167[0m[1;32m, [0m[1;32m0.130759[0m[1;32m, [0m[1;32m0.128568[0m[1;32m, [0m[1;32m[0m
[gazebo-1] [1;32m[Msg] [0m[1;32mwavenumbers: [0m[1;32m0.133171[0m[1;32m, [0m[1;32m0.161136[0m[1;32m, [0m[1;32m0.194975[0m[1;32m, [0m[1;32m[0m
[gazebo-1] [1;32m[Msg] [0m[1;32momegas:      [0m[1;32m1.1424[0m[1;32m, [0m[1;32m1.25664[0m[1;32m, [0m[1;32m1.3823[0m[1;32m, [0m[1;32m[0m
[gazebo-1] [1;32m[Msg] [0m[1;32mperiods:     [0m[1;32m[Msg] [0m[1;32m5.5[0m[1;32m, [0m[1;32m[Msg] [0m[1;32m5[0m[1;32m, [0m[1;32m[Msg] [0m[1;32m4.54545[0m[1;32m, [0m[1;32m[Msg] [0m[1;32m[0m
[gazebo-1] [1;32m[Msg] [0m[1;32mphases:      [0m[1;32m0[0m[1;32m, [0m[1;32m0[0m[1;32m, [0m[1;32m0[0m[1;32m, [0m[1;32m[0m
[gazebo-1] [1;32m[Msg] [0m[1;32msteepnesses: [0m[1;32m0[0m[1;32m, [0m[1;32m0[0m[1;32m, [0m[1;32m0[0m[1;32m, [0m[1;32m[0m
[gazebo-1] [1;32m[Msg] [0m[1;32mdirections:  [0m[1;32m[Msg] [0m[1;32m0.921061[0m[1;32m [0m[1;32m-0.389418[0m[1;32m; [0m[1;32m[Msg] [0m[1;32m1[0m[1;32m [0m[1;32m0[0m[1;32m; [0m[1;32m[Msg] [0m[1;32m0.921061[0m[1;32m [0m[1;32m0.389418[0m[1;32m; [0m[1;32m[Msg] [0m[1;32m[0m
[gazebo-1] [1;36m[Dbg] [PolyhedraBuoyancyDrag.cc:236] [0m[1;36mFound buoyancy element(s), looking at each element...[0m[1;36m[0m
[gazebo-1] [1;36m[Dbg] [PolyhedraBuoyancyDrag.cc:248] [0m[1;36mBuoyancy object:[0m
[gazebo-1] [1;36m	Link: [0m[1;36mlink[0m[1;36m[[0m[1;36m29[0m[1;36m][0m
[gazebo-1] [1;36m	Pose: [0m[1;36m0[0m[1;36m [0m[1;36m0[0m[1;36m [0m[1;36m-0.3[0m[1;36m [0m[1;36m0[0m[1;36m [0m[1;36m0[0m[1;36m [0m[1;36m0[0m[1;36m[0m
[gazebo-1] [1;36m	Geometry: [0m[1;36mCylinder:0.325,0.1[0m[1;36m[0m
[gazebo-1] [1;36m	Mass: [0m[1;36m20[0m[1;36m[0m
[gazebo-1] [1;36m	Water height: [0m[1;36m0[0m[1;36m[0m
[gazebo-1] [1;36m	Water velocity: [0m[1;36m0[0m[1;36m[0m
[gazebo-1] [1;36m[0m
[gazebo-1] [1;36m[Dbg] [SystemManager.cc:80] [0m[1;36mLoaded system [[0m[1;36mvrx::PolyhedraBuoyancyDrag[0m[1;36m] for entity [[0m[1;36m28[0m[1;36m][0m[1;36m[0m
[gazebo-1] [1;32m[Msg] [0m[1;32mInput Parameters:[0m[1;32m[0m
[gazebo-1] [1;32m[Msg] [0m[1;32mmodel:     [0m[1;32mPMS[0m[1;32m[0m
[gazebo-1] [1;32m[Msg] [0m[1;32mnumber:     [0m[1;32m3[0m[1;32m[0m
[gazebo-1] [1;32m[Msg] [0m[1;32mscale:      [0m[1;32m1.1[0m[1;32m[0m
[gazebo-1] [1;32m[Msg] [0m[1;32mangle:      [0m[1;32m0.4[0m[1;32m[0m
[gazebo-1] [1;32m[Msg] [0m[1;32msteepness:  [0m[1;32m0[0m[1;32m[0m
[gazebo-1] [1;32m[Msg] [0m[1;32mamplitude:  [0m[1;32m0[0m[1;32m[0m
[gazebo-1] [1;32m[Msg] [0m[1;32mperiod:     [0m[1;32m5[0m[1;32m[0m
[gazebo-1] [1;32m[Msg] [0m[1;32mdirection:  [0m[1;32m0[0m[1;32m[0m
[gazebo-1] [1;32m[Msg] [0m[1;32mtau:  [0m[1;32m2[0m[1;32m[0m
[gazebo-1] [1;32m[Msg] [0m[1;32mgain:  [0m[1;32m1[0m[1;32m[0m
[gazebo-1] [1;32m[Msg] [0m[1;32mDerived Parameters:[0m[1;32m[0m
[gazebo-1] [1;32m[Msg] [0m[1;32mamplitudes:  [0m[1;32m0.121167[0m[1;32m, [0m[1;32m0.130759[0m[1;32m, [0m[1;32m0.128568[0m[1;32m, [0m[1;32m[0m
[gazebo-1] [1;32m[Msg] [0m[1;32mwavenumbers: [0m[1;32m0.133171[0m[1;32m, [0m[1;32m0.161136[0m[1;32m, [0m[1;32m0.194975[0m[1;32m, [0m[1;32m[0m
[gazebo-1] [1;32m[Msg] [0m[1;32momegas:      [0m[1;32m1.1424[0m[1;32m, [0m[1;32m1.25664[0m[1;32m, [0m[1;32m1.3823[0m[1;32m, [0m[1;32m[0m
[gazebo-1] [1;32m[Msg] [0m[1;32mperiods:     [0m[1;32m[Msg] [0m[1;32m5.5[0m[1;32m, [0m[1;32m[Msg] [0m[1;32m5[0m[1;32m, [0m[1;32m[Msg] [0m[1;32m4.54545[0m[1;32m, [0m[1;32m[Msg] [0m[1;32m[0m
[gazebo-1] [1;32m[Msg] [0m[1;32mphases:      [0m[1;32m0[0m[1;32m, [0m[1;32m0[0m[1;32m, [0m[1;32m0[0m[1;32m, [0m[1;32m[0m
[gazebo-1] [1;32m[Msg] [0m[1;32msteepnesses: [0m[1;32m0[0m[1;32m, [0m[1;32m0[0m[1;32m, [0m[1;32m0[0m[1;32m, [0m[1;32m[0m
[gazebo-1] [1;32m[Msg] [0m[1;32mdirections:  [0m[1;32m[Msg] [0m[1;32m0.921061[0m[1;32m [0m[1;32m-0.389418[0m[1;32m; [0m[1;32m[Msg] [0m[1;32m1[0m[1;32m [0m[1;32m0[0m[1;32m; [0m[1;32m[Msg] [0m[1;32m0.921061[0m[1;32m [0m[1;32m0.389418[0m[1;32m; [0m[1;32m[Msg] [0m[1;32m[0m
[gazebo-1] [1;36m[Dbg] [PolyhedraBuoyancyDrag.cc:236] [0m[1;36mFound buoyancy element(s), looking at each element...[0m[1;36m[0m
[gazebo-1] [1;36m[Dbg] [PolyhedraBuoyancyDrag.cc:248] [0m[1;36mBuoyancy object:[0m
[gazebo-1] [1;36m	Link: [0m[1;36mlink[0m[1;36m[[0m[1;36m34[0m[1;36m][0m
[gazebo-1] [1;36m	Pose: [0m[1;36m0[0m[1;36m [0m[1;36m0[0m[1;36m [0m[1;36m-0.3[0m[1;36m [0m[1;36m0[0m[1;36m [0m[1;36m0[0m[1;36m [0m[1;36m0[0m[1;36m[0m
[gazebo-1] [1;36m	Geometry: [0m[1;36mCylinder:0.325,0.1[0m[1;36m[0m
[gazebo-1] [1;36m	Mass: [0m[1;36m20[0m[1;36m[0m
[gazebo-1] [1;36m	Water height: [0m[1;36m0[0m[1;36m[0m
[gazebo-1] [1;36m	Water velocity: [0m[1;36m0[0m[1;36m[0m
[gazebo-1] [1;36m[0m
[gazebo-1] [1;36m[Dbg] [SystemManager.cc:80] [0m[1;36mLoaded system [[0m[1;36mvrx::PolyhedraBuoyancyDrag[0m[1;36m] for entity [[0m[1;36m33[0m[1;36m][0m[1;36m[0m
[gazebo-1] [1;32m[Msg] [0m[1;32mInput Parameters:[0m[1;32m[0m
[gazebo-1] [1;32m[Msg] [0m[1;32mmodel:     [0m[1;32mPMS[0m[1;32m[0m
[gazebo-1] [1;32m[Msg] [0m[1;32mnumber:     [0m[1;32m3[0m[1;32m[0m
[gazebo-1] [1;32m[Msg] [0m[1;32mscale:      [0m[1;32m1.1[0m[1;32m[0m
[gazebo-1] [1;32m[Msg] [0m[1;32mangle:      [0m[1;32m0.4[0m[1;32m[0m
[gazebo-1] [1;32m[Msg] [0m[1;32msteepness:  [0m[1;32m0[0m[1;32m[0m
[gazebo-1] [1;32m[Msg] [0m[1;32mamplitude:  [0m[1;32m0[0m[1;32m[0m
[gazebo-1] [1;32m[Msg] [0m[1;32mperiod:     [0m[1;32m5[0m[1;32m[0m
[gazebo-1] [1;32m[Msg] [0m[1;32mdirection:  [0m[1;32m0[0m[1;32m[0m
[gazebo-1] [1;32m[Msg] [0m[1;32mtau:  [0m[1;32m2[0m[1;32m[0m
[gazebo-1] [1;32m[Msg] [0m[1;32mgain:  [0m[1;32m1[0m[1;32m[0m
[gazebo-1] [1;32m[Msg] [0m[1;32mDerived Parameters:[0m[1;32m[0m
[gazebo-1] [1;32m[Msg] [0m[1;32mamplitudes:  [0m[1;32m0.121167[0m[1;32m, [0m[1;32m0.130759[0m[1;32m, [0m[1;32m0.128568[0m[1;32m, [0m[1;32m[0m
[gazebo-1] [1;32m[Msg] [0m[1;32mwavenumbers: [0m[1;32m0.133171[0m[1;32m, [0m[1;32m0.161136[0m[1;32m, [0m[1;32m0.194975[0m[1;32m, [0m[1;32m[0m
[gazebo-1] [1;32m[Msg] [0m[1;32momegas:      [0m[1;32m1.1424[0m[1;32m, [0m[1;32m1.25664[0m[1;32m, [0m[1;32m1.3823[0m[1;32m, [0m[1;32m[0m
[gazebo-1] [1;32m[Msg] [0m[1;32mperiods:     [0m[1;32m[Msg] [0m[1;32m5.5[0m[1;32m, [0m[1;32m[Msg] [0m[1;32m5[0m[1;32m, [0m[1;32m[Msg] [0m[1;32m4.54545[0m[1;32m, [0m[1;32m[Msg] [0m[1;32m[0m
[gazebo-1] [1;32m[Msg] [0m[1;32mphases:      [0m[1;32m0[0m[1;32m, [0m[1;32m0[0m[1;32m, [0m[1;32m0[0m[1;32m, [0m[1;32m[0m
[gazebo-1] [1;32m[Msg] [0m[1;32msteepnesses: [0m[1;32m0[0m[1;32m, [0m[1;32m0[0m[1;32m, [0m[1;32m0[0m[1;32m, [0m[1;32m[0m
[gazebo-1] [1;32m[Msg] [0m[1;32mdirections:  [0m[1;32m[Msg] [0m[1;32m0.921061[0m[1;32m [0m[1;32m-0.389418[0m[1;32m; [0m[1;32m[Msg] [0m[1;32m1[0m[1;32m [0m[1;32m0[0m[1;32m; [0m[1;32m[Msg] [0m[1;32m0.921061[0m[1;32m [0m[1;32m0.389418[0m[1;32m; [0m[1;32m[Msg] [0m[1;32m[0m
[gazebo-1] [1;36m[Dbg] [PolyhedraBuoyancyDrag.cc:236] [0m[1;36mFound buoyancy element(s), looking at each element...[0m[1;36m[0m
[gazebo-1] [1;36m[Dbg] [PolyhedraBuoyancyDrag.cc:248] [0m[1;36mBuoyancy object:[0m
[gazebo-1] [1;36m	Link: [0m[1;36mlink[0m[1;36m[[0m[1;36m39[0m[1;36m][0m
[gazebo-1] [1;36m	Pose: [0m[1;36m0[0m[1;36m [0m[1;36m0[0m[1;36m [0m[1;36m0[0m[1;36m [0m[1;36m0[0m[1;36m [0m[1;36m0[0m[1;36m [0m[1;36m0[0m[1;36m[0m
[gazebo-1] [1;36m	Geometry: [0m[1;36mSphere:0.21[0m[1;36m[0m
[gazebo-1] [1;36m	Mass: [0m[1;36m3.5[0m[1;36m[0m
[gazebo-1] [1;36m	Water height: [0m[1;36m0[0m[1;36m[0m
[gazebo-1] [1;36m	Water velocity: [0m[1;36m0[0m[1;36m[0m
[gazebo-1] [1;36m[0m
[gazebo-1] [1;36m[Dbg] [SystemManager.cc:80] [0m[1;36mLoaded system [[0m[1;36mvrx::PolyhedraBuoyancyDrag[0m[1;36m] for entity [[0m[1;36m38[0m[1;36m][0m[1;36m[0m
[gazebo-1] [1;32m[Msg] [0m[1;32mInput Parameters:[0m[1;32m[0m
[gazebo-1] [1;32m[Msg] [0m[1;32mmodel:     [0m[1;32mPMS[0m[1;32m[0m
[gazebo-1] [1;32m[Msg] [0m[1;32mnumber:     [0m[1;32m3[0m[1;32m[0m
[gazebo-1] [1;32m[Msg] [0m[1;32mscale:      [0m[1;32m1.1[0m[1;32m[0m
[gazebo-1] [1;32m[Msg] [0m[1;32mangle:      [0m[1;32m0.4[0m[1;32m[0m
[gazebo-1] [1;32m[Msg] [0m[1;32msteepness:  [0m[1;32m0[0m[1;32m[0m
[gazebo-1] [1;32m[Msg] [0m[1;32mamplitude:  [0m[1;32m0[0m[1;32m[0m
[gazebo-1] [1;32m[Msg] [0m[1;32mperiod:     [0m[1;32m5[0m[1;32m[0m
[gazebo-1] [1;32m[Msg] [0m[1;32mdirection:  [0m[1;32m0[0m[1;32m[0m
[gazebo-1] [1;32m[Msg] [0m[1;32mtau:  [0m[1;32m2[0m[1;32m[0m
[gazebo-1] [1;32m[Msg] [0m[1;32mgain:  [0m[1;32m1[0m[1;32m[0m
[gazebo-1] [1;32m[Msg] [0m[1;32mDerived Parameters:[0m[1;32m[0m
[gazebo-1] [1;32m[Msg] [0m[1;32mamplitudes:  [0m[1;32m0.121167[0m[1;32m, [0m[1;32m0.130759[0m[1;32m, [0m[1;32m0.128568[0m[1;32m, [0m[1;32m[0m
[gazebo-1] [1;32m[Msg] [0m[1;32mwavenumbers: [0m[1;32m0.133171[0m[1;32m, [0m[1;32m0.161136[0m[1;32m, [0m[1;32m0.194975[0m[1;32m, [0m[1;32m[0m
[gazebo-1] [1;32m[Msg] [0m[1;32momegas:      [0m[1;32m1.1424[0m[1;32m, [0m[1;32m1.25664[0m[1;32m, [0m[1;32m1.3823[0m[1;32m, [0m[1;32m[0m
[gazebo-1] [1;32m[Msg] [0m[1;32mperiods:     [0m[1;32m[Msg] [0m[1;32m5.5[0m[1;32m, [0m[1;32m[Msg] [0m[1;32m5[0m[1;32m, [0m[1;32m[Msg] [0m[1;32m4.54545[0m[1;32m, [0m[1;32m[Msg] [0m[1;32m[0m
[gazebo-1] [1;32m[Msg] [0m[1;32mphases:      [0m[1;32m0[0m[1;32m, [0m[1;32m0[0m[1;32m, [0m[1;32m0[0m[1;32m, [0m[1;32m[0m
[gazebo-1] [1;32m[Msg] [0m[1;32msteepnesses: [0m[1;32m0[0m[1;32m, [0m[1;32m0[0m[1;32m, [0m[1;32m0[0m[1;32m, [0m[1;32m[0m
[gazebo-1] [1;32m[Msg] [0m[1;32mdirections:  [0m[1;32m[Msg] [0m[1;32m0.921061[0m[1;32m [0m[1;32m-0.389418[0m[1;32m; [0m[1;32m[Msg] [0m[1;32m1[0m[1;32m [0m[1;32m0[0m[1;32m; [0m[1;32m[Msg] [0m[1;32m0.921061[0m[1;32m [0m[1;32m0.389418[0m[1;32m; [0m[1;32m[Msg] [0m[1;32m[0m
[gazebo-1] [1;36m[Dbg] [PolyhedraBuoyancyDrag.cc:236] [0m[1;36mFound buoyancy element(s), looking at each element...[0m[1;36m[0m
[gazebo-1] [1;36m[Dbg] [PolyhedraBuoyancyDrag.cc:248] [0m[1;36mBuoyancy object:[0m
[gazebo-1] [1;36m	Link: [0m[1;36mlink[0m[1;36m[[0m[1;36m43[0m[1;36m][0m
[gazebo-1] [1;36m	Pose: [0m[1;36m0[0m[1;36m [0m[1;36m0[0m[1;36m [0m[1;36m0[0m[1;36m [0m[1;36m0[0m[1;36m [0m[1;36m0[0m[1;36m [0m[1;36m0[0m[1;36m[0m
[gazebo-1] [1;36m	Geometry: [0m[1;36mSphere:0.21[0m[1;36m[0m
[gazebo-1] [1;36m	Mass: [0m[1;36m3.5[0m[1;36m[0m
[gazebo-1] [1;36m	Water height: [0m[1;36m0[0m[1;36m[0m
[gazebo-1] [1;36m	Water velocity: [0m[1;36m0[0m[1;36m[0m
[gazebo-1] [1;36m[0m
[gazebo-1] [1;36m[Dbg] [SystemManager.cc:80] [0m[1;36mLoaded system [[0m[1;36mvrx::PolyhedraBuoyancyDrag[0m[1;36m] for entity [[0m[1;36m42[0m[1;36m][0m[1;36m[0m
[gazebo-1] [1;32m[Msg] [0m[1;32mInput Parameters:[0m[1;32m[0m
[gazebo-1] [1;32m[Msg] [0m[1;32mmodel:     [0m[1;32mPMS[0m[1;32m[0m
[gazebo-1] [1;32m[Msg] [0m[1;32mnumber:     [0m[1;32m3[0m[1;32m[0m
[gazebo-1] [1;32m[Msg] [0m[1;32mscale:      [0m[1;32m1.1[0m[1;32m[0m
[gazebo-1] [1;32m[Msg] [0m[1;32mangle:      [0m[1;32m0.4[0m[1;32m[0m
[gazebo-1] [1;32m[Msg] [0m[1;32msteepness:  [0m[1;32m0[0m[1;32m[0m
[gazebo-1] [1;32m[Msg] [0m[1;32mamplitude:  [0m[1;32m0[0m[1;32m[0m
[gazebo-1] [1;32m[Msg] [0m[1;32mperiod:     [0m[1;32m5[0m[1;32m[0m
[gazebo-1] [1;32m[Msg] [0m[1;32mdirection:  [0m[1;32m0[0m[1;32m[0m
[gazebo-1] [1;32m[Msg] [0m[1;32mtau:  [0m[1;32m2[0m[1;32m[0m
[gazebo-1] [1;32m[Msg] [0m[1;32mgain:  [0m[1;32m1[0m[1;32m[0m
[gazebo-1] [1;32m[Msg] [0m[1;32mDerived Parameters:[0m[1;32m[0m
[gazebo-1] [1;32m[Msg] [0m[1;32mamplitudes:  [0m[1;32m0.121167[0m[1;32m, [0m[1;32m0.130759[0m[1;32m, [0m[1;32m0.128568[0m[1;32m, [0m[1;32m[0m
[gazebo-1] [1;32m[Msg] [0m[1;32mwavenumbers: [0m[1;32m0.133171[0m[1;32m, [0m[1;32m0.161136[0m[1;32m, [0m[1;32m0.194975[0m[1;32m, [0m[1;32m[0m
[gazebo-1] [1;32m[Msg] [0m[1;32momegas:      [0m[1;32m1.1424[0m[1;32m, [0m[1;32m1.25664[0m[1;32m, [0m[1;32m1.3823[0m[1;32m, [0m[1;32m[0m
[gazebo-1] [1;32m[Msg] [0m[1;32mperiods:     [0m[1;32m[Msg] [0m[1;32m5.5[0m[1;32m, [0m[1;32m[Msg] [0m[1;32m5[0m[1;32m, [0m[1;32m[Msg] [0m[1;32m4.54545[0m[1;32m, [0m[1;32m[Msg] [0m[1;32m[0m
[gazebo-1] [1;32m[Msg] [0m[1;32mphases:      [0m[1;32m0[0m[1;32m, [0m[1;32m0[0m[1;32m, [0m[1;32m0[0m[1;32m, [0m[1;32m[0m
[gazebo-1] [1;32m[Msg] [0m[1;32msteepnesses: [0m[1;32m0[0m[1;32m, [0m[1;32m0[0m[1;32m, [0m[1;32m0[0m[1;32m, [0m[1;32m[0m
[gazebo-1] [1;32m[Msg] [0m[1;32mdirections:  [0m[1;32m[Msg] [0m[1;32m0.921061[0m[1;32m [0m[1;32m-0.389418[0m[1;32m; [0m[1;32m[Msg] [0m[1;32m1[0m[1;32m [0m[1;32m0[0m[1;32m; [0m[1;32m[Msg] [0m[1;32m0.921061[0m[1;32m [0m[1;32m0.389418[0m[1;32m; [0m[1;32m[Msg] [0m[1;32m[0m
[gazebo-1] [1;36m[Dbg] [PolyhedraBuoyancyDrag.cc:236] [0m[1;36mFound buoyancy element(s), looking at each element...[0m[1;36m[0m
[gazebo-1] [1;36m[Dbg] [PolyhedraBuoyancyDrag.cc:248] [0m[1;36mBuoyancy object:[0m
[gazebo-1] [1;36m	Link: [0m[1;36mlink[0m[1;36m[[0m[1;36m138[0m[1;36m][0m
[create-3] [INFO] [1787419228.305568468] [ros_gz_sim]: Entity creation successful.
[INFO] [create-3]: process has finished cleanly [pid 49]
[gazebo-1] [1;36m	Pose: [0m[1;36m0[0m[1;36m [0m[1;36m0[0m[1;36m [0m[1;36m-0.02[0m[1;36m [0m[1;36m0[0m[1;36m [0m[1;36m0[0m[1;36m [0m[1;36m0[0m[1;36m[0m
[gazebo-1] [1;36m	Geometry: [0m[1;36mSphere:0.0285[0m[1;36m[0m
[gazebo-1] [1;36m	Mass: [0m[1;36m0.04[0m[1;36m[0m
[gazebo-1] [1;36m	Water height: [0m[1;36m0[0m[1;36m[0m
[gazebo-1] [1;36m	Water velocity: [0m[1;36m0[0m[1;36m[0m
[gazebo-1] [1;36m[0m
[gazebo-1] [1;36m[Dbg] [SystemManager.cc:80] [0m[1;36mLoaded system [[0m[1;36mvrx::PolyhedraBuoyancyDrag[0m[1;36m] for entity [[0m[1;36m137[0m[1;36m][0m[1;36m[0m
[gazebo-1] [1;32m[Msg] [0m[1;32mLoaded level [[0m[1;32mdefault[0m[1;32m][0m[1;32m[0m
[gazebo-1] [1;32m[Msg] [0m[1;32mServing world controls on [[0m[1;32m/world/sydney_regatta[0m[1;32m/control], [[0m[1;32m/world/sydney_regatta[0m[1;32m/control/state] and [[0m[1;32m/world/sydney_regatta[0m[1;32m/playback/control][0m[1;32m[0m
[gazebo-1] [1;32m[Msg] [0m[1;32mServing GUI information on [[0m[1;32m/world/sydney_regatta[0m[1;32m/[0m[1;32mgui/info[0m[1;32m][0m[1;32m[0m
[gazebo-1] [1;32m[Msg] [0m[1;32mWorld [[0m[1;32msydney_regatta[0m[1;32m] initialized with [[0m[1;32m4ms[0m[1;32m] physics profile.[0m[1;32m[0m
[gazebo-1] [1;32m[Msg] [0m[1;32mServing world SDF generation service on [[0m[1;32m/world/sydney_regatta[0m[1;32m/[0m[1;32mgenerate_world_sdf[0m[1;32m][0m[1;32m[0m
[gazebo-1] [1;32m[Msg] [0m[1;32mServing world names on [[0m[1;32m/gazebo/worlds[0m[1;32m][0m[1;32m[0m
[gazebo-1] [1;32m[Msg] [0m[1;32mResource path add service on [[0m[1;32m/gazebo/resource_paths/add[0m[1;32m].[0m[1;32m[0m
[gazebo-1] [1;32m[Msg] [0m[1;32mResource path get service on [[0m[1;32m/gazebo/resource_paths/get[0m[1;32m].[0m[1;32m[0m
[gazebo-1] [1;32m[Msg] [0m[1;32mResource path resolve service on [[0m[1;32m/gazebo/resource_paths/resolve[0m[1;32m].[0m[1;32m[0m
[gazebo-1] [1;32m[Msg] [0m[1;32mResource paths published on [[0m[1;32m/gazebo/resource_paths[0m[1;32m].[0m[1;32m[0m
[gazebo-1] [1;32m[Msg] [0m[1;32mServer control service on [[0m[1;32m/server_control[0m[1;32m].[0m[1;32m[0m
[gazebo-1] [1;32m[Msg] [0m[1;32mFound no publishers on /stats, adding root stats topic[0m[1;32m[0m
[gazebo-1] [1;32m[Msg] [0m[1;32mFound no publishers on /clock, adding root clock topic[0m[1;32m[0m
[gazebo-1] [1;36m[Dbg] [SimulationRunner.cc:533] [0m[1;36mCreating PostUpdate worker threads: [0m[1;36m8[0m[1;36m[0m
[gazebo-1] [1;36m[Dbg] [SimulationRunner.cc:544] [0m[1;36mCreating postupdate worker thread ([0m[1;36m0[0m[1;36m)[0m[1;36m[0m
[gazebo-1] [1;36m[Dbg] [SimulationRunner.cc:544] [0m[1;36mCreating postupdate worker thread ([0m[1;36m1[0m[1;36m)[0m[1;36m[0m
[gazebo-1] [1;36m[Dbg] [SimulationRunner.cc:544] [0m[1;36mCreating postupdate worker thread ([0m[1;36m2[0m[1;36m)[0m[1;36m[0m
[gazebo-1] [1;36m[Dbg] [SimulationRunner.cc:544] [0m[1;36mCreating postupdate worker thread ([0m[1;36m3[0m[1;36m)[0m[1;36m[0m
[gazebo-1] [1;36m[Dbg] [SimulationRunner.cc:544] [0m[1;36mCreating postupdate worker thread ([0m[1;36m4[0m[1;36m)[0m[1;36m[0m
[gazebo-1] [1;36m[Dbg] [SimulationRunner.cc:544] [0m[1;36mCreating postupdate worker thread ([0m[1;36m5[0m[1;36m)[0m[1;36m[0m
[gazebo-1] [1;36m[Dbg] [SimulationRunner.cc:544] [0m[1;36mCreating postupdate worker thread ([0m[1;36m6[0m[1;36m)[0m[1;36m[0m
[gazebo-1] [1;36m[Dbg] [SDFFeatures.cc:332] [0m[1;36mMesh construction from an SDF has not been implemented yet for [0m[1;36mdartsim. Use AttachMeshShapeFeature to use mesh shapes.[0m
[gazebo-1] [1;36m[Dbg] [SDFFeatures.cc:864] [0m[1;36mThe geometry element of collision [[0m[1;36mcollision[0m[1;36m] [0m[1;36mcouldn't be created[0m
[gazebo-1] [1;36m[Dbg] [SimulationFeatures.cc:90] [0m[1;36mSimulation timestep set to: [0m[1;36m0.004[0m[1;36m[0m
[gazebo-1] [1;32m[Msg] [0m[1;32mServing scene information on [[0m[1;32m/world/sydney_regatta[0m[1;32m/[0m[1;32mscene/info[0m[1;32m][0m[1;32m[0m
[gazebo-1] [1;32m[Msg] [0m[1;32mServing graph information on [[0m[1;32m/world/sydney_regatta[0m[1;32m/[0m[1;32mscene/graph[0m[1;32m][0m[1;32m[0m
[gazebo-1] [1;32m[Msg] [0m[1;32mServing full state on [[0m[1;32m/world/sydney_regatta[0m[1;32m/[0m[1;32mstate[0m[1;32m][0m[1;32m[0m
[INFO] [optical_frame_publisher-5]: process started with pid [139]
[INFO] [optical_frame_publisher-6]: process started with pid [141]
[INFO] [optical_frame_publisher-7]: process started with pid [143]
[INFO] [parameter_bridge-8]: process started with pid [145]
[INFO] [pose_tf_broadcaster-9]: process started with pid [147]
[INFO] [robot_state_publisher-10]: process started with pid [149]
[gazebo-1] [1;32m[Msg] [0m[1;32mServing full state (async) on [[0m[1;32m/world/sydney_regatta[0m[1;32m/[0m[1;32mstate_async[0m[1;32m][0m[1;32m[0m
[gazebo-1] [1;32m[Msg] [0m[1;32mPublishing scene information on [[0m[1;32m/world/sydney_regatta/scene/info[0m[1;32m][0m[1;32m[0m
[gazebo-1] [1;32m[Msg] [0m[1;32mPublishing entity deletions on [[0m[1;32m/world/sydney_regatta/scene/deletion[0m[1;32m][0m[1;32m[0m
[gazebo-1] [1;32m[Msg] [0m[1;32mPublishing state changes on [[0m[1;32m/world/sydney_regatta/state[0m[1;32m][0m[1;32m[0m
[gazebo-1] [1;32m[Msg] [0m[1;32mPublishing pose messages on [[0m[1;32m/world/sydney_regatta[0m[1;32m/[0m[1;32mpose/info[0m[1;32m][0m[1;32m[0m
[gazebo-1] [1;32m[Msg] [0m[1;32mPublishing dynamic pose messages on [[0m[1;32m/world/sydney_regatta[0m[1;32m/[0m[1;32mdynamic_pose/info[0m[1;32m][0m[1;32m[0m
[gazebo-1] [1;32m[Msg] [0m[1;32mThruster listening to commands on [[0m[1;32mwamv/thrusters/left/thrust[0m[1;32m][0m[1;32m[0m
[gazebo-1] [1;32m[Msg] [0m[1;32mThruster listening to enable_deadband on [[0m[1;32mwamv/thrusters/left/thrust/enable_deadband[0m[1;32m][0m[1;32m[0m
[gazebo-1] [1;36m[Dbg] [Thruster.cc:496] [0m[1;36mUsing velocity control for propeller joint.[0m[1;36m[0m
[gazebo-1] [1;36m[Dbg] [SystemManager.cc:80] [0m[1;36mLoaded system [[0m[1;36mgz::sim::systems::Thruster[0m[1;36m] for entity [[0m[1;36m143[0m[1;36m][0m[1;36m[0m
[gazebo-1] [1;32m[Msg] [0m[1;32mJointPositionController subscribing to Double messages on [[0m[1;32mwamv/thrusters/left/pos[0m[1;32m][0m[1;32m[0m
[gazebo-1] [1;36m[Dbg] [JointPositionController.cc:302] [0m[1;36m[JointPositionController] system parameters:[0m[1;36m[0m
[gazebo-1] [1;36m[Dbg] [JointPositionController.cc:303] [0m[1;36mp_gain: [[0m[1;36m1[0m[1;36m][0m[1;36m[0m
[gazebo-1] [1;36m[Dbg] [JointPositionController.cc:304] [0m[1;36mi_gain: [[0m[1;36m0.1[0m[1;36m][0m[1;36m[0m
[gazebo-1] [1;36m[Dbg] [JointPositionController.cc:305] [0m[1;36md_gain: [[0m[1;36m0.01[0m[1;36m][0m[1;36m[0m
[gazebo-1] [1;36m[Dbg] [JointPositionController.cc:306] [0m[1;36mi_max: [[0m[1;36m1[0m[1;36m][0m[1;36m[0m
[gazebo-1] [1;36m[Dbg] [JointPositionController.cc:307] [0m[1;36mi_min: [[0m[1;36m-1[0m[1;36m][0m[1;36m[0m
[gazebo-1] [1;36m[Dbg] [JointPositionController.cc:308] [0m[1;36mcmd_max: [[0m[1;36m1000[0m[1;36m][0m[1;36m[0m
[gazebo-1] [1;36m[Dbg] [JointPositionController.cc:309] [0m[1;36mcmd_min: [[0m[1;36m-1000[0m[1;36m][0m[1;36m[0m
[gazebo-1] [1;36m[Dbg] [JointPositionController.cc:310] [0m[1;36mcmd_offset: [[0m[1;36m0[0m[1;36m][0m[1;36m[0m
[gazebo-1] [1;36m[Dbg] [JointPositionController.cc:311] [0m[1;36mTopic: [[0m[1;36mwamv/thrusters/left/pos[0m[1;36m][0m[1;36m[0m
[gazebo-1] [1;36m[Dbg] [JointPositionController.cc:312] [0m[1;36minitial_position: [[0m[1;36m0[0m[1;36m][0m[1;36m[0m
[gazebo-1] [1;36m[Dbg] [SystemManager.cc:80] [0m[1;36mLoaded system [[0m[1;36mgz::sim::systems::JointPositionController[0m[1;36m] for entity [[0m[1;36m143[0m[1;36m][0m[1;36m[0m
[gazebo-1] [1;32m[Msg] [0m[1;32mThruster listening to commands on [[0m[1;32mwamv/thrusters/right/thrust[0m[1;32m][0m[1;32m[0m
[gazebo-1] [1;32m[Msg] [0m[1;32mThruster listening to enable_deadband on [[0m[1;32mwamv/thrusters/right/thrust/enable_deadband[0m[1;32m][0m[1;32m[0m
[gazebo-1] [1;36m[Dbg] [Thruster.cc:496] [0m[1;36mUsing velocity control for propeller joint.[0m[1;36m[0m
[gazebo-1] [1;36m[Dbg] [SystemManager.cc:80] [0m[1;36mLoaded system [[0m[1;36mgz::sim::systems::Thruster[0m[1;36m] for entity [[0m[1;36m143[0m[1;36m][0m[1;36m[0m
[gazebo-1] [1;32m[Msg] [0m[1;32mJointPositionController subscribing to Double messages on [[0m[1;32mwamv/thrusters/right/pos[0m[1;32m][0m[1;32m[0m
[gazebo-1] [1;36m[Dbg] [JointPositionController.cc:302] [0m[1;36m[JointPositionController] system parameters:[0m[1;36m[0m
[gazebo-1] [1;36m[Dbg] [JointPositionController.cc:303] [0m[1;36mp_gain: [[0m[1;36m1[0m[1;36m][0m[1;36m[0m
[gazebo-1] [1;36m[Dbg] [JointPositionController.cc:304] [0m[1;36mi_gain: [[0m[1;36m0.1[0m[1;36m][0m[1;36m[0m
[gazebo-1] [1;36m[Dbg] [JointPositionController.cc:305] [0m[1;36md_gain: [[0m[1;36m0.01[0m[1;36m][0m[1;36m[0m
[gazebo-1] [1;36m[Dbg] [JointPositionController.cc:306] [0m[1;36mi_max: [[0m[1;36m1[0m[1;36m][0m[1;36m[0m
[gazebo-1] [1;36m[Dbg] [JointPositionController.cc:307] [0m[1;36mi_min: [[0m[1;36m-1[0m[1;36m][0m[1;36m[0m
[gazebo-1] [1;36m[Dbg] [JointPositionController.cc:308] [0m[1;36mcmd_max: [[0m[1;36m1000[0m[1;36m][0m[1;36m[0m
[gazebo-1] [1;36m[Dbg] [JointPositionController.cc:309] [0m[1;36mcmd_min: [[0m[1;36m-1000[0m[1;36m][0m[1;36m[0m
[gazebo-1] [1;36m[Dbg] [JointPositionController.cc:310] [0m[1;36mcmd_offset: [[0m[1;36m0[0m[1;36m][0m[1;36m[0m
[gazebo-1] [1;36m[Dbg] [JointPositionController.cc:311] [0m[1;36mTopic: [[0m[1;36mwamv/thrusters/right/pos[0m[1;36m][0m[1;36m[0m
[gazebo-1] [1;36m[Dbg] [JointPositionController.cc:312] [0m[1;36minitial_position: [[0m[1;36m0[0m[1;36m][0m[1;36m[0m
[gazebo-1] [1;36m[Dbg] [SystemManager.cc:80] [0m[1;36mLoaded system [[0m[1;36mgz::sim::systems::JointPositionController[0m[1;36m] for entity [[0m[1;36m143[0m[1;36m][0m[1;36m[0m
[gazebo-1] [1;32m[Msg] [0m[1;32mInput Parameters:[0m[1;32m[0m
[gazebo-1] [1;32m[Msg] [0m[1;32mmodel:     [0m[1;32mPMS[0m[1;32m[0m
[gazebo-1] [1;32m[Msg] [0m[1;32mnumber:     [0m[1;32m3[0m[1;32m[0m
[gazebo-1] [1;32m[Msg] [0m[1;32mscale:      [0m[1;32m1.1[0m[1;32m[0m
[gazebo-1] [1;32m[Msg] [0m[1;32mangle:      [0m[1;32m0.4[0m[1;32m[0m
[gazebo-1] [1;32m[Msg] [0m[1;32msteepness:  [0m[1;32m0[0m[1;32m[0m
[gazebo-1] [1;32m[Msg] [0m[1;32mamplitude:  [0m[1;32m0[0m[1;32m[0m
[gazebo-1] [1;32m[Msg] [0m[1;32mperiod:     [0m[1;32m5[0m[1;32m[0m
[gazebo-1] [1;32m[Msg] [0m[1;32mdirection:  [0m[1;32m0[0m[1;32m[0m
[gazebo-1] [1;32m[Msg] [0m[1;32mtau:  [0m[1;32m2[0m[1;32m[0m
[gazebo-1] [1;32m[Msg] [0m[1;32mgain:  [0m[1;32m1[0m[1;32m[0m
[gazebo-1] [1;32m[Msg] [0m[1;32mDerived Parameters:[0m[1;32m[0m
[gazebo-1] [1;32m[Msg] [0m[1;32mamplitudes:  [0m[1;32m0.121167[0m[1;32m, [0m[1;32m0.130759[0m[1;32m, [0m[1;32m0.128568[0m[1;32m, [0m[1;32m[0m
[gazebo-1] [1;32m[Msg] [0m[1;32mwavenumbers: [0m[1;32m0.133171[0m[1;32m, [0m[1;32m0.161136[0m[1;32m, [0m[1;32m0.194975[0m[1;32m, [0m[1;32m[0m
[gazebo-1] [1;32m[Msg] [0m[1;32momegas:      [0m[1;32m1.1424[0m[1;32m, [0m[1;32m1.25664[0m[1;32m, [0m[1;32m1.3823[0m[1;32m, [0m[1;32m[0m
[gazebo-1] [1;32m[Msg] [0m[1;32mperiods:     [0m[1;32m[Msg] [0m[1;32m5.5[0m[1;32m, [0m[1;32m[Msg] [0m[1;32m5[0m[1;32m, [0m[1;32m[Msg] [0m[1;32m4.54545[0m[1;32m, [0m[1;32m[Msg] [0m[1;32m[0m
[gazebo-1] [1;32m[Msg] [0m[1;32mphases:      [0m[1;32m0[0m[1;32m, [0m[1;32m0[0m[1;32m, [0m[1;32m0[0m[1;32m, [0m[1;32m[0m
[gazebo-1] [1;32m[Msg] [0m[1;32msteepnesses: [0m[1;32m0[0m[1;32m, [0m[1;32m0[0m[1;32m, [0m[1;32m0[0m[1;32m, [0m[1;32m[0m
[gazebo-1] [1;32m[Msg] [0m[1;32mdirections:  [0m[1;32m[Msg] [0m[1;32m0.921061[0m[1;32m [0m[1;32m-0.389418[0m[1;32m; [0m[1;32m[Msg] [0m[1;32m1[0m[1;32m [0m[1;32m0[0m[1;32m; [0m[1;32m[Msg] [0m[1;32m0.921061[0m[1;32m [0m[1;32m0.389418[0m[1;32m; [0m[1;32m[Msg] [0m[1;32m[0m
[gazebo-1] [1;36m[Dbg] [Surface.cc:188] [0m[1;36mSurface plugin successfully configured with the following [0m[1;36mparameters:[0m[1;36m[0m
[gazebo-1] [1;36m[Dbg] [Surface.cc:190] [0m[1;36m  <link_name>: [0m[1;36mwamv/base_link[0m[1;36m[0m
[gazebo-1] [1;36m[Dbg] [Surface.cc:191] [0m[1;36m  <vehicle_length>: [0m[1;36m4.9[0m[1;36m[0m
[gazebo-1] [1;36m[Dbg] [Surface.cc:192] [0m[1;36m  <hull_radius>: [0m[1;36m0.213[0m[1;36m[0m
[gazebo-1] [1;36m[Dbg] [Surface.cc:193] [0m[1;36m  <fluid_level>: [0m[1;36m0[0m[1;36m[0m
[gazebo-1] [1;36m[Dbg] [Surface.cc:194] [0m[1;36m  <fluid_density>: [0m[1;36m997.774[0m[1;36m[0m
[gazebo-1] [1;36m[Dbg] [Surface.cc:195] [0m[1;36m  <points>:[0m[1;36m[0m
[gazebo-1] [1;36m[Dbg] [Surface.cc:197] [0m[1;36m    [[0m[1;36m0.6[0m[1;36m [0m[1;36m1.03[0m[1;36m [0m[1;36m0[0m[1;36m][0m[1;36m[0m
[gazebo-1] [1;36m[Dbg] [Surface.cc:197] [0m[1;36m    [[0m[1;36m-1.4[0m[1;36m [0m[1;36m1.03[0m[1;36m [0m[1;36m0[0m[1;36m][0m[1;36m[0m
[gazebo-1] [1;36m[Dbg] [SystemManager.cc:80] [0m[1;36mLoaded system [[0m[1;36mvrx::Surface[0m[1;36m] for entity [[0m[1;36m143[0m[1;36m][0m[1;36m[0m
[gazebo-1] [1;32m[Msg] [0m[1;32mInput Parameters:[0m[1;32m[0m
[gazebo-1] [1;32m[Msg] [0m[1;32mmodel:     [0m[1;32mPMS[0m[1;32m[0m
[gazebo-1] [1;32m[Msg] [0m[1;32mnumber:     [0m[1;32m3[0m[1;32m[0m
[gazebo-1] [1;32m[Msg] [0m[1;32mscale:      [0m[1;32m1.1[0m[1;32m[0m
[gazebo-1] [1;32m[Msg] [0m[1;32mangle:      [0m[1;32m0.4[0m[1;32m[0m
[gazebo-1] [1;32m[Msg] [0m[1;32msteepness:  [0m[1;32m0[0m[1;32m[0m
[gazebo-1] [1;32m[Msg] [0m[1;32mamplitude:  [0m[1;32m0[0m[1;32m[0m
[gazebo-1] [1;32m[Msg] [0m[1;32mperiod:     [0m[1;32m5[0m[1;32m[0m
[gazebo-1] [1;32m[Msg] [0m[1;32mdirection:  [0m[1;32m0[0m[1;32m[0m
[gazebo-1] [1;32m[Msg] [0m[1;32mtau:  [0m[1;32m2[0m[1;32m[0m
[gazebo-1] [1;32m[Msg] [0m[1;32mgain:  [0m[1;32m1[0m[1;32m[0m
[gazebo-1] [1;32m[Msg] [0m[1;32mDerived Parameters:[0m[1;32m[0m
[gazebo-1] [1;32m[Msg] [0m[1;32mamplitudes:  [0m[1;32m0.121167[0m[1;32m, [0m[1;32m0.130759[0m[1;32m, [0m[1;32m0.128568[0m[1;32m, [0m[1;32m[0m
[gazebo-1] [1;32m[Msg] [0m[1;32mwavenumbers: [0m[1;32m0.133171[0m[1;32m, [0m[1;32m0.161136[0m[1;32m, [0m[1;32m0.194975[0m[1;32m, [0m[1;32m[0m
[gazebo-1] [1;32m[Msg] [0m[1;32momegas:      [0m[1;32m1.1424[0m[1;32m, [0m[1;32m1.25664[0m[1;32m, [0m[1;32m1.3823[0m[1;32m, [0m[1;32m[0m
[gazebo-1] [1;32m[Msg] [0m[1;32mperiods:     [0m[1;32m[Msg] [0m[1;32m5.5[0m[1;32m, [0m[1;32m[Msg] [0m[1;32m5[0m[1;32m, [0m[1;32m[Msg] [0m[1;32m4.54545[0m[1;32m, [0m[1;32m[Msg] [0m[1;32m[0m
[gazebo-1] [1;32m[Msg] [0m[1;32mphases:      [0m[1;32m0[0m[1;32m, [0m[1;32m0[0m[1;32m, [0m[1;32m0[0m[1;32m, [0m[1;32m[0m
[gazebo-1] [1;32m[Msg] [0m[1;32msteepnesses: [0m[1;32m0[0m[1;32m, [0m[1;32m0[0m[1;32m, [0m[1;32m0[0m[1;32m, [0m[1;32m[0m
[gazebo-1] [1;32m[Msg] [0m[1;32mdirections:  [0m[1;32m[Msg] [0m[1;32m0.921061[0m[1;32m [0m[1;32m-0.389418[0m[1;32m; [0m[1;32m[Msg] [0m[1;32m1[0m[1;32m [0m[1;32m0[0m[1;32m; [0m[1;32m[Msg] [0m[1;32m0.921061[0m[1;32m [0m[1;32m0.389418[0m[1;32m; [0m[1;32m[Msg] [0m[1;32m[0m
[gazebo-1] [1;36m[Dbg] [Surface.cc:188] [0m[1;36mSurface plugin successfully configured with the following [0m[1;36mparameters:[0m[1;36m[0m
[gazebo-1] [1;36m[Dbg] [Surface.cc:190] [0m[1;36m  <link_name>: [0m[1;36mwamv/base_link[0m[1;36m[0m
[gazebo-1] [1;36m[Dbg] [Surface.cc:191] [0m[1;36m  <vehicle_length>: [0m[1;36m4.9[0m[1;36m[0m
[gazebo-1] [1;36m[Dbg] [Surface.cc:192] [0m[1;36m  <hull_radius>: [0m[1;36m0.213[0m[1;36m[0m
[gazebo-1] [1;36m[Dbg] [Surface.cc:193] [0m[1;36m  <fluid_level>: [0m[1;36m0[0m[1;36m[0m
[gazebo-1] [1;36m[Dbg] [Surface.cc:194] [0m[1;36m  <fluid_density>: [0m[1;36m997.774[0m[1;36m[0m
[gazebo-1] [1;36m[Dbg] [Surface.cc:195] [0m[1;36m  <points>:[0m[1;36m[0m
[gazebo-1] [1;36m[Dbg] [Surface.cc:197] [0m[1;36m    [[0m[1;36m0.6[0m[1;36m [0m[1;36m-1.03[0m[1;36m [0m[1;36m0[0m[1;36m][0m[1;36m[0m
[gazebo-1] [1;36m[Dbg] [Surface.cc:197] [0m[1;36m    [[0m[1;36m-1.4[0m[1;36m [0m[1;36m-1.03[0m[1;36m [0m[1;36m0[0m[1;36m][0m[1;36m[0m
[gazebo-1] [1;36m[Dbg] [SystemManager.cc:80] [0m[1;36mLoaded system [[0m[1;36mvrx::Surface[0m[1;36m] for entity [[0m[1;36m143[0m[1;36m][0m[1;36m[0m
[gazebo-1] [1;36m[Dbg] [SimpleHydrodynamics.cc:164] [0m[1;36mSimpleHydrodynamics plugin successfully configured with the [0m[1;36mfollowing parameters:[0m[1;36m[0m
[gazebo-1] [1;36m[Dbg] [SimpleHydrodynamics.cc:166] [0m[1;36m  <link_name>: [0m[1;36mwamv/base_link[0m[1;36m[0m
[gazebo-1] [1;36m[Dbg] [SimpleHydrodynamics.cc:167] [0m[1;36m  <xDotU>: [0m[1;36m0[0m[1;36m[0m
[gazebo-1] [1;36m[Dbg] [SimpleHydrodynamics.cc:168] [0m[1;36m  <yDotV>: [0m[1;36m0[0m[1;36m[0m
[gazebo-1] [1;36m[Dbg] [SimpleHydrodynamics.cc:169] [0m[1;36m  <zDotW>: [0m[1;36m0.1[0m[1;36m[0m
[gazebo-1] [1;36m[Dbg] [SimpleHydrodynamics.cc:170] [0m[1;36m  <kDotP>: [0m[1;36m0.1[0m[1;36m[0m
[gazebo-1] [1;36m[Dbg] [SimpleHydrodynamics.cc:171] [0m[1;36m  <mDotQ>: [0m[1;36m0.1[0m[1;36m[0m
[gazebo-1] [1;36m[Dbg] [SimpleHydrodynamics.cc:172] [0m[1;36m  <nDotR>: [0m[1;36m0[0m[1;36m[0m
[gazebo-1] [1;36m[Dbg] [SimpleHydrodynamics.cc:173] [0m[1;36m  <xU>: [0m[1;36m100[0m[1;36m[0m
[gazebo-1] [1;36m[Dbg] [SimpleHydrodynamics.cc:174] [0m[1;36m  <xUU>: [0m[1;36m150[0m[1;36m[0m
[gazebo-1] [1;36m[Dbg] [SimpleHydrodynamics.cc:175] [0m[1;36m  <yV>: [0m[1;36m100[0m[1;36m[0m
[gazebo-1] [1;36m[Dbg] [SimpleHydrodynamics.cc:176] [0m[1;36m  <yVV>: [0m[1;36m100[0m[1;36m[0m
[gazebo-1] [1;36m[Dbg] [SimpleHydrodynamics.cc:177] [0m[1;36m  <zW>: [0m[1;36m500[0m[1;36m[0m
[gazebo-1] [1;36m[Dbg] [SimpleHydrodynamics.cc:178] [0m[1;36m  <zWW>: [0m[1;36m0[0m[1;36m[0m
[gazebo-1] [1;36m[Dbg] [SimpleHydrodynamics.cc:179] [0m[1;36m  <kP>: [0m[1;36m300[0m[1;36m[0m
[gazebo-1] [1;36m[Dbg] [SimpleHydrodynamics.cc:180] [0m[1;36m  <kPP>: [0m[1;36m600[0m[1;36m[0m
[gazebo-1] [1;36m[Dbg] [SimpleHydrodynamics.cc:181] [0m[1;36m  <mQ>: [0m[1;36m900[0m[1;36m[0m
[gazebo-1] [1;36m[Dbg] [SimpleHydrodynamics.cc:182] [0m[1;36m  <mQQ>: [0m[1;36m900[0m[1;36m[0m
[gazebo-1] [1;36m[Dbg] [SimpleHydrodynamics.cc:183] [0m[1;36m  <nR>: [0m[1;36m800[0m[1;36m[0m
[gazebo-1] [1;36m[Dbg] [SimpleHydrodynamics.cc:184] [0m[1;36m  <nRR>: [0m[1;36m800[0m[1;36m[0m
[gazebo-1] [1;36m[Dbg] [SystemManager.cc:80] [0m[1;36mLoaded system [[0m[1;36mvrx::SimpleHydrodynamics[0m[1;36m] for entity [[0m[1;36m143[0m[1;36m][0m[1;36m[0m
[gazebo-1] [1;36m[Dbg] [DetachableJoint.cc:137] [0m[1;36mDetach topic is: [0m[1;36m/vrx/release[0m[1;36m[0m
[gazebo-1] [1;36m[Dbg] [DetachableJoint.cc:143] [0m[1;36mDetachableJoint subscribing to messages on [0m[1;36m[[0m[1;36m/vrx/release[0m[1;36m][0m[1;36m[0m
[gazebo-1] [1;36m[Dbg] [DetachableJoint.cc:160] [0m[1;36mAttach topic is: [0m[1;36m/model/wamv/detachable_joint/attach[0m[1;36m[0m
[gazebo-1] [1;36m[Dbg] [DetachableJoint.cc:195] [0m[1;36mOutput topic is: [0m[1;36m/model/platform/detachable_joint/state[0m[1;36m[0m
[gazebo-1] [1;36m[Dbg] [SystemManager.cc:80] [0m[1;36mLoaded system [[0m[1;36mgz::sim::systems::DetachableJoint[0m[1;36m] for entity [[0m[1;36m143[0m[1;36m][0m[1;36m[0m
[gazebo-1] [1;36m[Dbg] [SystemManager.cc:80] [0m[1;36mLoaded system [[0m[1;36mgz::sim::systems::PosePublisher[0m[1;36m] for entity [[0m[1;36m143[0m[1;36m][0m[1;36m[0m
[gazebo-1] [1;36m[Dbg] [SystemManager.cc:80] [0m[1;36mLoaded system [[0m[1;36mgz::sim::systems::JointStatePublisher[0m[1;36m] for entity [[0m[1;36m143[0m[1;36m][0m[1;36m[0m
[gazebo-1] [1;36m[Dbg] [SystemManager.cc:80] [0m[1;36mLoaded system [[0m[1;36mvrx::AcousticPingerPlugin[0m[1;36m] for entity [[0m[1;36m143[0m[1;36m][0m[1;36m[0m
[gazebo-1] [1;36m[Dbg] [BallShooterPlugin.cc:212] [0m[1;36m<projectile><model_name>: [0m[1;36mblue_projectile[0m[1;36m[0m
[gazebo-1] [1;36m[Dbg] [BallShooterPlugin.cc:213] [0m[1;36m<projectile><link_name>: [0m[1;36mlink[0m[1;36m[0m
[gazebo-1] [1;36m[Dbg] [BallShooterPlugin.cc:214] [0m[1;36m<frame>: [0m[1;36mwamv/ball_shooter_launcher_link[0m[1;36m[0m
[gazebo-1] [1;36m[Dbg] [BallShooterPlugin.cc:215] [0m[1;36m<num_shots>: [0m[1;36m4[0m[1;36m[0m
[gazebo-1] [1;36m[Dbg] [BallShooterPlugin.cc:216] [0m[1;36m<pose>: [0m[1;36m0.14[0m[1;36m [0m[1;36m0[0m[1;36m [0m[1;36m0[0m[1;36m [0m[1;36m0[0m[1;36m [0m[1;36m0[0m[1;36m [0m[1;36m0[0m[1;36m[0m
[gazebo-1] [1;36m[Dbg] [BallShooterPlugin.cc:218] [0m[1;36m<shot_force>: [0m[1;36m65[0m[1;36m[0m
[gazebo-1] [1;36m[Dbg] [BallShooterPlugin.cc:219] [0m[1;36m<topic>: [0m[1;36mwamv/shooters/ball_shooter/fire[0m[1;36m[0m
[gazebo-1] [1;36m[Dbg] [SystemManager.cc:80] [0m[1;36mLoaded system [[0m[1;36mvrx::BallShooterPlugin[0m[1;36m] for entity [[0m[1;36m143[0m[1;36m][0m[1;36m[0m
[gazebo-1] [1;36m[Dbg] [UserCommands.cc:1094] [0m[1;36mCreated entity [[0m[1;36m143[0m[1;36m] named [[0m[1;36mwamv[0m[1;36m][0m[1;36m[0m
[gazebo-1] [1;32m[Msg] [0m[1;32mContact system publishing on [0m[1;32m/vrx/contacts[0m[1;32m[0m
[gazebo-1] [1;36m[Dbg] [USVWind.cc:282] [0m[1;36mwamv[0m[1;36m initialized[0m[1;36m[0m
[gazebo-1] [1;36m[Dbg] [Sensors.cc:953] [0m[1;36mInitialization needed[0m[1;36m[0m
[gazebo-1] [1;36m[Dbg] [Sensors.cc:349] [0m[1;36mInitializing render context[0m[1;36m[0m
[gazebo-1] [1;32m[Msg] [0m[1;32mLoading plugin [[0m[1;32mgz-rendering-ogre2[0m[1;32m][0m[1;32m[0m
[gazebo-1] [1;36m[Dbg] [ImuSensor.cc:150] [0m[1;36mIMU data for [[0m[1;36mwamv::wamv/imu_wamv_link::imu_wamv_sensor[0m[1;36m] advertised on [[0m[1;36mworld/sydney_regatta/model/wamv/link/wamv/imu_wamv_link/sensor/imu_wamv_sensor/imu[0m[1;36m][0m[1;36m[0m
[gazebo-1] [1;36m[Dbg] [SimulationRunner.cc:560] [0m[1;36mExiting postupdate worker thread ([0m[1;36m0[0m[1;36m)[0m[1;36m[0m
[gazebo-1] [1;33m[Wrn] [Ogre2RenderEngine.cc:551] [0m[1;33mUnable to open display: [0m[1;33m. Trying to run in headless mode.[0m[1;33m[0m
[gazebo-1] [1;33m[Wrn] [DetachableJoint.cc:348] [0m[1;33mChild Link [0m[1;33mdummy_upper[0m[1;33m could not be found.[0m
[robot_state_publisher-10] [WARN] [1787419228.995814552] [kdl_parser]: The root link wamv/base_link has an inertia specified in the URDF, but KDL does not support a root link with an inertia.  As a workaround, you can add an extra dummy link to your URDF.
[robot_state_publisher-10] [INFO] [1787419228.999380343] [wamv.robot_state_publisher]: Robot initialized
[parameter_bridge-8] [INFO] [1787419229.026551468] [wamv.ros_gz_bridge]: Creating GZ->ROS Bridge: [/model/wamv/pose (gz.msgs.Pose_V) -> /model/wamv/pose (tf2_msgs/msg/TFMessage)] (Lazy 0)
[parameter_bridge-8] [INFO] [1787419229.037327093] [wamv.ros_gz_bridge]: Creating GZ->ROS Bridge: [/model/wamv/pose_static (gz.msgs.Pose_V) -> /model/wamv/pose_static (tf2_msgs/msg/TFMessage)] (Lazy 0)
[parameter_bridge-8] [INFO] [1787419229.046934843] [wamv.ros_gz_bridge]: Creating GZ->ROS Bridge: [/world/sydney_regatta/model/wamv/joint_state (gz.msgs.Model) -> /world/sydney_regatta/model/wamv/joint_state (sensor_msgs/msg/JointState)] (Lazy 0)
[parameter_bridge-8] [INFO] [1787419229.051113177] [wamv.ros_gz_bridge]: Creating GZ->ROS Bridge: [/vrx/contacts (gz.msgs.Contacts) -> /vrx/contacts (ros_gz_interfaces/msg/Contacts)] (Lazy 0)
[parameter_bridge-8] [INFO] [1787419229.056231218] [wamv.ros_gz_bridge]: Creating GZ->ROS Bridge: [/world/sydney_regatta/model/wamv/link/wamv/base_link/sensor/front_left_camera_sensor/image (gz.msgs.Image) -> /world/sydney_regatta/model/wamv/link/wamv/base_link/sensor/front_left_camera_sensor/image (sensor_msgs/msg/Image)] (Lazy 0)
[parameter_bridge-8] [INFO] [1787419229.059713677] [wamv.ros_gz_bridge]: Creating GZ->ROS Bridge: [/world/sydney_regatta/model/wamv/link/wamv/base_link/sensor/front_left_camera_sensor/camera_info (gz.msgs.CameraInfo) -> /world/sydney_regatta/model/wamv/link/wamv/base_link/sensor/front_left_camera_sensor/camera_info (sensor_msgs/msg/CameraInfo)] (Lazy 0)
[parameter_bridge-8] [INFO] [1787419229.061585052] [wamv.ros_gz_bridge]: Creating GZ->ROS Bridge: [/world/sydney_regatta/model/wamv/link/wamv/base_link/sensor/front_right_camera_sensor/image (gz.msgs.Image) -> /world/sydney_regatta/model/wamv/link/wamv/base_link/sensor/front_right_camera_sensor/image (sensor_msgs/msg/Image)] (Lazy 0)
[parameter_bridge-8] [INFO] [1787419229.063405093] [wamv.ros_gz_bridge]: Creating GZ->ROS Bridge: [/world/sydney_regatta/model/wamv/link/wamv/base_link/sensor/front_right_camera_sensor/camera_info (gz.msgs.CameraInfo) -> /world/sydney_regatta/model/wamv/link/wamv/base_link/sensor/front_right_camera_sensor/camera_info (sensor_msgs/msg/CameraInfo)] (Lazy 0)
[parameter_bridge-8] [INFO] [1787419229.064855302] [wamv.ros_gz_bridge]: Creating GZ->ROS Bridge: [/world/sydney_regatta/model/wamv/link/wamv/base_link/sensor/lidar_wamv_sensor/scan (gz.msgs.LaserScan) -> /world/sydney_regatta/model/wamv/link/wamv/base_link/sensor/lidar_wamv_sensor/scan (sensor_msgs/msg/LaserScan)] (Lazy 0)
[parameter_bridge-8] [INFO] [1787419229.067637843] [wamv.ros_gz_bridge]: Creating GZ->ROS Bridge: [/world/sydney_regatta/model/wamv/link/wamv/base_link/sensor/lidar_wamv_sensor/scan/points (gz.msgs.PointCloudPacked) -> /world/sydney_regatta/model/wamv/link/wamv/base_link/sensor/lidar_wamv_sensor/scan/points (sensor_msgs/msg/PointCloud2)] (Lazy 0)
[parameter_bridge-8] [INFO] [1787419229.070532510] [wamv.ros_gz_bridge]: Creating GZ->ROS Bridge: [/world/sydney_regatta/model/wamv/link/wamv/base_link/sensor/middle_right_camera_sensor/image (gz.msgs.Image) -> /world/sydney_regatta/model/wamv/link/wamv/base_link/sensor/middle_right_camera_sensor/image (sensor_msgs/msg/Image)] (Lazy 0)
[parameter_bridge-8] [INFO] [1787419229.071973177] [wamv.ros_gz_bridge]: Creating GZ->ROS Bridge: [/world/sydney_regatta/model/wamv/link/wamv/base_link/sensor/middle_right_camera_sensor/camera_info (gz.msgs.CameraInfo) -> /world/sydney_regatta/model/wamv/link/wamv/base_link/sensor/middle_right_camera_sensor/camera_info (sensor_msgs/msg/CameraInfo)] (Lazy 0)
[parameter_bridge-8] [INFO] [1787419229.073485593] [wamv.ros_gz_bridge]: Creating GZ->ROS Bridge: [/world/sydney_regatta/model/wamv/link/wamv/gps_wamv_link/sensor/navsat/navsat (gz.msgs.NavSat) -> /world/sydney_regatta/model/wamv/link/wamv/gps_wamv_link/sensor/navsat/navsat (sensor_msgs/msg/NavSatFix)] (Lazy 0)
[parameter_bridge-8] [INFO] [1787419229.076848635] [wamv.ros_gz_bridge]: Creating GZ->ROS Bridge: [/world/sydney_regatta/model/wamv/link/wamv/imu_wamv_link/sensor/imu_wamv_sensor/imu (gz.msgs.IMU) -> /world/sydney_regatta/model/wamv/link/wamv/imu_wamv_link/sensor/imu_wamv_sensor/imu (sensor_msgs/msg/Imu)] (Lazy 0)
[parameter_bridge-8] [INFO] [1787419229.078891302] [wamv.ros_gz_bridge]: Creating ROS->GZ Bridge: [wamv/thrusters/left/thrust (std_msgs/msg/Float64) -> wamv/thrusters/left/thrust (gz.msgs.Double)] (Lazy 0)
[parameter_bridge-8] [INFO] [1787419229.083456885] [wamv.ros_gz_bridge]: Creating ROS->GZ Bridge: [wamv/thrusters/left/pos (std_msgs/msg/Float64) -> wamv/thrusters/left/pos (gz.msgs.Double)] (Lazy 0)
[parameter_bridge-8] [INFO] [1787419229.084183010] [wamv.ros_gz_bridge]: Creating ROS->GZ Bridge: [wamv/thrusters/right/thrust (std_msgs/msg/Float64) -> wamv/thrusters/right/thrust (gz.msgs.Double)] (Lazy 0)
[parameter_bridge-8] [INFO] [1787419229.084594843] [wamv.ros_gz_bridge]: Creating ROS->GZ Bridge: [wamv/thrusters/right/pos (std_msgs/msg/Float64) -> wamv/thrusters/right/pos (gz.msgs.Double)] (Lazy 0)
[parameter_bridge-8] [INFO] [1787419229.086302010] [wamv.ros_gz_bridge]: Creating GZ->ROS Bridge: [wamv/sensors/acoustics/receiver/range_bearing (gz.msgs.Param) -> wamv/sensors/acoustics/receiver/range_bearing (ros_gz_interfaces/msg/ParamVec)] (Lazy 0)
[parameter_bridge-8] [INFO] [1787419229.088528552] [wamv.ros_gz_bridge]: Creating ROS->GZ Bridge: [/pinger/set_pinger_position (geometry_msgs/msg/Vector3) -> /pinger/set_pinger_position (gz.msgs.Vector3d)] (Lazy 0)
[parameter_bridge-8] [INFO] [1787419229.091324218] [wamv.ros_gz_bridge]: Creating ROS->GZ Bridge: [/wamv/shooters/ball_shooter/fire (std_msgs/msg/Bool) -> /wamv/shooters/ball_shooter/fire (gz.msgs.Boolean)] (Lazy 0)
[gazebo-1] [1;33m[Wrn] [DetachableJoint.cc:348] [0m[1;33mChild Link [0m[1;33mdummy_upper[0m[1;33m could not be found.[0m
[gazebo-1] [1;33m[Wrn] [Ogre2Camera.cc:421] [0m[1;33mOgre2Camera::SetVisibilityMask: Mask bits [0m[1;33mc0000000[0m[1;33m are set but will be ignored as they conflict with the [0m[1;33mreserved bits used internally by the ogre2 backend.[0m[1;33m[0m
[gazebo-1] [1;33m[Wrn] [Ogre2Camera.cc:421] [0m[1;33mOgre2Camera::SetVisibilityMask: Mask bits [0m[1;33mc0000000[0m[1;33m are set but will be ignored as they conflict with the [0m[1;33mreserved bits used internally by the ogre2 backend.[0m[1;33m[0m
[gazebo-1] [1;36m[Dbg] [SimulationRunner.cc:560] [0m[1;36mExiting postupdate worker thread ([0m[1;36m1[0m[1;36m)[0m[1;36m[0m
[gazebo-1] [1;36m[Dbg] [SimulationRunner.cc:560] [0m[1;36mExiting postupdate worker thread ([0m[1;36m3[0m[1;36m)[0m[1;36m[0m
[gazebo-1] [1;36m[Dbg] [SimulationRunner.cc:560] [0m[1;36mExiting postupdate worker thread ([0m[1;36m4[0m[1;36m)[0m[1;36mExiting postupdate worker thread ([0m[1;36m5[0m[1;36m)[0m[1;36m[0m
[gazebo-1] [1;36m[0m
[gazebo-1] [1;36m
[gazebo-1] [Dbg] [SimulationRunner.cc:560] [0m[1;36mExiting postupdate worker thread ([0m[1;36m2[0m[1;36m)[0m[1;36m[0m
[gazebo-1] [1;36m[Dbg] [SimulationRunner.cc:560] [0m[1;36mExiting postupdate worker thread ([0m[1;36m6[0m[1;36m)[0m[1;36m[0m
[gazebo-1] [1;36m[Dbg] [SimulationRunner.cc:533] [0m[1;36mCreating PostUpdate worker threads: [0m[1;36m12[0m[1;36m[0m
[gazebo-1] [1;36m[Dbg] [SimulationRunner.cc:544] [0m[1;36mCreating postupdate worker thread ([0m[1;36m0[0m[1;36m)[0m[1;36m[0m
[gazebo-1] [1;36m[Dbg] [SimulationRunner.cc:544] [0m[1;36mCreating postupdate worker thread ([0m[1;36m1[0m[1;36m)[0m[1;36m[0m
[gazebo-1] [1;36m[Dbg] [SimulationRunner.cc:544] [0m[1;36mCreating postupdate worker thread ([0m[1;36m2[0m[1;36m)[0m[1;36m[0m
[gazebo-1] [1;36m[Dbg] [SimulationRunner.cc:544] [0m[1;36mCreating postupdate worker thread ([0m[1;36m3[0m[1;36m)[0m[1;36m[0m
[gazebo-1] [1;36m[Dbg] [SimulationRunner.cc:544] [0m[1;36mCreating postupdate worker thread ([0m[1;36m4[0m[1;36m)[0m[1;36m[0m
[gazebo-1] [1;36m[Dbg] [SimulationRunner.cc:544] [0m[1;36mCreating postupdate worker thread ([0m[1;36m5[0m[1;36m)[0m[1;36m[0m
[gazebo-1] [1;36m[Dbg] [SimulationRunner.cc:544] [0m[1;36mCreating postupdate worker thread ([0m[1;36m6[0m[1;36m)[0m[1;36m[0m
[gazebo-1] [1;36m[Dbg] [SimulationRunner.cc:544] [0m[1;36mCreating postupdate worker thread ([0m[1;36m7[0m[1;36m)[0m[1;36m[0m
[gazebo-1] [1;36m[Dbg] [SimulationRunner.cc:544] [0m[1;36mCreating postupdate worker thread ([0m[1;36m8[0m[1;36m)[0m[1;36m[0m
[gazebo-1] [1;36m[Dbg] [SimulationRunner.cc:544] [0m[1;36mCreating postupdate worker thread ([0m[1;36m9[0m[1;36m)[0m[1;36m[0m
[gazebo-1] [1;36m[Dbg] [SimulationRunner.cc:544] [0m[1;36mCreating postupdate worker thread ([0m[1;36m10[0m[1;36m)[0m[1;36m[0m
[gazebo-1] [1;36m[Dbg] [JointPositionController.cc:376] [0m[1;36mIdentified joint [[0m[1;36mwamv/left_chassis_engine_joint[0m[1;36m] as Entity [[0m[1;36m244[0m[1;36m][0m
[gazebo-1] [1;36m[Dbg] [JointPositionController.cc:376] [0m[1;36mIdentified joint [[0m[1;36mwamv/right_chassis_engine_joint[0m[1;36m] as Entity [[0m[1;36m247[0m[1;36m][0m
[gazebo-1] [1;36m[Dbg] [RenderUtil.cc:2646] [0m[1;36mCreate scene [[0m[1;36mscene[0m[1;36m][0m[1;36m[0m
[gazebo-1] [1;36m[Dbg] [Sensors.cc:391] [0m[1;36mRendering Thread initialized[0m[1;36m[0m
[gazebo-1] [1;36m[Dbg] [Sensors.cc:953] [0m[1;36mInitialization needed[0m[1;36m[0m
[gazebo-1] [1;36m[Dbg] [CameraSensor.cc:405] [0m[1;36mCamera images for [[0m[1;36mwamv::wamv/base_link::front_left_camera_sensor[0m[1;36m] advertised on [[0m[1;36mworld/sydney_regatta/model/wamv/link/wamv/base_link/sensor/front_left_camera_sensor/image[0m[1;36m][0m[1;36m[0m
[gazebo-1] [1;36m[Dbg] [CameraSensor.cc:695] [0m[1;36mCamera info for [[0m[1;36mwamv::wamv/base_link::front_left_camera_sensor[0m[1;36m] advertised on [[0m[1;36m/world/sydney_regatta/model/wamv/link/wamv/base_link/sensor/front_left_camera_sensor/camera_info[0m[1;36m][0m[1;36m[0m
[gazebo-1] [1;36m[Dbg] [CameraSensor.cc:405] [0m[1;36mCamera images for [[0m[1;36mwamv::wamv/base_link::front_right_camera_sensor[0m[1;36m] advertised on [[0m[1;36mworld/sydney_regatta/model/wamv/link/wamv/base_link/sensor/front_right_camera_sensor/image[0m[1;36m][0m[1;36m[0m
[gazebo-1] [1;36m[Dbg] [CameraSensor.cc:695] [0m[1;36mCamera info for [[0m[1;36mwamv::wamv/base_link::front_right_camera_sensor[0m[1;36m] advertised on [[0m[1;36m/world/sydney_regatta/model/wamv/link/wamv/base_link/sensor/front_right_camera_sensor/camera_info[0m[1;36m][0m[1;36m[0m
[gazebo-1] [1;33m[Wrn] [Ogre2Camera.cc:421] [0m[1;33mOgre2Camera::SetVisibilityMask: Mask bits [0m[1;33mc0000000[0m[1;33m are set but will be ignored as they conflict with the [0m[1;33mreserved bits used internally by the ogre2 backend.[0m[1;33m[0m
[gazebo-1] [1;33m[Wrn] [DetachableJoint.cc:348] [0m[1;33mChild Link [0m[1;33mdummy_upper[0m[1;33m could not be found.[0m
[gazebo-1] [1;33m[Wrn] [DetachableJoint.cc:348] [0m[1;33mChild Link [0m[1;33mdummy_upper[0m[1;33m could not be found.[0m
[gazebo-1] [1;33m[Wrn] [DetachableJoint.cc:348] [0m[1;33mChild Link [0m[1;33mdummy_upper[0m[1;33m could not be found.[0m
[gazebo-1] [1;33m[Wrn] [DetachableJoint.cc:348] [0m[1;33mChild Link [0m[1;33mdummy_upper[0m[1;33m could not be found.[0m
[gazebo-1] [1;33m[Wrn] [DetachableJoint.cc:348] [0m[1;33mChild Link [0m[1;33mdummy_upper[0m[1;33m could not be found.[0m
[gazebo-1] [1;33m[Wrn] [DetachableJoint.cc:348] [0m[1;33mChild Link [0m[1;33mdummy_upper[0m[1;33m could not be found.[0m
[gazebo-1] [1;33m[Wrn] [DetachableJoint.cc:348] [0m[1;33mChild Link [0m[1;33mdummy_upper[0m[1;33m could not be found.[0m
[gazebo-1] [1;33m[Wrn] [DetachableJoint.cc:348] [0m[1;33mChild Link [0m[1;33mdummy_upper[0m[1;33m could not be found.[0m
[gazebo-1] [1;33m[Wrn] [DetachableJoint.cc:348] [0m[1;33mChild Link [0m[1;33mdummy_upper[0m[1;33m could not be found.[0m
[gazebo-1] [1;33m[Wrn] [DetachableJoint.cc:348] [0m[1;33mChild Link [0m[1;33mdummy_upper[0m[1;33m could not be found.[0m
[gazebo-1] [1;33m[Wrn] [DetachableJoint.cc:348] [0m[1;33mChild Link [0m[1;33mdummy_upper[0m[1;33m could not be found.[0m
[gazebo-1] [1;33m[Wrn] [DetachableJoint.cc:348] [0m[1;33mChild Link [0m[1;33mdummy_upper[0m[1;33m could not be found.[0m
[gazebo-1] [1;33m[Wrn] [DetachableJoint.cc:348] [0m[1;33mChild Link [0m[1;33mdummy_upper[0m[1;33m could not be found.[0m
[gazebo-1] [1;33m[Wrn] [DetachableJoint.cc:348] [0m[1;33mChild Link [0m[1;33mdummy_upper[0m[1;33m could not be found.[0m
[gazebo-1] [1;33m[Wrn] [DetachableJoint.cc:348] [0m[1;33mChild Link [0m[1;33mdummy_upper[0m[1;33m could not be found.[0m
[gazebo-1] [1;33m[Wrn] [DetachableJoint.cc:348] [0m[1;33mChild Link [0m[1;33mdummy_upper[0m[1;33m could not be found.[0m
[gazebo-1] [1;33m[Wrn] [DetachableJoint.cc:348] [0m[1;33mChild Link [0m[1;33mdummy_upper[0m[1;33m could not be found.[0m
[gazebo-1] [1;33m[Wrn] [DetachableJoint.cc:348] [0m[1;33mChild Link [0m[1;33mdummy_upper[0m[1;33m could not be found.[0m
[gazebo-1] [1;33m[Wrn] [DetachableJoint.cc:348] [0m[1;33mChild Link [0m[1;33mdummy_upper[0m[1;33m could not be found.[0m
[gazebo-1] [1;33m[Wrn] [DetachableJoint.cc:348] [0m[1;33mChild Link [0m[1;33mdummy_upper[0m[1;33m could not be found.[0m
[gazebo-1] [1;33m[Wrn] [DetachableJoint.cc:348] [0m[1;33mChild Link [0m[1;33mdummy_upper[0m[1;33m could not be found.[0m
[gazebo-1] [1;33m[Wrn] [DetachableJoint.cc:348] [0m[1;33mChild Link [0m[1;33mdummy_upper[0m[1;33m could not be found.[0m
[gazebo-1] [1;33m[Wrn] [DetachableJoint.cc:348] [0m[1;33mChild Link [0m[1;33mdummy_upper[0m[1;33m could not be found.[0m
[gazebo-1] [1;33m[Wrn] [DetachableJoint.cc:348] [0m[1;33mChild Link [0m[1;33mdummy_upper[0m[1;33m could not be found.[0m
[gazebo-1] [1;33m[Wrn] [DetachableJoint.cc:348] [0m[1;33mChild Link [0m[1;33mdummy_upper[0m[1;33m could not be found.[0m
[gazebo-1] [1;33m[Wrn] [DetachableJoint.cc:348] [0m[1;33mChild Link [0m[1;33mdummy_upper[0m[1;33m could not be found.[0m
[gazebo-1] [1;33m[Wrn] [DetachableJoint.cc:348] [0m[1;33mChild Link [0m[1;33mdummy_upper[0m[1;33m could not be found.[0m
[gazebo-1] [1;33m[Wrn] [DetachableJoint.cc:348] [0m[1;33mChild Link [0m[1;33mdummy_upper[0m[1;33m could not be found.[0m
[gazebo-1] [1;33m[Wrn] [DetachableJoint.cc:348] [0m[1;33mChild Link [0m[1;33mdummy_upper[0m[1;33m could not be found.[0m
[gazebo-1] [1;33m[Wrn] [DetachableJoint.cc:348] [0m[1;33mChild Link [0m[1;33mdummy_upper[0m[1;33m could not be found.[0m
[gazebo-1] [1;33m[Wrn] [DetachableJoint.cc:348] [0m[1;33mChild Link [0m[1;33mdummy_upper[0m[1;33m could not be found.[0m
[gazebo-1] [1;33m[Wrn] [DetachableJoint.cc:348] [0m[1;33mChild Link [0m[1;33mdummy_upper[0m[1;33m could not be found.[0m
[gazebo-1] [1;33m[Wrn] [DetachableJoint.cc:348] [0m[1;33mChild Link [0m[1;33mdummy_upper[0m[1;33m could not be found.[0m
[gazebo-1] [1;33m[Wrn] [DetachableJoint.cc:348] [0m[1;33mChild Link [0m[1;33mdummy_upper[0m[1;33m could not be found.[0m
[gazebo-1] [1;33m[Wrn] [DetachableJoint.cc:348] [0m[1;33mChild Link [0m[1;33mdummy_upper[0m[1;33m could not be found.[0m
[gazebo-1] [1;33m[Wrn] [DetachableJoint.cc:348] [0m[1;33mChild Link [0m[1;33mdummy_upper[0m[1;33m could not be found.[0m
[gazebo-1] [1;33m[Wrn] [DetachableJoint.cc:348] [0m[1;33mChild Link [0m[1;33mdummy_upper[0m[1;33m could not be found.[0m
[gazebo-1] [1;33m[Wrn] [DetachableJoint.cc:348] [0m[1;33mChild Link [0m[1;33mdummy_upper[0m[1;33m could not be found.[0m
[gazebo-1] [1;33m[Wrn] [DetachableJoint.cc:348] [0m[1;33mChild Link [0m[1;33mdummy_upper[0m[1;33m could not be found.[0m
[gazebo-1] [1;33m[Wrn] [DetachableJoint.cc:348] [0m[1;33mChild Link [0m[1;33mdummy_upper[0m[1;33m could not be found.[0m
[gazebo-1] [1;33m[Wrn] [DetachableJoint.cc:348] [0m[1;33mChild Link [0m[1;33mdummy_upper[0m[1;33m could not be found.[0m
[gazebo-1] [1;33m[Wrn] [DetachableJoint.cc:348] [0m[1;33mChild Link [0m[1;33mdummy_upper[0m[1;33m could not be found.[0m
[gazebo-1] [1;33m[Wrn] [DetachableJoint.cc:348] [0m[1;33mChild Link [0m[1;33mdummy_upper[0m[1;33m could not be found.[0m
[gazebo-1] [1;33m[Wrn] [DetachableJoint.cc:348] [0m[1;33mChild Link [0m[1;33mdummy_upper[0m[1;33m could not be found.[0m
[gazebo-1] [1;33m[Wrn] [DetachableJoint.cc:348] [0m[1;33mChild Link [0m[1;33mdummy_upper[0m[1;33m could not be found.[0m
[gazebo-1] [1;33m[Wrn] [DetachableJoint.cc:348] [0m[1;33mChild Link [0m[1;33mdummy_upper[0m[1;33m could not be found.[0m
[gazebo-1] [1;33m[Wrn] [DetachableJoint.cc:348] [0m[1;33mChild Link [0m[1;33mdummy_upper[0m[1;33m could not be found.[0m
[gazebo-1] [1;33m[Wrn] [DetachableJoint.cc:348] [0m[1;33mChild Link [0m[1;33mdummy_upper[0m[1;33m could not be found.[0m
[gazebo-1] [1;33m[Wrn] [DetachableJoint.cc:348] [0m[1;33mChild Link [0m[1;33mdummy_upper[0m[1;33m could not be found.[0m
[gazebo-1] [1;33m[Wrn] [DetachableJoint.cc:348] [0m[1;33mChild Link [0m[1;33mdummy_upper[0m[1;33m could not be found.[0m
[gazebo-1] [1;33m[Wrn] [DetachableJoint.cc:348] [0m[1;33mChild Link [0m[1;33mdummy_upper[0m[1;33m could not be found.[0m
[gazebo-1] [1;33m[Wrn] [DetachableJoint.cc:348] [0m[1;33mChild Link [0m[1;33mdummy_upper[0m[1;33m could not be found.[0m
[gazebo-1] [1;33m[Wrn] [DetachableJoint.cc:348] [0m[1;33mChild Link [0m[1;33mdummy_upper[0m[1;33m could not be found.[0m
[gazebo-1] [1;33m[Wrn] [DetachableJoint.cc:348] [0m[1;33mChild Link [0m[1;33mdummy_upper[0m[1;33m could not be found.[0m
[gazebo-1] [1;33m[Wrn] [DetachableJoint.cc:348] [0m[1;33mChild Link [0m[1;33mdummy_upper[0m[1;33m could not be found.[0m
[gazebo-1] [1;33m[Wrn] [DetachableJoint.cc:348] [0m[1;33mChild Link [0m[1;33mdummy_upper[0m[1;33m could not be found.[0m
[gazebo-1] [1;33m[Wrn] [DetachableJoint.cc:348] [0m[1;33mChild Link [0m[1;33mdummy_upper[0m[1;33m could not be found.[0m
[gazebo-1] [1;33m[Wrn] [DetachableJoint.cc:348] [0m[1;33mChild Link [0m[1;33mdummy_upper[0m[1;33m could not be found.[0m
[gazebo-1] [1;33m[Wrn] [DetachableJoint.cc:348] [0m[1;33mChild Link [0m[1;33mdummy_upper[0m[1;33m could not be found.[0m
[gazebo-1] [1;33m[Wrn] [DetachableJoint.cc:348] [0m[1;33mChild Link [0m[1;33mdummy_upper[0m[1;33m could not be found.[0m
[gazebo-1] [1;33m[Wrn] [DetachableJoint.cc:348] [0m[1;33mChild Link [0m[1;33mdummy_upper[0m[1;33m could not be found.[0m
[gazebo-1] [1;33m[Wrn] [DetachableJoint.cc:348] [0m[1;33mChild Link [0m[1;33mdummy_upper[0m[1;33m could not be found.[0m
[gazebo-1] [1;33m[Wrn] [DetachableJoint.cc:348] [0m[1;33mChild Link [0m[1;33mdummy_upper[0m[1;33m could not be found.[0m
[gazebo-1] [1;33m[Wrn] [DetachableJoint.cc:348] [0m[1;33mChild Link [0m[1;33mdummy_upper[0m[1;33m could not be found.[0m
[gazebo-1] [1;33m[Wrn] [DetachableJoint.cc:348] [0m[1;33mChild Link [0m[1;33mdummy_upper[0m[1;33m could not be found.[0m
[gazebo-1] [1;33m[Wrn] [DetachableJoint.cc:348] [0m[1;33mChild Link [0m[1;33mdummy_upper[0m[1;33m could not be found.[0m
[gazebo-1] [1;33m[Wrn] [DetachableJoint.cc:348] [0m[1;33mChild Link [0m[1;33mdummy_upper[0m[1;33m could not be found.[0m
[gazebo-1] [1;33m[Wrn] [DetachableJoint.cc:348] [0m[1;33mChild Link [0m[1;33mdummy_upper[0m[1;33m could not be found.[0m
[gazebo-1] [1;33m[Wrn] [DetachableJoint.cc:348] [0m[1;33mChild Link [0m[1;33mdummy_upper[0m[1;33m could not be found.[0m
[gazebo-1] [1;33m[Wrn] [DetachableJoint.cc:348] [0m[1;33mChild Link [0m[1;33mdummy_upper[0m[1;33m could not be found.[0m
[gazebo-1] [1;33m[Wrn] [DetachableJoint.cc:348] [0m[1;33mChild Link [0m[1;33mdummy_upper[0m[1;33m could not be found.[0m
[gazebo-1] [1;33m[Wrn] [DetachableJoint.cc:348] [0m[1;33mChild Link [0m[1;33mdummy_upper[0m[1;33m could not be found.[0m
[gazebo-1] [1;33m[Wrn] [DetachableJoint.cc:348] [0m[1;33mChild Link [0m[1;33mdummy_upper[0m[1;33m could not be found.[0m
[gazebo-1] [1;33m[Wrn] [DetachableJoint.cc:348] [0m[1;33mChild Link [0m[1;33mdummy_upper[0m[1;33m could not be found.[0m
[gazebo-1] [1;33m[Wrn] [DetachableJoint.cc:348] [0m[1;33mChild Link [0m[1;33mdummy_upper[0m[1;33m could not be found.[0m
[gazebo-1] [1;33m[Wrn] [DetachableJoint.cc:348] [0m[1;33mChild Link [0m[1;33mdummy_upper[0m[1;33m could not be found.[0m
[gazebo-1] [1;33m[Wrn] [DetachableJoint.cc:348] [0m[1;33mChild Link [0m[1;33mdummy_upper[0m[1;33m could not be found.[0m
[gazebo-1] [1;33m[Wrn] [DetachableJoint.cc:348] [0m[1;33mChild Link [0m[1;33mdummy_upper[0m[1;33m could not be found.[0m
[gazebo-1] [1;33m[Wrn] [DetachableJoint.cc:348] [0m[1;33mChild Link [0m[1;33mdummy_upper[0m[1;33m could not be found.[0m
[gazebo-1] [1;33m[Wrn] [DetachableJoint.cc:348] [0m[1;33mChild Link [0m[1;33mdummy_upper[0m[1;33m could not be found.[0m
[gazebo-1] [1;33m[Wrn] [DetachableJoint.cc:348] [0m[1;33mChild Link [0m[1;33mdummy_upper[0m[1;33m could not be found.[0m
[gazebo-1] [1;33m[Wrn] [DetachableJoint.cc:348] [0m[1;33mChild Link [0m[1;33mdummy_upper[0m[1;33m could not be found.[0m
[gazebo-1] [1;33m[Wrn] [DetachableJoint.cc:348] [0m[1;33mChild Link [0m[1;33mdummy_upper[0m[1;33m could not be found.[0m
[gazebo-1] [1;33m[Wrn] [DetachableJoint.cc:348] [0m[1;33mChild Link [0m[1;33mdummy_upper[0m[1;33m could not be found.[0m
[gazebo-1] [1;33m[Wrn] [DetachableJoint.cc:348] [0m[1;33mChild Link [0m[1;33mdummy_upper[0m[1;33m could not be found.[0m
[gazebo-1] [1;33m[Wrn] [DetachableJoint.cc:348] [0m[1;33mChild Link [0m[1;33mdummy_upper[0m[1;33m could not be found.[0m
[gazebo-1] [1;33m[Wrn] [DetachableJoint.cc:348] [0m[1;33mChild Link [0m[1;33mdummy_upper[0m[1;33m could not be found.[0m
[gazebo-1] [1;33m[Wrn] [DetachableJoint.cc:348] [0m[1;33mChild Link [0m[1;33mdummy_upper[0m[1;33m could not be found.[0m
[gazebo-1] [1;33m[Wrn] [DetachableJoint.cc:348] [0m[1;33mChild Link [0m[1;33mdummy_upper[0m[1;33m could not be found.[0m
[gazebo-1] [1;33m[Wrn] [DetachableJoint.cc:348] [0m[1;33mChild Link [0m[1;33mdummy_upper[0m[1;33m could not be found.[0m
[gazebo-1] [1;33m[Wrn] [DetachableJoint.cc:348] [0m[1;33mChild Link [0m[1;33mdummy_upper[0m[1;33m could not be found.[0m
[gazebo-1] [1;33m[Wrn] [DetachableJoint.cc:348] [0m[1;33mChild Link [0m[1;33mdummy_upper[0m[1;33m could not be found.[0m
[gazebo-1] [1;33m[Wrn] [DetachableJoint.cc:348] [0m[1;33mChild Link [0m[1;33mdummy_upper[0m[1;33m could not be found.[0m
[gazebo-1] [1;33m[Wrn] [DetachableJoint.cc:348] [0m[1;33mChild Link [0m[1;33mdummy_upper[0m[1;33m could not be found.[0m
[gazebo-1] [1;33m[Wrn] [DetachableJoint.cc:348] [0m[1;33mChild Link [0m[1;33mdummy_upper[0m[1;33m could not be found.[0m
[gazebo-1] [1;33m[Wrn] [DetachableJoint.cc:348] [0m[1;33mChild Link [0m[1;33mdummy_upper[0m[1;33m could not be found.[0m
[gazebo-1] [1;33m[Wrn] [DetachableJoint.cc:348] [0m[1;33mChild Link [0m[1;33mdummy_upper[0m[1;33m could not be found.[0m
[gazebo-1] [1;33m[Wrn] [DetachableJoint.cc:348] [0m[1;33mChild Link [0m[1;33mdummy_upper[0m[1;33m could not be found.[0m
[gazebo-1] [1;33m[Wrn] [DetachableJoint.cc:348] [0m[1;33mChild Link [0m[1;33mdummy_upper[0m[1;33m could not be found.[0m
[gazebo-1] [1;33m[Wrn] [DetachableJoint.cc:348] [0m[1;33mChild Link [0m[1;33mdummy_upper[0m[1;33m could not be found.[0m
[gazebo-1] [1;33m[Wrn] [DetachableJoint.cc:348] [0m[1;33mChild Link [0m[1;33mdummy_upper[0m[1;33m could not be found.[0m
[gazebo-1] [1;33m[Wrn] [DetachableJoint.cc:348] [0m[1;33mChild Link [0m[1;33mdummy_upper[0m[1;33m could not be found.[0m
[gazebo-1] [1;33m[Wrn] [DetachableJoint.cc:348] [0m[1;33mChild Link [0m[1;33mdummy_upper[0m[1;33m could not be found.[0m
[gazebo-1] [1;33m[Wrn] [DetachableJoint.cc:348] [0m[1;33mChild Link [0m[1;33mdummy_upper[0m[1;33m could not be found.[0m
[gazebo-1] [1;33m[Wrn] [DetachableJoint.cc:348] [0m[1;33mChild Link [0m[1;33mdummy_upper[0m[1;33m could not be found.[0m
[gazebo-1] [1;33m[Wrn] [DetachableJoint.cc:348] [0m[1;33mChild Link [0m[1;33mdummy_upper[0m[1;33m could not be found.[0m
[gazebo-1] [1;33m[Wrn] [DetachableJoint.cc:348] [0m[1;33mChild Link [0m[1;33mdummy_upper[0m[1;33m could not be found.[0m
[gazebo-1] [1;33m[Wrn] [DetachableJoint.cc:348] [0m[1;33mChild Link [0m[1;33mdummy_upper[0m[1;33m could not be found.[0m
[gazebo-1] [1;33m[Wrn] [DetachableJoint.cc:348] [0m[1;33mChild Link [0m[1;33mdummy_upper[0m[1;33m could not be found.[0m
[gazebo-1] [1;33m[Wrn] [DetachableJoint.cc:348] [0m[1;33mChild Link [0m[1;33mdummy_upper[0m[1;33m could not be found.[0m
[gazebo-1] [1;33m[Wrn] [DetachableJoint.cc:348] [0m[1;33mChild Link [0m[1;33mdummy_upper[0m[1;33m could not be found.[0m
[gazebo-1] [1;33m[Wrn] [DetachableJoint.cc:348] [0m[1;33mChild Link [0m[1;33mdummy_upper[0m[1;33m could not be found.[0m
[gazebo-1] [1;33m[Wrn] [DetachableJoint.cc:348] [0m[1;33mChild Link [0m[1;33mdummy_upper[0m[1;33m could not be found.[0m
[gazebo-1] [1;33m[Wrn] [DetachableJoint.cc:348] [0m[1;33mChild Link [0m[1;33mdummy_upper[0m[1;33m could not be found.[0m
[gazebo-1] [1;33m[Wrn] [DetachableJoint.cc:348] [0m[1;33mChild Link [0m[1;33mdummy_upper[0m[1;33m could not be found.[0m
[gazebo-1] [1;33m[Wrn] [DetachableJoint.cc:348] [0m[1;33mChild Link [0m[1;33mdummy_upper[0m[1;33m could not be found.[0m
[gazebo-1] [1;33m[Wrn] [DetachableJoint.cc:348] [0m[1;33mChild Link [0m[1;33mdummy_upper[0m[1;33m could not be found.[0m
[gazebo-1] [1;33m[Wrn] [DetachableJoint.cc:348] [0m[1;33mChild Link [0m[1;33mdummy_upper[0m[1;33m could not be found.[0m
[gazebo-1] [1;33m[Wrn] [DetachableJoint.cc:348] [0m[1;33mChild Link [0m[1;33mdummy_upper[0m[1;33m could not be found.[0m
[gazebo-1] [1;33m[Wrn] [DetachableJoint.cc:348] [0m[1;33mChild Link [0m[1;33mdummy_upper[0m[1;33m could not be found.[0m
[gazebo-1] [1;33m[Wrn] [DetachableJoint.cc:348] [0m[1;33mChild Link [0m[1;33mdummy_upper[0m[1;33m could not be found.[0m
[gazebo-1] [1;33m[Wrn] [DetachableJoint.cc:348] [0m[1;33mChild Link [0m[1;33mdummy_upper[0m[1;33m could not be found.[0m
[gazebo-1] [1;33m[Wrn] [DetachableJoint.cc:348] [0m[1;33mChild Link [0m[1;33mdummy_upper[0m[1;33m could not be found.[0m
[gazebo-1] [1;33m[Wrn] [DetachableJoint.cc:348] [0m[1;33mChild Link [0m[1;33mdummy_upper[0m[1;33m could not be found.[0m
[gazebo-1] [1;33m[Wrn] [DetachableJoint.cc:348] [0m[1;33mChild Link [0m[1;33mdummy_upper[0m[1;33m could not be found.[0m
[gazebo-1] [1;33m[Wrn] [DetachableJoint.cc:348] [0m[1;33mChild Link [0m[1;33mdummy_upper[0m[1;33m could not be found.[0m
[gazebo-1] [1;33m[Wrn] [DetachableJoint.cc:348] [0m[1;33mChild Link [0m[1;33mdummy_upper[0m[1;33m could not be found.[0m
[gazebo-1] [1;33m[Wrn] [DetachableJoint.cc:348] [0m[1;33mChild Link [0m[1;33mdummy_upper[0m[1;33m could not be found.[0m
[gazebo-1] [1;33m[Wrn] [DetachableJoint.cc:348] [0m[1;33mChild Link [0m[1;33mdummy_upper[0m[1;33m could not be found.[0m
[gazebo-1] [1;33m[Wrn] [DetachableJoint.cc:348] [0m[1;33mChild Link [0m[1;33mdummy_upper[0m[1;33m could not be found.[0m
[gazebo-1] [1;33m[Wrn] [DetachableJoint.cc:348] [0m[1;33mChild Link [0m[1;33mdummy_upper[0m[1;33m could not be found.[0m
[gazebo-1] [1;33m[Wrn] [DetachableJoint.cc:348] [0m[1;33mChild Link [0m[1;33mdummy_upper[0m[1;33m could not be found.[0m
[gazebo-1] [1;33m[Wrn] [DetachableJoint.cc:348] [0m[1;33mChild Link [0m[1;33mdummy_upper[0m[1;33m could not be found.[0m
[gazebo-1] [1;33m[Wrn] [DetachableJoint.cc:348] [0m[1;33mChild Link [0m[1;33mdummy_upper[0m[1;33m could not be found.[0m
[gazebo-1] [1;33m[Wrn] [DetachableJoint.cc:348] [0m[1;33mChild Link [0m[1;33mdummy_upper[0m[1;33m could not be found.[0m
[gazebo-1] [1;33m[Wrn] [DetachableJoint.cc:348] [0m[1;33mChild Link [0m[1;33mdummy_upper[0m[1;33m could not be found.[0m
[gazebo-1] [1;33m[Wrn] [DetachableJoint.cc:348] [0m[1;33mChild Link [0m[1;33mdummy_upper[0m[1;33m could not be found.[0m
[gazebo-1] [1;33m[Wrn] [DetachableJoint.cc:348] [0m[1;33mChild Link [0m[1;33mdummy_upper[0m[1;33m could not be found.[0m
[gazebo-1] [1;33m[Wrn] [DetachableJoint.cc:348] [0m[1;33mChild Link [0m[1;33mdummy_upper[0m[1;33m could not be found.[0m
[gazebo-1] [1;33m[Wrn] [DetachableJoint.cc:348] [0m[1;33mChild Link [0m[1;33mdummy_upper[0m[1;33m could not be found.[0m
[gazebo-1] [1;33m[Wrn] [DetachableJoint.cc:348] [0m[1;33mChild Link [0m[1;33mdummy_upper[0m[1;33m could not be found.[0m
[gazebo-1] [1;33m[Wrn] [DetachableJoint.cc:348] [0m[1;33mChild Link [0m[1;33mdummy_upper[0m[1;33m could not be found.[0m
[gazebo-1] [1;33m[Wrn] [DetachableJoint.cc:348] [0m[1;33mChild Link [0m[1;33mdummy_upper[0m[1;33m could not be found.[0m
[gazebo-1] [1;33m[Wrn] [DetachableJoint.cc:348] [0m[1;33mChild Link [0m[1;33mdummy_upper[0m[1;33m could not be found.[0m
[gazebo-1] [1;33m[Wrn] [DetachableJoint.cc:348] [0m[1;33mChild Link [0m[1;33mdummy_upper[0m[1;33m could not be found.[0m
[gazebo-1] [1;33m[Wrn] [DetachableJoint.cc:348] [0m[1;33mChild Link [0m[1;33mdummy_upper[0m[1;33m could not be found.[0m
[gazebo-1] [1;33m[Wrn] [DetachableJoint.cc:348] [0m[1;33mChild Link [0m[1;33mdummy_upper[0m[1;33m could not be found.[0m
[gazebo-1] [1;33m[Wrn] [DetachableJoint.cc:348] [0m[1;33mChild Link [0m[1;33mdummy_upper[0m[1;33m could not be found.[0m
[gazebo-1] [1;33m[Wrn] [DetachableJoint.cc:348] [0m[1;33mChild Link [0m[1;33mdummy_upper[0m[1;33m could not be found.[0m
[gazebo-1] [1;33m[Wrn] [DetachableJoint.cc:348] [0m[1;33mChild Link [0m[1;33mdummy_upper[0m[1;33m could not be found.[0m
[gazebo-1] [1;33m[Wrn] [DetachableJoint.cc:348] [0m[1;33mChild Link [0m[1;33mdummy_upper[0m[1;33m could not be found.[0m
[gazebo-1] [1;33m[Wrn] [DetachableJoint.cc:348] [0m[1;33mChild Link [0m[1;33mdummy_upper[0m[1;33m could not be found.[0m
[gazebo-1] [1;33m[Wrn] [DetachableJoint.cc:348] [0m[1;33mChild Link [0m[1;33mdummy_upper[0m[1;33m could not be found.[0m
[gazebo-1] [1;33m[Wrn] [DetachableJoint.cc:348] [0m[1;33mChild Link [0m[1;33mdummy_upper[0m[1;33m could not be found.[0m
[gazebo-1] [1;33m[Wrn] [DetachableJoint.cc:348] [0m[1;33mChild Link [0m[1;33mdummy_upper[0m[1;33m could not be found.[0m
[gazebo-1] [1;33m[Wrn] [DetachableJoint.cc:348] [0m[1;33mChild Link [0m[1;33mdummy_upper[0m[1;33m could not be found.[0m
[gazebo-1] [1;33m[Wrn] [DetachableJoint.cc:348] [0m[1;33mChild Link [0m[1;33mdummy_upper[0m[1;33m could not be found.[0m
[gazebo-1] [1;33m[Wrn] [DetachableJoint.cc:348] [0m[1;33mChild Link [0m[1;33mdummy_upper[0m[1;33m could not be found.[0m
[gazebo-1] [1;33m[Wrn] [DetachableJoint.cc:348] [0m[1;33mChild Link [0m[1;33mdummy_upper[0m[1;33m could not be found.[0m
[gazebo-1] [1;33m[Wrn] [DetachableJoint.cc:348] [0m[1;33mChild Link [0m[1;33mdummy_upper[0m[1;33m could not be found.[0m
[gazebo-1] [1;33m[Wrn] [DetachableJoint.cc:348] [0m[1;33mChild Link [0m[1;33mdummy_upper[0m[1;33m could not be found.[0m
[gazebo-1] [1;33m[Wrn] [DetachableJoint.cc:348] [0m[1;33mChild Link [0m[1;33mdummy_upper[0m[1;33m could not be found.[0m
[gazebo-1] [1;33m[Wrn] [DetachableJoint.cc:348] [0m[1;33mChild Link [0m[1;33mdummy_upper[0m[1;33m could not be found.[0m
[gazebo-1] [1;33m[Wrn] [DetachableJoint.cc:348] [0m[1;33mChild Link [0m[1;33mdummy_upper[0m[1;33m could not be found.[0m
[gazebo-1] [1;33m[Wrn] [DetachableJoint.cc:348] [0m[1;33mChild Link [0m[1;33mdummy_upper[0m[1;33m could not be found.[0m
[gazebo-1] [1;33m[Wrn] [DetachableJoint.cc:348] [0m[1;33mChild Link [0m[1;33mdummy_upper[0m[1;33m could not be found.[0m
[gazebo-1] [1;33m[Wrn] [DetachableJoint.cc:348] [0m[1;33mChild Link [0m[1;33mdummy_upper[0m[1;33m could not be found.[0m
[gazebo-1] [1;33m[Wrn] [DetachableJoint.cc:348] [0m[1;33mChild Link [0m[1;33mdummy_upper[0m[1;33m could not be found.[0m
[gazebo-1] [1;33m[Wrn] [DetachableJoint.cc:348] [0m[1;33mChild Link [0m[1;33mdummy_upper[0m[1;33m could not be found.[0m
[gazebo-1] [1;33m[Wrn] [DetachableJoint.cc:348] [0m[1;33mChild Link [0m[1;33mdummy_upper[0m[1;33m could not be found.[0m
[gazebo-1] [1;33m[Wrn] [DetachableJoint.cc:348] [0m[1;33mChild Link [0m[1;33mdummy_upper[0m[1;33m could not be found.[0m
[gazebo-1] [1;33m[Wrn] [DetachableJoint.cc:348] [0m[1;33mChild Link [0m[1;33mdummy_upper[0m[1;33m could not be found.[0m
[gazebo-1] [1;33m[Wrn] [DetachableJoint.cc:348] [0m[1;33mChild Link [0m[1;33mdummy_upper[0m[1;33m could not be found.[0m
[gazebo-1] [1;33m[Wrn] [DetachableJoint.cc:348] [0m[1;33mChild Link [0m[1;33mdummy_upper[0m[1;33m could not be found.[0m
[gazebo-1] [1;33m[Wrn] [DetachableJoint.cc:348] [0m[1;33mChild Link [0m[1;33mdummy_upper[0m[1;33m could not be found.[0m
[gazebo-1] [1;33m[Wrn] [DetachableJoint.cc:348] [0m[1;33mChild Link [0m[1;33mdummy_upper[0m[1;33m could not be found.[0m
[gazebo-1] [1;33m[Wrn] [DetachableJoint.cc:348] [0m[1;33mChild Link [0m[1;33mdummy_upper[0m[1;33m could not be found.[0m
[gazebo-1] [1;33m[Wrn] [DetachableJoint.cc:348] [0m[1;33mChild Link [0m[1;33mdummy_upper[0m[1;33m could not be found.[0m
[gazebo-1] [1;33m[Wrn] [DetachableJoint.cc:348] [0m[1;33mChild Link [0m[1;33mdummy_upper[0m[1;33m could not be found.[0m
[gazebo-1] [1;33m[Wrn] [DetachableJoint.cc:348] [0m[1;33mChild Link [0m[1;33mdummy_upper[0m[1;33m could not be found.[0m
[gazebo-1] [1;33m[Wrn] [DetachableJoint.cc:348] [0m[1;33mChild Link [0m[1;33mdummy_upper[0m[1;33m could not be found.[0m
[gazebo-1] [1;33m[Wrn] [DetachableJoint.cc:348] [0m[1;33mChild Link [0m[1;33mdummy_upper[0m[1;33m could not be found.[0m
[gazebo-1] [1;33m[Wrn] [DetachableJoint.cc:348] [0m[1;33mChild Link [0m[1;33mdummy_upper[0m[1;33m could not be found.[0m
[gazebo-1] [1;33m[Wrn] [DetachableJoint.cc:348] [0m[1;33mChild Link [0m[1;33mdummy_upper[0m[1;33m could not be found.[0m
[gazebo-1] [1;33m[Wrn] [DetachableJoint.cc:348] [0m[1;33mChild Link [0m[1;33mdummy_upper[0m[1;33m could not be found.[0m
[gazebo-1] [1;33m[Wrn] [DetachableJoint.cc:348] [0m[1;33mChild Link [0m[1;33mdummy_upper[0m[1;33m could not be found.[0m
[gazebo-1] [1;33m[Wrn] [DetachableJoint.cc:348] [0m[1;33mChild Link [0m[1;33mdummy_upper[0m[1;33m could not be found.[0m
[gazebo-1] [1;33m[Wrn] [DetachableJoint.cc:348] [0m[1;33mChild Link [0m[1;33mdummy_upper[0m[1;33m could not be found.[0m
[gazebo-1] [1;33m[Wrn] [DetachableJoint.cc:348] [0m[1;33mChild Link [0m[1;33mdummy_upper[0m[1;33m could not be found.[0m
[gazebo-1] [1;33m[Wrn] [DetachableJoint.cc:348] [0m[1;33mChild Link [0m[1;33mdummy_upper[0m[1;33m could not be found.[0m
[gazebo-1] [1;33m[Wrn] [DetachableJoint.cc:348] [0m[1;33mChild Link [0m[1;33mdummy_upper[0m[1;33m could not be found.[0m
[gazebo-1] [1;33m[Wrn] [DetachableJoint.cc:348] [0m[1;33mChild Link [0m[1;33mdummy_upper[0m[1;33m could not be found.[0m
[gazebo-1] [1;33m[Wrn] [DetachableJoint.cc:348] [0m[1;33mChild Link [0m[1;33mdummy_upper[0m[1;33m could not be found.[0m
[gazebo-1] [1;33m[Wrn] [DetachableJoint.cc:348] [0m[1;33mChild Link [0m[1;33mdummy_upper[0m[1;33m could not be found.[0m
[gazebo-1] [1;33m[Wrn] [DetachableJoint.cc:348] [0m[1;33mChild Link [0m[1;33mdummy_upper[0m[1;33m could not be found.[0m
[gazebo-1] [1;33m[Wrn] [DetachableJoint.cc:348] [0m[1;33mChild Link [0m[1;33mdummy_upper[0m[1;33m could not be found.[0m
[gazebo-1] [1;33m[Wrn] [DetachableJoint.cc:348] [0m[1;33mChild Link [0m[1;33mdummy_upper[0m[1;33m could not be found.[0m
[gazebo-1] [1;33m[Wrn] [DetachableJoint.cc:348] [0m[1;33mChild Link [0m[1;33mdummy_upper[0m[1;33m could not be found.[0m
[gazebo-1] [1;33m[Wrn] [DetachableJoint.cc:348] [0m[1;33mChild Link [0m[1;33mdummy_upper[0m[1;33m could not be found.[0m
[gazebo-1] [1;33m[Wrn] [DetachableJoint.cc:348] [0m[1;33mChild Link [0m[1;33mdummy_upper[0m[1;33m could not be found.[0m
[gazebo-1] [1;33m[Wrn] [DetachableJoint.cc:348] [0m[1;33mChild Link [0m[1;33mdummy_upper[0m[1;33m could not be found.[0m
[gazebo-1] [1;33m[Wrn] [DetachableJoint.cc:348] [0m[1;33mChild Link [0m[1;33mdummy_upper[0m[1;33m could not be found.[0m
[gazebo-1] [1;33m[Wrn] [DetachableJoint.cc:348] [0m[1;33mChild Link [0m[1;33mdummy_upper[0m[1;33m could not be found.[0m
[gazebo-1] [1;33m[Wrn] [DetachableJoint.cc:348] [0m[1;33mChild Link [0m[1;33mdummy_upper[0m[1;33m could not be found.[0m
[gazebo-1] [1;33m[Wrn] [DetachableJoint.cc:348] [0m[1;33mChild Link [0m[1;33mdummy_upper[0m[1;33m could not be found.[0m
[gazebo-1] [1;33m[Wrn] [DetachableJoint.cc:348] [0m[1;33mChild Link [0m[1;33mdummy_upper[0m[1;33m could not be found.[0m
[gazebo-1] [1;33m[Wrn] [DetachableJoint.cc:348] [0m[1;33mChild Link [0m[1;33mdummy_upper[0m[1;33m could not be found.[0m
[gazebo-1] [1;33m[Wrn] [DetachableJoint.cc:348] [0m[1;33mChild Link [0m[1;33mdummy_upper[0m[1;33m could not be found.[0m
[gazebo-1] [1;33m[Wrn] [DetachableJoint.cc:348] [0m[1;33mChild Link [0m[1;33mdummy_upper[0m[1;33m could not be found.[0m
[gazebo-1] [1;33m[Wrn] [DetachableJoint.cc:348] [0m[1;33mChild Link [0m[1;33mdummy_upper[0m[1;33m could not be found.[0m
[gazebo-1] [1;33m[Wrn] [DetachableJoint.cc:348] [0m[1;33mChild Link [0m[1;33mdummy_upper[0m[1;33m could not be found.[0m
[gazebo-1] [1;33m[Wrn] [DetachableJoint.cc:348] [0m[1;33mChild Link [0m[1;33mdummy_upper[0m[1;33m could not be found.[0m
[gazebo-1] [1;33m[Wrn] [DetachableJoint.cc:348] [0m[1;33mChild Link [0m[1;33mdummy_upper[0m[1;33m could not be found.[0m
[gazebo-1] [1;33m[Wrn] [DetachableJoint.cc:348] [0m[1;33mChild Link [0m[1;33mdummy_upper[0m[1;33m could not be found.[0m
[gazebo-1] [1;33m[Wrn] [DetachableJoint.cc:348] [0m[1;33mChild Link [0m[1;33mdummy_upper[0m[1;33m could not be found.[0m
[gazebo-1] [1;33m[Wrn] [DetachableJoint.cc:348] [0m[1;33mChild Link [0m[1;33mdummy_upper[0m[1;33m could not be found.[0m
[gazebo-1] [1;33m[Wrn] [DetachableJoint.cc:348] [0m[1;33mChild Link [0m[1;33mdummy_upper[0m[1;33m could not be found.[0m
[gazebo-1] [1;33m[Wrn] [DetachableJoint.cc:348] [0m[1;33mChild Link [0m[1;33mdummy_upper[0m[1;33m could not be found.[0m
[gazebo-1] [1;33m[Wrn] [DetachableJoint.cc:348] [0m[1;33mChild Link [0m[1;33mdummy_upper[0m[1;33m could not be found.[0m
[gazebo-1] [1;33m[Wrn] [DetachableJoint.cc:348] [0m[1;33mChild Link [0m[1;33mdummy_upper[0m[1;33m could not be found.[0m
[gazebo-1] [1;33m[Wrn] [DetachableJoint.cc:348] [0m[1;33mChild Link [0m[1;33mdummy_upper[0m[1;33m could not be found.[0m
[gazebo-1] [1;33m[Wrn] [DetachableJoint.cc:348] [0m[1;33mChild Link [0m[1;33mdummy_upper[0m[1;33m could not be found.[0m
[gazebo-1] [1;33m[Wrn] [DetachableJoint.cc:348] [0m[1;33mChild Link [0m[1;33mdummy_upper[0m[1;33m could not be found.[0m
[gazebo-1] [1;33m[Wrn] [DetachableJoint.cc:348] [0m[1;33mChild Link [0m[1;33mdummy_upper[0m[1;33m could not be found.[0m
[gazebo-1] [1;33m[Wrn] [DetachableJoint.cc:348] [0m[1;33mChild Link [0m[1;33mdummy_upper[0m[1;33m could not be found.[0m
[gazebo-1] [1;33m[Wrn] [DetachableJoint.cc:348] [0m[1;33mChild Link [0m[1;33mdummy_upper[0m[1;33m could not be found.[0m
[gazebo-1] [1;33m[Wrn] [DetachableJoint.cc:348] [0m[1;33mChild Link [0m[1;33mdummy_upper[0m[1;33m could not be found.[0m
[gazebo-1] [1;33m[Wrn] [DetachableJoint.cc:348] [0m[1;33mChild Link [0m[1;33mdummy_upper[0m[1;33m could not be found.[0m
[gazebo-1] [1;33m[Wrn] [DetachableJoint.cc:348] [0m[1;33mChild Link [0m[1;33mdummy_upper[0m[1;33m could not be found.[0m
[gazebo-1] [1;33m[Wrn] [DetachableJoint.cc:348] [0m[1;33mChild Link [0m[1;33mdummy_upper[0m[1;33m could not be found.[0m
[gazebo-1] [1;33m[Wrn] [DetachableJoint.cc:348] [0m[1;33mChild Link [0m[1;33mdummy_upper[0m[1;33m could not be found.[0m
[gazebo-1] [1;33m[Wrn] [DetachableJoint.cc:348] [0m[1;33mChild Link [0m[1;33mdummy_upper[0m[1;33m could not be found.[0m
[gazebo-1] [1;33m[Wrn] [DetachableJoint.cc:348] [0m[1;33mChild Link [0m[1;33mdummy_upper[0m[1;33m could not be found.[0m
[gazebo-1] [1;33m[Wrn] [DetachableJoint.cc:348] [0m[1;33mChild Link [0m[1;33mdummy_upper[0m[1;33m could not be found.[0m
[gazebo-1] [1;33m[Wrn] [DetachableJoint.cc:348] [0m[1;33mChild Link [0m[1;33mdummy_upper[0m[1;33m could not be found.[0m
[gazebo-1] [1;33m[Wrn] [DetachableJoint.cc:348] [0m[1;33mChild Link [0m[1;33mdummy_upper[0m[1;33m could not be found.[0m
[gazebo-1] [1;33m[Wrn] [DetachableJoint.cc:348] [0m[1;33mChild Link [0m[1;33mdummy_upper[0m[1;33m could not be found.[0m
[gazebo-1] [1;33m[Wrn] [DetachableJoint.cc:348] [0m[1;33mChild Link [0m[1;33mdummy_upper[0m[1;33m could not be found.[0m
[gazebo-1] [1;33m[Wrn] [DetachableJoint.cc:348] [0m[1;33mChild Link [0m[1;33mdummy_upper[0m[1;33m could not be found.[0m
[gazebo-1] [1;33m[Wrn] [DetachableJoint.cc:348] [0m[1;33mChild Link [0m[1;33mdummy_upper[0m[1;33m could not be found.[0m
[gazebo-1] [1;33m[Wrn] [DetachableJoint.cc:348] [0m[1;33mChild Link [0m[1;33mdummy_upper[0m[1;33m could not be found.[0m
[gazebo-1] [1;33m[Wrn] [DetachableJoint.cc:348] [0m[1;33mChild Link [0m[1;33mdummy_upper[0m[1;33m could not be found.[0m
[gazebo-1] [1;33m[Wrn] [DetachableJoint.cc:348] [0m[1;33mChild Link [0m[1;33mdummy_upper[0m[1;33m could not be found.[0m
[gazebo-1] [1;33m[Wrn] [DetachableJoint.cc:348] [0m[1;33mChild Link [0m[1;33mdummy_upper[0m[1;33m could not be found.[0m
[gazebo-1] [1;33m[Wrn] [DetachableJoint.cc:348] [0m[1;33mChild Link [0m[1;33mdummy_upper[0m[1;33m could not be found.[0m
[gazebo-1] [1;33m[Wrn] [DetachableJoint.cc:348] [0m[1;33mChild Link [0m[1;33mdummy_upper[0m[1;33m could not be found.[0m
[gazebo-1] [1;33m[Wrn] [DetachableJoint.cc:348] [0m[1;33mChild Link [0m[1;33mdummy_upper[0m[1;33m could not be found.[0m
[gazebo-1] [1;33m[Wrn] [DetachableJoint.cc:348] [0m[1;33mChild Link [0m[1;33mdummy_upper[0m[1;33m could not be found.[0m
[gazebo-1] [1;33m[Wrn] [DetachableJoint.cc:348] [0m[1;33mChild Link [0m[1;33mdummy_upper[0m[1;33m could not be found.[0m
[gazebo-1] [1;33m[Wrn] [DetachableJoint.cc:348] [0m[1;33mChild Link [0m[1;33mdummy_upper[0m[1;33m could not be found.[0m
[gazebo-1] [1;33m[Wrn] [DetachableJoint.cc:348] [0m[1;33mChild Link [0m[1;33mdummy_upper[0m[1;33m could not be found.[0m
[gazebo-1] [1;33m[Wrn] [DetachableJoint.cc:348] [0m[1;33mChild Link [0m[1;33mdummy_upper[0m[1;33m could not be found.[0m
[gazebo-1] [1;33m[Wrn] [DetachableJoint.cc:348] [0m[1;33mChild Link [0m[1;33mdummy_upper[0m[1;33m could not be found.[0m
[gazebo-1] [1;33m[Wrn] [DetachableJoint.cc:348] [0m[1;33mChild Link [0m[1;33mdummy_upper[0m[1;33m could not be found.[0m
[gazebo-1] [1;33m[Wrn] [DetachableJoint.cc:348] [0m[1;33mChild Link [0m[1;33mdummy_upper[0m[1;33m could not be found.[0m
[gazebo-1] [1;33m[Wrn] [DetachableJoint.cc:348] [0m[1;33mChild Link [0m[1;33mdummy_upper[0m[1;33m could not be found.[0m
[gazebo-1] [1;33m[Wrn] [DetachableJoint.cc:348] [0m[1;33mChild Link [0m[1;33mdummy_upper[0m[1;33m could not be found.[0m
[gazebo-1] [1;33m[Wrn] [DetachableJoint.cc:348] [0m[1;33mChild Link [0m[1;33mdummy_upper[0m[1;33m could not be found.[0m
[gazebo-1] [1;33m[Wrn] [DetachableJoint.cc:348] [0m[1;33mChild Link [0m[1;33mdummy_upper[0m[1;33m could not be found.[0m
[gazebo-1] [1;33m[Wrn] [DetachableJoint.cc:348] [0m[1;33mChild Link [0m[1;33mdummy_upper[0m[1;33m could not be found.[0m
[gazebo-1] [1;33m[Wrn] [DetachableJoint.cc:348] [0m[1;33mChild Link [0m[1;33mdummy_upper[0m[1;33m could not be found.[0m
[gazebo-1] [1;33m[Wrn] [DetachableJoint.cc:348] [0m[1;33mChild Link [0m[1;33mdummy_upper[0m[1;33m could not be found.[0m
[gazebo-1] [1;33m[Wrn] [DetachableJoint.cc:348] [0m[1;33mChild Link [0m[1;33mdummy_upper[0m[1;33m could not be found.[0m
[gazebo-1] [1;33m[Wrn] [DetachableJoint.cc:348] [0m[1;33mChild Link [0m[1;33mdummy_upper[0m[1;33m could not be found.[0m
[gazebo-1] [1;33m[Wrn] [DetachableJoint.cc:348] [0m[1;33mChild Link [0m[1;33mdummy_upper[0m[1;33m could not be found.[0m
[gazebo-1] [1;33m[Wrn] [DetachableJoint.cc:348] [0m[1;33mChild Link [0m[1;33mdummy_upper[0m[1;33m could not be found.[0m
[gazebo-1] [1;33m[Wrn] [DetachableJoint.cc:348] [0m[1;33mChild Link [0m[1;33mdummy_upper[0m[1;33m could not be found.[0m
[gazebo-1] [1;33m[Wrn] [DetachableJoint.cc:348] [0m[1;33mChild Link [0m[1;33mdummy_upper[0m[1;33m could not be found.[0m
[gazebo-1] [1;33m[Wrn] [DetachableJoint.cc:348] [0m[1;33mChild Link [0m[1;33mdummy_upper[0m[1;33m could not be found.[0m
[gazebo-1] [1;33m[Wrn] [DetachableJoint.cc:348] [0m[1;33mChild Link [0m[1;33mdummy_upper[0m[1;33m could not be found.[0m
[gazebo-1] [1;33m[Wrn] [DetachableJoint.cc:348] [0m[1;33mChild Link [0m[1;33mdummy_upper[0m[1;33m could not be found.[0m
[gazebo-1] [1;33m[Wrn] [DetachableJoint.cc:348] [0m[1;33mChild Link [0m[1;33mdummy_upper[0m[1;33m could not be found.[0m
[gazebo-1] [1;33m[Wrn] [DetachableJoint.cc:348] [0m[1;33mChild Link [0m[1;33mdummy_upper[0m[1;33m could not be found.[0m
[gazebo-1] [1;33m[Wrn] [DetachableJoint.cc:348] [0m[1;33mChild Link [0m[1;33mdummy_upper[0m[1;33m could not be found.[0m
[gazebo-1] [1;33m[Wrn] [DetachableJoint.cc:348] [0m[1;33mChild Link [0m[1;33mdummy_upper[0m[1;33m could not be found.[0m
[gazebo-1] [1;33m[Wrn] [DetachableJoint.cc:348] [0m[1;33mChild Link [0m[1;33mdummy_upper[0m[1;33m could not be found.[0m
[gazebo-1] [1;33m[Wrn] [DetachableJoint.cc:348] [0m[1;33mChild Link [0m[1;33mdummy_upper[0m[1;33m could not be found.[0m
[gazebo-1] [1;33m[Wrn] [DetachableJoint.cc:348] [0m[1;33mChild Link [0m[1;33mdummy_upper[0m[1;33m could not be found.[0m
[gazebo-1] [1;33m[Wrn] [DetachableJoint.cc:348] [0m[1;33mChild Link [0m[1;33mdummy_upper[0m[1;33m could not be found.[0m
[gazebo-1] [1;33m[Wrn] [DetachableJoint.cc:348] [0m[1;33mChild Link [0m[1;33mdummy_upper[0m[1;33m could not be found.[0m
[gazebo-1] [1;33m[Wrn] [DetachableJoint.cc:348] [0m[1;33mChild Link [0m[1;33mdummy_upper[0m[1;33m could not be found.[0m
[gazebo-1] [1;33m[Wrn] [DetachableJoint.cc:348] [0m[1;33mChild Link [0m[1;33mdummy_upper[0m[1;33m could not be found.[0m
[gazebo-1] [1;33m[Wrn] [DetachableJoint.cc:348] [0m[1;33mChild Link [0m[1;33mdummy_upper[0m[1;33m could not be found.[0m
[gazebo-1] [1;33m[Wrn] [DetachableJoint.cc:348] [0m[1;33mChild Link [0m[1;33mdummy_upper[0m[1;33m could not be found.[0m
[gazebo-1] [1;33m[Wrn] [DetachableJoint.cc:348] [0m[1;33mChild Link [0m[1;33mdummy_upper[0m[1;33m could not be found.[0m
[gazebo-1] [1;33m[Wrn] [DetachableJoint.cc:348] [0m[1;33mChild Link [0m[1;33mdummy_upper[0m[1;33m could not be found.[0m
[gazebo-1] [1;33m[Wrn] [DetachableJoint.cc:348] [0m[1;33mChild Link [0m[1;33mdummy_upper[0m[1;33m could not be found.[0m
[gazebo-1] [1;33m[Wrn] [DetachableJoint.cc:348] [0m[1;33mChild Link [0m[1;33mdummy_upper[0m[1;33m could not be found.[0m
[gazebo-1] [1;33m[Wrn] [DetachableJoint.cc:348] [0m[1;33mChild Link [0m[1;33mdummy_upper[0m[1;33m could not be found.[0m
[gazebo-1] [1;33m[Wrn] [DetachableJoint.cc:348] [0m[1;33mChild Link [0m[1;33mdummy_upper[0m[1;33m could not be found.[0m
[gazebo-1] [1;33m[Wrn] [DetachableJoint.cc:348] [0m[1;33mChild Link [0m[1;33mdummy_upper[0m[1;33m could not be found.[0m
[gazebo-1] [1;33m[Wrn] [DetachableJoint.cc:348] [0m[1;33mChild Link [0m[1;33mdummy_upper[0m[1;33m could not be found.[0m
[gazebo-1] [1;33m[Wrn] [DetachableJoint.cc:348] [0m[1;33mChild Link [0m[1;33mdummy_upper[0m[1;33m could not be found.[0m
[gazebo-1] [1;33m[Wrn] [DetachableJoint.cc:348] [0m[1;33mChild Link [0m[1;33mdummy_upper[0m[1;33m could not be found.[0m
[gazebo-1] [1;33m[Wrn] [DetachableJoint.cc:348] [0m[1;33mChild Link [0m[1;33mdummy_upper[0m[1;33m could not be found.[0m
[gazebo-1] [1;33m[Wrn] [DetachableJoint.cc:348] [0m[1;33mChild Link [0m[1;33mdummy_upper[0m[1;33m could not be found.[0m
[gazebo-1] [1;33m[Wrn] [DetachableJoint.cc:348] [0m[1;33mChild Link [0m[1;33mdummy_upper[0m[1;33m could not be found.[0m
[gazebo-1] [1;33m[Wrn] [DetachableJoint.cc:348] [0m[1;33mChild Link [0m[1;33mdummy_upper[0m[1;33m could not be found.[0m
[gazebo-1] [1;33m[Wrn] [DetachableJoint.cc:348] [0m[1;33mChild Link [0m[1;33mdummy_upper[0m[1;33m could not be found.[0m
[gazebo-1] [1;33m[Wrn] [DetachableJoint.cc:348] [0m[1;33mChild Link [0m[1;33mdummy_upper[0m[1;33m could not be found.[0m
[gazebo-1] [1;33m[Wrn] [DetachableJoint.cc:348] [0m[1;33mChild Link [0m[1;33mdummy_upper[0m[1;33m could not be found.[0m
[gazebo-1] [1;33m[Wrn] [DetachableJoint.cc:348] [0m[1;33mChild Link [0m[1;33mdummy_upper[0m[1;33m could not be found.[0m
[gazebo-1] [1;33m[Wrn] [DetachableJoint.cc:348] [0m[1;33mChild Link [0m[1;33mdummy_upper[0m[1;33m could not be found.[0m
[gazebo-1] [1;33m[Wrn] [DetachableJoint.cc:348] [0m[1;33mChild Link [0m[1;33mdummy_upper[0m[1;33m could not be found.[0m
[gazebo-1] [1;33m[Wrn] [DetachableJoint.cc:348] [0m[1;33mChild Link [0m[1;33mdummy_upper[0m[1;33m could not be found.[0m
[gazebo-1] [1;33m[Wrn] [DetachableJoint.cc:348] [0m[1;33mChild Link [0m[1;33mdummy_upper[0m[1;33m could not be found.[0m
[gazebo-1] [1;33m[Wrn] [DetachableJoint.cc:348] [0m[1;33mChild Link [0m[1;33mdummy_upper[0m[1;33m could not be found.[0m
[gazebo-1] [1;33m[Wrn] [DetachableJoint.cc:348] [0m[1;33mChild Link [0m[1;33mdummy_upper[0m[1;33m could not be found.[0m
[gazebo-1] [1;33m[Wrn] [DetachableJoint.cc:348] [0m[1;33mChild Link [0m[1;33mdummy_upper[0m[1;33m could not be found.[0m
[gazebo-1] [1;33m[Wrn] [DetachableJoint.cc:348] [0m[1;33mChild Link [0m[1;33mdummy_upper[0m[1;33m could not be found.[0m
[gazebo-1] [1;33m[Wrn] [DetachableJoint.cc:348] [0m[1;33mChild Link [0m[1;33mdummy_upper[0m[1;33m could not be found.[0m
[gazebo-1] [1;33m[Wrn] [DetachableJoint.cc:348] [0m[1;33mChild Link [0m[1;33mdummy_upper[0m[1;33m could not be found.[0m
[gazebo-1] [1;33m[Wrn] [DetachableJoint.cc:348] [0m[1;33mChild Link [0m[1;33mdummy_upper[0m[1;33m could not be found.[0m
[gazebo-1] [1;33m[Wrn] [DetachableJoint.cc:348] [0m[1;33mChild Link [0m[1;33mdummy_upper[0m[1;33m could not be found.[0m
[gazebo-1] [1;33m[Wrn] [DetachableJoint.cc:348] [0m[1;33mChild Link [0m[1;33mdummy_upper[0m[1;33m could not be found.[0m
[gazebo-1] [1;33m[Wrn] [DetachableJoint.cc:348] [0m[1;33mChild Link [0m[1;33mdummy_upper[0m[1;33m could not be found.[0m
[gazebo-1] [1;33m[Wrn] [DetachableJoint.cc:348] [0m[1;33mChild Link [0m[1;33mdummy_upper[0m[1;33m could not be found.[0m
[gazebo-1] [1;33m[Wrn] [DetachableJoint.cc:348] [0m[1;33mChild Link [0m[1;33mdummy_upper[0m[1;33m could not be found.[0m
[gazebo-1] [1;33m[Wrn] [DetachableJoint.cc:348] [0m[1;33mChild Link [0m[1;33mdummy_upper[0m[1;33m could not be found.[0m
[gazebo-1] [1;33m[Wrn] [DetachableJoint.cc:348] [0m[1;33mChild Link [0m[1;33mdummy_upper[0m[1;33m could not be found.[0m
[gazebo-1] [1;33m[Wrn] [DetachableJoint.cc:348] [0m[1;33mChild Link [0m[1;33mdummy_upper[0m[1;33m could not be found.[0m
[gazebo-1] [1;33m[Wrn] [DetachableJoint.cc:348] [0m[1;33mChild Link [0m[1;33mdummy_upper[0m[1;33m could not be found.[0m
[gazebo-1] [1;33m[Wrn] [DetachableJoint.cc:348] [0m[1;33mChild Link [0m[1;33mdummy_upper[0m[1;33m could not be found.[0m
[gazebo-1] [1;33m[Wrn] [DetachableJoint.cc:348] [0m[1;33mChild Link [0m[1;33mdummy_upper[0m[1;33m could not be found.[0m
[gazebo-1] [1;33m[Wrn] [DetachableJoint.cc:348] [0m[1;33mChild Link [0m[1;33mdummy_upper[0m[1;33m could not be found.[0m
[gazebo-1] [1;33m[Wrn] [DetachableJoint.cc:348] [0m[1;33mChild Link [0m[1;33mdummy_upper[0m[1;33m could not be found.[0m
[gazebo-1] [1;33m[Wrn] [DetachableJoint.cc:348] [0m[1;33mChild Link [0m[1;33mdummy_upper[0m[1;33m could not be found.[0m
[gazebo-1] [1;33m[Wrn] [DetachableJoint.cc:348] [0m[1;33mChild Link [0m[1;33mdummy_upper[0m[1;33m could not be found.[0m
[gazebo-1] [1;33m[Wrn] [DetachableJoint.cc:348] [0m[1;33mChild Link [0m[1;33mdummy_upper[0m[1;33m could not be found.[0m
[gazebo-1] [1;33m[Wrn] [DetachableJoint.cc:348] [0m[1;33mChild Link [0m[1;33mdummy_upper[0m[1;33m could not be found.[0m
[gazebo-1] [1;33m[Wrn] [DetachableJoint.cc:348] [0m[1;33mChild Link [0m[1;33mdummy_upper[0m[1;33m could not be found.[0m
[gazebo-1] [1;33m[Wrn] [DetachableJoint.cc:348] [0m[1;33mChild Link [0m[1;33mdummy_upper[0m[1;33m could not be found.[0m
[gazebo-1] [1;33m[Wrn] [DetachableJoint.cc:348] [0m[1;33mChild Link [0m[1;33mdummy_upper[0m[1;33m could not be found.[0m
[gazebo-1] [1;33m[Wrn] [DetachableJoint.cc:348] [0m[1;33mChild Link [0m[1;33mdummy_upper[0m[1;33m could not be found.[0m
[gazebo-1] [1;33m[Wrn] [DetachableJoint.cc:348] [0m[1;33mChild Link [0m[1;33mdummy_upper[0m[1;33m could not be found.[0m
[gazebo-1] [1;33m[Wrn] [DetachableJoint.cc:348] [0m[1;33mChild Link [0m[1;33mdummy_upper[0m[1;33m could not be found.[0m
[gazebo-1] [1;33m[Wrn] [DetachableJoint.cc:348] [0m[1;33mChild Link [0m[1;33mdummy_upper[0m[1;33m could not be found.[0m
[gazebo-1] [1;33m[Wrn] [DetachableJoint.cc:348] [0m[1;33mChild Link [0m[1;33mdummy_upper[0m[1;33m could not be found.[0m
[gazebo-1] [1;33m[Wrn] [DetachableJoint.cc:348] [0m[1;33mChild Link [0m[1;33mdummy_upper[0m[1;33m could not be found.[0m
[gazebo-1] [1;33m[Wrn] [DetachableJoint.cc:348] [0m[1;33mChild Link [0m[1;33mdummy_upper[0m[1;33m could not be found.[0m
[gazebo-1] [1;33m[Wrn] [DetachableJoint.cc:348] [0m[1;33mChild Link [0m[1;33mdummy_upper[0m[1;33m could not be found.[0m
[gazebo-1] [1;33m[Wrn] [DetachableJoint.cc:348] [0m[1;33mChild Link [0m[1;33mdummy_upper[0m[1;33m could not be found.[0m
[gazebo-1] [1;33m[Wrn] [DetachableJoint.cc:348] [0m[1;33mChild Link [0m[1;33mdummy_upper[0m[1;33m could not be found.[0m
[gazebo-1] [1;33m[Wrn] [DetachableJoint.cc:348] [0m[1;33mChild Link [0m[1;33mdummy_upper[0m[1;33m could not be found.[0m
[gazebo-1] [1;33m[Wrn] [DetachableJoint.cc:348] [0m[1;33mChild Link [0m[1;33mdummy_upper[0m[1;33m could not be found.[0m
[gazebo-1] [1;33m[Wrn] [DetachableJoint.cc:348] [0m[1;33mChild Link [0m[1;33mdummy_upper[0m[1;33m could not be found.[0m
[gazebo-1] [1;33m[Wrn] [DetachableJoint.cc:348] [0m[1;33mChild Link [0m[1;33mdummy_upper[0m[1;33m could not be found.[0m
[gazebo-1] [1;33m[Wrn] [DetachableJoint.cc:348] [0m[1;33mChild Link [0m[1;33mdummy_upper[0m[1;33m could not be found.[0m
[gazebo-1] [1;33m[Wrn] [DetachableJoint.cc:348] [0m[1;33mChild Link [0m[1;33mdummy_upper[0m[1;33m could not be found.[0m
[gazebo-1] [1;33m[Wrn] [DetachableJoint.cc:348] [0m[1;33mChild Link [0m[1;33mdummy_upper[0m[1;33m could not be found.[0m
[gazebo-1] [1;33m[Wrn] [DetachableJoint.cc:348] [0m[1;33mChild Link [0m[1;33mdummy_upper[0m[1;33m could not be found.[0m
[gazebo-1] [1;33m[Wrn] [DetachableJoint.cc:348] [0m[1;33mChild Link [0m[1;33mdummy_upper[0m[1;33m could not be found.[0m
[gazebo-1] [1;33m[Wrn] [DetachableJoint.cc:348] [0m[1;33mChild Link [0m[1;33mdummy_upper[0m[1;33m could not be found.[0m
[gazebo-1] [1;33m[Wrn] [DetachableJoint.cc:348] [0m[1;33mChild Link [0m[1;33mdummy_upper[0m[1;33m could not be found.[0m
[gazebo-1] [1;33m[Wrn] [DetachableJoint.cc:348] [0m[1;33mChild Link [0m[1;33mdummy_upper[0m[1;33m could not be found.[0m
[gazebo-1] [1;33m[Wrn] [DetachableJoint.cc:348] [0m[1;33mChild Link [0m[1;33mdummy_upper[0m[1;33m could not be found.[0m
[gazebo-1] [1;33m[Wrn] [DetachableJoint.cc:348] [0m[1;33mChild Link [0m[1;33mdummy_upper[0m[1;33m could not be found.[0m
[gazebo-1] [1;33m[Wrn] [DetachableJoint.cc:348] [0m[1;33mChild Link [0m[1;33mdummy_upper[0m[1;33m could not be found.[0m
[gazebo-1] [1;33m[Wrn] [DetachableJoint.cc:348] [0m[1;33mChild Link [0m[1;33mdummy_upper[0m[1;33m could not be found.[0m
[gazebo-1] [1;33m[Wrn] [DetachableJoint.cc:348] [0m[1;33mChild Link [0m[1;33mdummy_upper[0m[1;33m could not be found.[0m
[gazebo-1] [1;33m[Wrn] [DetachableJoint.cc:348] [0m[1;33mChild Link [0m[1;33mdummy_upper[0m[1;33m could not be found.[0m
[gazebo-1] [1;33m[Wrn] [DetachableJoint.cc:348] [0m[1;33mChild Link [0m[1;33mdummy_upper[0m[1;33m could not be found.[0m
[gazebo-1] [1;33m[Wrn] [DetachableJoint.cc:348] [0m[1;33mChild Link [0m[1;33mdummy_upper[0m[1;33m could not be found.[0m
[gazebo-1] [1;33m[Wrn] [DetachableJoint.cc:348] [0m[1;33mChild Link [0m[1;33mdummy_upper[0m[1;33m could not be found.[0m
[gazebo-1] [1;33m[Wrn] [DetachableJoint.cc:348] [0m[1;33mChild Link [0m[1;33mdummy_upper[0m[1;33m could not be found.[0m
[gazebo-1] [1;33m[Wrn] [DetachableJoint.cc:348] [0m[1;33mChild Link [0m[1;33mdummy_upper[0m[1;33m could not be found.[0m
[gazebo-1] [1;33m[Wrn] [DetachableJoint.cc:348] [0m[1;33mChild Link [0m[1;33mdummy_upper[0m[1;33m could not be found.[0m
[gazebo-1] [1;33m[Wrn] [DetachableJoint.cc:348] [0m[1;33mChild Link [0m[1;33mdummy_upper[0m[1;33m could not be found.[0m
[gazebo-1] [1;33m[Wrn] [DetachableJoint.cc:348] [0m[1;33mChild Link [0m[1;33mdummy_upper[0m[1;33m could not be found.[0m
[gazebo-1] [1;33m[Wrn] [DetachableJoint.cc:348] [0m[1;33mChild Link [0m[1;33mdummy_upper[0m[1;33m could not be found.[0m
[gazebo-1] [1;33m[Wrn] [DetachableJoint.cc:348] [0m[1;33mChild Link [0m[1;33mdummy_upper[0m[1;33m could not be found.[0m
[gazebo-1] [1;33m[Wrn] [DetachableJoint.cc:348] [0m[1;33mChild Link [0m[1;33mdummy_upper[0m[1;33m could not be found.[0m
[gazebo-1] [1;33m[Wrn] [DetachableJoint.cc:348] [0m[1;33mChild Link [0m[1;33mdummy_upper[0m[1;33m could not be found.[0m
[gazebo-1] [1;33m[Wrn] [DetachableJoint.cc:348] [0m[1;33mChild Link [0m[1;33mdummy_upper[0m[1;33m could not be found.[0m
[gazebo-1] [1;33m[Wrn] [DetachableJoint.cc:348] [0m[1;33mChild Link [0m[1;33mdummy_upper[0m[1;33m could not be found.[0m
[gazebo-1] [1;33m[Wrn] [DetachableJoint.cc:348] [0m[1;33mChild Link [0m[1;33mdummy_upper[0m[1;33m could not be found.[0m
[gazebo-1] [1;33m[Wrn] [DetachableJoint.cc:348] [0m[1;33mChild Link [0m[1;33mdummy_upper[0m[1;33m could not be found.[0m
[gazebo-1] [1;33m[Wrn] [DetachableJoint.cc:348] [0m[1;33mChild Link [0m[1;33mdummy_upper[0m[1;33m could not be found.[0m
[gazebo-1] [1;33m[Wrn] [DetachableJoint.cc:348] [0m[1;33mChild Link [0m[1;33mdummy_upper[0m[1;33m could not be found.[0m
[gazebo-1] [1;33m[Wrn] [DetachableJoint.cc:348] [0m[1;33mChild Link [0m[1;33mdummy_upper[0m[1;33m could not be found.[0m
[gazebo-1] [1;33m[Wrn] [DetachableJoint.cc:348] [0m[1;33mChild Link [0m[1;33mdummy_upper[0m[1;33m could not be found.[0m
[gazebo-1] [1;33m[Wrn] [DetachableJoint.cc:348] [0m[1;33mChild Link [0m[1;33mdummy_upper[0m[1;33m could not be found.[0m
[gazebo-1] [1;33m[Wrn] [DetachableJoint.cc:348] [0m[1;33mChild Link [0m[1;33mdummy_upper[0m[1;33m could not be found.[0m
[gazebo-1] [1;33m[Wrn] [DetachableJoint.cc:348] [0m[1;33mChild Link [0m[1;33mdummy_upper[0m[1;33m could not be found.[0m
[gazebo-1] [1;33m[Wrn] [DetachableJoint.cc:348] [0m[1;33mChild Link [0m[1;33mdummy_upper[0m[1;33m could not be found.[0m
[gazebo-1] [1;33m[Wrn] [DetachableJoint.cc:348] [0m[1;33mChild Link [0m[1;33mdummy_upper[0m[1;33m could not be found.[0m
[gazebo-1] [1;33m[Wrn] [DetachableJoint.cc:348] [0m[1;33mChild Link [0m[1;33mdummy_upper[0m[1;33m could not be found.[0m
[gazebo-1] [1;33m[Wrn] [DetachableJoint.cc:348] [0m[1;33mChild Link [0m[1;33mdummy_upper[0m[1;33m could not be found.[0m
[gazebo-1] [1;33m[Wrn] [DetachableJoint.cc:348] [0m[1;33mChild Link [0m[1;33mdummy_upper[0m[1;33m could not be found.[0m
[gazebo-1] [1;33m[Wrn] [DetachableJoint.cc:348] [0m[1;33mChild Link [0m[1;33mdummy_upper[0m[1;33m could not be found.[0m
[gazebo-1] [1;33m[Wrn] [DetachableJoint.cc:348] [0m[1;33mChild Link [0m[1;33mdummy_upper[0m[1;33m could not be found.[0m
[gazebo-1] [1;33m[Wrn] [DetachableJoint.cc:348] [0m[1;33mChild Link [0m[1;33mdummy_upper[0m[1;33m could not be found.[0m
[gazebo-1] [1;33m[Wrn] [DetachableJoint.cc:348] [0m[1;33mChild Link [0m[1;33mdummy_upper[0m[1;33m could not be found.[0m
[gazebo-1] [1;33m[Wrn] [DetachableJoint.cc:348] [0m[1;33mChild Link [0m[1;33mdummy_upper[0m[1;33m could not be found.[0m
[gazebo-1] [1;33m[Wrn] [DetachableJoint.cc:348] [0m[1;33mChild Link [0m[1;33mdummy_upper[0m[1;33m could not be found.[0m
[gazebo-1] [1;33m[Wrn] [DetachableJoint.cc:348] [0m[1;33mChild Link [0m[1;33mdummy_upper[0m[1;33m could not be found.[0m
[gazebo-1] [1;33m[Wrn] [DetachableJoint.cc:348] [0m[1;33mChild Link [0m[1;33mdummy_upper[0m[1;33m could not be found.[0m
[gazebo-1] [1;33m[Wrn] [DetachableJoint.cc:348] [0m[1;33mChild Link [0m[1;33mdummy_upper[0m[1;33m could not be found.[0m
[gazebo-1] [1;33m[Wrn] [DetachableJoint.cc:348] [0m[1;33mChild Link [0m[1;33mdummy_upper[0m[1;33m could not be found.[0m
[gazebo-1] [1;33m[Wrn] [DetachableJoint.cc:348] [0m[1;33mChild Link [0m[1;33mdummy_upper[0m[1;33m could not be found.[0m
[gazebo-1] [1;33m[Wrn] [DetachableJoint.cc:348] [0m[1;33mChild Link [0m[1;33mdummy_upper[0m[1;33m could not be found.[0m
[gazebo-1] [1;33m[Wrn] [DetachableJoint.cc:348] [0m[1;33mChild Link [0m[1;33mdummy_upper[0m[1;33m could not be found.[0m
[gazebo-1] [1;33m[Wrn] [DetachableJoint.cc:348] [0m[1;33mChild Link [0m[1;33mdummy_upper[0m[1;33m could not be found.[0m
[gazebo-1] [1;33m[Wrn] [DetachableJoint.cc:348] [0m[1;33mChild Link [0m[1;33mdummy_upper[0m[1;33m could not be found.[0m
[gazebo-1] [1;33m[Wrn] [DetachableJoint.cc:348] [0m[1;33mChild Link [0m[1;33mdummy_upper[0m[1;33m could not be found.[0m
[gazebo-1] [1;33m[Wrn] [DetachableJoint.cc:348] [0m[1;33mChild Link [0m[1;33mdummy_upper[0m[1;33m could not be found.[0m
[gazebo-1] [1;33m[Wrn] [DetachableJoint.cc:348] [0m[1;33mChild Link [0m[1;33mdummy_upper[0m[1;33m could not be found.[0m
[gazebo-1] [1;33m[Wrn] [DetachableJoint.cc:348] [0m[1;33mChild Link [0m[1;33mdummy_upper[0m[1;33m could not be found.[0m
[gazebo-1] [1;33m[Wrn] [DetachableJoint.cc:348] [0m[1;33mChild Link [0m[1;33mdummy_upper[0m[1;33m could not be found.[0m
[gazebo-1] [1;33m[Wrn] [DetachableJoint.cc:348] [0m[1;33mChild Link [0m[1;33mdummy_upper[0m[1;33m could not be found.[0m
[gazebo-1] [1;33m[Wrn] [DetachableJoint.cc:348] [0m[1;33mChild Link [0m[1;33mdummy_upper[0m[1;33m could not be found.[0m
[gazebo-1] [1;33m[Wrn] [DetachableJoint.cc:348] [0m[1;33mChild Link [0m[1;33mdummy_upper[0m[1;33m could not be found.[0m
[gazebo-1] [1;33m[Wrn] [DetachableJoint.cc:348] [0m[1;33mChild Link [0m[1;33mdummy_upper[0m[1;33m could not be found.[0m
[gazebo-1] [1;33m[Wrn] [DetachableJoint.cc:348] [0m[1;33mChild Link [0m[1;33mdummy_upper[0m[1;33m could not be found.[0m
[gazebo-1] [1;33m[Wrn] [DetachableJoint.cc:348] [0m[1;33mChild Link [0m[1;33mdummy_upper[0m[1;33m could not be found.[0m
[gazebo-1] [1;33m[Wrn] [DetachableJoint.cc:348] [0m[1;33mChild Link [0m[1;33mdummy_upper[0m[1;33m could not be found.[0m
[gazebo-1] [1;33m[Wrn] [DetachableJoint.cc:348] [0m[1;33mChild Link [0m[1;33mdummy_upper[0m[1;33m could not be found.[0m
[gazebo-1] [1;33m[Wrn] [DetachableJoint.cc:348] [0m[1;33mChild Link [0m[1;33mdummy_upper[0m[1;33m could not be found.[0m
[gazebo-1] [1;33m[Wrn] [DetachableJoint.cc:348] [0m[1;33mChild Link [0m[1;33mdummy_upper[0m[1;33m could not be found.[0m
[gazebo-1] [1;33m[Wrn] [DetachableJoint.cc:348] [0m[1;33mChild Link [0m[1;33mdummy_upper[0m[1;33m could not be found.[0m
[gazebo-1] [1;33m[Wrn] [DetachableJoint.cc:348] [0m[1;33mChild Link [0m[1;33mdummy_upper[0m[1;33m could not be found.[0m
[gazebo-1] [1;33m[Wrn] [DetachableJoint.cc:348] [0m[1;33mChild Link [0m[1;33mdummy_upper[0m[1;33m could not be found.[0m
[gazebo-1] [1;33m[Wrn] [DetachableJoint.cc:348] [0m[1;33mChild Link [0m[1;33mdummy_upper[0m[1;33m could not be found.[0m
[gazebo-1] [1;33m[Wrn] [DetachableJoint.cc:348] [0m[1;33mChild Link [0m[1;33mdummy_upper[0m[1;33m could not be found.[0m
[gazebo-1] [1;33m[Wrn] [DetachableJoint.cc:348] [0m[1;33mChild Link [0m[1;33mdummy_upper[0m[1;33m could not be found.[0m
[gazebo-1] [1;33m[Wrn] [DetachableJoint.cc:348] [0m[1;33mChild Link [0m[1;33mdummy_upper[0m[1;33m could not be found.[0m
[gazebo-1] [1;33m[Wrn] [DetachableJoint.cc:348] [0m[1;33mChild Link [0m[1;33mdummy_upper[0m[1;33m could not be found.[0m
[gazebo-1] [1;33m[Wrn] [DetachableJoint.cc:348] [0m[1;33mChild Link [0m[1;33mdummy_upper[0m[1;33m could not be found.[0m
[gazebo-1] [1;33m[Wrn] [DetachableJoint.cc:348] [0m[1;33mChild Link [0m[1;33mdummy_upper[0m[1;33m could not be found.[0m
[gazebo-1] [1;33m[Wrn] [DetachableJoint.cc:348] [0m[1;33mChild Link [0m[1;33mdummy_upper[0m[1;33m could not be found.[0m
[gazebo-1] [1;33m[Wrn] [DetachableJoint.cc:348] [0m[1;33mChild Link [0m[1;33mdummy_upper[0m[1;33m could not be found.[0m
[gazebo-1] [1;33m[Wrn] [DetachableJoint.cc:348] [0m[1;33mChild Link [0m[1;33mdummy_upper[0m[1;33m could not be found.[0m
[gazebo-1] [1;33m[Wrn] [DetachableJoint.cc:348] [0m[1;33mChild Link [0m[1;33mdummy_upper[0m[1;33m could not be found.[0m
[gazebo-1] [1;33m[Wrn] [DetachableJoint.cc:348] [0m[1;33mChild Link [0m[1;33mdummy_upper[0m[1;33m could not be found.[0m
[gazebo-1] [1;33m[Wrn] [DetachableJoint.cc:348] [0m[1;33mChild Link [0m[1;33mdummy_upper[0m[1;33m could not be found.[0m
[gazebo-1] [1;33m[Wrn] [DetachableJoint.cc:348] [0m[1;33mChild Link [0m[1;33mdummy_upper[0m[1;33m could not be found.[0m
[gazebo-1] [1;33m[Wrn] [DetachableJoint.cc:348] [0m[1;33mChild Link [0m[1;33mdummy_upper[0m[1;33m could not be found.[0m
[gazebo-1] [1;33m[Wrn] [DetachableJoint.cc:348] [0m[1;33mChild Link [0m[1;33mdummy_upper[0m[1;33m could not be found.[0m
[gazebo-1] [1;33m[Wrn] [DetachableJoint.cc:348] [0m[1;33mChild Link [0m[1;33mdummy_upper[0m[1;33m could not be found.[0m
[gazebo-1] [1;33m[Wrn] [DetachableJoint.cc:348] [0m[1;33mChild Link [0m[1;33mdummy_upper[0m[1;33m could not be found.[0m
[gazebo-1] [1;33m[Wrn] [DetachableJoint.cc:348] [0m[1;33mChild Link [0m[1;33mdummy_upper[0m[1;33m could not be found.[0m
[gazebo-1] [1;33m[Wrn] [DetachableJoint.cc:348] [0m[1;33mChild Link [0m[1;33mdummy_upper[0m[1;33m could not be found.[0m
[gazebo-1] [1;33m[Wrn] [DetachableJoint.cc:348] [0m[1;33mChild Link [0m[1;33mdummy_upper[0m[1;33m could not be found.[0m
[gazebo-1] [1;33m[Wrn] [DetachableJoint.cc:348] [0m[1;33mChild Link [0m[1;33mdummy_upper[0m[1;33m could not be found.[0m
[gazebo-1] [1;33m[Wrn] [DetachableJoint.cc:348] [0m[1;33mChild Link [0m[1;33mdummy_upper[0m[1;33m could not be found.[0m
[gazebo-1] [1;33m[Wrn] [DetachableJoint.cc:348] [0m[1;33mChild Link [0m[1;33mdummy_upper[0m[1;33m could not be found.[0m
[gazebo-1] [1;33m[Wrn] [DetachableJoint.cc:348] [0m[1;33mChild Link [0m[1;33mdummy_upper[0m[1;33m could not be found.[0m
[gazebo-1] [1;33m[Wrn] [DetachableJoint.cc:348] [0m[1;33mChild Link [0m[1;33mdummy_upper[0m[1;33m could not be found.[0m
[gazebo-1] [1;33m[Wrn] [DetachableJoint.cc:348] [0m[1;33mChild Link [0m[1;33mdummy_upper[0m[1;33m could not be found.[0m
[gazebo-1] [1;33m[Wrn] [DetachableJoint.cc:348] [0m[1;33mChild Link [0m[1;33mdummy_upper[0m[1;33m could not be found.[0m
[gazebo-1] [1;33m[Wrn] [DetachableJoint.cc:348] [0m[1;33mChild Link [0m[1;33mdummy_upper[0m[1;33m could not be found.[0m
[gazebo-1] [1;33m[Wrn] [DetachableJoint.cc:348] [0m[1;33mChild Link [0m[1;33mdummy_upper[0m[1;33m could not be found.[0m
[gazebo-1] [1;33m[Wrn] [DetachableJoint.cc:348] [0m[1;33mChild Link [0m[1;33mdummy_upper[0m[1;33m could not be found.[0m
[gazebo-1] [1;33m[Wrn] [DetachableJoint.cc:348] [0m[1;33mChild Link [0m[1;33mdummy_upper[0m[1;33m could not be found.[0m
[gazebo-1] [1;33m[Wrn] [DetachableJoint.cc:348] [0m[1;33mChild Link [0m[1;33mdummy_upper[0m[1;33m could not be found.[0m
[gazebo-1] [1;33m[Wrn] [DetachableJoint.cc:348] [0m[1;33mChild Link [0m[1;33mdummy_upper[0m[1;33m could not be found.[0m
[gazebo-1] [1;33m[Wrn] [DetachableJoint.cc:348] [0m[1;33mChild Link [0m[1;33mdummy_upper[0m[1;33m could not be found.[0m
[gazebo-1] [1;33m[Wrn] [DetachableJoint.cc:348] [0m[1;33mChild Link [0m[1;33mdummy_upper[0m[1;33m could not be found.[0m
[gazebo-1] [1;33m[Wrn] [DetachableJoint.cc:348] [0m[1;33mChild Link [0m[1;33mdummy_upper[0m[1;33m could not be found.[0m
[gazebo-1] [1;33m[Wrn] [DetachableJoint.cc:348] [0m[1;33mChild Link [0m[1;33mdummy_upper[0m[1;33m could not be found.[0m
[gazebo-1] [1;33m[Wrn] [DetachableJoint.cc:348] [0m[1;33mChild Link [0m[1;33mdummy_upper[0m[1;33m could not be found.[0m
[gazebo-1] [1;33m[Wrn] [DetachableJoint.cc:348] [0m[1;33mChild Link [0m[1;33mdummy_upper[0m[1;33m could not be found.[0m
[gazebo-1] [1;33m[Wrn] [DetachableJoint.cc:348] [0m[1;33mChild Link [0m[1;33mdummy_upper[0m[1;33m could not be found.[0m
[gazebo-1] [1;33m[Wrn] [DetachableJoint.cc:348] [0m[1;33mChild Link [0m[1;33mdummy_upper[0m[1;33m could not be found.[0m
[gazebo-1] [1;33m[Wrn] [DetachableJoint.cc:348] [0m[1;33mChild Link [0m[1;33mdummy_upper[0m[1;33m could not be found.[0m
[gazebo-1] [1;33m[Wrn] [DetachableJoint.cc:348] [0m[1;33mChild Link [0m[1;33mdummy_upper[0m[1;33m could not be found.[0m
[gazebo-1] [1;33m[Wrn] [DetachableJoint.cc:348] [0m[1;33mChild Link [0m[1;33mdummy_upper[0m[1;33m could not be found.[0m
[gazebo-1] [1;33m[Wrn] [DetachableJoint.cc:348] [0m[1;33mChild Link [0m[1;33mdummy_upper[0m[1;33m could not be found.[0m
[gazebo-1] [1;33m[Wrn] [DetachableJoint.cc:348] [0m[1;33mChild Link [0m[1;33mdummy_upper[0m[1;33m could not be found.[0m
[gazebo-1] [1;33m[Wrn] [DetachableJoint.cc:348] [0m[1;33mChild Link [0m[1;33mdummy_upper[0m[1;33m could not be found.[0m
[gazebo-1] [1;33m[Wrn] [DetachableJoint.cc:348] [0m[1;33mChild Link [0m[1;33mdummy_upper[0m[1;33m could not be found.[0m
[gazebo-1] [1;33m[Wrn] [DetachableJoint.cc:348] [0m[1;33mChild Link [0m[1;33mdummy_upper[0m[1;33m could not be found.[0m
[gazebo-1] [1;33m[Wrn] [DetachableJoint.cc:348] [0m[1;33mChild Link [0m[1;33mdummy_upper[0m[1;33m could not be found.[0m
[gazebo-1] [1;33m[Wrn] [DetachableJoint.cc:348] [0m[1;33mChild Link [0m[1;33mdummy_upper[0m[1;33m could not be found.[0m
[gazebo-1] [1;33m[Wrn] [DetachableJoint.cc:348] [0m[1;33mChild Link [0m[1;33mdummy_upper[0m[1;33m could not be found.[0m
[gazebo-1] [1;33m[Wrn] [DetachableJoint.cc:348] [0m[1;33mChild Link [0m[1;33mdummy_upper[0m[1;33m could not be found.[0m
[gazebo-1] [1;33m[Wrn] [DetachableJoint.cc:348] [0m[1;33mChild Link [0m[1;33mdummy_upper[0m[1;33m could not be found.[0m
[gazebo-1] [1;33m[Wrn] [DetachableJoint.cc:348] [0m[1;33mChild Link [0m[1;33mdummy_upper[0m[1;33m could not be found.[0m
[gazebo-1] [1;33m[Wrn] [DetachableJoint.cc:348] [0m[1;33mChild Link [0m[1;33mdummy_upper[0m[1;33m could not be found.[0m
[gazebo-1] [1;33m[Wrn] [DetachableJoint.cc:348] [0m[1;33mChild Link [0m[1;33mdummy_upper[0m[1;33m could not be found.[0m
[gazebo-1] [1;33m[Wrn] [DetachableJoint.cc:348] [0m[1;33mChild Link [0m[1;33mdummy_upper[0m[1;33m could not be found.[0m
[gazebo-1] [1;33m[Wrn] [DetachableJoint.cc:348] [0m[1;33mChild Link [0m[1;33mdummy_upper[0m[1;33m could not be found.[0m
[gazebo-1] [1;33m[Wrn] [DetachableJoint.cc:348] [0m[1;33mChild Link [0m[1;33mdummy_upper[0m[1;33m could not be found.[0m
[gazebo-1] [1;33m[Wrn] [DetachableJoint.cc:348] [0m[1;33mChild Link [0m[1;33mdummy_upper[0m[1;33m could not be found.[0m
[gazebo-1] [1;33m[Wrn] [DetachableJoint.cc:348] [0m[1;33mChild Link [0m[1;33mdummy_upper[0m[1;33m could not be found.[0m
[gazebo-1] [1;33m[Wrn] [DetachableJoint.cc:348] [0m[1;33mChild Link [0m[1;33mdummy_upper[0m[1;33m could not be found.[0m
[gazebo-1] [1;33m[Wrn] [DetachableJoint.cc:348] [0m[1;33mChild Link [0m[1;33mdummy_upper[0m[1;33m could not be found.[0m
[gazebo-1] [1;33m[Wrn] [DetachableJoint.cc:348] [0m[1;33mChild Link [0m[1;33mdummy_upper[0m[1;33m could not be found.[0m
[gazebo-1] [1;33m[Wrn] [DetachableJoint.cc:348] [0m[1;33mChild Link [0m[1;33mdummy_upper[0m[1;33m could not be found.[0m
[gazebo-1] [1;33m[Wrn] [DetachableJoint.cc:348] [0m[1;33mChild Link [0m[1;33mdummy_upper[0m[1;33m could not be found.[0m
[gazebo-1] [1;33m[Wrn] [DetachableJoint.cc:348] [0m[1;33mChild Link [0m[1;33mdummy_upper[0m[1;33m could not be found.[0m
[gazebo-1] [1;33m[Wrn] [DetachableJoint.cc:348] [0m[1;33mChild Link [0m[1;33mdummy_upper[0m[1;33m could not be found.[0m
[gazebo-1] [1;33m[Wrn] [DetachableJoint.cc:348] [0m[1;33mChild Link [0m[1;33mdummy_upper[0m[1;33m could not be found.[0m
[gazebo-1] [1;33m[Wrn] [DetachableJoint.cc:348] [0m[1;33mChild Link [0m[1;33mdummy_upper[0m[1;33m could not be found.[0m
[gazebo-1] [1;33m[Wrn] [DetachableJoint.cc:348] [0m[1;33mChild Link [0m[1;33mdummy_upper[0m[1;33m could not be found.[0m
[gazebo-1] [1;33m[Wrn] [DetachableJoint.cc:348] [0m[1;33mChild Link [0m[1;33mdummy_upper[0m[1;33m could not be found.[0m
[gazebo-1] [1;33m[Wrn] [DetachableJoint.cc:348] [0m[1;33mChild Link [0m[1;33mdummy_upper[0m[1;33m could not be found.[0m
[gazebo-1] [1;33m[Wrn] [DetachableJoint.cc:348] [0m[1;33mChild Link [0m[1;33mdummy_upper[0m[1;33m could not be found.[0m
[gazebo-1] [1;33m[Wrn] [DetachableJoint.cc:348] [0m[1;33mChild Link [0m[1;33mdummy_upper[0m[1;33m could not be found.[0m
[gazebo-1] [1;33m[Wrn] [DetachableJoint.cc:348] [0m[1;33mChild Link [0m[1;33mdummy_upper[0m[1;33m could not be found.[0m
[gazebo-1] [1;33m[Wrn] [DetachableJoint.cc:348] [0m[1;33mChild Link [0m[1;33mdummy_upper[0m[1;33m could not be found.[0m
[gazebo-1] [1;33m[Wrn] [DetachableJoint.cc:348] [0m[1;33mChild Link [0m[1;33mdummy_upper[0m[1;33m could not be found.[0m
[gazebo-1] [1;33m[Wrn] [DetachableJoint.cc:348] [0m[1;33mChild Link [0m[1;33mdummy_upper[0m[1;33m could not be found.[0m
[gazebo-1] [1;33m[Wrn] [DetachableJoint.cc:348] [0m[1;33mChild Link [0m[1;33mdummy_upper[0m[1;33m could not be found.[0m
[gazebo-1] [1;33m[Wrn] [DetachableJoint.cc:348] [0m[1;33mChild Link [0m[1;33mdummy_upper[0m[1;33m could not be found.[0m
[gazebo-1] [1;33m[Wrn] [DetachableJoint.cc:348] [0m[1;33mChild Link [0m[1;33mdummy_upper[0m[1;33m could not be found.[0m
[gazebo-1] [1;33m[Wrn] [DetachableJoint.cc:348] [0m[1;33mChild Link [0m[1;33mdummy_upper[0m[1;33m could not be found.[0m
[gazebo-1] [1;33m[Wrn] [DetachableJoint.cc:348] [0m[1;33mChild Link [0m[1;33mdummy_upper[0m[1;33m could not be found.[0m
[gazebo-1] [1;33m[Wrn] [DetachableJoint.cc:348] [0m[1;33mChild Link [0m[1;33mdummy_upper[0m[1;33m could not be found.[0m
[gazebo-1] [1;33m[Wrn] [DetachableJoint.cc:348] [0m[1;33mChild Link [0m[1;33mdummy_upper[0m[1;33m could not be found.[0m
[gazebo-1] [1;33m[Wrn] [DetachableJoint.cc:348] [0m[1;33mChild Link [0m[1;33mdummy_upper[0m[1;33m could not be found.[0m
[gazebo-1] [1;33m[Wrn] [DetachableJoint.cc:348] [0m[1;33mChild Link [0m[1;33mdummy_upper[0m[1;33m could not be found.[0m
[gazebo-1] [1;33m[Wrn] [DetachableJoint.cc:348] [0m[1;33mChild Link [0m[1;33mdummy_upper[0m[1;33m could not be found.[0m
[gazebo-1] [1;33m[Wrn] [DetachableJoint.cc:348] [0m[1;33mChild Link [0m[1;33mdummy_upper[0m[1;33m could not be found.[0m
[gazebo-1] [1;33m[Wrn] [DetachableJoint.cc:348] [0m[1;33mChild Link [0m[1;33mdummy_upper[0m[1;33m could not be found.[0m
[gazebo-1] [1;33m[Wrn] [DetachableJoint.cc:348] [0m[1;33mChild Link [0m[1;33mdummy_upper[0m[1;33m could not be found.[0m
[gazebo-1] [1;33m[Wrn] [DetachableJoint.cc:348] [0m[1;33mChild Link [0m[1;33mdummy_upper[0m[1;33m could not be found.[0m
[gazebo-1] [1;33m[Wrn] [DetachableJoint.cc:348] [0m[1;33mChild Link [0m[1;33mdummy_upper[0m[1;33m could not be found.[0m
[gazebo-1] [1;33m[Wrn] [DetachableJoint.cc:348] [0m[1;33mChild Link [0m[1;33mdummy_upper[0m[1;33m could not be found.[0m
[gazebo-1] [1;33m[Wrn] [DetachableJoint.cc:348] [0m[1;33mChild Link [0m[1;33mdummy_upper[0m[1;33m could not be found.[0m
[gazebo-1] [1;33m[Wrn] [DetachableJoint.cc:348] [0m[1;33mChild Link [0m[1;33mdummy_upper[0m[1;33m could not be found.[0m
[gazebo-1] [1;33m[Wrn] [DetachableJoint.cc:348] [0m[1;33mChild Link [0m[1;33mdummy_upper[0m[1;33m could not be found.[0m
[gazebo-1] [1;33m[Wrn] [DetachableJoint.cc:348] [0m[1;33mChild Link [0m[1;33mdummy_upper[0m[1;33m could not be found.[0m
[gazebo-1] [1;33m[Wrn] [DetachableJoint.cc:348] [0m[1;33mChild Link [0m[1;33mdummy_upper[0m[1;33m could not be found.[0m
[gazebo-1] [1;33m[Wrn] [DetachableJoint.cc:348] [0m[1;33mChild Link [0m[1;33mdummy_upper[0m[1;33m could not be found.[0m
[gazebo-1] [1;33m[Wrn] [DetachableJoint.cc:348] [0m[1;33mChild Link [0m[1;33mdummy_upper[0m[1;33m could not be found.[0m
[gazebo-1] [1;33m[Wrn] [DetachableJoint.cc:348] [0m[1;33mChild Link [0m[1;33mdummy_upper[0m[1;33m could not be found.[0m
[gazebo-1] [1;33m[Wrn] [DetachableJoint.cc:348] [0m[1;33mChild Link [0m[1;33mdummy_upper[0m[1;33m could not be found.[0m
[gazebo-1] [1;33m[Wrn] [DetachableJoint.cc:348] [0m[1;33mChild Link [0m[1;33mdummy_upper[0m[1;33m could not be found.[0m
[gazebo-1] [1;33m[Wrn] [DetachableJoint.cc:348] [0m[1;33mChild Link [0m[1;33mdummy_upper[0m[1;33m could not be found.[0m
[gazebo-1] [1;33m[Wrn] [DetachableJoint.cc:348] [0m[1;33mChild Link [0m[1;33mdummy_upper[0m[1;33m could not be found.[0m
[gazebo-1] [1;33m[Wrn] [DetachableJoint.cc:348] [0m[1;33mChild Link [0m[1;33mdummy_upper[0m[1;33m could not be found.[0m
[gazebo-1] [1;33m[Wrn] [DetachableJoint.cc:348] [0m[1;33mChild Link [0m[1;33mdummy_upper[0m[1;33m could not be found.[0m
[gazebo-1] [1;33m[Wrn] [DetachableJoint.cc:348] [0m[1;33mChild Link [0m[1;33mdummy_upper[0m[1;33m could not be found.[0m
[gazebo-1] [1;33m[Wrn] [DetachableJoint.cc:348] [0m[1;33mChild Link [0m[1;33mdummy_upper[0m[1;33m could not be found.[0m
[gazebo-1] [1;33m[Wrn] [DetachableJoint.cc:348] [0m[1;33mChild Link [0m[1;33mdummy_upper[0m[1;33m could not be found.[0m
[gazebo-1] [1;33m[Wrn] [DetachableJoint.cc:348] [0m[1;33mChild Link [0m[1;33mdummy_upper[0m[1;33m could not be found.[0m
[gazebo-1] [1;33m[Wrn] [DetachableJoint.cc:348] [0m[1;33mChild Link [0m[1;33mdummy_upper[0m[1;33m could not be found.[0m
[gazebo-1] [1;33m[Wrn] [DetachableJoint.cc:348] [0m[1;33mChild Link [0m[1;33mdummy_upper[0m[1;33m could not be found.[0m
[gazebo-1] [1;33m[Wrn] [DetachableJoint.cc:348] [0m[1;33mChild Link [0m[1;33mdummy_upper[0m[1;33m could not be found.[0m
[gazebo-1] [1;33m[Wrn] [DetachableJoint.cc:348] [0m[1;33mChild Link [0m[1;33mdummy_upper[0m[1;33m could not be found.[0m
[gazebo-1] [1;33m[Wrn] [DetachableJoint.cc:348] [0m[1;33mChild Link [0m[1;33mdummy_upper[0m[1;33m could not be found.[0m
[gazebo-1] [1;33m[Wrn] [DetachableJoint.cc:348] [0m[1;33mChild Link [0m[1;33mdummy_upper[0m[1;33m could not be found.[0m
[gazebo-1] [1;33m[Wrn] [DetachableJoint.cc:348] [0m[1;33mChild Link [0m[1;33mdummy_upper[0m[1;33m could not be found.[0m
[gazebo-1] [1;33m[Wrn] [DetachableJoint.cc:348] [0m[1;33mChild Link [0m[1;33mdummy_upper[0m[1;33m could not be found.[0m
[gazebo-1] [1;33m[Wrn] [DetachableJoint.cc:348] [0m[1;33mChild Link [0m[1;33mdummy_upper[0m[1;33m could not be found.[0m
[gazebo-1] [1;33m[Wrn] [DetachableJoint.cc:348] [0m[1;33mChild Link [0m[1;33mdummy_upper[0m[1;33m could not be found.[0m
[gazebo-1] [1;33m[Wrn] [DetachableJoint.cc:348] [0m[1;33mChild Link [0m[1;33mdummy_upper[0m[1;33m could not be found.[0m
[gazebo-1] [1;33m[Wrn] [DetachableJoint.cc:348] [0m[1;33mChild Link [0m[1;33mdummy_upper[0m[1;33m could not be found.[0m
[gazebo-1] [1;33m[Wrn] [DetachableJoint.cc:348] [0m[1;33mChild Link [0m[1;33mdummy_upper[0m[1;33m could not be found.[0m
[gazebo-1] [1;33m[Wrn] [DetachableJoint.cc:348] [0m[1;33mChild Link [0m[1;33mdummy_upper[0m[1;33m could not be found.[0m
[gazebo-1] [1;33m[Wrn] [DetachableJoint.cc:348] [0m[1;33mChild Link [0m[1;33mdummy_upper[0m[1;33m could not be found.[0m
[gazebo-1] [1;33m[Wrn] [DetachableJoint.cc:348] [0m[1;33mChild Link [0m[1;33mdummy_upper[0m[1;33m could not be found.[0m
[gazebo-1] [1;33m[Wrn] [DetachableJoint.cc:348] [0m[1;33mChild Link [0m[1;33mdummy_upper[0m[1;33m could not be found.[0m
[gazebo-1] [1;33m[Wrn] [DetachableJoint.cc:348] [0m[1;33mChild Link [0m[1;33mdummy_upper[0m[1;33m could not be found.[0m
[gazebo-1] [1;33m[Wrn] [DetachableJoint.cc:348] [0m[1;33mChild Link [0m[1;33mdummy_upper[0m[1;33m could not be found.[0m
[gazebo-1] [1;33m[Wrn] [DetachableJoint.cc:348] [0m[1;33mChild Link [0m[1;33mdummy_upper[0m[1;33m could not be found.[0m
[gazebo-1] [1;33m[Wrn] [DetachableJoint.cc:348] [0m[1;33mChild Link [0m[1;33mdummy_upper[0m[1;33m could not be found.[0m
[gazebo-1] [1;33m[Wrn] [DetachableJoint.cc:348] [0m[1;33mChild Link [0m[1;33mdummy_upper[0m[1;33m could not be found.[0m
[gazebo-1] [1;33m[Wrn] [DetachableJoint.cc:348] [0m[1;33mChild Link [0m[1;33mdummy_upper[0m[1;33m could not be found.[0m
[gazebo-1] [1;33m[Wrn] [DetachableJoint.cc:348] [0m[1;33mChild Link [0m[1;33mdummy_upper[0m[1;33m could not be found.[0m
[gazebo-1] [1;33m[Wrn] [DetachableJoint.cc:348] [0m[1;33mChild Link [0m[1;33mdummy_upper[0m[1;33m could not be found.[0m
[gazebo-1] [1;33m[Wrn] [DetachableJoint.cc:348] [0m[1;33mChild Link [0m[1;33mdummy_upper[0m[1;33m could not be found.[0m
[gazebo-1] [1;33m[Wrn] [DetachableJoint.cc:348] [0m[1;33mChild Link [0m[1;33mdummy_upper[0m[1;33m could not be found.[0m
[gazebo-1] [1;33m[Wrn] [DetachableJoint.cc:348] [0m[1;33mChild Link [0m[1;33mdummy_upper[0m[1;33m could not be found.[0m
[gazebo-1] [1;33m[Wrn] [DetachableJoint.cc:348] [0m[1;33mChild Link [0m[1;33mdummy_upper[0m[1;33m could not be found.[0m
