"site","zone","timestamp","latitude_deg","longitude_deg","model_timestamp","model_grid_id","distance_m","time_delta_s","observed_east_mps","observed_north_mps","rtofs_east_mps","rtofs_north_mps","observed_speed_mps"
"san-francisco","shelf","2026-07-13T00:00:00Z",37.20825958251953,-123.30140686035156,"2026-07-13T00:00:00Z","rtofs:Y376,X433",2697.3388647485094,0,-0.17000000178813934,-0.05999999865889549,0.0063048130832612514,-0.193628191947937,0.18027756501305103
"san-francisco","shelf","2026-07-13T00:00:00Z",37.20825958251953,-123.23894500732422,"2026-07-13T00:00:00Z","rtofs:Y376,X434",3951.5653296348237,0,-0.15000000596046448,-0.07999999821186066,0.009897729381918907,-0.14724546670913696,0.17000000441775606
"san-francisco","shelf","2026-07-13T00:00:00Z",37.20825958251953,-123.17647552490234,"2026-07-13T00:00:00Z","rtofs:Y376,X434",2830.81900609734,0,-0.15000000596046448,-0.09000000357627869,0.009897729381918907,-0.14724546670913696,0.17492856379639532
"san-francisco","shelf","2026-07-13T00:00:00Z",37.20825958251953,-123.114013671875,"2026-07-13T00:00:00Z","rtofs:Y376,X435",1993.178374601432,0,-0.17000000178813934,-0.10000000149011612,0.02743084542453289,-0.03441660851240158,0.19723083152993756
"san-francisco","shelf","2026-07-13T00:00:00Z",37.20825958251953,-123.05155181884766,"2026-07-13T00:00:00Z","rtofs:Y376,X436",2175.2051737596553,0,-0.17000000178813934,-0.11999999731779099,0.05167823284864426,0.07534903287887573,0.20808652038091566
"san-francisco","shelf","2026-07-13T00:00:00Z",37.20825958251953,-122.98908233642578,"2026-07-13T00:00:00Z","rtofs:Y376,X437",3215.8933869443604,0,-0.1899999976158142,-0.12999999523162842,0.05283312872052193,0.08247274905443192,0.2302172840041182
"san-francisco","shelf","2026-07-13T00:00:00Z",37.20825958251953,-122.92662048339844,"2026-07-13T00:00:00Z","rtofs:Y376,X437",3522.5492840946768,0,-0.1899999976158142,-0.12999999523162842,0.05283312872052193,0.08247274905443192,0.2302172840041182
"san-francisco","shelf","2026-07-13T00:00:00Z",37.20825958251953,-122.86415100097656,"2026-07-13T00:00:00Z","rtofs:Y376,X438",2379.7193428623336,0,-0.18000000715255737,-0.14000000059604645,0.04173377901315689,0.03155573084950447,0.22803509103165176
"san-francisco","shelf","2026-07-13T00:00:00Z",37.20825958251953,-122.80168914794922,"2026-07-13T00:00:00Z","rtofs:Y376,X439",1926.9973999436404,0,-0.1599999964237213,-0.1599999964237213,0.0690128356218338,-0.019435234367847443,0.2262741649220734
"san-francisco","shelf","2026-07-13T00:00:00Z",37.20825958251953,-122.73921966552734,"2026-07-13T00:00:00Z","rtofs:Y376,X440",2568.569832417033,0,-0.14000000059604645,-0.14000000059604645,0.05438624694943428,-0.04740343242883682,0.1979898995751703
"san-francisco","shelf","2026-07-13T00:00:00Z",37.20825958251953,-122.6767578125,"2026-07-13T00:00:00Z","rtofs:Y376,X441",3778.6598218127283,0,-0.10999999940395355,-0.18000000715255737,0.024237345904111862,-0.09901680797338486,0.21095023688962874
"san-francisco","shelf","2026-07-13T00:00:00Z",37.20825958251953,-122.61428833007812,"2026-07-13T00:00:00Z","rtofs:Y376,X441",2980.242826585728,0,-0.09000000357627869,-0.20999999344348907,0.024237345904111862,-0.09901680797338486,0.2284731885582981
"san-francisco","nearshore","2026-07-13T00:00:00Z",37.20825958251953,-122.55182647705078,"2026-07-13T00:00:00Z","rtofs:Y376,X442",2055.1397686807168,0,-0.07000000029802322,-0.20000000298023224,0.01963299885392189,-0.12326399981975555,0.21189620391554012
"san-francisco","nearshore","2026-07-13T00:00:00Z",37.20825958251953,-122.4893569946289,"2026-07-13T00:00:00Z","rtofs:Y376,X443",2093.229733801782,0,-0.029999999329447746,-0.1599999964237213,0.005465919617563486,-0.038316503167152405,0.1627882023223971
"san-francisco","shelf","2026-07-13T00:00:00Z",37.26219940185547,-123.30140686035156,"2026-07-13T00:00:00Z","rtofs:Y377,X433",3549.5582117697086,0,-0.17000000178813934,-0.07000000029802322,0.00208229199051857,-0.173496276140213,0.1838477648754279
"san-francisco","shelf","2026-07-13T00:00:00Z",37.26219940185547,-123.23894500732422,"2026-07-13T00:00:00Z","rtofs:Y377,X434",4574.449690638424,0,-0.1899999976158142,-0.07000000029802322,-0.0007850723341107368,-0.11543837189674377,0.20248456517900976
"san-francisco","shelf","2026-07-13T00:00:00Z",37.26219940185547,-123.17647552490234,"2026-07-13T00:00:00Z","rtofs:Y377,X434",3651.86418561007,0,-0.18000000715255737,-0.05999999865889549,-0.0007850723341107368,-0.11543837189674377,0.18973666597152003
"san-francisco","shelf","2026-07-13T00:00:00Z",37.26219940185547,-123.114013671875,"2026-07-13T00:00:00Z","rtofs:Y377,X435",3049.8585960121286,0,-0.17000000178813934,-0.09000000357627869,0.020882628858089447,-0.023652825504541397,0.1923538438703463
"san-francisco","shelf","2026-07-13T00:00:00Z",37.26219940185547,-123.05155181884766,"2026-07-13T00:00:00Z","rtofs:Y377,X436",3171.6260308266874,0,-0.18000000715255737,-0.09000000357627869,0.02339821308851242,0.07222558557987213,0.20124612597178332
"san-francisco","shelf","2026-07-13T00:00:00Z",37.26219940185547,-122.98908233642578,"2026-07-13T00:00:00Z","rtofs:Y377,X437",3957.387375638329,0,-0.17000000178813934,-0.12999999523162842,0.030508223921060562,0.060990769416093826,0.21400934411420167
"san-francisco","shelf","2026-07-13T00:00:00Z",37.26219940185547,-122.92662048339844,"2026-07-13T00:00:00Z","rtofs:Y377,X437",4209.997087255292,0,-0.18000000715255737,-0.1599999964237213,0.030508223921060562,0.060990769416093826,0.24083189454578383
"san-francisco","shelf","2026-07-13T00:00:00Z",37.26219940185547,-122.86415100097656,"2026-07-13T00:00:00Z","rtofs:Y377,X438",3315.012145441805,0,-0.1899999976158142,-0.1599999964237213,0.09459467977285385,0.019629769027233124,0.24839484284018506
"san-francisco","shelf","2026-07-13T00:00:00Z",37.26219940185547,-122.80168914794922,"2026-07-13T00:00:00Z","rtofs:Y377,X439",3007.091785003914,0,-0.18000000715255737,-0.15000000596046448,0.12669427692890167,0.0030059926211833954,0.2343074995877428
"san-francisco","shelf","2026-07-13T00:00:00Z",37.26219940185547,-122.73921966552734,"2026-07-13T00:00:00Z","rtofs:Y377,X440",3452.8734431591915,0,-0.18000000715255737,-0.1599999964237213,0.07277432084083557,-0.03588172793388367,0.24083189454578383
"san-francisco","shelf","2026-07-13T00:00:00Z",37.26219940185547,-122.6767578125,"2026-07-13T00:00:00Z","rtofs:Y377,X441",4426.180736017494,0,-0.15000000596046448,-0.1899999976158142,0.03432296961545944,-0.08622169494628906,0.24207437056026562
"san-francisco","shelf","2026-07-13T00:00:00Z",37.26219940185547,-122.61428833007812,"2026-07-13T00:00:00Z","rtofs:Y377,X441",3768.6959215348293,0,-0.1899999976158142,-0.18000000715255737,0.03432296961545944,-0.08622169494628906,0.26172504975437505
"san-francisco","nearshore","2026-07-13T00:00:00Z",37.26219940185547,-122.55182647705078,"2026-07-13T00:00:00Z","rtofs:Y377,X442",3090.644868707531,0,-0.20999999344348907,-0.1599999964237213,0.03814301639795303,-0.11022958159446716,0.2640075682662455
"san-francisco","nearshore","2026-07-13T00:00:00Z",37.26219940185547,-122.4893569946289,"2026-07-13T00:00:00Z","rtofs:Y377,X443",3116.0633070806184,0,-0.4699999988079071,-0.15000000596046448,0.023180127143859863,-0.03510642051696777,0.4933558560183229
"san-francisco","shelf","2026-07-13T00:00:00Z",37.316139221191406,-123.30140686035156,"2026-07-13T00:00:00Z","rtofs:Y377,X433",3541.303213600224,0,-0.17000000178813934,-0.10999999940395355,0.00208229199051857,-0.173496276140213,0.2024845684906313
"san-francisco","shelf","2026-07-13T00:00:00Z",37.316139221191406,-123.23894500732422,"2026-07-13T00:00:00Z","rtofs:Y377,X434",4567.394009258163,0,-0.18000000715255737,-0.11999999731779099,-0.0007850723341107368,-0.11543837189674377,0.21633308099130505
"san-francisco","shelf","2026-07-13T00:00:00Z",37.316139221191406,-123.17647552490234,"2026-07-13T00:00:00Z","rtofs:Y377,X434",3643.768516281747,0,-0.18000000715255737,-0.11999999731779099,-0.0007850723341107368,-0.11543837189674377,0.21633308099130505
"san-francisco","shelf","2026-07-13T00:00:00Z",37.316139221191406,-123.114013671875,"2026-07-13T00:00:00Z","rtofs:Y377,X435",3040.635736573913,0,-0.17000000178813934,-0.11999999731779099,0.020882628858089447,-0.023652825504541397,0.20808652038091566
"san-francisco","shelf","2026-07-13T00:00:00Z",37.316139221191406,-123.05155181884766,"2026-07-13T00:00:00Z","rtofs:Y377,X436",3162.672445891274,0,-0.17000000178813934,-0.11999999731779099,0.02339821308851242,0.07222558557987213,0.20808652038091566
"san-francisco","shelf","2026-07-13T00:00:00Z",37.316139221191406,-122.98908233642578,"2026-07-13T00:00:00Z","rtofs:Y377,X437",3949.7070485674344,0,-0.15000000596046448,-0.15000000596046448,0.030508223921060562,0.060990769416093826,0.21213204278533399
"san-francisco","shelf","2026-07-13T00:00:00Z",37.316139221191406,-122.92662048339844,"2026-07-13T00:00:00Z","rtofs:Y377,X437",4202.6025108883705,0,-0.12999999523162842,-0.1899999976158142,0.030508223921060562,0.060990769416093826,0.2302172840041182
"san-francisco","shelf","2026-07-13T00:00:00Z",37.316139221191406,-122.86415100097656,"2026-07-13T00:00:00Z","rtofs:Y377,X438",3306.3460654711607,0,-0.15000000596046448,-0.20000000298023224,0.09459467977285385,0.019629769027233124,0.2500000059604645
"san-francisco","shelf","2026-07-13T00:00:00Z",37.316139221191406,-122.80168914794922,"2026-07-13T00:00:00Z","rtofs:Y377,X439",2997.7683141958137,0,-0.17000000178813934,-0.18000000715255737,0.12669427692890167,0.0030059926211833954,0.24758837449058083
"san-francisco","shelf","2026-07-13T00:00:00Z",37.316139221191406,-122.73921966552734,"2026-07-13T00:00:00Z","rtofs:Y377,X440",3444.457163408318,0,-0.18000000715255737,-0.1599999964237213,0.07277432084083557,-0.03588172793388367,0.24083189454578383
"san-francisco","shelf","2026-07-13T00:00:00Z",37.316139221191406,-122.6767578125,"2026-07-13T00:00:00Z","rtofs:Y377,X441",4418.996530288414,0,-0.17000000178813934,-0.18000000715255737,0.03432296961545944,-0.08622169494628906,0.24758837449058083
"san-francisco","shelf","2026-07-13T00:00:00Z",37.316139221191406,-122.61428833007812,"2026-07-13T00:00:00Z","rtofs:Y377,X441",3760.7691533835523,0,-0.25,-0.1599999964237213,0.03432296961545944,-0.08622169494628906,0.29681643966531035
"san-francisco","nearshore","2026-07-13T00:00:00Z",37.316139221191406,-122.55182647705078,"2026-07-13T00:00:00Z","rtofs:Y377,X442",3081.514960317883,0,-0.4000000059604645,-0.14000000059604645,0.03814301639795303,-0.11022958159446716,0.42379240783108024
"san-francisco","nearshore","2026-07-13T00:00:00Z",37.316139221191406,-122.4893569946289,"2026-07-13T00:00:00Z","rtofs:Y377,X443",3106.9898969417986,0,-0.30000001192092896,-0.14000000059604645,0.023180127143859863,-0.03510642051696777,0.3310589181995412
"san-francisco","shelf","2026-07-13T00:00:00Z",37.370079040527344,-123.30140686035156,"2026-07-13T00:00:00Z","rtofs:Y378,X433",2692.0693971116543,0,-0.14000000059604645,-0.15000000596046448,0.024599848315119743,-0.16194921731948853,0.20518285005095427
"san-francisco","shelf","2026-07-13T00:00:00Z",37.370079040527344,-123.23894500732422,"2026-07-13T00:00:00Z","rtofs:Y378,X434",3943.9177647887777,0,-0.17000000178813934,-0.17000000178813934,0.00349316094070673,-0.09689194709062576,0.24041630813223708
"san-francisco","shelf","2026-07-13T00:00:00Z",37.370079040527344,-123.17647552490234,"2026-07-13T00:00:00Z","rtofs:Y378,X434",2825.297684273148,0,-0.1599999964237213,-0.17000000178813934,0.00349316094070673,-0.09689194709062576,0.233452349449643
"san-francisco","shelf","2026-07-13T00:00:00Z",37.370079040527344,-123.114013671875,"2026-07-13T00:00:00Z","rtofs:Y378,X435",1989.2278981619274,0,-0.15000000596046448,-0.17000000178813934,-0.004991867579519749,-0.01644144579768181,0.22671568625947955
"san-francisco","shelf","2026-07-13T00:00:00Z",37.370079040527344,-123.05155181884766,"2026-07-13T00:00:00Z","rtofs:Y378,X436",2170.9157570184816,0,-0.10999999940395355,-0.18000000715255737,-0.005367951467633247,0.04649718478322029,0.21095023688962874
"san-francisco","shelf","2026-07-13T00:00:00Z",37.370079040527344,-122.98908233642578,"2026-07-13T00:00:00Z","rtofs:Y378,X437",3209.6434732003695,0,-0.07999999821186066,-0.23000000417232513,0.0408991314470768,0.047361601144075394,0.2435159165910255
"san-francisco","shelf","2026-07-13T00:00:00Z",37.370079040527344,-122.92662048339844,"2026-07-13T00:00:00Z","rtofs:Y378,X437",3515.717507424222,0,-0.09000000357627869,-0.2199999988079071,0.0408991314470768,0.047361601144075394,0.23769728673085289
"san-francisco","shelf","2026-07-13T00:00:00Z",37.370079040527344,-122.86415100097656,"2026-07-13T00:00:00Z","rtofs:Y378,X438",2375.0472078021103,0,-0.09000000357627869,-0.2199999988079071,0.10988377034664154,0.04946732521057129,0.23769728673085289
"san-francisco","shelf","2026-07-13T00:00:00Z",37.370079040527344,-122.80168914794922,"2026-07-13T00:00:00Z","rtofs:Y378,X439",1923.1696657615282,0,-0.09000000357627869,-0.23000000417232513,0.09420725703239441,0.0038185156881809235,0.24698178589321068
"san-francisco","shelf","2026-07-13T00:00:00Z",37.370079040527344,-122.73921966552734,"2026-07-13T00:00:00Z","rtofs:Y378,X440",2563.5429016773755,0,-0.10000000149011612,-0.20999999344348907,0.05233849212527275,-0.0280024241656065,0.23259406171329627
"san-francisco","shelf","2026-07-13T00:00:00Z",37.370079040527344,-122.6767578125,"2026-07-13T00:00:00Z","rtofs:Y378,X441",3771.3412518847576,0,-0.12999999523162842,-0.20000000298023224,0.05387696251273155,-0.11129852384328842,0.23853720873758105
"san-francisco","shelf","2026-07-13T00:00:00Z",37.370079040527344,-122.61428833007812,"2026-07-13T00:00:00Z","rtofs:Y378,X441",2974.4391055714977,0,-0.1899999976158142,-0.1599999964237213,0.05387696251273155,-0.11129852384328842,0.24839484284018506
"san-francisco","shelf","2026-07-13T00:00:00Z",37.370079040527344,-122.55182647705078,"2026-07-13T00:00:00Z","rtofs:Y378,X442",2051.0741256172328,0,-0.25,-0.14000000059604645,0.044713832437992096,-0.09243597835302353,0.28653097592911836
"san-francisco","nearshore","2026-07-13T00:00:00Z",37.370079040527344,-122.4893569946289,"2026-07-13T00:00:00Z","rtofs:Y378,X443",2089.093182997537,0,-0.3799999952316284,-0.12999999523162842,0.018302876502275467,-0.04320123791694641,0.40162170650533946
"san-francisco","shelf","2026-07-13T00:00:00Z",37.42401885986328,-123.30140686035156,"2026-07-13T00:00:00Z","rtofs:Y379,X433",2069.3822961263845,0,-0.09000000357627869,-0.18000000715255737,0.025671161711215973,-0.14135077595710754,0.20124612597178332
"san-francisco","shelf","2026-07-13T00:00:00Z",37.42401885986328,-123.23894500732422,"2026-07-13T00:00:00Z","rtofs:Y379,X434",3546.347674871507,0,-0.10000000149011612,-0.18000000715255737,0.0063642580062150955,-0.09493416547775269,0.20591260979586445
"san-francisco","shelf","2026-07-13T00:00:00Z",37.42401885986328,-123.17647552490234,"2026-07-13T00:00:00Z","rtofs:Y379,X434",2239.7011353156977,0,-0.10000000149011612,-0.18000000715255737,0.0063642580062150955,-0.09493416547775269,0.20591260979586445
"san-francisco","shelf","2026-07-13T00:00:00Z",37.42401885986328,-123.114013671875,"2026-07-13T00:00:00Z","rtofs:Y379,X435",998.6422087722104,0,-0.09000000357627869,-0.1899999976158142,-0.02568986639380455,-0.03442138060927391,0.21023795979256357
"san-francisco","shelf","2026-07-13T00:00:00Z",37.42401885986328,-123.05155181884766,"2026-07-13T00:00:00Z","rtofs:Y379,X436",1323.6124936385681,0,-0.07000000029802322,-0.1899999976158142,-0.031078340485692024,0.043298035860061646,0.20248456517900976
"san-francisco","shelf","2026-07-13T00:00:00Z",37.42401885986328,-122.98908233642578,"2026-07-13T00:00:00Z","rtofs:Y379,X437",2707.7910830927813,0,-0.03999999910593033,-0.2199999988079071,0.044157110154628754,0.05943092331290245,0.2236067964171786
"san-francisco","shelf","2026-07-13T00:00:00Z",37.42401885986328,-122.92662048339844,"2026-07-13T00:00:00Z","rtofs:Y379,X437",3063.881023278817,0,-0.05000000074505806,-0.23000000417232513,0.044157110154628754,0.05943092331290245,0.23537205015416635
"san-francisco","shelf","2026-07-13T00:00:00Z",37.42401885986328,-122.86415100097656,"2026-07-13T00:00:00Z","rtofs:Y379,X438",1636.603385122116,0,-0.05000000074505806,-0.23000000417232513,0.057344891130924225,0.04327745363116264,0.23537205015416635
"san-francisco","shelf","2026-07-13T00:00:00Z",37.42401885986328,-122.80168914794922,"2026-07-13T00:00:00Z","rtofs:Y379,X439",859.7935660082884,0,-0.03999999910593033,-0.25,0.0474308580160141,0.02096751518547535,0.25317977788218876
"san-francisco","shelf","2026-07-13T00:00:00Z",37.42401885986328,-122.73921966552734,"2026-07-13T00:00:00Z","rtofs:Y379,X440",1899.4513981468997,0,-0.03999999910593033,-0.23000000417232513,0.06392613053321838,-0.0317142978310585,0.23345235455600785
"san-francisco","shelf","2026-07-13T00:00:00Z",37.42401885986328,-122.6767578125,"2026-07-13T00:00:00Z","rtofs:Y379,X441",3353.683751977269,0,-0.03999999910593033,-0.23000000417232513,0.06709297001361847,-0.11054347455501556,0.23345235455600785
"san-francisco","shelf","2026-07-13T00:00:00Z",37.42401885986328,-122.61428833007812,"2026-07-13T00:00:00Z","rtofs:Y379,X441",2424.847916034525,0,-0.009999999776482582,-0.23999999463558197,0.06709297001361847,-0.11054347455501556,0.24020823762021365
"san-francisco","shelf","2026-07-13T00:00:00Z",37.42401885986328,-122.55182647705078,"2026-07-13T00:00:00Z","rtofs:Y379,X442",1116.5896009249282,0,-0.05999999865889549,-0.1899999976158142,0.046721555292606354,-0.06416656076908112,0.19924858577434587
"san-francisco","shelf","2026-07-13T00:00:00Z",37.42401885986328,-122.4893569946289,"2026-07-13T00:00:00Z","rtofs:Y379,X443",1184.8759701464396,0,-0.10000000149011612,-0.17000000178813934,0.005381316412240267,-0.0561593621969223,0.19723083152993756
"san-francisco","shelf","2026-07-13T00:00:00Z",37.47795867919922,-123.30140686035156,"2026-07-13T00:00:00Z","rtofs:Y380,X433",1898.8566766831168,0,-0.05000000074505806,-0.15000000596046448,-0.007725060917437077,-0.09053562581539154,0.15811388889862013
"san-francisco","shelf","2026-07-13T00:00:00Z",37.47795867919922,-123.23894500732422,"2026-07-13T00:00:00Z","rtofs:Y380,X434",3447.735869535009,0,-0.03999999910593033,-0.15000000596046448,-0.018844064325094223,-0.06221002712845802,0.15524175249144095
"san-francisco","shelf","2026-07-13T00:00:00Z",37.47795867919922,-123.17647552490234,"2026-07-13T00:00:00Z","rtofs:Y380,X434",2082.88821726798,0,-0.029999999329447746,-0.12999999523162842,-0.018844064325094223,-0.06221002712845802,0.133416635844224
"san-francisco","shelf","2026-07-13T00:00:00Z",37.47795867919922,-123.114013671875,"2026-07-13T00:00:00Z","rtofs:Y380,X435",570.7484242899152,0,-0.029999999329447746,-0.14000000059604645,-0.035482559353113174,-0.034456025809049606,0.143178211075079
"san-francisco","shelf","2026-07-13T00:00:00Z",37.47795867919922,-123.05155181884766,"2026-07-13T00:00:00Z","rtofs:Y380,X436",1038.861659337301,0,-0.009999999776482582,-0.15000000596046448,-0.05536718666553497,0.05719757080078125,0.15033296971612395
"san-francisco","shelf","2026-07-13T00:00:00Z",37.47795867919922,-122.98908233642578,"2026-07-13T00:00:00Z","rtofs:Y380,X437",2578.887616592688,0,-0.019999999552965164,-0.17000000178813934,-0.020576221868395805,0.07800745964050293,0.17117242940989646
"san-francisco","shelf","2026-07-13T00:00:00Z",37.47795867919922,-122.92662048339844,"2026-07-13T00:00:00Z","rtofs:Y380,X437",2950.029027931256,0,-0.029999999329447746,-0.20000000298023224,-0.020576221868395805,0.07800745964050293,0.2022374870093568
"san-francisco","shelf","2026-07-13T00:00:00Z",37.47795867919922,-122.86415100097656,"2026-07-13T00:00:00Z","rtofs:Y380,X438",1415.733216357324,0,-0.029999999329447746,-0.2199999988079071,0.044400401413440704,0.030897723510861397,0.22203603183998313
"san-francisco","shelf","2026-07-13T00:00:00Z",37.47795867919922,-122.80168914794922,"2026-07-13T00:00:00Z","rtofs:Y380,X439",260.99294761407634,0,-0.009999999776482582,-0.25,0.0688379555940628,0.03267146274447441,0.2501999200550025
"san-francisco","shelf","2026-07-13T00:00:00Z",37.47795867919922,-122.73921966552734,"2026-07-13T00:00:00Z","rtofs:Y380,X440",1712.3922773049505,0,0,-0.17000000178813934,0.063103586435318,-0.03389391303062439,0.17000000178813934
"san-francisco","shelf","2026-07-13T00:00:00Z",37.47795867919922,-122.6767578125,"2026-07-13T00:00:00Z","rtofs:Y380,X441",3249.5509186881277,0,0.019999999552965164,-0.1599999964237213,0.07470236718654633,-0.08725731074810028,0.1612451513618609
"san-francisco","shelf","2026-07-13T00:00:00Z",37.47795867919922,-122.61428833007812,"2026-07-13T00:00:00Z","rtofs:Y380,X441",2280.503152039166,0,0.029999999329447746,-0.20000000298023224,0.07470236718654633,-0.08725731074810028,0.2022374870093568
"san-francisco","shelf","2026-07-13T00:00:00Z",37.47795867919922,-122.55182647705078,"2026-07-13T00:00:00Z","rtofs:Y380,X442",758.18759020796,0,0.029999999329447746,-0.23000000417232513,0.051138270646333694,-0.07978992909193039,0.23194827414541472
"san-francisco","shelf","2026-07-13T00:00:00Z",37.47795867919922,-122.4893569946289,"2026-07-13T00:00:00Z","rtofs:Y380,X443",855.4300579396885,0,0.009999999776482582,-0.23000000417232513,0.007719925604760647,-0.03315569460391998,0.2302172928231049
"san-francisco","shelf","2026-07-13T00:00:00Z",37.531898498535156,-123.30140686035156,"2026-07-13T00:00:00Z","rtofs:Y381,X433",2275.914815535772,0,-0.009999999776482582,-0.10999999940395355,-0.06574439257383347,-0.04986768588423729,0.11045360955803768
"san-francisco","shelf","2026-07-13T00:00:00Z",37.531898498535156,-123.23894500732422,"2026-07-13T00:00:00Z","rtofs:Y381,X434",3667.151546790584,0,0.019999999552965164,-0.11999999731779099,-0.0716237872838974,-0.02028736099600792,0.12165524788675763
"san-francisco","shelf","2026-07-13T00:00:00Z",37.531898498535156,-123.17647552490234,"2026-07-13T00:00:00Z","rtofs:Y381,X434",2431.3377739843077,0,0.019999999552965164,-0.10000000149011612,-0.0716237872838974,-0.02028736099600792,0.10198039164536404
"san-francisco","shelf","2026-07-13T00:00:00Z",37.531898498535156,-123.114013671875,"2026-07-13T00:00:00Z","rtofs:Y381,X435",1380.2317245792888,0,0.029999999329447746,-0.10000000149011612,-0.06302422285079956,-0.004972193390130997,0.10440306632369613
"san-francisco","shelf","2026-07-13T00:00:00Z",37.531898498535156,-123.05155181884766,"2026-07-13T00:00:00Z","rtofs:Y381,X436",1630.1335293141456,0,0.019999999552965164,-0.10999999940395355,-0.06584306061267853,0.06249513477087021,0.1118033982085893
"san-francisco","shelf","2026-07-13T00:00:00Z",37.531898498535156,-122.98908233642578,"2026-07-13T00:00:00Z","rtofs:Y381,X437",2867.055591303737,0,0,-0.10999999940395355,-0.03002956137061119,0.04767294600605965,0.10999999940395355
"san-francisco","shelf","2026-07-13T00:00:00Z",37.531898498535156,-122.92662048339844,"2026-07-13T00:00:00Z","rtofs:Y381,X437",3204.4957498528547,0,-0.019999999552965164,-0.15000000596046448,-0.03002956137061119,0.04767294600605965,0.15132746535331246
"san-francisco","shelf","2026-07-13T00:00:00Z",37.531898498535156,-122.86415100097656,"2026-07-13T00:00:00Z","rtofs:Y381,X438",1892.339450979034,0,-0.029999999329447746,-0.1899999976158142,0.03552769497036934,0.033850185573101044,0.19235383815712198
"san-francisco","shelf","2026-07-13T00:00:00Z",37.531898498535156,-122.80168914794922,"2026-07-13T00:00:00Z","rtofs:Y381,X439",1283.6697539745235,0,0.019999999552965164,-0.17000000178813934,0.058566778898239136,0.013402328826487064,0.17117242940989646
"san-francisco","shelf","2026-07-13T00:00:00Z",37.531898498535156,-122.73921966552734,"2026-07-13T00:00:00Z","rtofs:Y381,X440",2123.0819726350883,0,0.03999999910593033,-0.15000000596046448,0.06852000951766968,-0.019425977021455765,0.15524175249144095
"san-francisco","shelf","2026-07-13T00:00:00Z",37.531898498535156,-122.6767578125,"2026-07-13T00:00:00Z","rtofs:Y381,X441",3481.77897538278,0,0.05000000074505806,-0.18000000715255737,0.06740594655275345,-0.057237252593040466,0.1868154240137214
"san-francisco","shelf","2026-07-13T00:00:00Z",37.531898498535156,-122.61428833007812,"2026-07-13T00:00:00Z","rtofs:Y381,X441",2602.3680822401293,0,0.07000000029802322,-0.20000000298023224,0.06740594655275345,-0.057237252593040466,0.21189620391554012
"san-francisco","shelf","2026-07-13T00:00:00Z",37.531898498535156,-122.55182647705078,"2026-07-13T00:00:00Z","rtofs:Y381,X442",1467.5635679533493,0,0.07000000029802322,-0.20000000298023224,0.02687099203467369,-0.09440398216247559,0.21189620391554012
"san-francisco","shelf","2026-07-13T00:00:00Z",37.585838317871094,-123.30140686035156,"2026-07-13T00:00:00Z","rtofs:Y382,X433",2994.379765150519,0,-0.019999999552965164,-0.07000000029802322,-0.12953230738639832,-0.03599849343299866,0.07280109905655174
"san-francisco","shelf","2026-07-13T00:00:00Z",37.585838317871094,-123.23894500732422,"2026-07-13T00:00:00Z","rtofs:Y382,X434",4149.880405623035,0,0.019999999552965164,-0.07999999821186066,-0.11798854917287827,0.0035189203917980194,0.08246211066918137
"san-francisco","shelf","2026-07-13T00:00:00Z",37.585838317871094,-123.17647552490234,"2026-07-13T00:00:00Z","rtofs:Y382,X434",3113.964300393967,0,0.05000000074505806,-0.10999999940395355,-0.11798854917287827,0.0035189203917980194,0.12083045950163224
"san-francisco","shelf","2026-07-13T00:00:00Z",37.585838317871094,-123.114013671875,"2026-07-13T00:00:00Z","rtofs:Y382,X435",2386.7794902293504,0,0.05999999865889549,-0.09000000357627869,-0.08230436593294144,0.0054308585822582245,0.10816654049565252
"san-francisco","shelf","2026-07-13T00:00:00Z",37.585838317871094,-123.05155181884766,"2026-07-13T00:00:00Z","rtofs:Y382,X436",2539.2573430123994,0,0.05000000074505806,-0.07000000029802322,-0.07877397537231445,0.03285505250096321,0.08602325334599394
"san-francisco","shelf","2026-07-13T00:00:00Z",37.585838317871094,-122.98908233642578,"2026-07-13T00:00:00Z","rtofs:Y382,X437",3464.353341650103,0,0.029999999329447746,-0.07999999821186066,-0.010209336876869202,0.014793077483773232,0.08544003554344165
"san-francisco","shelf","2026-07-13T00:00:00Z",37.585838317871094,-122.92662048339844,"2026-07-13T00:00:00Z","rtofs:Y382,X437",3747.9733622692625,0,0.019999999552965164,-0.12999999523162842,-0.010209336876869202,0.014793077483773232,0.1315294595987607
"san-francisco","shelf","2026-07-13T00:00:00Z",37.585838317871094,-122.86415100097656,"2026-07-13T00:00:00Z","rtofs:Y382,X438",2714.772046805737,0,0.05000000074505806,-0.10000000149011612,0.054821714758872986,-0.011454740539193153,0.11180340054098996
"san-francisco","shelf","2026-07-13T00:00:00Z",37.585838317871094,-122.80168914794922,"2026-07-13T00:00:00Z","rtofs:Y382,X439",2332.35710551823,0,0.07000000029802322,-0.10000000149011612,0.0633406788110733,-0.006089931353926659,0.12206555754899281
"san-francisco","shelf","2026-07-13T00:00:00Z",37.585838317871094,-122.73921966552734,"2026-07-13T00:00:00Z","rtofs:Y382,X440",2880.1141088222876,0,0.07999999821186066,-0.15000000596046448,0.10340344905853271,-0.01803857646882534,0.17000000441775606
"san-francisco","shelf","2026-07-13T00:00:00Z",37.585838317871094,-122.6767578125,"2026-07-13T00:00:00Z","rtofs:Y382,X441",3987.27698724519,0,0.09000000357627869,-0.1599999964237213,0.09254947304725647,-0.03971845284104347,0.18357559614317207
"san-francisco","shelf","2026-07-13T00:00:00Z",37.585838317871094,-122.61428833007812,"2026-07-13T00:00:00Z","rtofs:Y382,X441",3249.0513627284954,0,0.10000000149011612,-0.17000000178813934,0.09254947304725647,-0.03971845284104347,0.19723083152993756
"san-francisco","shelf","2026-07-13T00:00:00Z",37.585838317871094,-122.55182647705078,"2026-07-13T00:00:00Z","rtofs:Y382,X442",2438.24282281347,0,0.10000000149011612,-0.17000000178813934,0.03406229987740517,-0.08859586715698242,0.19723083152993756
"san-francisco","shelf","2026-07-13T00:00:00Z",37.63977813720703,-123.30140686035156,"2026-07-13T00:00:00Z","rtofs:Y383,X433",3863.641472283614,0,-0.03999999910593033,-0.019999999552965164,-0.13776922225952148,-0.028987791389226913,0.04472135855039552
"san-francisco","shelf","2026-07-13T00:00:00Z",37.63977813720703,-123.23894500732422,"2026-07-13T00:00:00Z","rtofs:Y383,X434",4813.5128949594955,0,0,-0.05999999865889549,-0.11153911054134369,-0.011441856622695923,0.05999999865889549
"san-francisco","shelf","2026-07-13T00:00:00Z",37.63977813720703,-123.17647552490234,"2026-07-13T00:00:00Z","rtofs:Y383,X434",3956.897416775208,0,0.019999999552965164,-0.07000000029802322,-0.11153911054134369,-0.011441856622695923,0.07280109905655174
"san-francisco","shelf","2026-07-13T00:00:00Z",37.63977813720703,-123.114013671875,"2026-07-13T00:00:00Z","rtofs:Y383,X435",3415.15546627357,0,0.03999999910593033,-0.07999999821186066,-0.06145752593874931,-0.008445996791124344,0.08944271710079103
"san-francisco","shelf","2026-07-13T00:00:00Z",37.63977813720703,-123.05155181884766,"2026-07-13T00:00:00Z","rtofs:Y383,X436",3523.2391454194403,0,0.07000000029802322,-0.07000000029802322,-0.0011382829397916794,-0.021894369274377823,0.09899494978758515
"san-francisco","shelf","2026-07-13T00:00:00Z",37.63977813720703,-122.98908233642578,"2026-07-13T00:00:00Z","rtofs:Y383,X437",4237.732088788911,0,0.07000000029802322,-0.05999999865889549,0.0522446408867836,-0.014537731185555458,0.09219544392642573
"san-francisco","shelf","2026-07-13T00:00:00Z",37.63977813720703,-122.92662048339844,"2026-07-13T00:00:00Z","rtofs:Y383,X437",4472.215133810117,0,0.09000000357627869,-0.05000000074505806,0.0522446408867836,-0.014537731185555458,0.10295630489793223
"san-francisco","shelf","2026-07-13T00:00:00Z",37.63977813720703,-122.86415100097656,"2026-07-13T00:00:00Z","rtofs:Y383,X438",3651.563978492139,0,0.10999999940395355,-0.019999999552965164,0.08142852783203125,-0.06576710939407349,0.1118033982085893
"san-francisco","shelf","2026-07-13T00:00:00Z",37.63977813720703,-122.80168914794922,"2026-07-13T00:00:00Z","rtofs:Y383,X439",3377.4050894872316,0,0.10000000149011612,-0.07999999821186066,0.09224078059196472,-0.038159579038619995,0.1280624847952004
"san-francisco","shelf","2026-07-13T00:00:00Z",37.63977813720703,-122.73921966552734,"2026-07-13T00:00:00Z","rtofs:Y383,X440",3775.91457988982,0,0.10999999940395355,-0.14000000059604645,0.12703192234039307,-0.023705152794718742,0.1780449382480805
"san-francisco","shelf","2026-07-13T00:00:00Z",37.63977813720703,-122.6767578125,"2026-07-13T00:00:00Z","rtofs:Y383,X441",4674.27673589633,0,0.09000000357627869,-0.11999999731779099,0.1136123389005661,-0.026546431705355644,0.15000000000000005
"san-francisco","shelf","2026-07-13T00:00:00Z",37.63977813720703,-122.61428833007812,"2026-07-13T00:00:00Z","rtofs:Y383,X441",4063.895048143846,0,0.07999999821186066,-0.12999999523162842,0.1136123389005661,-0.026546431705355644,0.15264337022655494
"san-francisco","shelf","2026-07-13T00:00:00Z",37.63977813720703,-122.55182647705078,"2026-07-13T00:00:00Z","rtofs:Y383,X442",3451.2616628746837,0,0.05999999865889549,-0.12999999523162842,0.04139253497123718,-0.08005516231060028,0.143178205741275
"san-francisco","shelf","2026-07-13T00:00:00Z",37.693721771240234,-123.30140686035156,"2026-07-13T00:00:00Z","rtofs:Y383,X433",3228.6612249289865,0,-0.07000000029802322,-0.019999999552965164,-0.13776922225952148,-0.028987791389226913,0.07280109905655174
"san-francisco","shelf","2026-07-13T00:00:00Z",37.693721771240234,-123.23894500732422,"2026-07-13T00:00:00Z","rtofs:Y383,X434",4319.773825155076,0,-0.03999999910593033,-0.029999999329447746,-0.11153911054134369,-0.011441856622695923,0.04999999888241291
"san-francisco","shelf","2026-07-13T00:00:00Z",37.693721771240234,-123.17647552490234,"2026-07-13T00:00:00Z","rtofs:Y383,X434",3339.616020353909,0,-0.009999999776482582,-0.03999999910593033,-0.11153911054134369,-0.011441856622695923,0.041231055334590684
"san-francisco","shelf","2026-07-13T00:00:00Z",37.693721771240234,-123.114013671875,"2026-07-13T00:00:00Z","rtofs:Y383,X435",2676.2261713685116,0,0.019999999552965164,-0.05999999865889549,-0.06145752593874931,-0.008445996791124344,0.06324555178971931
"san-francisco","shelf","2026-07-13T00:00:00Z",37.693721771240234,-123.05155181884766,"2026-07-13T00:00:00Z","rtofs:Y383,X436",2812.7511224121677,0,0.05999999865889549,-0.05999999865889549,-0.0011382829397916794,-0.021894369274377823,0.08485281184577753
"san-francisco","shelf","2026-07-13T00:00:00Z",37.693721771240234,-122.98908233642578,"2026-07-13T00:00:00Z","rtofs:Y383,X437",3667.79214430652,0,0.10000000149011612,-0.07000000029802322,0.0522446408867836,-0.014537731185555458,0.12206555754899281
"san-francisco","shelf","2026-07-13T00:00:00Z",37.693721771240234,-122.92662048339844,"2026-07-13T00:00:00Z","rtofs:Y383,X437",3936.184738953116,0,0.11999999731779099,-0.05000000074505806,0.0522446408867836,-0.014537731185555458,0.12999999781067556
"san-francisco","shelf","2026-07-13T00:00:00Z",37.693721771240234,-122.86415100097656,"2026-07-13T00:00:00Z","rtofs:Y383,X438",2971.8017009902505,0,0.10999999940395355,-0.019999999552965164,0.08142852783203125,-0.06576710939407349,0.1118033982085893
"san-francisco","shelf","2026-07-13T00:00:00Z",37.693721771240234,-122.80168914794922,"2026-07-13T00:00:00Z","rtofs:Y383,X439",2627.9176363726565,0,0.11999999731779099,-0.07000000029802322,0.09224078059196472,-0.038159579038619995,0.13892443772782775
"san-francisco","shelf","2026-07-13T00:00:00Z",37.693721771240234,-122.73921966552734,"2026-07-13T00:00:00Z","rtofs:Y383,X440",3123.2268128353962,0,0.11999999731779099,-0.09000000357627869,0.12703192234039307,-0.023705152794718742,0.15000000000000005
"san-francisco","shelf","2026-07-13T00:00:00Z",37.693721771240234,-122.6767578125,"2026-07-13T00:00:00Z","rtofs:Y383,X441",4164.1760673973395,0,0.07000000029802322,-0.05999999865889549,0.1136123389005661,-0.026546431705355644,0.09219544392642573
"san-francisco","shelf","2026-07-13T00:00:00Z",37.693721771240234,-122.61428833007812,"2026-07-13T00:00:00Z","rtofs:Y383,X441",3465.6337700629033,0,0.029999999329447746,-0.10999999940395355,0.1136123389005661,-0.026546431705355644,0.11401754175843577
"san-francisco","nearshore","2026-07-13T00:00:00Z",37.693721771240234,-122.55182647705078,"2026-07-13T00:00:00Z","rtofs:Y383,X442",2722.118035712245,0,0.019999999552965164,-0.12999999523162842,0.04139253497123718,-0.08005516231060028,0.1315294595987607
"san-francisco","shelf","2026-07-13T00:00:00Z",37.74766159057617,-123.30140686035156,"2026-07-13T00:00:00Z","rtofs:Y384,X433",2457.8141188381865,0,-0.07000000029802322,-0.009999999776482582,-0.08260069787502289,-0.04230064898729324,0.07071067838207255
"san-francisco","shelf","2026-07-13T00:00:00Z",37.74766159057617,-123.23894500732422,"2026-07-13T00:00:00Z","rtofs:Y384,X434",3776.7741310397164,0,-0.019999999552965164,-0.009999999776482582,-0.028607085347175598,-0.0466458834707737,0.02236067927519776
"san-francisco","shelf","2026-07-13T00:00:00Z",37.74766159057617,-123.17647552490234,"2026-07-13T00:00:00Z","rtofs:Y384,X434",2601.630262414102,0,-0.009999999776482582,-0.009999999776482582,-0.028607085347175598,-0.0466458834707737,0.014142135307629587
"san-francisco","shelf","2026-07-13T00:00:00Z",37.74766159057617,-123.114013671875,"2026-07-13T00:00:00Z","rtofs:Y384,X435",1668.5143760166507,0,0,-0.029999999329447746,0.03317074105143547,-0.03925715759396553,0.029999999329447746
"san-francisco","shelf","2026-07-13T00:00:00Z",37.74766159057617,-123.05155181884766,"2026-07-13T00:00:00Z","rtofs:Y384,X436",1879.3982906692122,0,0.03999999910593033,-0.05999999865889549,0.08848053961992264,-0.0632324144244194,0.07211102389747276
"san-francisco","shelf","2026-07-13T00:00:00Z",37.74766159057617,-122.98908233642578,"2026-07-13T00:00:00Z","rtofs:Y384,X437",3010.7322531657214,0,0.05999999865889549,-0.10000000149011612,0.12383785843849182,-0.06983446329832077,0.11661903848467747
"san-francisco","shelf","2026-07-13T00:00:00Z",37.74766159057617,-122.92662048339844,"2026-07-13T00:00:00Z","rtofs:Y384,X437",3331.986427306392,0,0.05999999865889549,-0.07999999821186066,0.12383785843849182,-0.06983446329832077,0.09999999776482582
"san-francisco","shelf","2026-07-13T00:00:00Z",37.74766159057617,-122.86415100097656,"2026-07-13T00:00:00Z","rtofs:Y384,X438",2109.6729578980944,0,0.09000000357627869,-0.029999999329447746,0.1376168131828308,-0.08987732976675034,0.09486833298576001
"san-francisco","shelf","2026-07-13T00:00:00Z",37.74766159057617,-122.80168914794922,"2026-07-13T00:00:00Z","rtofs:Y384,X439",1590.0031038443842,0,0.10000000149011612,-0.05000000074505806,0.13618727028369904,-0.05649734288454056,0.11180340054098996
"san-francisco","shelf","2026-07-13T00:00:00Z",37.74766159057617,-122.73921966552734,"2026-07-13T00:00:00Z","rtofs:Y384,X440",2317.8009737805273,0,0.07999999821186066,-0.07999999821186066,0.1260147988796234,-0.021399324759840965,0.1131370824610367
"san-francisco","shelf","2026-07-13T00:00:00Z",37.74766159057617,-122.6767578125,"2026-07-13T00:00:00Z","rtofs:Y384,X441",3598.058654515969,0,0.019999999552965164,-0.10999999940395355,0.1094534695148468,0.004484548233449459,0.1118033982085893
"san-francisco","nearshore","2026-07-13T00:00:00Z",37.74766159057617,-122.61428833007812,"2026-07-13T00:00:00Z","rtofs:Y384,X441",2761.287126932457,0,-0.019999999552965164,-0.2199999988079071,0.1094534695148468,0.004484548233449459,0.22090721911607536
"san-francisco","nearshore","2026-07-13T00:00:00Z",37.74766159057617,-122.55182647705078,"2026-07-13T00:00:00Z","rtofs:Y384,X442",1741.0596396013834,0,-0.05000000074505806,-0.2199999988079071,0.047117479145526886,-0.03668703883886337,0.2256102824562412
"san-francisco","shelf","2026-07-13T00:00:00Z",37.80160140991211,-123.30140686035156,"2026-07-13T00:00:00Z","rtofs:Y385,X433",1956.9588943455603,0,0.009999999776482582,-0.03999999910593033,-0.03106583282351494,-0.06868133693933487,0.041231055334590684
"san-francisco","shelf","2026-07-13T00:00:00Z",37.80160140991211,-123.23894500732422,"2026-07-13T00:00:00Z","rtofs:Y385,X434",3469.8472680688733,0,0.019999999552965164,-0.029999999329447746,0.04069402813911438,-0.058381956070661545,0.03605551194873638
"san-francisco","shelf","2026-07-13T00:00:00Z",37.80160140991211,-123.17647552490234,"2026-07-13T00:00:00Z","rtofs:Y385,X434",2134.51768750347,0,0.019999999552965164,-0.019999999552965164,0.04069402813911438,-0.058381956070661545,0.028284270615259174
"san-francisco","shelf","2026-07-13T00:00:00Z",37.80160140991211,-123.114013671875,"2026-07-13T00:00:00Z","rtofs:Y385,X435",760.2204381097231,0,0.019999999552965164,-0.019999999552965164,0.10280110687017441,-0.08154767751693726,0.028284270615259174
"san-francisco","shelf","2026-07-13T00:00:00Z",37.80160140991211,-123.05155181884766,"2026-07-13T00:00:00Z","rtofs:Y385,X436",1151.0639094522676,0,0.009999999776482582,-0.05999999865889549,0.1297113299369812,-0.11348339170217514,0.06082762394337882
"san-francisco","shelf","2026-07-13T00:00:00Z",37.80160140991211,-122.98908233642578,"2026-07-13T00:00:00Z","rtofs:Y385,X437",2616.975140124346,0,0,-0.10000000149011612,0.1451810598373413,-0.1152014434337616,0.10000000149011612
"san-francisco","shelf","2026-07-13T00:00:00Z",37.80160140991211,-122.92662048339844,"2026-07-13T00:00:00Z","rtofs:Y385,X437",2980.429053380318,0,0,-0.11999999731779099,0.1451810598373413,-0.1152014434337616,0.11999999731779099
"san-francisco","shelf","2026-07-13T00:00:00Z",37.80160140991211,-122.86415100097656,"2026-07-13T00:00:00Z","rtofs:Y385,X438",1497.3562325005728,0,0.029999999329447746,-0.019999999552965164,0.1180550754070282,-0.09496450424194336,0.03605551194873638
"san-francisco","nearshore","2026-07-13T00:00:00Z",37.80160140991211,-122.80168914794922,"2026-07-13T00:00:00Z","rtofs:Y385,X439",567.8995032766677,0,0.029999999329447746,0.05000000074505806,0.05767018347978592,-0.050810806453228,0.058309519242338737
"san-francisco","nearshore","2026-07-13T00:00:00Z",37.80160140991211,-122.73921966552734,"2026-07-13T00:00:00Z","rtofs:Y385,X440",1778.228885725648,0,0.029999999329447746,-0.029999999329447746,0.04377588629722595,-0.019418226554989815,0.042426405922888766
"san-francisco","nearshore","2026-07-13T00:00:00Z",37.80160140991211,-122.6767578125,"2026-07-13T00:00:00Z","rtofs:Y385,X441",3274.741247179174,0,-0.029999999329447746,-0.2199999988079071,0.07363905012607574,0.022265858948230743,0.22203603183998313
"san-francisco","nearshore","2026-07-13T00:00:00Z",37.80160140991211,-122.61428833007812,"2026-07-13T00:00:00Z","rtofs:Y385,X441",2326.1634887873906,0,-0.07000000029802322,-0.3199999928474426,0.07363905012607574,0.022265858948230743,0.3275667801595372
"san-francisco","nearshore","2026-07-13T00:00:00Z",37.80160140991211,-122.55182647705078,"2026-07-13T00:00:00Z","rtofs:Y385,X442",908.2356007551167,0,-0.07999999821186066,-0.009999999776482582,0.04408552497625351,-0.0032603289000689983,0.08062257568093045
"san-francisco","shelf","2026-07-13T00:00:00Z",37.85554122924805,-123.30140686035156,"2026-07-13T00:00:00Z","rtofs:Y386,X433",1937.03381484685,0,0.019999999552965164,-0.029999999329447746,-0.021412160247564316,-0.10861870646476746,0.03605551194873638
"san-francisco","shelf","2026-07-13T00:00:00Z",37.85554122924805,-123.23894500732422,"2026-07-13T00:00:00Z","rtofs:Y386,X434",3456.7658119811445,0,0.05000000074505806,-0.029999999329447746,0.03028447926044464,-0.0947221964597702,0.058309519242338737
"san-francisco","shelf","2026-07-13T00:00:00Z",37.85554122924805,-123.17647552490234,"2026-07-13T00:00:00Z","rtofs:Y386,X434",2115.992765192519,0,0.03999999910593033,-0.019999999552965164,0.03028447926044464,-0.0947221964597702,0.04472135855039552
"san-francisco","shelf","2026-07-13T00:00:00Z",37.85554122924805,-123.114013671875,"2026-07-13T00:00:00Z","rtofs:Y386,X435",710.988456411906,0,0.03999999910593033,-0.019999999552965164,0.07268199324607849,-0.1247311681509018,0.04472135855039552
"san-francisco","nearshore","2026-07-13T00:00:00Z",37.85554122924805,-123.05155181884766,"2026-07-13T00:00:00Z","rtofs:Y386,X436",1118.6298590942715,0,0,-0.019999999552965164,0.09316807240247726,-0.13890455663204193,0.019999999552965164
"san-francisco","nearshore","2026-07-13T00:00:00Z",37.85554122924805,-122.98908233642578,"2026-07-13T00:00:00Z","rtofs:Y386,X437",2601.1886816946153,0,-0.019999999552965164,-0.07999999821186066,0.08039657771587372,-0.10490754246711731,0.08246211066918137
"san-francisco","nearshore","2026-07-13T00:00:00Z",37.85554122924805,-122.92662048339844,"2026-07-13T00:00:00Z","rtofs:Y386,X437",2966.0334235033415,0,-0.05000000074505806,-0.09000000357627869,0.08039657771587372,-0.10490754246711731,0.10295630489793223
"san-francisco","nearshore","2026-07-13T00:00:00Z",37.85554122924805,-122.86415100097656,"2026-07-13T00:00:00Z","rtofs:Y386,X438",1472.0752952139037,0,-0.05999999865889549,-0.03999999910593033,0.03797997161746025,-0.030211927369236946,0.07211102389747276
"san-francisco","nearshore","2026-07-13T00:00:00Z",37.85554122924805,-122.80168914794922,"2026-07-13T00:00:00Z","rtofs:Y386,X439",500.48421039864587,0,-0.029999999329447746,0.10999999940395355,-0.008470728993415833,0.038772813975811005,0.11401754175843577
"san-francisco","nearshore","2026-07-13T00:00:00Z",37.85554122924805,-122.73921966552734,"2026-07-13T00:00:00Z","rtofs:Y386,X440",1756.578696288569,0,-0.019999999552965164,0.07999999821186066,-0.01353311538696289,-0.008740715682506561,0.08246211066918137
"san-francisco","nearshore","2026-07-13T00:00:00Z",37.85554122924805,-122.6767578125,"2026-07-13T00:00:00Z","rtofs:Y386,X441",3261.1972046308842,0,-0.05999999865889549,-0.1599999964237213,0.000764455646276474,0.009995581582188606,0.1708800710868833
"san-francisco","nearshore","2026-07-13T00:00:00Z",37.85554122924805,-122.61428833007812,"2026-07-13T00:00:00Z","rtofs:Y386,X441",2308.882910720971,0,-0.09000000357627869,-0.4000000059604645,0.000764455646276474,0.009995581582188606,0.4100000066001241
"san-francisco","shelf","2026-07-13T00:00:00Z",37.909481048583984,-123.30140686035156,"2026-07-13T00:00:00Z","rtofs:Y387,X433",2402.3956873463867,0,-0.03999999910593033,0.019999999552965164,-0.010187080129981041,-0.1578889638185501,0.04472135855039552
"san-francisco","shelf","2026-07-13T00:00:00Z",37.909481048583984,-123.23894500732422,"2026-07-13T00:00:00Z","rtofs:Y387,X434",3735.7211264226466,0,0.019999999552965164,-0.019999999552965164,0.02716544084250927,-0.1411322057247162,0.028284270615259174
"san-francisco","shelf","2026-07-13T00:00:00Z",37.909481048583984,-123.17647552490234,"2026-07-13T00:00:00Z","rtofs:Y387,X434",2548.6620242952677,0,0.019999999552965164,-0.009999999776482582,0.02716544084250927,-0.1411322057247162,0.02236067927519776
"san-francisco","nearshore","2026-07-13T00:00:00Z",37.909481048583984,-123.114013671875,"2026-07-13T00:00:00Z","rtofs:Y387,X435",1590.6185626498207,0,0.029999999329447746,-0.009999999776482582,0.03321640565991402,-0.12377165257930756,0.03162277589485966
"san-francisco","nearshore","2026-07-13T00:00:00Z",37.909481048583984,-123.05155181884766,"2026-07-13T00:00:00Z","rtofs:Y387,X436",1809.616177284578,0,0.029999999329447746,-0.009999999776482582,-0.0311337411403656,-0.07814322412014008,0.03162277589485966
"san-francisco","nearshore","2026-07-13T00:00:00Z",37.909481048583984,-122.98908233642578,"2026-07-13T00:00:00Z","rtofs:Y387,X437",2963.2413327365375,0,-0.009999999776482582,-0.05999999865889549,-0.0806983932852745,-0.0374394953250885,0.06082762394337882
"san-francisco","nearshore","2026-07-13T00:00:00Z",37.909481048583984,-122.92662048339844,"2026-07-13T00:00:00Z","rtofs:Y387,X437",3287.665438259758,0,-0.07000000029802322,-0.07999999821186066,-0.0806983932852745,-0.0374394953250885,0.10630145697788418
"san-francisco","nearshore","2026-07-13T00:00:00Z",37.909481048583984,-122.86415100097656,"2026-07-13T00:00:00Z","rtofs:Y387,X438",2046.6873026189855,0,-0.11999999731779099,-0.10999999940395355,-0.03573635593056679,0.019645916298031807,0.16278820358103233
"san-francisco","nearshore","2026-07-13T00:00:00Z",37.909481048583984,-122.80168914794922,"2026-07-13T00:00:00Z","rtofs:Y387,X439",1508.4602798575825,0,-0.09000000357627869,0.03999999910593033,0.0015533044934272766,0.0612119659781456,0.09848858092288976
"san-francisco","shelf","2026-07-13T00:00:00Z",37.96342086791992,-123.30140686035156,"2026-07-13T00:00:00Z","rtofs:Y388,X433",3138.6323854656007,0,-0.07000000029802322,0.019999999552965164,0.019260622560977936,-0.20528550446033478,0.07280109905655174
"san-francisco","shelf","2026-07-13T00:00:00Z",37.96342086791992,-123.23894500732422,"2026-07-13T00:00:00Z","rtofs:Y388,X434",4245.244055655699,0,-0.029999999329447746,0.009999999776482582,0.06435906141996384,-0.15482307970523834,0.03162277589485966
"san-francisco","shelf","2026-07-13T00:00:00Z",37.96342086791992,-123.17647552490234,"2026-07-13T00:00:00Z","rtofs:Y388,X434",3251.7739685421802,0,-0.019999999552965164,0.019999999552965164,0.06435906141996384,-0.15482307970523834,0.028284270615259174
"san-francisco","nearshore","2026-07-13T00:00:00Z",37.96342086791992,-123.114013671875,"2026-07-13T00:00:00Z","rtofs:Y388,X435",2571.912470819552,0,0.029999999329447746,0.029999999329447746,0.0809723436832428,-0.08530096709728241,0.042426405922888766
"san-francisco","nearshore","2026-07-13T00:00:00Z",37.96342086791992,-123.05155181884766,"2026-07-13T00:00:00Z","rtofs:Y388,X436",2712.5987717006255,0,0.05999999865889549,0.029999999329447746,0.04152034968137741,-0.0010662693530321121,0.06708203782559327
"san-francisco","shelf","2026-07-13T00:00:00Z",38.01736068725586,-123.30140686035156,"2026-07-13T00:00:00Z","rtofs:Y388,X433",3952.0296337769482,0,-0.07999999821186066,0,0.019260622560977936,-0.20528550446033478,0.07999999821186066
"san-francisco","shelf","2026-07-13T00:00:00Z",38.01736068725586,-123.23894500732422,"2026-07-13T00:00:00Z","rtofs:Y388,X434",4876.844934920424,0,-0.03999999910593033,0.019999999552965164,0.06435906141996384,-0.15482307970523834,0.04472135855039552
"san-francisco","shelf","2026-07-13T00:00:00Z",38.01736068725586,-123.17647552490234,"2026-07-13T00:00:00Z","rtofs:Y388,X434",4042.403680364355,0,0,0.029999999329447746,0.06435906141996384,-0.15482307970523834,0.029999999329447746
"san-francisco","nearshore","2026-07-13T00:00:00Z",38.01736068725586,-123.114013671875,"2026-07-13T00:00:00Z","rtofs:Y388,X435",3519.1813422173636,0,0.009999999776482582,0.05000000074505806,0.0809723436832428,-0.08530096709728241,0.05099019582268202
"san-francisco","nearshore","2026-07-13T00:00:00Z",38.01736068725586,-123.05155181884766,"2026-07-13T00:00:00Z","rtofs:Y388,X436",3623.1959972234504,0,0.03999999910593033,0.09000000357627869,0.04152034968137741,-0.0010662693530321121,0.09848858092288976
"san-francisco","shelf","2026-07-13T00:00:00Z",38.0713005065918,-123.30140686035156,"2026-07-13T00:00:00Z","rtofs:Y389,X433",3098.6547818580248,0,-0.09000000357627869,-0.019999999552965164,0.03496496379375458,-0.2649388611316681,0.09219544796707038
"san-francisco","shelf","2026-07-13T00:00:00Z",38.0713005065918,-123.23894500732422,"2026-07-13T00:00:00Z","rtofs:Y389,X434",4213.515517303576,0,-0.03999999910593033,0.009999999776482582,0.07133230566978455,-0.1821008026599884,0.041231055334590684
"san-francisco","shelf","2026-07-13T00:00:00Z",38.0713005065918,-123.17647552490234,"2026-07-13T00:00:00Z","rtofs:Y389,X434",3212.9422764028086,0,-0.009999999776482582,0.029999999329447746,0.07133230566978455,-0.1821008026599884,0.03162277589485966
"san-francisco","nearshore","2026-07-13T00:00:00Z",38.0713005065918,-123.114013671875,"2026-07-13T00:00:00Z","rtofs:Y389,X435",2524.464296217892,0,0.009999999776482582,0.07000000029802322,0.11319281160831451,-0.08937998116016388,0.07071067838207255
"san-francisco","nearshore","2026-07-13T00:00:00Z",38.0713005065918,-123.05155181884766,"2026-07-13T00:00:00Z","rtofs:Y389,X436",2667.329496086101,0,0.029999999329447746,0.10000000149011612,0.06993915140628815,0.019663220271468163,0.10440306632369613
"san-francisco","shelf","2026-07-13T00:00:00Z",38.125240325927734,-123.30140686035156,"2026-07-13T00:00:00Z","rtofs:Y390,X433",2375.953252844315,0,-0.07999999821186066,-0.029999999329447746,0.06297634541988373,-0.29617685079574585,0.08544003554344165
"san-francisco","shelf","2026-07-13T00:00:00Z",38.125240325927734,-123.23894500732422,"2026-07-13T00:00:00Z","rtofs:Y390,X434",3712.704996214332,0,-0.03999999910593033,0,0.06915384531021118,-0.21424248814582825,0.03999999910593033
"san-francisco","shelf","2026-07-13T00:00:00Z",38.125240325927734,-123.17647552490234,"2026-07-13T00:00:00Z","rtofs:Y390,X434",2522.962103117173,0,-0.029999999329447746,0.03999999910593033,0.06915384531021118,-0.21424248814582825,0.04999999888241291
"san-francisco","nearshore","2026-07-13T00:00:00Z",38.125240325927734,-123.114013671875,"2026-07-13T00:00:00Z","rtofs:Y390,X435",1556.1400752946097,0,0.009999999776482582,0.05999999865889549,0.10393181443214417,-0.11007824540138245,0.06082762394337882
"san-francisco","nearshore","2026-07-13T00:00:00Z",38.125240325927734,-123.05155181884766,"2026-07-13T00:00:00Z","rtofs:Y390,X436",1778.2331984447715,0,0.009999999776482582,0.09000000357627869,0.06846301257610321,0.014329856261610985,0.09055385491109601
"san-francisco","shelf","2026-07-13T00:00:00Z",38.17918014526367,-123.30140686035156,"2026-07-13T00:00:00Z","rtofs:Y391,X433",1926.1081442243506,0,-0.07999999821186066,-0.05000000074505806,0.06715664267539978,-0.2972277104854584,0.0943398101991069
"san-francisco","shelf","2026-07-13T00:00:00Z",38.17918014526367,-123.23894500732422,"2026-07-13T00:00:00Z","rtofs:Y391,X434",3440.3326883030113,0,-0.029999999329447746,-0.009999999776482582,0.05388212576508522,-0.21681281924247742,0.03162277589485966
"san-francisco","shelf","2026-07-13T00:00:00Z",38.17918014526367,-123.17647552490234,"2026-07-13T00:00:00Z","rtofs:Y391,X434",2104.5008200567518,0,-0.009999999776482582,0.029999999329447746,0.05388212576508522,-0.21681281924247742,0.03162277589485966
"san-francisco","nearshore","2026-07-13T00:00:00Z",38.17918014526367,-123.114013671875,"2026-07-13T00:00:00Z","rtofs:Y391,X435",701.0496651077676,0,-0.019999999552965164,0.05000000074505806,0.06975114345550537,-0.10256374627351761,0.05385164859708952
"san-francisco","nearshore","2026-07-13T00:00:00Z",38.17918014526367,-123.05155181884766,"2026-07-13T00:00:00Z","rtofs:Y391,X436",1109.426259502976,0,-0.019999999552965164,0.05999999865889549,0.0467916764318943,0.008179370313882828,0.06324555178971931
"san-francisco","shelf","2026-07-13T00:00:00Z",38.23311996459961,-123.30140686035156,"2026-07-13T00:00:00Z","rtofs:Y392,X433",1939.5746801660005,0,-0.03999999910593033,-0.11999999731779099,0.04290396347641945,-0.2886083126068115,0.12649110357943863
"san-francisco","shelf","2026-07-13T00:00:00Z",38.23311996459961,-123.23894500732422,"2026-07-13T00:00:00Z","rtofs:Y392,X434",3446.0003037643482,0,-0.009999999776482582,-0.03999999910593033,0.021135522052645683,-0.18406803905963898,0.041231055334590684
"san-francisco","nearshore","2026-07-13T00:00:00Z",38.23311996459961,-123.17647552490234,"2026-07-13T00:00:00Z","rtofs:Y392,X434",2116.560475911167,0,0,0,0.021135522052645683,-0.18406803905963898,0
"san-francisco","nearshore","2026-07-13T00:00:00Z",38.23311996459961,-123.114013671875,"2026-07-13T00:00:00Z","rtofs:Y392,X435",740.7347903969477,0,-0.05000000074505806,0.03999999910593033,0.025983424857258797,-0.07614351063966751,0.0640312423976002
"san-francisco","nearshore","2026-07-13T00:00:00Z",38.23311996459961,-123.05155181884766,"2026-07-13T00:00:00Z","rtofs:Y392,X436",1134.3979131703184,0,-0.05999999865889549,0.05000000074505806,0.021505549550056458,0.002962769940495491,0.07810249620577608
"san-francisco","shelf","2026-07-13T00:00:00Z",38.28705978393555,-123.30140686035156,"2026-07-13T00:00:00Z","rtofs:Y393,X433",2400.9855781176516,0,-0.019999999552965164,-0.18000000715255737,0.029680810868740082,-0.2484753578901291,0.18110770982219201
"san-francisco","shelf","2026-07-13T00:00:00Z",38.28705978393555,-123.23894500732422,"2026-07-13T00:00:00Z","rtofs:Y393,X434",3723.5293884527096,0,-0.03999999910593033,-0.07000000029802322,0.003900354728102684,-0.12390171736478806,0.08062257729815935
"san-francisco","nearshore","2026-07-13T00:00:00Z",38.28705978393555,-123.17647552490234,"2026-07-13T00:00:00Z","rtofs:Y393,X434",2545.8706169197553,0,-0.05999999865889549,0.019999999552965164,0.003900354728102684,-0.12390171736478806,0.06324555178971931
"san-francisco","nearshore","2026-07-13T00:00:00Z",38.28705978393555,-123.114013671875,"2026-07-13T00:00:00Z","rtofs:Y393,X435",1598.9465543463589,0,-0.05999999865889549,0.029999999329447746,-0.0022360850125551224,-0.040471166372299194,0.06708203782559327
"san-francisco","shelf","2026-07-13T06:00:00Z",37.20825958251953,-123.30140686035156,"2026-07-13T06:00:00Z","rtofs:Y376,X433",2697.3388647485094,0,-0.25999999046325684,-0.019999999552965164,-0.06948968768119812,-0.13525313138961792,0.2607680866651674
"san-francisco","shelf","2026-07-13T06:00:00Z",37.20825958251953,-123.23894500732422,"2026-07-13T06:00:00Z","rtofs:Y376,X434",3951.5653296348237,0,-0.23000000417232513,-0.05000000074505806,-0.08841109275817871,-0.060945577919483185,0.23537205015416635
"san-francisco","shelf","2026-07-13T06:00:00Z",37.20825958251953,-123.17647552490234,"2026-07-13T06:00:00Z","rtofs:Y376,X434",2830.81900609734,0,-0.23000000417232513,0.03999999910593033,-0.08841109275817871,-0.060945577919483185,0.23345235455600785
"san-francisco","shelf","2026-07-13T06:00:00Z",37.20825958251953,-123.114013671875,"2026-07-13T06:00:00Z","rtofs:Y376,X435",1993.178374601432,0,-0.1899999976158142,0.07999999821186066,-0.09954191744327545,0.038806065917015076,0.20615527838963307
"san-francisco","shelf","2026-07-13T06:00:00Z",37.20825958251953,-123.05155181884766,"2026-07-13T06:00:00Z","rtofs:Y376,X436",2175.2051737596553,0,-0.18000000715255737,0.12999999523162842,-0.09868041425943375,0.07557006180286407,0.22203603611833853
"san-francisco","shelf","2026-07-13T06:00:00Z",37.20825958251953,-122.98908233642578,"2026-07-13T06:00:00Z","rtofs:Y376,X437",3215.8933869443604,0,-0.20999999344348907,0.1599999964237213,-0.0676320418715477,0.043590106070041656,0.2640075682662455
"san-francisco","shelf","2026-07-13T06:00:00Z",37.20825958251953,-122.92662048339844,"2026-07-13T06:00:00Z","rtofs:Y376,X437",3522.5492840946768,0,-0.23999999463558197,0.15000000596046448,-0.0676320418715477,0.043590106070041656,0.2830194325717207
"san-francisco","shelf","2026-07-13T06:00:00Z",37.20825958251953,-122.86415100097656,"2026-07-13T06:00:00Z","rtofs:Y376,X438",2379.7193428623336,0,-0.25999999046325684,0.12999999523162842,-0.018923716619610786,0.00586593896150589,0.29068882641256966
"san-francisco","shelf","2026-07-13T06:00:00Z",37.20825958251953,-122.80168914794922,"2026-07-13T06:00:00Z","rtofs:Y376,X439",1926.9973999436404,0,-0.2800000011920929,0.10999999940395355,0.046497222036123276,-0.07174499332904816,0.3008321800214229
"san-francisco","shelf","2026-07-13T06:00:00Z",37.20825958251953,-122.73921966552734,"2026-07-13T06:00:00Z","rtofs:Y376,X440",2568.569832417033,0,-0.25,0.029999999329447746,0.0653790682554245,-0.12739503383636475,0.25179356616039034
"san-francisco","shelf","2026-07-13T06:00:00Z",37.20825958251953,-122.6767578125,"2026-07-13T06:00:00Z","rtofs:Y376,X441",3778.6598218127283,0,-0.25999999046325684,-0.009999999776482582,0.027099236845970154,-0.15346193313598633,0.2601922270868661
"san-francisco","shelf","2026-07-13T06:00:00Z",37.20825958251953,-122.61428833007812,"2026-07-13T06:00:00Z","rtofs:Y376,X441",2980.242826585728,0,-0.23999999463558197,-0.07999999821186066,0.027099236845970154,-0.15346193313598633,0.25298220715887726
"san-francisco","nearshore","2026-07-13T06:00:00Z",37.20825958251953,-122.55182647705078,"2026-07-13T06:00:00Z","rtofs:Y376,X442",2055.1397686807168,0,-0.23000000417232513,-0.10000000149011612,-0.00494953989982605,-0.11213161796331406,0.2507987285001517
"san-francisco","nearshore","2026-07-13T06:00:00Z",37.20825958251953,-122.4893569946289,"2026-07-13T06:00:00Z","rtofs:Y376,X443",2093.229733801782,0,-0.23000000417232513,-0.11999999731779099,-0.012929746881127357,-0.039317406713962555,0.2594224378798785
"san-francisco","shelf","2026-07-13T06:00:00Z",37.26219940185547,-123.30140686035156,"2026-07-13T06:00:00Z","rtofs:Y377,X433",3549.5582117697086,0,-0.3199999928474426,0.07999999821186066,-0.05446985363960266,-0.1397380828857422,0.3298484426767255
"san-francisco","shelf","2026-07-13T06:00:00Z",37.26219940185547,-123.23894500732422,"2026-07-13T06:00:00Z","rtofs:Y377,X434",4574.449690638424,0,-0.2800000011920929,0.07000000029802322,-0.07563064992427826,-0.07029594480991364,0.2886173950220175
"san-francisco","shelf","2026-07-13T06:00:00Z",37.26219940185547,-123.17647552490234,"2026-07-13T06:00:00Z","rtofs:Y377,X434",3651.86418561007,0,-0.27000001072883606,0.07000000029802322,-0.07563064992427826,-0.07029594480991364,0.27892652407989965
"san-francisco","shelf","2026-07-13T06:00:00Z",37.26219940185547,-123.114013671875,"2026-07-13T06:00:00Z","rtofs:Y377,X435",3049.8585960121286,0,-0.25999999046325684,0.10999999940395355,-0.09715510904788971,0.023029958829283714,0.28231187525459045
"san-francisco","shelf","2026-07-13T06:00:00Z",37.26219940185547,-123.05155181884766,"2026-07-13T06:00:00Z","rtofs:Y377,X436",3171.6260308266874,0,-0.25,0.15000000596046448,-0.08145545423030853,0.07322459667921066,0.2915475978088987
"san-francisco","shelf","2026-07-13T06:00:00Z",37.26219940185547,-122.98908233642578,"2026-07-13T06:00:00Z","rtofs:Y377,X437",3957.387375638329,0,-0.2800000011920929,0.15000000596046448,-0.008144715800881386,0.06902585923671722,0.31764760735083686
"san-francisco","shelf","2026-07-13T06:00:00Z",37.26219940185547,-122.92662048339844,"2026-07-13T06:00:00Z","rtofs:Y377,X437",4209.997087255292,0,-0.30000001192092896,0.15000000596046448,-0.008144715800881386,0.06902585923671722,0.3354102099529722
"san-francisco","shelf","2026-07-13T06:00:00Z",37.26219940185547,-122.86415100097656,"2026-07-13T06:00:00Z","rtofs:Y377,X438",3315.012145441805,0,-0.3100000023841858,0.11999999731779099,0.05541028827428818,0.02901572361588478,0.3324154040270472
"san-francisco","shelf","2026-07-13T06:00:00Z",37.26219940185547,-122.80168914794922,"2026-07-13T06:00:00Z","rtofs:Y377,X439",3007.091785003914,0,-0.28999999165534973,0.05999999865889549,0.0621565580368042,-0.07292690873146057,0.29614184945591593
"san-francisco","shelf","2026-07-13T06:00:00Z",37.26219940185547,-122.73921966552734,"2026-07-13T06:00:00Z","rtofs:Y377,X440",3452.8734431591915,0,-0.3100000023841858,0.05000000074505806,0.05680753290653229,-0.1323876529932022,0.31400637183455526
"san-francisco","shelf","2026-07-13T06:00:00Z",37.26219940185547,-122.6767578125,"2026-07-13T06:00:00Z","rtofs:Y377,X441",4426.180736017494,0,-0.2800000011920929,-0.009999999776482582,0.04401415213942528,-0.1374005824327469,0.28017851570579366
"san-francisco","shelf","2026-07-13T06:00:00Z",37.26219940185547,-122.61428833007812,"2026-07-13T06:00:00Z","rtofs:Y377,X441",3768.6959215348293,0,-0.2800000011920929,-0.05999999865889549,0.04401415213942528,-0.1374005824327469,0.286356422150158
"san-francisco","nearshore","2026-07-13T06:00:00Z",37.26219940185547,-122.55182647705078,"2026-07-13T06:00:00Z","rtofs:Y377,X442",3090.644868707531,0,-0.30000001192092896,-0.09000000357627869,0.00013257190585136414,-0.10211072862148285,0.3132092077131317
"san-francisco","nearshore","2026-07-13T06:00:00Z",37.26219940185547,-122.4893569946289,"2026-07-13T06:00:00Z","rtofs:Y377,X443",3116.0633070806184,0,-0.3700000047683716,-0.11999999731779099,-0.015462536364793777,-0.039987750351428986,0.38897301048384425
"san-francisco","shelf","2026-07-13T06:00:00Z",37.316139221191406,-123.30140686035156,"2026-07-13T06:00:00Z","rtofs:Y377,X433",3541.303213600224,0,-0.3400000035762787,0.12999999523162842,-0.05446985363960266,-0.1397380828857422,0.36400549610149147
"san-francisco","shelf","2026-07-13T06:00:00Z",37.316139221191406,-123.23894500732422,"2026-07-13T06:00:00Z","rtofs:Y377,X434",4567.394009258163,0,-0.3100000023841858,0.09000000357627869,-0.07563064992427826,-0.07029594480991364,0.32280025111812627
"san-francisco","shelf","2026-07-13T06:00:00Z",37.316139221191406,-123.17647552490234,"2026-07-13T06:00:00Z","rtofs:Y377,X434",3643.768516281747,0,-0.25999999046325684,0.07999999821186066,-0.07563064992427826,-0.07029594480991364,0.27202940053382346
"san-francisco","shelf","2026-07-13T06:00:00Z",37.316139221191406,-123.114013671875,"2026-07-13T06:00:00Z","rtofs:Y377,X435",3040.635736573913,0,-0.23000000417232513,0.07000000029802322,-0.09715510904788971,0.023029958829283714,0.24041630968175354
"san-francisco","shelf","2026-07-13T06:00:00Z",37.316139221191406,-123.05155181884766,"2026-07-13T06:00:00Z","rtofs:Y377,X436",3162.672445891274,0,-0.25,0.09000000357627869,-0.08145545423030853,0.07322459667921066,0.2657066063230837
"san-francisco","shelf","2026-07-13T06:00:00Z",37.316139221191406,-122.98908233642578,"2026-07-13T06:00:00Z","rtofs:Y377,X437",3949.7070485674344,0,-0.27000001072883606,0.10000000149011612,-0.008144715800881386,0.06902585923671722,0.28792361155625085
"san-francisco","shelf","2026-07-13T06:00:00Z",37.316139221191406,-122.92662048339844,"2026-07-13T06:00:00Z","rtofs:Y377,X437",4202.6025108883705,0,-0.2800000011920929,0.07999999821186066,-0.008144715800881386,0.06902585923671722,0.291204396226207
"san-francisco","shelf","2026-07-13T06:00:00Z",37.316139221191406,-122.86415100097656,"2026-07-13T06:00:00Z","rtofs:Y377,X438",3306.3460654711607,0,-0.2800000011920929,0.07000000029802322,0.05541028827428818,0.02901572361588478,0.2886173950220175
"san-francisco","shelf","2026-07-13T06:00:00Z",37.316139221191406,-122.80168914794922,"2026-07-13T06:00:00Z","rtofs:Y377,X439",2997.7683141958137,0,-0.27000001072883606,0.03999999910593033,0.0621565580368042,-0.07292690873146057,0.2729468917611007
"san-francisco","shelf","2026-07-13T06:00:00Z",37.316139221191406,-122.73921966552734,"2026-07-13T06:00:00Z","rtofs:Y377,X440",3444.457163408318,0,-0.25999999046325684,0.009999999776482582,0.05680753290653229,-0.1323876529932022,0.2601922270868661
"san-francisco","shelf","2026-07-13T06:00:00Z",37.316139221191406,-122.6767578125,"2026-07-13T06:00:00Z","rtofs:Y377,X441",4418.996530288414,0,-0.25,-0.019999999552965164,0.04401415213942528,-0.1374005824327469,0.25079872404404013
"san-francisco","shelf","2026-07-13T06:00:00Z",37.316139221191406,-122.61428833007812,"2026-07-13T06:00:00Z","rtofs:Y377,X441",3760.7691533835523,0,-0.2800000011920929,-0.03999999910593033,0.04401415213942528,-0.1374005824327469,0.2828427135282902
"san-francisco","nearshore","2026-07-13T06:00:00Z",37.316139221191406,-122.55182647705078,"2026-07-13T06:00:00Z","rtofs:Y377,X442",3081.514960317883,0,-0.3199999928474426,-0.05999999865889549,0.00013257190585136414,-0.10211072862148285,0.3255764046447942
"san-francisco","nearshore","2026-07-13T06:00:00Z",37.316139221191406,-122.4893569946289,"2026-07-13T06:00:00Z","rtofs:Y377,X443",3106.9898969417986,0,-0.4699999988079071,-0.10000000149011612,-0.015462536364793777,-0.039987750351428986,0.48052055021346995
"san-francisco","shelf","2026-07-13T06:00:00Z",37.370079040527344,-123.30140686035156,"2026-07-13T06:00:00Z","rtofs:Y378,X433",2692.0693971116543,0,-0.3199999928474426,0.15000000596046448,-0.06704507023096085,-0.12386274337768555,0.353411936994922
"san-francisco","shelf","2026-07-13T06:00:00Z",37.370079040527344,-123.23894500732422,"2026-07-13T06:00:00Z","rtofs:Y378,X434",3943.9177647887777,0,-0.30000001192092896,0.10000000149011612,-0.08676368743181229,-0.0669197142124176,0.31622777779724026
"san-francisco","shelf","2026-07-13T06:00:00Z",37.370079040527344,-123.17647552490234,"2026-07-13T06:00:00Z","rtofs:Y378,X434",2825.297684273148,0,-0.25,0.07000000029802322,-0.08676368743181229,-0.0669197142124176,0.2596150997952994
"san-francisco","shelf","2026-07-13T06:00:00Z",37.370079040527344,-123.114013671875,"2026-07-13T06:00:00Z","rtofs:Y378,X435",1989.2278981619274,0,-0.2199999988079071,0.05000000074505806,-0.10142858326435089,-0.0013794563710689545,0.2256102824562412
"san-francisco","shelf","2026-07-13T06:00:00Z",37.370079040527344,-123.05155181884766,"2026-07-13T06:00:00Z","rtofs:Y378,X436",2170.9157570184816,0,-0.2199999988079071,0.03999999910593033,-0.05897367000579834,0.08130817860364914,0.2236067964171786
"san-francisco","shelf","2026-07-13T06:00:00Z",37.370079040527344,-122.98908233642578,"2026-07-13T06:00:00Z","rtofs:Y378,X437",3209.6434732003695,0,-0.25,0.05000000074505806,0.027389947324991226,0.09281764924526215,0.25495097582575715
"san-francisco","shelf","2026-07-13T06:00:00Z",37.370079040527344,-122.92662048339844,"2026-07-13T06:00:00Z","rtofs:Y378,X437",3515.717507424222,0,-0.23999999463558197,0.03999999910593033,0.027389947324991226,0.09281764924526215,0.24331049577351527
"san-francisco","shelf","2026-07-13T06:00:00Z",37.370079040527344,-122.86415100097656,"2026-07-13T06:00:00Z","rtofs:Y378,X438",2375.0472078021103,0,-0.2199999988079071,0.009999999776482582,0.035128600895404816,0.0030166059732437134,0.22022715425443967
"san-francisco","shelf","2026-07-13T06:00:00Z",37.370079040527344,-122.80168914794922,"2026-07-13T06:00:00Z","rtofs:Y378,X439",1923.1696657615282,0,-0.20999999344348907,0.019999999552965164,0.021542949602007866,-0.10415036976337433,0.21095022452792997
"san-francisco","shelf","2026-07-13T06:00:00Z",37.370079040527344,-122.73921966552734,"2026-07-13T06:00:00Z","rtofs:Y378,X440",2563.5429016773755,0,-0.20000000298023224,-0.019999999552965164,0.031720954924821854,-0.11663030087947845,0.2009975153433781
"san-francisco","shelf","2026-07-13T06:00:00Z",37.370079040527344,-122.6767578125,"2026-07-13T06:00:00Z","rtofs:Y378,X441",3771.3412518847576,0,-0.25,-0.019999999552965164,0.001176636666059494,-0.12544351816177368,0.25079872404404013
"san-francisco","shelf","2026-07-13T06:00:00Z",37.370079040527344,-122.61428833007812,"2026-07-13T06:00:00Z","rtofs:Y378,X441",2974.4391055714977,0,-0.25,-0.05999999865889549,0.001176636666059494,-0.12544351816177368,0.2570992023306713
"san-francisco","shelf","2026-07-13T06:00:00Z",37.370079040527344,-122.55182647705078,"2026-07-13T06:00:00Z","rtofs:Y378,X442",2051.0741256172328,0,-0.2800000011920929,-0.07000000029802322,-0.034975290298461914,-0.10228032618761063,0.2886173950220175
"san-francisco","nearshore","2026-07-13T06:00:00Z",37.370079040527344,-122.4893569946289,"2026-07-13T06:00:00Z","rtofs:Y378,X443",2089.093182997537,0,-0.36000001430511475,-0.07000000029802322,-0.024651970714330673,-0.04929845780134201,0.3667424305168493
"san-francisco","shelf","2026-07-13T06:00:00Z",37.42401885986328,-123.30140686035156,"2026-07-13T06:00:00Z","rtofs:Y379,X433",2069.3822961263845,0,-0.28999999165534973,0.09000000357627869,-0.07790670543909073,-0.10343385487794876,0.3036445221041096
"san-francisco","shelf","2026-07-13T06:00:00Z",37.42401885986328,-123.23894500732422,"2026-07-13T06:00:00Z","rtofs:Y379,X434",3546.347674871507,0,-0.25,0.07999999821186066,-0.11170852184295654,-0.04401399940252304,0.2624880944231523
"san-francisco","shelf","2026-07-13T06:00:00Z",37.42401885986328,-123.17647552490234,"2026-07-13T06:00:00Z","rtofs:Y379,X434",2239.7011353156977,0,-0.2199999988079071,0.05999999865889549,-0.11170852184295654,-0.04401399940252304,0.22803508351687155
"san-francisco","shelf","2026-07-13T06:00:00Z",37.42401885986328,-123.114013671875,"2026-07-13T06:00:00Z","rtofs:Y379,X435",998.6422087722104,0,-0.20000000298023224,0.05999999865889549,-0.10112298280000687,-0.003994159400463104,0.20880613264739226
"san-francisco","shelf","2026-07-13T06:00:00Z",37.42401885986328,-123.05155181884766,"2026-07-13T06:00:00Z","rtofs:Y379,X436",1323.6124936385681,0,-0.20000000298023224,0.05000000074505806,-0.04021793231368065,0.0778748095035553,0.20615528435283612
"san-francisco","shelf","2026-07-13T06:00:00Z",37.42401885986328,-122.98908233642578,"2026-07-13T06:00:00Z","rtofs:Y379,X437",2707.7910830927813,0,-0.20999999344348907,0.009999999776482582,-0.009438492357730865,0.0819406658411026,0.2102379538565649
"san-francisco","shelf","2026-07-13T06:00:00Z",37.42401885986328,-122.92662048339844,"2026-07-13T06:00:00Z","rtofs:Y379,X437",3063.881023278817,0,-0.20999999344348907,0.009999999776482582,-0.009438492357730865,0.0819406658411026,0.2102379538565649
"san-francisco","shelf","2026-07-13T06:00:00Z",37.42401885986328,-122.86415100097656,"2026-07-13T06:00:00Z","rtofs:Y379,X438",1636.603385122116,0,-0.1899999976158142,0,-0.019032534211874008,-0.03616306185722351,0.1899999976158142
"san-francisco","shelf","2026-07-13T06:00:00Z",37.42401885986328,-122.80168914794922,"2026-07-13T06:00:00Z","rtofs:Y379,X439",859.7935660082884,0,-0.17000000178813934,-0.009999999776482582,0.006622035056352615,-0.09060903638601303,0.1702938654311923
"san-francisco","shelf","2026-07-13T06:00:00Z",37.42401885986328,-122.73921966552734,"2026-07-13T06:00:00Z","rtofs:Y379,X440",1899.4513981468997,0,-0.18000000715255737,-0.07999999821186066,0.015502439811825752,-0.1121402457356453,0.1969771618457795
"san-francisco","shelf","2026-07-13T06:00:00Z",37.42401885986328,-122.6767578125,"2026-07-13T06:00:00Z","rtofs:Y379,X441",3353.683751977269,0,-0.20999999344348907,-0.11999999731779099,-0.030572840943932533,-0.1279539167881012,0.24186772542556248
"san-francisco","shelf","2026-07-13T06:00:00Z",37.42401885986328,-122.61428833007812,"2026-07-13T06:00:00Z","rtofs:Y379,X441",2424.847916034525,0,-0.1899999976158142,-0.14000000059604645,-0.030572840943932533,-0.1279539167881012,0.23600847285829044
"san-francisco","shelf","2026-07-13T06:00:00Z",37.42401885986328,-122.55182647705078,"2026-07-13T06:00:00Z","rtofs:Y379,X442",1116.5896009249282,0,-0.23000000417232513,-0.10999999940395355,-0.05295044556260109,-0.10326457023620605,0.25495097918646903
"san-francisco","shelf","2026-07-13T06:00:00Z",37.42401885986328,-122.4893569946289,"2026-07-13T06:00:00Z","rtofs:Y379,X443",1184.8759701464396,0,-0.2199999988079071,-0.11999999731779099,-0.02533966675400734,-0.06346507370471954,0.2505992793919188
"san-francisco","shelf","2026-07-13T06:00:00Z",37.47795867919922,-123.30140686035156,"2026-07-13T06:00:00Z","rtofs:Y380,X433",1898.8566766831168,0,-0.23999999463558197,0.10000000149011612,-0.07740743458271027,-0.08685889095067978,0.2599999956213511
"san-francisco","shelf","2026-07-13T06:00:00Z",37.47795867919922,-123.23894500732422,"2026-07-13T06:00:00Z","rtofs:Y380,X434",3447.735869535009,0,-0.2199999988079071,0.10000000149011612,-0.12165841460227966,-0.01512153074145317,0.24166091900326447
"san-francisco","shelf","2026-07-13T06:00:00Z",37.47795867919922,-123.17647552490234,"2026-07-13T06:00:00Z","rtofs:Y380,X434",2082.88821726798,0,-0.18000000715255737,0.03999999910593033,-0.12165841460227966,-0.01512153074145317,0.18439089593414076
"san-francisco","shelf","2026-07-13T06:00:00Z",37.47795867919922,-123.114013671875,"2026-07-13T06:00:00Z","rtofs:Y380,X435",570.7484242899152,0,-0.18000000715255737,0,-0.10262912511825562,0.029272884130477905,0.18000000715255737
"san-francisco","shelf","2026-07-13T06:00:00Z",37.47795867919922,-123.05155181884766,"2026-07-13T06:00:00Z","rtofs:Y380,X436",1038.861659337301,0,-0.1899999976158142,0.019999999552965164,-0.04202255606651306,0.06747289001941681,0.19104972932754452
"san-francisco","shelf","2026-07-13T06:00:00Z",37.47795867919922,-122.98908233642578,"2026-07-13T06:00:00Z","rtofs:Y380,X437",2578.887616592688,0,-0.1899999976158142,-0.029999999329447746,-0.05087140202522278,0.029866378754377365,0.19235383815712198
"san-francisco","shelf","2026-07-13T06:00:00Z",37.47795867919922,-122.92662048339844,"2026-07-13T06:00:00Z","rtofs:Y380,X437",2950.029027931256,0,-0.1899999976158142,-0.029999999329447746,-0.05087140202522278,0.029866378754377365,0.19235383815712198
"san-francisco","shelf","2026-07-13T06:00:00Z",37.47795867919922,-122.86415100097656,"2026-07-13T06:00:00Z","rtofs:Y380,X438",1415.733216357324,0,-0.1599999964237213,-0.05999999865889549,-0.03780946880578995,-0.050701387226581573,0.1708800710868833
"san-francisco","shelf","2026-07-13T06:00:00Z",37.47795867919922,-122.80168914794922,"2026-07-13T06:00:00Z","rtofs:Y380,X439",260.99294761407634,0,-0.18000000715255737,-0.15000000596046448,0.027038633823394775,-0.07365536689758301,0.2343074995877428
"san-francisco","shelf","2026-07-13T06:00:00Z",37.47795867919922,-122.73921966552734,"2026-07-13T06:00:00Z","rtofs:Y380,X440",1712.3922773049505,0,-0.20000000298023224,-0.18000000715255737,0.005835570394992828,-0.10448691248893738,0.26907248794147204
"san-francisco","shelf","2026-07-13T06:00:00Z",37.47795867919922,-122.6767578125,"2026-07-13T06:00:00Z","rtofs:Y380,X441",3249.5509186881277,0,-0.18000000715255737,-0.1899999976158142,-0.045460738241672516,-0.12123776972293854,0.26172504975437505
"san-francisco","shelf","2026-07-13T06:00:00Z",37.47795867919922,-122.61428833007812,"2026-07-13T06:00:00Z","rtofs:Y380,X441",2280.503152039166,0,-0.1599999964237213,-0.20000000298023224,-0.045460738241672516,-0.12123776972293854,0.2561249695904008
"san-francisco","shelf","2026-07-13T06:00:00Z",37.47795867919922,-122.55182647705078,"2026-07-13T06:00:00Z","rtofs:Y380,X442",758.18759020796,0,-0.15000000596046448,-0.20999999344348907,-0.028213705867528915,-0.11122840642929077,0.2580697561404761
"san-francisco","shelf","2026-07-13T06:00:00Z",37.47795867919922,-122.4893569946289,"2026-07-13T06:00:00Z","rtofs:Y380,X443",855.4300579396885,0,-0.14000000059604645,-0.20999999344348907,-0.001470332033932209,-0.03438939154148102,0.2523885841577595
"san-francisco","shelf","2026-07-13T06:00:00Z",37.531898498535156,-123.30140686035156,"2026-07-13T06:00:00Z","rtofs:Y381,X433",2275.914815535772,0,-0.1899999976158142,0.09000000357627869,-0.09867949783802032,-0.052666980773210526,0.21023795979256357
"san-francisco","shelf","2026-07-13T06:00:00Z",37.531898498535156,-123.23894500732422,"2026-07-13T06:00:00Z","rtofs:Y381,X434",3667.151546790584,0,-0.18000000715255737,0.05000000074505806,-0.14161400496959686,0.008467063307762146,0.1868154240137214
"san-francisco","shelf","2026-07-13T06:00:00Z",37.531898498535156,-123.17647552490234,"2026-07-13T06:00:00Z","rtofs:Y381,X434",2431.3377739843077,0,-0.1599999964237213,0.009999999776482582,-0.14161400496959686,0.008467063307762146,0.1603121918355572
"san-francisco","shelf","2026-07-13T06:00:00Z",37.531898498535156,-123.114013671875,"2026-07-13T06:00:00Z","rtofs:Y381,X435",1380.2317245792888,0,-0.15000000596046448,-0.019999999552965164,-0.1374041587114334,0.0469222292304039,0.15132746535331246
"san-francisco","shelf","2026-07-13T06:00:00Z",37.531898498535156,-123.05155181884766,"2026-07-13T06:00:00Z","rtofs:Y381,X436",1630.1335293141456,0,-0.1599999964237213,-0.029999999329447746,-0.09981565177440643,0.034970227628946304,0.1627882023223971
"san-francisco","shelf","2026-07-13T06:00:00Z",37.531898498535156,-122.98908233642578,"2026-07-13T06:00:00Z","rtofs:Y381,X437",2867.055591303737,0,-0.17000000178813934,-0.019999999552965164,-0.06892220675945282,-0.00970553234219551,0.17117242940989646
"san-francisco","shelf","2026-07-13T06:00:00Z",37.531898498535156,-122.92662048339844,"2026-07-13T06:00:00Z","rtofs:Y381,X437",3204.4957498528547,0,-0.1599999964237213,-0.05999999865889549,-0.06892220675945282,-0.00970553234219551,0.1708800710868833
"san-francisco","shelf","2026-07-13T06:00:00Z",37.531898498535156,-122.86415100097656,"2026-07-13T06:00:00Z","rtofs:Y381,X438",1892.339450979034,0,-0.17000000178813934,-0.14000000059604645,-0.008844738826155663,-0.0648571103811264,0.2202271572146823
"san-francisco","shelf","2026-07-13T06:00:00Z",37.531898498535156,-122.80168914794922,"2026-07-13T06:00:00Z","rtofs:Y381,X439",1283.6697539745235,0,-0.18000000715255737,-0.18000000715255737,0.029794640839099884,-0.07614647597074509,0.2545584513424008
"san-francisco","shelf","2026-07-13T06:00:00Z",37.531898498535156,-122.73921966552734,"2026-07-13T06:00:00Z","rtofs:Y381,X440",2123.0819726350883,0,-0.1599999964237213,-0.1899999976158142,-0.002467384561896324,-0.09903332591056824,0.24839484284018506
"san-francisco","shelf","2026-07-13T06:00:00Z",37.531898498535156,-122.6767578125,"2026-07-13T06:00:00Z","rtofs:Y381,X441",3481.77897538278,0,-0.1599999964237213,-0.1899999976158142,-0.04121040925383568,-0.10055273771286011,0.24839484284018506
"san-francisco","shelf","2026-07-13T06:00:00Z",37.531898498535156,-122.61428833007812,"2026-07-13T06:00:00Z","rtofs:Y381,X441",2602.3680822401293,0,-0.12999999523162842,-0.20000000298023224,-0.04121040925383568,-0.10055273771286011,0.23853720873758105
"san-francisco","shelf","2026-07-13T06:00:00Z",37.531898498535156,-122.55182647705078,"2026-07-13T06:00:00Z","rtofs:Y381,X442",1467.5635679533493,0,-0.11999999731779099,-0.20000000298023224,-0.024479225277900696,-0.10834187269210815,0.23323807696935495
"san-francisco","shelf","2026-07-13T06:00:00Z",37.585838317871094,-123.30140686035156,"2026-07-13T06:00:00Z","rtofs:Y382,X433",2994.379765150519,0,-0.12999999523162842,0.07000000029802322,-0.12869657576084137,-0.013273295015096664,0.1476482265452134
"san-francisco","shelf","2026-07-13T06:00:00Z",37.585838317871094,-123.23894500732422,"2026-07-13T06:00:00Z","rtofs:Y382,X434",4149.880405623035,0,-0.12999999523162842,0.05999999865889549,-0.15574684739112854,0.00868530198931694,0.143178205741275
"san-francisco","shelf","2026-07-13T06:00:00Z",37.585838317871094,-123.17647552490234,"2026-07-13T06:00:00Z","rtofs:Y382,X434",3113.964300393967,0,-0.11999999731779099,0.019999999552965164,-0.15574684739112854,0.00868530198931694,0.12165524788675763
"san-francisco","shelf","2026-07-13T06:00:00Z",37.585838317871094,-123.114013671875,"2026-07-13T06:00:00Z","rtofs:Y382,X435",2386.7794902293504,0,-0.14000000059604645,0.009999999776482582,-0.13995951414108276,0.04131297767162323,0.14035668905478876
"san-francisco","shelf","2026-07-13T06:00:00Z",37.585838317871094,-123.05155181884766,"2026-07-13T06:00:00Z","rtofs:Y382,X436",2539.2573430123994,0,-0.14000000059604645,-0.05000000074505806,-0.07681049406528473,0.0007214508950710297,0.1486606882850971
"san-francisco","shelf","2026-07-13T06:00:00Z",37.585838317871094,-122.98908233642578,"2026-07-13T06:00:00Z","rtofs:Y382,X437",3464.353341650103,0,-0.12999999523162842,-0.05999999865889549,-0.04329315945506096,-0.04018240049481392,0.143178205741275
"san-francisco","shelf","2026-07-13T06:00:00Z",37.585838317871094,-122.92662048339844,"2026-07-13T06:00:00Z","rtofs:Y382,X437",3747.9733622692625,0,-0.12999999523162842,-0.10000000149011612,-0.04329315945506096,-0.04018240049481392,0.16401219179758142
"san-francisco","shelf","2026-07-13T06:00:00Z",37.585838317871094,-122.86415100097656,"2026-07-13T06:00:00Z","rtofs:Y382,X438",2714.772046805737,0,-0.15000000596046448,-0.1599999964237213,-0.0006601307541131973,-0.06555885821580887,0.21931712346219162
"san-francisco","shelf","2026-07-13T06:00:00Z",37.585838317871094,-122.80168914794922,"2026-07-13T06:00:00Z","rtofs:Y382,X439",2332.35710551823,0,-0.11999999731779099,-0.20000000298023224,0.02960481494665146,-0.06907761842012405,0.23323807696935495
"san-francisco","shelf","2026-07-13T06:00:00Z",37.585838317871094,-122.73921966552734,"2026-07-13T06:00:00Z","rtofs:Y382,X440",2880.1141088222876,0,-0.10999999940395355,-0.20000000298023224,-0.0022658463567495346,-0.0865010917186737,0.2282542465343475
"san-francisco","shelf","2026-07-13T06:00:00Z",37.585838317871094,-122.6767578125,"2026-07-13T06:00:00Z","rtofs:Y382,X441",3987.27698724519,0,-0.10999999940395355,-0.20000000298023224,-0.03357246518135071,-0.08409266173839569,0.2282542465343475
"san-francisco","shelf","2026-07-13T06:00:00Z",37.585838317871094,-122.61428833007812,"2026-07-13T06:00:00Z","rtofs:Y382,X441",3249.0513627284954,0,-0.09000000357627869,-0.1899999976158142,-0.03357246518135071,-0.08409266173839569,0.21023795979256357
"san-francisco","shelf","2026-07-13T06:00:00Z",37.585838317871094,-122.55182647705078,"2026-07-13T06:00:00Z","rtofs:Y382,X442",2438.24282281347,0,-0.05000000074505806,-0.18000000715255737,-0.02373683638870716,-0.09486646205186844,0.1868154240137214
"san-francisco","shelf","2026-07-13T06:00:00Z",37.63977813720703,-123.30140686035156,"2026-07-13T06:00:00Z","rtofs:Y383,X433",3863.641472283614,0,-0.09000000357627869,0.07999999821186066,-0.14429272711277008,-0.00043552741408348083,0.12041594727289191
"san-francisco","shelf","2026-07-13T06:00:00Z",37.63977813720703,-123.23894500732422,"2026-07-13T06:00:00Z","rtofs:Y383,X434",4813.5128949594955,0,-0.09000000357627869,0.05999999865889549,-0.11153411865234375,0.002553071826696396,0.10816654049565252
"san-francisco","shelf","2026-07-13T06:00:00Z",37.63977813720703,-123.17647552490234,"2026-07-13T06:00:00Z","rtofs:Y383,X434",3956.897416775208,0,-0.09000000357627869,0.05999999865889549,-0.11153411865234375,0.002553071826696396,0.10816654049565252
"san-francisco","shelf","2026-07-13T06:00:00Z",37.63977813720703,-123.114013671875,"2026-07-13T06:00:00Z","rtofs:Y383,X435",3415.15546627357,0,-0.10000000149011612,0.019999999552965164,-0.08578348159790039,-0.014284927397966385,0.10198039164536404
"san-francisco","shelf","2026-07-13T06:00:00Z",37.63977813720703,-123.05155181884766,"2026-07-13T06:00:00Z","rtofs:Y383,X436",3523.2391454194403,0,-0.09000000357627869,-0.019999999552965164,-0.05488941818475723,-0.030620437115430832,0.09219544796707038
"san-francisco","shelf","2026-07-13T06:00:00Z",37.63977813720703,-122.98908233642578,"2026-07-13T06:00:00Z","rtofs:Y383,X437",4237.732088788911,0,-0.07000000029802322,-0.07000000029802322,0.010587828233838081,-0.06660589575767517,0.09899494978758515
"san-francisco","shelf","2026-07-13T06:00:00Z",37.63977813720703,-122.92662048339844,"2026-07-13T06:00:00Z","rtofs:Y383,X437",4472.215133810117,0,-0.07999999821186066,-0.10999999940395355,0.010587828233838081,-0.06660589575767517,0.1360147035535772
"san-francisco","shelf","2026-07-13T06:00:00Z",37.63977813720703,-122.86415100097656,"2026-07-13T06:00:00Z","rtofs:Y383,X438",3651.563978492139,0,-0.07999999821186066,-0.12999999523162842,0.035480938851833344,-0.06294215470552444,0.15264337022655494
"san-francisco","shelf","2026-07-13T06:00:00Z",37.63977813720703,-122.80168914794922,"2026-07-13T06:00:00Z","rtofs:Y383,X439",3377.4050894872316,0,-0.05000000074505806,-0.1899999976158142,0.021887341514229774,-0.05601402744650841,0.19646882492781192
"san-francisco","shelf","2026-07-13T06:00:00Z",37.63977813720703,-122.73921966552734,"2026-07-13T06:00:00Z","rtofs:Y383,X440",3775.91457988982,0,-0.07000000029802322,-0.20000000298023224,0.002140564378350973,-0.06978494673967361,0.21189620391554012
"san-francisco","shelf","2026-07-13T06:00:00Z",37.63977813720703,-122.6767578125,"2026-07-13T06:00:00Z","rtofs:Y383,X441",4674.27673589633,0,-0.05000000074505806,-0.20000000298023224,-0.01883566379547119,-0.06828169524669647,0.20615528435283612
"san-francisco","shelf","2026-07-13T06:00:00Z",37.63977813720703,-122.61428833007812,"2026-07-13T06:00:00Z","rtofs:Y383,X441",4063.895048143846,0,-0.009999999776482582,-0.18000000715255737,-0.01883566379547119,-0.06828169524669647,0.1802775709023459
"san-francisco","shelf","2026-07-13T06:00:00Z",37.63977813720703,-122.55182647705078,"2026-07-13T06:00:00Z","rtofs:Y383,X442",3451.2616628746837,0,0.009999999776482582,-0.17000000178813934,-0.01660780794918537,-0.08423755317926407,0.1702938654311923
"san-francisco","shelf","2026-07-13T06:00:00Z",37.693721771240234,-123.30140686035156,"2026-07-13T06:00:00Z","rtofs:Y383,X433",3228.6612249289865,0,-0.07000000029802322,0.019999999552965164,-0.14429272711277008,-0.00043552741408348083,0.07280109905655174
"san-francisco","shelf","2026-07-13T06:00:00Z",37.693721771240234,-123.23894500732422,"2026-07-13T06:00:00Z","rtofs:Y383,X434",4319.773825155076,0,-0.07000000029802322,0.05000000074505806,-0.11153411865234375,0.002553071826696396,0.08602325334599394
"san-francisco","shelf","2026-07-13T06:00:00Z",37.693721771240234,-123.17647552490234,"2026-07-13T06:00:00Z","rtofs:Y383,X434",3339.616020353909,0,-0.07000000029802322,0.019999999552965164,-0.11153411865234375,0.002553071826696396,0.07280109905655174
"san-francisco","shelf","2026-07-13T06:00:00Z",37.693721771240234,-123.114013671875,"2026-07-13T06:00:00Z","rtofs:Y383,X435",2676.2261713685116,0,-0.05000000074505806,-0.019999999552965164,-0.08578348159790039,-0.014284927397966385,0.05385164859708952
"san-francisco","shelf","2026-07-13T06:00:00Z",37.693721771240234,-123.05155181884766,"2026-07-13T06:00:00Z","rtofs:Y383,X436",2812.7511224121677,0,-0.03999999910593033,-0.05999999865889549,-0.05488941818475723,-0.030620437115430832,0.07211102389747276
"san-francisco","shelf","2026-07-13T06:00:00Z",37.693721771240234,-122.98908233642578,"2026-07-13T06:00:00Z","rtofs:Y383,X437",3667.79214430652,0,-0.029999999329447746,-0.07999999821186066,0.010587828233838081,-0.06660589575767517,0.08544003554344165
"san-francisco","shelf","2026-07-13T06:00:00Z",37.693721771240234,-122.92662048339844,"2026-07-13T06:00:00Z","rtofs:Y383,X437",3936.184738953116,0,-0.009999999776482582,-0.10999999940395355,0.010587828233838081,-0.06660589575767517,0.11045360955803768
"san-francisco","shelf","2026-07-13T06:00:00Z",37.693721771240234,-122.86415100097656,"2026-07-13T06:00:00Z","rtofs:Y383,X438",2971.8017009902505,0,-0.03999999910593033,-0.09000000357627869,0.035480938851833344,-0.06294215470552444,0.09848858092288976
"san-francisco","shelf","2026-07-13T06:00:00Z",37.693721771240234,-122.80168914794922,"2026-07-13T06:00:00Z","rtofs:Y383,X439",2627.9176363726565,0,-0.03999999910593033,-0.12999999523162842,0.021887341514229774,-0.05601402744650841,0.13601470026691173
"san-francisco","shelf","2026-07-13T06:00:00Z",37.693721771240234,-122.73921966552734,"2026-07-13T06:00:00Z","rtofs:Y383,X440",3123.2268128353962,0,-0.05999999865889549,-0.1599999964237213,0.002140564378350973,-0.06978494673967361,0.1708800710868833
"san-francisco","shelf","2026-07-13T06:00:00Z",37.693721771240234,-122.6767578125,"2026-07-13T06:00:00Z","rtofs:Y383,X441",4164.1760673973395,0,-0.019999999552965164,-0.20000000298023224,-0.01883566379547119,-0.06828169524669647,0.2009975153433781
"san-francisco","shelf","2026-07-13T06:00:00Z",37.693721771240234,-122.61428833007812,"2026-07-13T06:00:00Z","rtofs:Y383,X441",3465.6337700629033,0,-0.009999999776482582,-0.15000000596046448,-0.01883566379547119,-0.06828169524669647,0.15033296971612395
"san-francisco","nearshore","2026-07-13T06:00:00Z",37.693721771240234,-122.55182647705078,"2026-07-13T06:00:00Z","rtofs:Y383,X442",2722.118035712245,0,0.029999999329447746,-0.15000000596046448,-0.01660780794918537,-0.08423755317926407,0.1529705911209937
"san-francisco","shelf","2026-07-13T06:00:00Z",37.74766159057617,-123.30140686035156,"2026-07-13T06:00:00Z","rtofs:Y384,X433",2457.8141188381865,0,-0.07000000029802322,-0.009999999776482582,-0.1213703528046608,-0.022535312920808792,0.07071067838207255
"san-francisco","shelf","2026-07-13T06:00:00Z",37.74766159057617,-123.23894500732422,"2026-07-13T06:00:00Z","rtofs:Y384,X434",3776.7741310397164,0,-0.07000000029802322,-0.019999999552965164,-0.08430254459381104,-0.024252675473690033,0.07280109905655174
"san-francisco","shelf","2026-07-13T06:00:00Z",37.74766159057617,-123.17647552490234,"2026-07-13T06:00:00Z","rtofs:Y384,X434",2601.630262414102,0,-0.03999999910593033,-0.029999999329447746,-0.08430254459381104,-0.024252675473690033,0.04999999888241291
"san-francisco","shelf","2026-07-13T06:00:00Z",37.74766159057617,-123.114013671875,"2026-07-13T06:00:00Z","rtofs:Y384,X435",1668.5143760166507,0,-0.029999999329447746,-0.05000000074505806,-0.04112984612584114,-0.088322214782238,0.058309519242338737
"san-francisco","shelf","2026-07-13T06:00:00Z",37.74766159057617,-123.05155181884766,"2026-07-13T06:00:00Z","rtofs:Y384,X436",1879.3982906692122,0,-0.009999999776482582,-0.07999999821186066,0.0008230376988649368,-0.09211583435535431,0.08062257568093045
"san-francisco","shelf","2026-07-13T06:00:00Z",37.74766159057617,-122.98908233642578,"2026-07-13T06:00:00Z","rtofs:Y384,X437",3010.7322531657214,0,0,-0.10000000149011612,0.042527683079242706,-0.07818572223186493,0.10000000149011612
"san-francisco","shelf","2026-07-13T06:00:00Z",37.74766159057617,-122.92662048339844,"2026-07-13T06:00:00Z","rtofs:Y384,X437",3331.986427306392,0,-0.019999999552965164,-0.09000000357627869,0.042527683079242706,-0.07818572223186493,0.09219544796707038
"san-francisco","shelf","2026-07-13T06:00:00Z",37.74766159057617,-122.86415100097656,"2026-07-13T06:00:00Z","rtofs:Y384,X438",2109.6729578980944,0,-0.05000000074505806,-0.05000000074505806,0.038038469851017,-0.0644531324505806,0.07071067917232597
"san-francisco","shelf","2026-07-13T06:00:00Z",37.74766159057617,-122.80168914794922,"2026-07-13T06:00:00Z","rtofs:Y384,X439",1590.0031038443842,0,-0.07000000029802322,-0.05000000074505806,-0.0037552560679614544,-0.040907762944698334,0.08602325334599394
"san-francisco","shelf","2026-07-13T06:00:00Z",37.74766159057617,-122.73921966552734,"2026-07-13T06:00:00Z","rtofs:Y384,X440",2317.8009737805273,0,-0.07000000029802322,-0.10000000149011612,-0.005440631415694952,-0.04797593504190445,0.12206555754899281
"san-francisco","shelf","2026-07-13T06:00:00Z",37.74766159057617,-122.6767578125,"2026-07-13T06:00:00Z","rtofs:Y384,X441",3598.058654515969,0,-0.03999999910593033,-0.1599999964237213,0.009161779657006264,-0.042347341775894165,0.16492422133836274
"san-francisco","nearshore","2026-07-13T06:00:00Z",37.74766159057617,-122.61428833007812,"2026-07-13T06:00:00Z","rtofs:Y384,X441",2761.287126932457,0,0.009999999776482582,-0.2199999988079071,0.009161779657006264,-0.042347341775894165,0.22022715425443967
"san-francisco","nearshore","2026-07-13T06:00:00Z",37.74766159057617,-122.55182647705078,"2026-07-13T06:00:00Z","rtofs:Y384,X442",1741.0596396013834,0,0.05000000074505806,-0.20999999344348907,0.006300817243754864,-0.05477715656161308,0.2158703252435852
"san-francisco","shelf","2026-07-13T06:00:00Z",37.80160140991211,-123.30140686035156,"2026-07-13T06:00:00Z","rtofs:Y385,X433",1956.9588943455603,0,-0.05999999865889549,-0.029999999329447746,-0.08426927030086517,-0.09604161977767944,0.06708203782559327
"san-francisco","shelf","2026-07-13T06:00:00Z",37.80160140991211,-123.23894500732422,"2026-07-13T06:00:00Z","rtofs:Y385,X434",3469.8472680688733,0,-0.05000000074505806,-0.029999999329447746,-0.06262761354446411,-0.10540807247161865,0.058309519242338737
"san-francisco","shelf","2026-07-13T06:00:00Z",37.80160140991211,-123.17647552490234,"2026-07-13T06:00:00Z","rtofs:Y385,X434",2134.51768750347,0,-0.029999999329447746,-0.05000000074505806,-0.06262761354446411,-0.10540807247161865,0.058309519242338737
"san-francisco","shelf","2026-07-13T06:00:00Z",37.80160140991211,-123.114013671875,"2026-07-13T06:00:00Z","rtofs:Y385,X435",760.2204381097231,0,-0.029999999329447746,-0.07000000029802322,-0.01873084530234337,-0.12583383917808533,0.07615773106842218
"san-francisco","shelf","2026-07-13T06:00:00Z",37.80160140991211,-123.05155181884766,"2026-07-13T06:00:00Z","rtofs:Y385,X436",1151.0639094522676,0,-0.029999999329447746,-0.07999999821186066,0.0201061200350523,-0.12939763069152832,0.08544003554344165
"san-francisco","shelf","2026-07-13T06:00:00Z",37.80160140991211,-122.98908233642578,"2026-07-13T06:00:00Z","rtofs:Y385,X437",2616.975140124346,0,-0.03999999910593033,-0.11999999731779099,0.003277917392551899,-0.09151966869831085,0.12649110357943863
"san-francisco","shelf","2026-07-13T06:00:00Z",37.80160140991211,-122.92662048339844,"2026-07-13T06:00:00Z","rtofs:Y385,X437",2980.429053380318,0,-0.09000000357627869,-0.10000000149011612,0.003277917392551899,-0.09151966869831085,0.13453624397073602
"san-francisco","shelf","2026-07-13T06:00:00Z",37.80160140991211,-122.86415100097656,"2026-07-13T06:00:00Z","rtofs:Y385,X438",1497.3562325005728,0,-0.07000000029802322,-0.019999999552965164,-0.06310877948999405,-0.04400990158319473,0.07280109905655174
"san-francisco","nearshore","2026-07-13T06:00:00Z",37.80160140991211,-122.80168914794922,"2026-07-13T06:00:00Z","rtofs:Y385,X439",567.8995032766677,0,-0.07999999821186066,-0.029999999329447746,-0.10348240286111832,-0.011223308742046356,0.08544003554344165
"san-francisco","nearshore","2026-07-13T06:00:00Z",37.80160140991211,-122.73921966552734,"2026-07-13T06:00:00Z","rtofs:Y385,X440",1778.228885725648,0,-0.07999999821186066,-0.10999999940395355,-0.05725342035293579,-0.04230716452002525,0.1360147035535772
"san-francisco","nearshore","2026-07-13T06:00:00Z",37.80160140991211,-122.6767578125,"2026-07-13T06:00:00Z","rtofs:Y385,X441",3274.741247179174,0,-0.03999999910593033,-0.17000000178813934,0.016184506937861443,-0.0211300291121006,0.1746424935015582
"san-francisco","nearshore","2026-07-13T06:00:00Z",37.80160140991211,-122.61428833007812,"2026-07-13T06:00:00Z","rtofs:Y385,X441",2326.1634887873906,0,0,-0.23000000417232513,0.016184506937861443,-0.0211300291121006,0.23000000417232513
"san-francisco","nearshore","2026-07-13T06:00:00Z",37.80160140991211,-122.55182647705078,"2026-07-13T06:00:00Z","rtofs:Y385,X442",908.2356007551167,0,0.03999999910593033,-0.009999999776482582,0.023607242852449417,-0.01623038575053215,0.041231055334590684
"san-francisco","shelf","2026-07-13T06:00:00Z",37.85554122924805,-123.30140686035156,"2026-07-13T06:00:00Z","rtofs:Y386,X433",1937.03381484685,0,-0.03999999910593033,-0.009999999776482582,-0.09140034019947052,-0.171305850148201,0.041231055334590684
"san-francisco","shelf","2026-07-13T06:00:00Z",37.85554122924805,-123.23894500732422,"2026-07-13T06:00:00Z","rtofs:Y386,X434",3456.7658119811445,0,0,-0.019999999552965164,-0.04911384731531143,-0.1703997403383255,0.019999999552965164
"san-francisco","shelf","2026-07-13T06:00:00Z",37.85554122924805,-123.17647552490234,"2026-07-13T06:00:00Z","rtofs:Y386,X434",2115.992765192519,0,0,-0.019999999552965164,-0.04911384731531143,-0.1703997403383255,0.019999999552965164
"san-francisco","shelf","2026-07-13T06:00:00Z",37.85554122924805,-123.114013671875,"2026-07-13T06:00:00Z","rtofs:Y386,X435",710.988456411906,0,-0.03999999910593033,-0.05000000074505806,-0.03671502321958542,-0.15237843990325928,0.0640312423976002
"san-francisco","nearshore","2026-07-13T06:00:00Z",37.85554122924805,-123.05155181884766,"2026-07-13T06:00:00Z","rtofs:Y386,X436",1118.6298590942715,0,-0.019999999552965164,-0.07999999821186066,-0.07842513918876648,-0.12197625637054443,0.08246211066918137
"san-francisco","nearshore","2026-07-13T06:00:00Z",37.85554122924805,-122.98908233642578,"2026-07-13T06:00:00Z","rtofs:Y386,X437",2601.1886816946153,0,-0.09000000357627869,-0.10999999940395355,-0.1423519402742386,-0.08514275401830673,0.1421267058388393
"san-francisco","nearshore","2026-07-13T06:00:00Z",37.85554122924805,-122.92662048339844,"2026-07-13T06:00:00Z","rtofs:Y386,X437",2966.0334235033415,0,-0.14000000059604645,-0.10999999940395355,-0.1423519402742386,-0.08514275401830673,0.1780449382480805
"san-francisco","nearshore","2026-07-13T06:00:00Z",37.85554122924805,-122.86415100097656,"2026-07-13T06:00:00Z","rtofs:Y386,X438",1472.0752952139037,0,-0.12999999523162842,-0.14000000059604645,-0.1655310094356537,-0.013361014425754547,0.1910497289375633
"san-francisco","nearshore","2026-07-13T06:00:00Z",37.85554122924805,-122.80168914794922,"2026-07-13T06:00:00Z","rtofs:Y386,X439",500.48421039864587,0,-0.10000000149011612,-0.07000000029802322,-0.1341610550880432,0.036376066505908966,0.12206555754899281
"san-francisco","nearshore","2026-07-13T06:00:00Z",37.85554122924805,-122.73921966552734,"2026-07-13T06:00:00Z","rtofs:Y386,X440",1756.578696288569,0,-0.07999999821186066,-0.07999999821186066,-0.05316314101219177,-0.025025682523846626,0.1131370824610367
"san-francisco","nearshore","2026-07-13T06:00:00Z",37.85554122924805,-122.6767578125,"2026-07-13T06:00:00Z","rtofs:Y386,X441",3261.1972046308842,0,-0.029999999329447746,-0.14000000059604645,-0.001308836042881012,-0.006852533668279648,0.143178211075079
"san-francisco","nearshore","2026-07-13T06:00:00Z",37.85554122924805,-122.61428833007812,"2026-07-13T06:00:00Z","rtofs:Y386,X441",2308.882910720971,0,0.029999999329447746,-0.36000001430511475,-0.001308836042881012,-0.006852533668279648,0.361247851563784
"san-francisco","shelf","2026-07-13T06:00:00Z",37.909481048583984,-123.30140686035156,"2026-07-13T06:00:00Z","rtofs:Y387,X433",2402.3956873463867,0,0.07999999821186066,0.009999999776482582,-0.07349584251642227,-0.20282156765460968,0.08062257568093045
"san-francisco","shelf","2026-07-13T06:00:00Z",37.909481048583984,-123.23894500732422,"2026-07-13T06:00:00Z","rtofs:Y387,X434",3735.7211264226466,0,0.07999999821186066,-0.009999999776482582,-0.0635044127702713,-0.18309205770492554,0.08062257568093045
"san-francisco","shelf","2026-07-13T06:00:00Z",37.909481048583984,-123.17647552490234,"2026-07-13T06:00:00Z","rtofs:Y387,X434",2548.6620242952677,0,0.03999999910593033,-0.019999999552965164,-0.0635044127702713,-0.18309205770492554,0.04472135855039552
"san-francisco","nearshore","2026-07-13T06:00:00Z",37.909481048583984,-123.114013671875,"2026-07-13T06:00:00Z","rtofs:Y387,X435",1590.6185626498207,0,0,-0.05000000074505806,-0.103262759745121,-0.14044374227523804,0.05000000074505806
"san-francisco","nearshore","2026-07-13T06:00:00Z",37.909481048583984,-123.05155181884766,"2026-07-13T06:00:00Z","rtofs:Y387,X436",1809.616177284578,0,-0.029999999329447746,-0.07999999821186066,-0.17829710245132446,-0.056638628244400024,0.08544003554344165
"san-francisco","nearshore","2026-07-13T06:00:00Z",37.909481048583984,-122.98908233642578,"2026-07-13T06:00:00Z","rtofs:Y387,X437",2963.2413327365375,0,-0.10999999940395355,-0.12999999523162842,-0.1861059069633484,-0.04062160849571228,0.170293859634143
"san-francisco","nearshore","2026-07-13T06:00:00Z",37.909481048583984,-122.92662048339844,"2026-07-13T06:00:00Z","rtofs:Y387,X437",3287.665438259758,0,-0.17000000178813934,-0.12999999523162842,-0.1861059069633484,-0.04062160849571228,0.21400934411420167
"san-francisco","nearshore","2026-07-13T06:00:00Z",37.909481048583984,-122.86415100097656,"2026-07-13T06:00:00Z","rtofs:Y387,X438",2046.6873026189855,0,-0.17000000178813934,-0.14000000059604645,-0.10514716804027557,0.00007249228656291962,0.2202271572146823
"san-francisco","nearshore","2026-07-13T06:00:00Z",37.909481048583984,-122.80168914794922,"2026-07-13T06:00:00Z","rtofs:Y387,X439",1508.4602798575825,0,-0.11999999731779099,-0.1899999976158142,-0.02999257855117321,0.03354479745030403,0.22472204709435886
"san-francisco","shelf","2026-07-13T06:00:00Z",37.96342086791992,-123.30140686035156,"2026-07-13T06:00:00Z","rtofs:Y388,X433",3138.6323854656007,0,0.07999999821186066,0.03999999910593033,-0.05571005865931511,-0.22095569968223572,0.08944271710079103
"san-francisco","shelf","2026-07-13T06:00:00Z",37.96342086791992,-123.23894500732422,"2026-07-13T06:00:00Z","rtofs:Y388,X434",4245.244055655699,0,0.10000000149011612,0.009999999776482582,-0.03927379846572876,-0.16738376021385193,0.10049875767168905
"san-francisco","shelf","2026-07-13T06:00:00Z",37.96342086791992,-123.17647552490234,"2026-07-13T06:00:00Z","rtofs:Y388,X434",3251.7739685421802,0,0.029999999329447746,0,-0.03927379846572876,-0.16738376021385193,0.029999999329447746
"san-francisco","nearshore","2026-07-13T06:00:00Z",37.96342086791992,-123.114013671875,"2026-07-13T06:00:00Z","rtofs:Y388,X435",2571.912470819552,0,0.009999999776482582,-0.03999999910593033,-0.02328476309776306,-0.10115554183721542,0.041231055334590684
"san-francisco","nearshore","2026-07-13T06:00:00Z",37.96342086791992,-123.05155181884766,"2026-07-13T06:00:00Z","rtofs:Y388,X436",2712.5987717006255,0,-0.029999999329447746,-0.07000000029802322,-0.005820521619170904,-0.005198962986469269,0.07615773106842218
"san-francisco","shelf","2026-07-13T06:00:00Z",38.01736068725586,-123.30140686035156,"2026-07-13T06:00:00Z","rtofs:Y388,X433",3952.0296337769482,0,0.05999999865889549,0.029999999329447746,-0.05571005865931511,-0.22095569968223572,0.06708203782559327
"san-francisco","shelf","2026-07-13T06:00:00Z",38.01736068725586,-123.23894500732422,"2026-07-13T06:00:00Z","rtofs:Y388,X434",4876.844934920424,0,0.07000000029802322,0.03999999910593033,-0.03927379846572876,-0.16738376021385193,0.08062257729815935
"san-francisco","shelf","2026-07-13T06:00:00Z",38.01736068725586,-123.17647552490234,"2026-07-13T06:00:00Z","rtofs:Y388,X434",4042.403680364355,0,0.009999999776482582,0.03999999910593033,-0.03927379846572876,-0.16738376021385193,0.041231055334590684
"san-francisco","nearshore","2026-07-13T06:00:00Z",38.01736068725586,-123.114013671875,"2026-07-13T06:00:00Z","rtofs:Y388,X435",3519.1813422173636,0,-0.03999999910593033,0.019999999552965164,-0.02328476309776306,-0.10115554183721542,0.04472135855039552
"san-francisco","nearshore","2026-07-13T06:00:00Z",38.01736068725586,-123.05155181884766,"2026-07-13T06:00:00Z","rtofs:Y388,X436",3623.1959972234504,0,-0.07999999821186066,0,-0.005820521619170904,-0.005198962986469269,0.07999999821186066
"san-francisco","shelf","2026-07-13T06:00:00Z",38.0713005065918,-123.30140686035156,"2026-07-13T06:00:00Z","rtofs:Y389,X433",3098.6547818580248,0,0.019999999552965164,0.009999999776482582,-0.05908422917127609,-0.2312542349100113,0.02236067927519776
"san-francisco","shelf","2026-07-13T06:00:00Z",38.0713005065918,-123.23894500732422,"2026-07-13T06:00:00Z","rtofs:Y389,X434",4213.515517303576,0,0.029999999329447746,0.05999999865889549,-0.04588829725980759,-0.13373252749443054,0.06708203782559327
"san-francisco","shelf","2026-07-13T06:00:00Z",38.0713005065918,-123.17647552490234,"2026-07-13T06:00:00Z","rtofs:Y389,X434",3212.9422764028086,0,-0.019999999552965164,0.09000000357627869,-0.04588829725980759,-0.13373252749443054,0.09219544796707038
"san-francisco","nearshore","2026-07-13T06:00:00Z",38.0713005065918,-123.114013671875,"2026-07-13T06:00:00Z","rtofs:Y389,X435",2524.464296217892,0,-0.05000000074505806,0.07999999821186066,-0.014206310734152794,-0.06173788011074066,0.0943398101991069
"san-francisco","nearshore","2026-07-13T06:00:00Z",38.0713005065918,-123.05155181884766,"2026-07-13T06:00:00Z","rtofs:Y389,X436",2667.329496086101,0,-0.07000000029802322,0.07000000029802322,0.005214710254222155,-0.006938062608242035,0.09899494978758515
"san-francisco","shelf","2026-07-13T06:00:00Z",38.125240325927734,-123.30140686035156,"2026-07-13T06:00:00Z","rtofs:Y390,X433",2375.953252844315,0,-0.019999999552965164,-0.029999999329447746,-0.044077422469854355,-0.22594457864761353,0.03605551194873638
"san-francisco","shelf","2026-07-13T06:00:00Z",38.125240325927734,-123.23894500732422,"2026-07-13T06:00:00Z","rtofs:Y390,X434",3712.704996214332,0,-0.009999999776482582,0.05999999865889549,-0.06932765245437622,-0.09678608179092407,0.06082762394337882
"san-francisco","shelf","2026-07-13T06:00:00Z",38.125240325927734,-123.17647552490234,"2026-07-13T06:00:00Z","rtofs:Y390,X434",2522.962103117173,0,-0.03999999910593033,0.11999999731779099,-0.06932765245437622,-0.09678608179092407,0.12649110357943863
"san-francisco","nearshore","2026-07-13T06:00:00Z",38.125240325927734,-123.114013671875,"2026-07-13T06:00:00Z","rtofs:Y390,X435",1556.1400752946097,0,-0.05999999865889549,0.14000000059604645,-0.057272814214229584,-0.018734920769929886,0.15231546213684435
"san-francisco","nearshore","2026-07-13T06:00:00Z",38.125240325927734,-123.05155181884766,"2026-07-13T06:00:00Z","rtofs:Y390,X436",1778.2331984447715,0,-0.05999999865889549,0.14000000059604645,-0.017631595954298973,0.006845992058515549,0.15231546213684435
"san-francisco","shelf","2026-07-13T06:00:00Z",38.17918014526367,-123.30140686035156,"2026-07-13T06:00:00Z","rtofs:Y391,X433",1926.1081442243506,0,-0.05000000074505806,-0.03999999910593033,-0.04699205607175827,-0.19229713082313538,0.0640312423976002
"san-francisco","shelf","2026-07-13T06:00:00Z",38.17918014526367,-123.23894500732422,"2026-07-13T06:00:00Z","rtofs:Y391,X434",3440.3326883030113,0,-0.03999999910593033,0.05999999865889549,-0.09591278433799744,-0.04916635900735855,0.07211102389747276
"san-francisco","shelf","2026-07-13T06:00:00Z",38.17918014526367,-123.17647552490234,"2026-07-13T06:00:00Z","rtofs:Y391,X434",2104.5008200567518,0,-0.07000000029802322,0.14000000059604645,-0.09591278433799744,-0.04916635900735855,0.15652475909138547
"san-francisco","nearshore","2026-07-13T06:00:00Z",38.17918014526367,-123.114013671875,"2026-07-13T06:00:00Z","rtofs:Y391,X435",701.0496651077676,0,-0.07999999821186066,0.1599999964237213,-0.0965285375714302,0.018918581306934357,0.17888543420158207
"san-francisco","nearshore","2026-07-13T06:00:00Z",38.17918014526367,-123.05155181884766,"2026-07-13T06:00:00Z","rtofs:Y391,X436",1109.426259502976,0,-0.07000000029802322,0.17000000178813934,-0.03854212537407875,0.020824279636144638,0.1838477648754279
"san-francisco","shelf","2026-07-13T06:00:00Z",38.23311996459961,-123.30140686035156,"2026-07-13T06:00:00Z","rtofs:Y392,X433",1939.5746801660005,0,-0.07999999821186066,0,-0.0726749449968338,-0.14047197997570038,0.07999999821186066
"san-francisco","shelf","2026-07-13T06:00:00Z",38.23311996459961,-123.23894500732422,"2026-07-13T06:00:00Z","rtofs:Y392,X434",3446.0003037643482,0,-0.09000000357627869,0.09000000357627869,-0.12248799949884415,0.003971461206674576,0.1272792256712004
"san-francisco","nearshore","2026-07-13T06:00:00Z",38.23311996459961,-123.17647552490234,"2026-07-13T06:00:00Z","rtofs:Y392,X434",2116.560475911167,0,-0.10999999940395355,0.1599999964237213,-0.12248799949884415,0.003971461206674576,0.19416487510479494
"san-francisco","nearshore","2026-07-13T06:00:00Z",38.23311996459961,-123.114013671875,"2026-07-13T06:00:00Z","rtofs:Y392,X435",740.7347903969477,0,-0.11999999731779099,0.1899999976158142,-0.10990548133850098,0.03963789343833923,0.22472204709435886
"san-francisco","nearshore","2026-07-13T06:00:00Z",38.23311996459961,-123.05155181884766,"2026-07-13T06:00:00Z","rtofs:Y392,X436",1134.3979131703184,0,-0.10000000149011612,0.1899999976158142,-0.0403316505253315,0.013890460133552551,0.2147091041200457
"san-francisco","shelf","2026-07-13T06:00:00Z",38.28705978393555,-123.30140686035156,"2026-07-13T06:00:00Z","rtofs:Y393,X433",2400.9855781176516,0,-0.11999999731779099,-0.009999999776482582,-0.0844850242137909,-0.08795252442359924,0.12041594309641682
"san-francisco","shelf","2026-07-13T06:00:00Z",38.28705978393555,-123.23894500732422,"2026-07-13T06:00:00Z","rtofs:Y393,X434",3723.5293884527096,0,-0.12999999523162842,0.10999999940395355,-0.12434769421815872,0.043246351182460785,0.170293859634143
"san-francisco","nearshore","2026-07-13T06:00:00Z",38.28705978393555,-123.17647552490234,"2026-07-13T06:00:00Z","rtofs:Y393,X434",2545.8706169197553,0,-0.15000000596046448,0.1899999976158142,-0.12434769421815872,0.043246351182460785,0.24207437056026562
"san-francisco","nearshore","2026-07-13T06:00:00Z",38.28705978393555,-123.114013671875,"2026-07-13T06:00:00Z","rtofs:Y393,X435",1598.9465543463589,0,-0.15000000596046448,0.20000000298023224,-0.0633576288819313,0.031993087381124496,0.2500000059604645
"san-francisco","shelf","2026-07-13T12:00:00Z",37.20825958251953,-123.30140686035156,"2026-07-13T12:00:00Z","rtofs:Y376,X433",2697.3388647485094,0,-0.11999999731779099,-0.009999999776482582,0.011979334056377411,-0.045771025121212006,0.12041594309641682
"san-francisco","shelf","2026-07-13T12:00:00Z",37.20825958251953,-123.23894500732422,"2026-07-13T12:00:00Z","rtofs:Y376,X434",3951.5653296348237,0,-0.10999999940395355,0.03999999910593033,0.002505952026695013,0.04541230946779251,0.11704699824149362
"san-francisco","shelf","2026-07-13T12:00:00Z",37.20825958251953,-123.17647552490234,"2026-07-13T12:00:00Z","rtofs:Y376,X434",2830.81900609734,0,-0.14000000059604645,0.029999999329447746,0.002505952026695013,0.04541230946779251,0.143178211075079
"san-francisco","shelf","2026-07-13T12:00:00Z",37.20825958251953,-123.114013671875,"2026-07-13T12:00:00Z","rtofs:Y376,X435",1993.178374601432,0,-0.1599999964237213,0.019999999552965164,-0.00028608087450265884,0.1884506791830063,0.1612451513618609
"san-francisco","shelf","2026-07-13T12:00:00Z",37.20825958251953,-123.05155181884766,"2026-07-13T12:00:00Z","rtofs:Y376,X436",2175.2051737596553,0,-0.1599999964237213,0.07000000029802322,0.0012150751426815987,0.25280332565307617,0.1746424888087492
"san-francisco","shelf","2026-07-13T12:00:00Z",37.20825958251953,-122.98908233642578,"2026-07-13T12:00:00Z","rtofs:Y376,X437",3215.8933869443604,0,-0.1599999964237213,0.09000000357627869,-0.024740442633628845,0.24230752885341644,0.18357559614317207
"san-francisco","shelf","2026-07-13T12:00:00Z",37.20825958251953,-122.92662048339844,"2026-07-13T12:00:00Z","rtofs:Y376,X437",3522.5492840946768,0,-0.12999999523162842,0.10000000149011612,-0.024740442633628845,0.24230752885341644,0.16401219179758142
"san-francisco","shelf","2026-07-13T12:00:00Z",37.20825958251953,-122.86415100097656,"2026-07-13T12:00:00Z","rtofs:Y376,X438",2379.7193428623336,0,-0.09000000357627869,0.10000000149011612,-0.053209759294986725,0.12952294945716858,0.13453624397073602
"san-francisco","shelf","2026-07-13T12:00:00Z",37.20825958251953,-122.80168914794922,"2026-07-13T12:00:00Z","rtofs:Y376,X439",1926.9973999436404,0,-0.07000000029802322,0.10999999940395355,-0.08341600000858307,-0.004767201840877533,0.13038404776119292
"san-francisco","shelf","2026-07-13T12:00:00Z",37.20825958251953,-122.73921966552734,"2026-07-13T12:00:00Z","rtofs:Y376,X440",2568.569832417033,0,-0.019999999552965164,0.10999999940395355,-0.09428605437278748,-0.10240637511014938,0.1118033982085893
"san-francisco","shelf","2026-07-13T12:00:00Z",37.20825958251953,-122.6767578125,"2026-07-13T12:00:00Z","rtofs:Y376,X441",3778.6598218127283,0,-0.05000000074505806,0.10000000149011612,-0.05060923099517822,-0.11495053768157959,0.11180340054098996
"san-francisco","shelf","2026-07-13T12:00:00Z",37.20825958251953,-122.61428833007812,"2026-07-13T12:00:00Z","rtofs:Y376,X441",2980.242826585728,0,-0.03999999910593033,0.07999999821186066,-0.05060923099517822,-0.11495053768157959,0.08944271710079103
"san-francisco","nearshore","2026-07-13T12:00:00Z",37.20825958251953,-122.55182647705078,"2026-07-13T12:00:00Z","rtofs:Y376,X442",2055.1397686807168,0,-0.05999999865889549,0.07999999821186066,-0.021806634962558746,-0.07752660661935806,0.09999999776482582
"san-francisco","nearshore","2026-07-13T12:00:00Z",37.20825958251953,-122.4893569946289,"2026-07-13T12:00:00Z","rtofs:Y376,X443",2093.229733801782,0,-0.05999999865889549,0.07000000029802322,-0.010787436738610268,0.0040650200098752975,0.09219544392642573
"san-francisco","shelf","2026-07-13T12:00:00Z",37.26219940185547,-123.30140686035156,"2026-07-13T12:00:00Z","rtofs:Y377,X433",3549.5582117697086,0,-0.1599999964237213,0.03999999910593033,0.014310534112155437,-0.04471363127231598,0.16492422133836274
"san-francisco","shelf","2026-07-13T12:00:00Z",37.26219940185547,-123.23894500732422,"2026-07-13T12:00:00Z","rtofs:Y377,X434",4574.449690638424,0,-0.17000000178813934,0.05999999865889549,0.0031973859295248985,0.05824073404073715,0.18027756501305103
"san-francisco","shelf","2026-07-13T12:00:00Z",37.26219940185547,-123.17647552490234,"2026-07-13T12:00:00Z","rtofs:Y377,X434",3651.86418561007,0,-0.17000000178813934,0.07000000029802322,0.0031973859295248985,0.05824073404073715,0.1838477648754279
"san-francisco","shelf","2026-07-13T12:00:00Z",37.26219940185547,-123.114013671875,"2026-07-13T12:00:00Z","rtofs:Y377,X435",3049.8585960121286,0,-0.20000000298023224,0.09000000357627869,-0.0010399967432022095,0.19292595982551575,0.2193171261799294
"san-francisco","shelf","2026-07-13T12:00:00Z",37.26219940185547,-123.05155181884766,"2026-07-13T12:00:00Z","rtofs:Y377,X436",3171.6260308266874,0,-0.2199999988079071,0.12999999523162842,-0.0035793306306004524,0.27399688959121704,0.255538643331498
"san-francisco","shelf","2026-07-13T12:00:00Z",37.26219940185547,-122.98908233642578,"2026-07-13T12:00:00Z","rtofs:Y377,X437",3957.387375638329,0,-0.20999999344348907,0.1599999964237213,-0.049979764968156815,0.2196335643529892,0.2640075682662455
"san-francisco","shelf","2026-07-13T12:00:00Z",37.26219940185547,-122.92662048339844,"2026-07-13T12:00:00Z","rtofs:Y377,X437",4209.997087255292,0,-0.14000000059604645,0.12999999523162842,-0.049979764968156815,0.2196335643529892,0.1910497289375633
"san-francisco","shelf","2026-07-13T12:00:00Z",37.26219940185547,-122.86415100097656,"2026-07-13T12:00:00Z","rtofs:Y377,X438",3315.012145441805,0,-0.09000000357627869,0.11999999731779099,-0.07225478440523148,0.08583603799343109,0.15000000000000005
"san-francisco","shelf","2026-07-13T12:00:00Z",37.26219940185547,-122.80168914794922,"2026-07-13T12:00:00Z","rtofs:Y377,X439",3007.091785003914,0,-0.07999999821186066,0.15000000596046448,-0.04579555243253708,-0.017019707709550858,0.17000000441775606
"san-francisco","shelf","2026-07-13T12:00:00Z",37.26219940185547,-122.73921966552734,"2026-07-13T12:00:00Z","rtofs:Y377,X440",3452.8734431591915,0,-0.07999999821186066,0.1599999964237213,-0.050540052354335785,-0.06967175751924515,0.17888543420158207
"san-francisco","shelf","2026-07-13T12:00:00Z",37.26219940185547,-122.6767578125,"2026-07-13T12:00:00Z","rtofs:Y377,X441",4426.180736017494,0,-0.05000000074505806,0.11999999731779099,-0.03322060778737068,-0.083290234208107,0.12999999781067556
"san-francisco","shelf","2026-07-13T12:00:00Z",37.26219940185547,-122.61428833007812,"2026-07-13T12:00:00Z","rtofs:Y377,X441",3768.6959215348293,0,-0.05999999865889549,0.10000000149011612,-0.03322060778737068,-0.083290234208107,0.11661903848467747
"san-francisco","nearshore","2026-07-13T12:00:00Z",37.26219940185547,-122.55182647705078,"2026-07-13T12:00:00Z","rtofs:Y377,X442",3090.644868707531,0,-0.07999999821186066,0.09000000357627869,-0.015655582770705223,-0.03169887512922287,0.12041594727289191
"san-francisco","nearshore","2026-07-13T12:00:00Z",37.26219940185547,-122.4893569946289,"2026-07-13T12:00:00Z","rtofs:Y377,X443",3116.0633070806184,0,-0.05999999865889549,0.07000000029802322,-0.011686418205499649,0.020338835194706917,0.09219544392642573
"san-francisco","shelf","2026-07-13T12:00:00Z",37.316139221191406,-123.30140686035156,"2026-07-13T12:00:00Z","rtofs:Y377,X433",3541.303213600224,0,-0.18000000715255737,0.029999999329447746,0.014310534112155437,-0.04471363127231598,0.18248288285394762
"san-francisco","shelf","2026-07-13T12:00:00Z",37.316139221191406,-123.23894500732422,"2026-07-13T12:00:00Z","rtofs:Y377,X434",4567.394009258163,0,-0.1899999976158142,0.05000000074505806,0.0031973859295248985,0.05824073404073715,0.19646882492781192
"san-francisco","shelf","2026-07-13T12:00:00Z",37.316139221191406,-123.17647552490234,"2026-07-13T12:00:00Z","rtofs:Y377,X434",3643.768516281747,0,-0.1599999964237213,0.029999999329447746,0.0031973859295248985,0.05824073404073715,0.1627882023223971
"san-francisco","shelf","2026-07-13T12:00:00Z",37.316139221191406,-123.114013671875,"2026-07-13T12:00:00Z","rtofs:Y377,X435",3040.635736573913,0,-0.17000000178813934,0.07000000029802322,-0.0010399967432022095,0.19292595982551575,0.1838477648754279
"san-francisco","shelf","2026-07-13T12:00:00Z",37.316139221191406,-123.05155181884766,"2026-07-13T12:00:00Z","rtofs:Y377,X436",3162.672445891274,0,-0.20000000298023224,0.12999999523162842,-0.0035793306306004524,0.27399688959121704,0.23853720873758105
"san-francisco","shelf","2026-07-13T12:00:00Z",37.316139221191406,-122.98908233642578,"2026-07-13T12:00:00Z","rtofs:Y377,X437",3949.7070485674344,0,-0.18000000715255737,0.14000000059604645,-0.049979764968156815,0.2196335643529892,0.22803509103165176
"san-francisco","shelf","2026-07-13T12:00:00Z",37.316139221191406,-122.92662048339844,"2026-07-13T12:00:00Z","rtofs:Y377,X437",4202.6025108883705,0,-0.18000000715255737,0.1599999964237213,-0.049979764968156815,0.2196335643529892,0.24083189454578383
"san-francisco","shelf","2026-07-13T12:00:00Z",37.316139221191406,-122.86415100097656,"2026-07-13T12:00:00Z","rtofs:Y377,X438",3306.3460654711607,0,-0.12999999523162842,0.14000000059604645,-0.07225478440523148,0.08583603799343109,0.1910497289375633
"san-francisco","shelf","2026-07-13T12:00:00Z",37.316139221191406,-122.80168914794922,"2026-07-13T12:00:00Z","rtofs:Y377,X439",2997.7683141958137,0,-0.05000000074505806,0.11999999731779099,-0.04579555243253708,-0.017019707709550858,0.12999999781067556
"san-francisco","shelf","2026-07-13T12:00:00Z",37.316139221191406,-122.73921966552734,"2026-07-13T12:00:00Z","rtofs:Y377,X440",3444.457163408318,0,-0.07000000029802322,0.14000000059604645,-0.050540052354335785,-0.06967175751924515,0.15652475909138547
"san-francisco","shelf","2026-07-13T12:00:00Z",37.316139221191406,-122.6767578125,"2026-07-13T12:00:00Z","rtofs:Y377,X441",4418.996530288414,0,-0.03999999910593033,0.11999999731779099,-0.03322060778737068,-0.083290234208107,0.12649110357943863
"san-francisco","shelf","2026-07-13T12:00:00Z",37.316139221191406,-122.61428833007812,"2026-07-13T12:00:00Z","rtofs:Y377,X441",3760.7691533835523,0,-0.09000000357627869,0.10000000149011612,-0.03322060778737068,-0.083290234208107,0.13453624397073602
"san-francisco","nearshore","2026-07-13T12:00:00Z",37.316139221191406,-122.55182647705078,"2026-07-13T12:00:00Z","rtofs:Y377,X442",3081.514960317883,0,-0.17000000178813934,0.07999999821186066,-0.015655582770705223,-0.03169887512922287,0.18788294313711684
"san-francisco","nearshore","2026-07-13T12:00:00Z",37.316139221191406,-122.4893569946289,"2026-07-13T12:00:00Z","rtofs:Y377,X443",3106.9898969417986,0,-0.28999999165534973,0.07999999821186066,-0.011686418205499649,0.020338835194706917,0.30083217061012707
"san-francisco","shelf","2026-07-13T12:00:00Z",37.370079040527344,-123.30140686035156,"2026-07-13T12:00:00Z","rtofs:Y378,X433",2692.0693971116543,0,-0.20000000298023224,0.05000000074505806,0.013207105919718742,-0.03385366126894951,0.20615528435283612
"san-francisco","shelf","2026-07-13T12:00:00Z",37.370079040527344,-123.23894500732422,"2026-07-13T12:00:00Z","rtofs:Y378,X434",3943.9177647887777,0,-0.18000000715255737,-0.009999999776482582,-0.001139945350587368,0.0776483416557312,0.1802775709023459
"san-francisco","shelf","2026-07-13T12:00:00Z",37.370079040527344,-123.17647552490234,"2026-07-13T12:00:00Z","rtofs:Y378,X434",2825.297684273148,0,-0.18000000715255737,0.009999999776482582,-0.001139945350587368,0.0776483416557312,0.1802775709023459
"san-francisco","shelf","2026-07-13T12:00:00Z",37.370079040527344,-123.114013671875,"2026-07-13T12:00:00Z","rtofs:Y378,X435",1989.2278981619274,0,-0.1599999964237213,0.05000000074505806,-0.009593270719051361,0.2051188051700592,0.16763054295114788
"san-francisco","shelf","2026-07-13T12:00:00Z",37.370079040527344,-123.05155181884766,"2026-07-13T12:00:00Z","rtofs:Y378,X436",2170.9157570184816,0,-0.15000000596046448,0.10000000149011612,-0.03947960585355759,0.2591584324836731,0.1802775695591734
"san-francisco","shelf","2026-07-13T12:00:00Z",37.370079040527344,-122.98908233642578,"2026-07-13T12:00:00Z","rtofs:Y378,X437",3209.6434732003695,0,-0.15000000596046448,0.10999999940395355,-0.07876203954219818,0.15589040517807007,0.1860107568314509
"san-francisco","shelf","2026-07-13T12:00:00Z",37.370079040527344,-122.92662048339844,"2026-07-13T12:00:00Z","rtofs:Y378,X437",3515.717507424222,0,-0.1599999964237213,0.10999999940395355,-0.07876203954219818,0.15589040517807007,0.19416487510479494
"san-francisco","shelf","2026-07-13T12:00:00Z",37.370079040527344,-122.86415100097656,"2026-07-13T12:00:00Z","rtofs:Y378,X438",2375.0472078021103,0,-0.14000000059604645,0.11999999731779099,-0.06413168460130692,0.04742315411567688,0.18439088785285146
"san-francisco","shelf","2026-07-13T12:00:00Z",37.370079040527344,-122.80168914794922,"2026-07-13T12:00:00Z","rtofs:Y378,X439",1923.1696657615282,0,-0.11999999731779099,0.15000000596046448,-0.058326803147792816,-0.0007530860602855682,0.19209373010176367
"san-francisco","shelf","2026-07-13T12:00:00Z",37.370079040527344,-122.73921966552734,"2026-07-13T12:00:00Z","rtofs:Y378,X440",2563.5429016773755,0,-0.07000000029802322,0.15000000596046448,-0.07132735848426819,-0.04741109907627106,0.1655294590997706
"san-francisco","shelf","2026-07-13T12:00:00Z",37.370079040527344,-122.6767578125,"2026-07-13T12:00:00Z","rtofs:Y378,X441",3771.3412518847576,0,-0.05999999865889549,0.10999999940395355,-0.027704069390892982,-0.04239022731781006,0.1252996396959594
"san-francisco","shelf","2026-07-13T12:00:00Z",37.370079040527344,-122.61428833007812,"2026-07-13T12:00:00Z","rtofs:Y378,X441",2974.4391055714977,0,-0.05000000074505806,0.05999999865889549,-0.027704069390892982,-0.04239022731781006,0.07810249620577608
"san-francisco","shelf","2026-07-13T12:00:00Z",37.370079040527344,-122.55182647705078,"2026-07-13T12:00:00Z","rtofs:Y378,X442",2051.0741256172328,0,-0.11999999731779099,0.05999999865889549,-0.02271929942071438,0.006469949148595333,0.13416407565118654
"san-francisco","nearshore","2026-07-13T12:00:00Z",37.370079040527344,-122.4893569946289,"2026-07-13T12:00:00Z","rtofs:Y378,X443",2089.093182997537,0,-0.18000000715255737,0.03999999910593033,-0.023969002068042755,0.01992170140147209,0.18439089593414076
"san-francisco","shelf","2026-07-13T12:00:00Z",37.42401885986328,-123.30140686035156,"2026-07-13T12:00:00Z","rtofs:Y379,X433",2069.3822961263845,0,-0.17000000178813934,0,0.0067393239587545395,-0.0013526678085327148,0.17000000178813934
"san-francisco","shelf","2026-07-13T12:00:00Z",37.42401885986328,-123.23894500732422,"2026-07-13T12:00:00Z","rtofs:Y379,X434",3546.347674871507,0,-0.15000000596046448,-0.019999999552965164,-0.00582155492156744,0.11068208515644073,0.15132746535331246
"san-francisco","shelf","2026-07-13T12:00:00Z",37.42401885986328,-123.17647552490234,"2026-07-13T12:00:00Z","rtofs:Y379,X434",2239.7011353156977,0,-0.14000000059604645,-0.03999999910593033,-0.00582155492156744,0.11068208515644073,0.1456021981131035
"san-francisco","shelf","2026-07-13T12:00:00Z",37.42401885986328,-123.114013671875,"2026-07-13T12:00:00Z","rtofs:Y379,X435",998.6422087722104,0,-0.12999999523162842,0.019999999552965164,-0.03673776239156723,0.21496184170246124,0.1315294595987607
"san-francisco","shelf","2026-07-13T12:00:00Z",37.42401885986328,-123.05155181884766,"2026-07-13T12:00:00Z","rtofs:Y379,X436",1323.6124936385681,0,-0.10999999940395355,0.029999999329447746,-0.10189040005207062,0.2122286856174469,0.11401754175843577
"san-francisco","shelf","2026-07-13T12:00:00Z",37.42401885986328,-122.98908233642578,"2026-07-13T12:00:00Z","rtofs:Y379,X437",2707.7910830927813,0,-0.14000000059604645,0.07000000029802322,-0.12908023595809937,0.08793556690216064,0.15652475909138547
"san-francisco","shelf","2026-07-13T12:00:00Z",37.42401885986328,-122.92662048339844,"2026-07-13T12:00:00Z","rtofs:Y379,X437",3063.881023278817,0,-0.12999999523162842,0.05000000074505806,-0.12908023595809937,0.08793556690216064,0.13928387858876282
"san-francisco","shelf","2026-07-13T12:00:00Z",37.42401885986328,-122.86415100097656,"2026-07-13T12:00:00Z","rtofs:Y379,X438",1636.603385122116,0,-0.11999999731779099,0.07000000029802322,-0.08039860427379608,0.04627024382352829,0.13892443772782775
"san-francisco","shelf","2026-07-13T12:00:00Z",37.42401885986328,-122.80168914794922,"2026-07-13T12:00:00Z","rtofs:Y379,X439",859.7935660082884,0,-0.09000000357627869,0.09000000357627869,-0.07479056715965271,-0.004759166389703751,0.1272792256712004
"san-francisco","shelf","2026-07-13T12:00:00Z",37.42401885986328,-122.73921966552734,"2026-07-13T12:00:00Z","rtofs:Y379,X440",1899.4513981468997,0,-0.03999999910593033,0.07999999821186066,-0.0860370397567749,-0.02053692564368248,0.08944271710079103
"san-francisco","shelf","2026-07-13T12:00:00Z",37.42401885986328,-122.6767578125,"2026-07-13T12:00:00Z","rtofs:Y379,X441",3353.683751977269,0,-0.009999999776482582,0.029999999329447746,-0.04076457396149635,-0.0022760964930057526,0.03162277589485966
"san-francisco","shelf","2026-07-13T12:00:00Z",37.42401885986328,-122.61428833007812,"2026-07-13T12:00:00Z","rtofs:Y379,X441",2424.847916034525,0,-0.03999999910593033,-0.019999999552965164,-0.04076457396149635,-0.0022760964930057526,0.04472135855039552
"san-francisco","shelf","2026-07-13T12:00:00Z",37.42401885986328,-122.55182647705078,"2026-07-13T12:00:00Z","rtofs:Y379,X442",1116.5896009249282,0,-0.11999999731779099,0,-0.0521942637860775,0.0060799578204751015,0.11999999731779099
"san-francisco","shelf","2026-07-13T12:00:00Z",37.42401885986328,-122.4893569946289,"2026-07-13T12:00:00Z","rtofs:Y379,X443",1184.8759701464396,0,-0.10999999940395355,0,-0.040413614362478256,-0.013657176867127419,0.10999999940395355
"san-francisco","shelf","2026-07-13T12:00:00Z",37.47795867919922,-123.30140686035156,"2026-07-13T12:00:00Z","rtofs:Y380,X433",1898.8566766831168,0,-0.12999999523162842,0.029999999329447746,-0.00954650342464447,0.03637196868658066,0.133416635844224
"san-francisco","shelf","2026-07-13T12:00:00Z",37.47795867919922,-123.23894500732422,"2026-07-13T12:00:00Z","rtofs:Y380,X434",3447.735869535009,0,-0.12999999523162842,0,-0.035622719675302505,0.12525352835655212,0.12999999523162842
"san-francisco","shelf","2026-07-13T12:00:00Z",37.47795867919922,-123.17647552490234,"2026-07-13T12:00:00Z","rtofs:Y380,X434",2082.88821726798,0,-0.09000000357627869,-0.029999999329447746,-0.035622719675302505,0.12525352835655212,0.09486833298576001
"san-francisco","shelf","2026-07-13T12:00:00Z",37.47795867919922,-123.114013671875,"2026-07-13T12:00:00Z","rtofs:Y380,X435",570.7484242899152,0,-0.07000000029802322,-0.029999999329447746,-0.10626832395792007,0.1836806833744049,0.07615773106842218
"san-francisco","shelf","2026-07-13T12:00:00Z",37.47795867919922,-123.05155181884766,"2026-07-13T12:00:00Z","rtofs:Y380,X436",1038.861659337301,0,-0.07000000029802322,0,-0.18032494187355042,0.14910857379436493,0.07000000029802322
"san-francisco","shelf","2026-07-13T12:00:00Z",37.47795867919922,-122.98908233642578,"2026-07-13T12:00:00Z","rtofs:Y380,X437",2578.887616592688,0,-0.07000000029802322,-0.019999999552965164,-0.13394439220428467,0.05410240218043327,0.07280109905655174
"san-francisco","shelf","2026-07-13T12:00:00Z",37.47795867919922,-122.92662048339844,"2026-07-13T12:00:00Z","rtofs:Y380,X437",2950.029027931256,0,-0.10000000149011612,0.029999999329447746,-0.13394439220428467,0.05410240218043327,0.10440306632369613
"san-francisco","shelf","2026-07-13T12:00:00Z",37.47795867919922,-122.86415100097656,"2026-07-13T12:00:00Z","rtofs:Y380,X438",1415.733216357324,0,-0.12999999523162842,0.09000000357627869,-0.09431920200586319,0.03825173154473305,0.15811388112355468
"san-francisco","shelf","2026-07-13T12:00:00Z",37.47795867919922,-122.80168914794922,"2026-07-13T12:00:00Z","rtofs:Y380,X439",260.99294761407634,0,-0.09000000357627869,0.10999999940395355,-0.10798157751560211,-0.012466970831155777,0.1421267058388393
"san-francisco","shelf","2026-07-13T12:00:00Z",37.47795867919922,-122.73921966552734,"2026-07-13T12:00:00Z","rtofs:Y380,X440",1712.3922773049505,0,-0.07000000029802322,0.05999999865889549,-0.07629071176052094,-0.0012921448796987534,0.09219544392642573
"san-francisco","shelf","2026-07-13T12:00:00Z",37.47795867919922,-122.6767578125,"2026-07-13T12:00:00Z","rtofs:Y380,X441",3249.5509186881277,0,-0.029999999329447746,-0.03999999910593033,-0.04249566048383713,0.019558383151888847,0.04999999888241291
"san-francisco","shelf","2026-07-13T12:00:00Z",37.47795867919922,-122.61428833007812,"2026-07-13T12:00:00Z","rtofs:Y380,X441",2280.503152039166,0,-0.029999999329447746,-0.05999999865889549,-0.04249566048383713,0.019558383151888847,0.06708203782559327
"san-francisco","shelf","2026-07-13T12:00:00Z",37.47795867919922,-122.55182647705078,"2026-07-13T12:00:00Z","rtofs:Y380,X442",758.18759020796,0,-0.05000000074505806,-0.05999999865889549,-0.021366121247410774,-0.013059640303254128,0.07810249620577608
"san-francisco","shelf","2026-07-13T12:00:00Z",37.47795867919922,-122.4893569946289,"2026-07-13T12:00:00Z","rtofs:Y380,X443",855.4300579396885,0,-0.07000000029802322,-0.07000000029802322,-0.006752366200089455,-0.018314218148589134,0.09899494978758515
"san-francisco","shelf","2026-07-13T12:00:00Z",37.531898498535156,-123.30140686035156,"2026-07-13T12:00:00Z","rtofs:Y381,X433",2275.914815535772,0,-0.07000000029802322,0.019999999552965164,-0.06729035079479218,0.06427257508039474,0.07280109905655174
"san-francisco","shelf","2026-07-13T12:00:00Z",37.531898498535156,-123.23894500732422,"2026-07-13T12:00:00Z","rtofs:Y381,X434",3667.151546790584,0,-0.05999999865889549,-0.009999999776482582,-0.10308416187763214,0.11949845403432846,0.06082762394337882
"san-francisco","shelf","2026-07-13T12:00:00Z",37.531898498535156,-123.17647552490234,"2026-07-13T12:00:00Z","rtofs:Y381,X434",2431.3377739843077,0,-0.029999999329447746,-0.05000000074505806,-0.10308416187763214,0.11949845403432846,0.058309519242338737
"san-francisco","shelf","2026-07-13T12:00:00Z",37.531898498535156,-123.114013671875,"2026-07-13T12:00:00Z","rtofs:Y381,X435",1380.2317245792888,0,0,-0.07000000029802322,-0.17552289366722107,0.13331487774848938,0.07000000029802322
"san-francisco","shelf","2026-07-13T12:00:00Z",37.531898498535156,-123.05155181884766,"2026-07-13T12:00:00Z","rtofs:Y381,X436",1630.1335293141456,0,-0.009999999776482582,-0.05999999865889549,-0.20949189364910126,0.08481565117835999,0.06082762394337882
"san-francisco","shelf","2026-07-13T12:00:00Z",37.531898498535156,-122.98908233642578,"2026-07-13T12:00:00Z","rtofs:Y381,X437",2867.055591303737,0,-0.07000000029802322,0,-0.13517357409000397,0.055449508130550385,0.07000000029802322
"san-francisco","shelf","2026-07-13T12:00:00Z",37.531898498535156,-122.92662048339844,"2026-07-13T12:00:00Z","rtofs:Y381,X437",3204.4957498528547,0,-0.10000000149011612,0.019999999552965164,-0.13517357409000397,0.055449508130550385,0.10198039164536404
"san-francisco","shelf","2026-07-13T12:00:00Z",37.531898498535156,-122.86415100097656,"2026-07-13T12:00:00Z","rtofs:Y381,X438",1892.339450979034,0,-0.10999999940395355,0.07999999821186066,-0.1103232353925705,-0.004522610455751419,0.1360147035535772
"san-francisco","shelf","2026-07-13T12:00:00Z",37.531898498535156,-122.80168914794922,"2026-07-13T12:00:00Z","rtofs:Y381,X439",1283.6697539745235,0,-0.10999999940395355,0.09000000357627869,-0.12050683796405792,-0.011897999793291092,0.1421267058388393
"san-francisco","shelf","2026-07-13T12:00:00Z",37.531898498535156,-122.73921966552734,"2026-07-13T12:00:00Z","rtofs:Y381,X440",2123.0819726350883,0,-0.07999999821186066,0.009999999776482582,-0.09395036101341248,0.018248368054628372,0.08062257568093045
"san-francisco","shelf","2026-07-13T12:00:00Z",37.531898498535156,-122.6767578125,"2026-07-13T12:00:00Z","rtofs:Y381,X441",3481.77897538278,0,-0.03999999910593033,-0.03999999910593033,-0.07801403850317001,0.03353583440184593,0.05656854123051835
"san-francisco","shelf","2026-07-13T12:00:00Z",37.531898498535156,-122.61428833007812,"2026-07-13T12:00:00Z","rtofs:Y381,X441",2602.3680822401293,0,-0.019999999552965164,-0.05999999865889549,-0.07801403850317001,0.03353583440184593,0.06324555178971931
"san-francisco","shelf","2026-07-13T12:00:00Z",37.531898498535156,-122.55182647705078,"2026-07-13T12:00:00Z","rtofs:Y381,X442",1467.5635679533493,0,-0.029999999329447746,-0.05999999865889549,-0.033145971596241,-0.01229711715131998,0.06708203782559327
"san-francisco","shelf","2026-07-13T12:00:00Z",37.585838317871094,-123.30140686035156,"2026-07-13T12:00:00Z","rtofs:Y382,X433",2994.379765150519,0,-0.029999999329447746,-0.03999999910593033,-0.13652411103248596,0.07361112534999847,0.04999999888241291
"san-francisco","shelf","2026-07-13T12:00:00Z",37.585838317871094,-123.23894500732422,"2026-07-13T12:00:00Z","rtofs:Y382,X434",4149.880405623035,0,-0.009999999776482582,-0.009999999776482582,-0.16735365986824036,0.09782147407531738,0.014142135307629587
"san-francisco","shelf","2026-07-13T12:00:00Z",37.585838317871094,-123.17647552490234,"2026-07-13T12:00:00Z","rtofs:Y382,X434",3113.964300393967,0,0.009999999776482582,-0.029999999329447746,-0.16735365986824036,0.09782147407531738,0.03162277589485966
"san-francisco","shelf","2026-07-13T12:00:00Z",37.585838317871094,-123.114013671875,"2026-07-13T12:00:00Z","rtofs:Y382,X435",2386.7794902293504,0,0.019999999552965164,-0.05000000074505806,-0.22353911399841309,0.07455672323703766,0.05385164859708952
"san-francisco","shelf","2026-07-13T12:00:00Z",37.585838317871094,-123.05155181884766,"2026-07-13T12:00:00Z","rtofs:Y382,X436",2539.2573430123994,0,-0.009999999776482582,-0.03999999910593033,-0.19477659463882446,0.04832560569047928,0.041231055334590684
"san-francisco","shelf","2026-07-13T12:00:00Z",37.585838317871094,-122.98908233642578,"2026-07-13T12:00:00Z","rtofs:Y382,X437",3464.353341650103,0,-0.05999999865889549,-0.029999999329447746,-0.11559107154607773,0.03769879788160324,0.06708203782559327
"san-francisco","shelf","2026-07-13T12:00:00Z",37.585838317871094,-122.92662048339844,"2026-07-13T12:00:00Z","rtofs:Y382,X437",3747.9733622692625,0,-0.07999999821186066,0.009999999776482582,-0.11559107154607773,0.03769879788160324,0.08062257568093045
"san-francisco","shelf","2026-07-13T12:00:00Z",37.585838317871094,-122.86415100097656,"2026-07-13T12:00:00Z","rtofs:Y382,X438",2714.772046805737,0,-0.10000000149011612,0.05999999865889549,-0.10087579488754272,-0.022140683606266975,0.11661903848467747
"san-francisco","shelf","2026-07-13T12:00:00Z",37.585838317871094,-122.80168914794922,"2026-07-13T12:00:00Z","rtofs:Y382,X439",2332.35710551823,0,-0.14000000059604645,0.07999999821186066,-0.0944160521030426,-0.0013204393908381462,0.1612451545963187
"san-francisco","shelf","2026-07-13T12:00:00Z",37.585838317871094,-122.73921966552734,"2026-07-13T12:00:00Z","rtofs:Y382,X440",2880.1141088222876,0,-0.10999999940395355,0.029999999329447746,-0.08882568776607513,0.03313279524445534,0.11401754175843577
"san-francisco","shelf","2026-07-13T12:00:00Z",37.585838317871094,-122.6767578125,"2026-07-13T12:00:00Z","rtofs:Y382,X441",3987.27698724519,0,-0.09000000357627869,-0.019999999552965164,-0.0776495710015297,0.045577581971883774,0.09219544796707038
"san-francisco","shelf","2026-07-13T12:00:00Z",37.585838317871094,-122.61428833007812,"2026-07-13T12:00:00Z","rtofs:Y382,X441",3249.0513627284954,0,-0.09000000357627869,-0.07000000029802322,-0.0776495710015297,0.045577581971883774,0.11401754551582588
"san-francisco","shelf","2026-07-13T12:00:00Z",37.585838317871094,-122.55182647705078,"2026-07-13T12:00:00Z","rtofs:Y382,X442",2438.24282281347,0,-0.10999999940395355,-0.09000000357627869,-0.031567856669425964,-0.010933538898825645,0.1421267058388393
"san-francisco","shelf","2026-07-13T12:00:00Z",37.63977813720703,-123.30140686035156,"2026-07-13T12:00:00Z","rtofs:Y383,X433",3863.641472283614,0,0.009999999776482582,-0.03999999910593033,-0.1703673005104065,0.05549070984125137,0.041231055334590684
"san-francisco","shelf","2026-07-13T12:00:00Z",37.63977813720703,-123.23894500732422,"2026-07-13T12:00:00Z","rtofs:Y383,X434",4813.5128949594955,0,0.029999999329447746,-0.05000000074505806,-0.1883731484413147,0.06036628037691116,0.058309519242338737
"san-francisco","shelf","2026-07-13T12:00:00Z",37.63977813720703,-123.17647552490234,"2026-07-13T12:00:00Z","rtofs:Y383,X434",3956.897416775208,0,0.05000000074505806,-0.03999999910593033,-0.1883731484413147,0.06036628037691116,0.0640312423976002
"san-francisco","shelf","2026-07-13T12:00:00Z",37.63977813720703,-123.114013671875,"2026-07-13T12:00:00Z","rtofs:Y383,X435",3415.15546627357,0,0.05999999865889549,-0.07000000029802322,-0.17899927496910095,0.029763899743556976,0.09219544392642573
"san-francisco","shelf","2026-07-13T12:00:00Z",37.63977813720703,-123.05155181884766,"2026-07-13T12:00:00Z","rtofs:Y383,X436",3523.2391454194403,0,0.029999999329447746,-0.07999999821186066,-0.11443128436803818,0.035021521151065826,0.08544003554344165
"san-francisco","shelf","2026-07-13T12:00:00Z",37.63977813720703,-122.98908233642578,"2026-07-13T12:00:00Z","rtofs:Y383,X437",4237.732088788911,0,-0.019999999552965164,-0.05000000074505806,-0.070985808968544,0.011126190423965454,0.05385164859708952
"san-francisco","shelf","2026-07-13T12:00:00Z",37.63977813720703,-122.92662048339844,"2026-07-13T12:00:00Z","rtofs:Y383,X437",4472.215133810117,0,-0.05999999865889549,0.019999999552965164,-0.070985808968544,0.011126190423965454,0.06324555178971931
"san-francisco","shelf","2026-07-13T12:00:00Z",37.63977813720703,-122.86415100097656,"2026-07-13T12:00:00Z","rtofs:Y383,X438",3651.563978492139,0,-0.11999999731779099,0.07999999821186066,-0.04889361187815666,-0.006736866198480129,0.14422204779494552
"san-francisco","shelf","2026-07-13T12:00:00Z",37.63977813720703,-122.80168914794922,"2026-07-13T12:00:00Z","rtofs:Y383,X439",3377.4050894872316,0,-0.14000000059604645,0.07000000029802322,-0.035254016518592834,0.03245989605784416,0.15652475909138547
"san-francisco","shelf","2026-07-13T12:00:00Z",37.63977813720703,-122.73921966552734,"2026-07-13T12:00:00Z","rtofs:Y383,X440",3775.91457988982,0,-0.1599999964237213,0.03999999910593033,-0.05375141277909279,0.05684632062911987,0.16492422133836274
"san-francisco","shelf","2026-07-13T12:00:00Z",37.63977813720703,-122.6767578125,"2026-07-13T12:00:00Z","rtofs:Y383,X441",4674.27673589633,0,-0.2199999988079071,0,-0.06323908269405365,0.05836430937051773,0.2199999988079071
"san-francisco","shelf","2026-07-13T12:00:00Z",37.63977813720703,-122.61428833007812,"2026-07-13T12:00:00Z","rtofs:Y383,X441",4063.895048143846,0,-0.27000001072883606,-0.07000000029802322,-0.06323908269405365,0.05836430937051773,0.27892652407989965
"san-francisco","shelf","2026-07-13T12:00:00Z",37.63977813720703,-122.55182647705078,"2026-07-13T12:00:00Z","rtofs:Y383,X442",3451.2616628746837,0,-0.25,-0.11999999731779099,-0.03077131323516369,-0.014554165303707123,0.27730849131656576
"san-francisco","shelf","2026-07-13T12:00:00Z",37.693721771240234,-123.30140686035156,"2026-07-13T12:00:00Z","rtofs:Y383,X433",3228.6612249289865,0,0.029999999329447746,-0.05000000074505806,-0.1703673005104065,0.05549070984125137,0.058309519242338737
"san-francisco","shelf","2026-07-13T12:00:00Z",37.693721771240234,-123.23894500732422,"2026-07-13T12:00:00Z","rtofs:Y383,X434",4319.773825155076,0,0.07000000029802322,-0.05000000074505806,-0.1883731484413147,0.06036628037691116,0.08602325334599394
"san-francisco","shelf","2026-07-13T12:00:00Z",37.693721771240234,-123.17647552490234,"2026-07-13T12:00:00Z","rtofs:Y383,X434",3339.616020353909,0,0.07999999821186066,-0.029999999329447746,-0.1883731484413147,0.06036628037691116,0.08544003554344165
"san-francisco","shelf","2026-07-13T12:00:00Z",37.693721771240234,-123.114013671875,"2026-07-13T12:00:00Z","rtofs:Y383,X435",2676.2261713685116,0,0.09000000357627869,-0.05000000074505806,-0.17899927496910095,0.029763899743556976,0.10295630489793223
"san-francisco","shelf","2026-07-13T12:00:00Z",37.693721771240234,-123.05155181884766,"2026-07-13T12:00:00Z","rtofs:Y383,X436",2812.7511224121677,0,0.07000000029802322,-0.07999999821186066,-0.11443128436803818,0.035021521151065826,0.10630145697788418
"san-francisco","shelf","2026-07-13T12:00:00Z",37.693721771240234,-122.98908233642578,"2026-07-13T12:00:00Z","rtofs:Y383,X437",3667.79214430652,0,0.029999999329447746,-0.07000000029802322,-0.070985808968544,0.011126190423965454,0.07615773106842218
"san-francisco","shelf","2026-07-13T12:00:00Z",37.693721771240234,-122.92662048339844,"2026-07-13T12:00:00Z","rtofs:Y383,X437",3936.184738953116,0,-0.03999999910593033,0,-0.070985808968544,0.011126190423965454,0.03999999910593033
"san-francisco","shelf","2026-07-13T12:00:00Z",37.693721771240234,-122.86415100097656,"2026-07-13T12:00:00Z","rtofs:Y383,X438",2971.8017009902505,0,-0.11999999731779099,0.09000000357627869,-0.04889361187815666,-0.006736866198480129,0.15000000000000005
"san-francisco","shelf","2026-07-13T12:00:00Z",37.693721771240234,-122.80168914794922,"2026-07-13T12:00:00Z","rtofs:Y383,X439",2627.9176363726565,0,-0.15000000596046448,0.05999999865889549,-0.035254016518592834,0.03245989605784416,0.1615549492501138
"san-francisco","shelf","2026-07-13T12:00:00Z",37.693721771240234,-122.73921966552734,"2026-07-13T12:00:00Z","rtofs:Y383,X440",3123.2268128353962,0,-0.25,0.03999999910593033,-0.05375141277909279,0.05684632062911987,0.25317977788218876
"san-francisco","shelf","2026-07-13T12:00:00Z",37.693721771240234,-122.6767578125,"2026-07-13T12:00:00Z","rtofs:Y383,X441",4164.1760673973395,0,-0.36000001430511475,-0.029999999329447746,-0.06323908269405365,0.05836430937051773,0.361247851563784
"san-francisco","shelf","2026-07-13T12:00:00Z",37.693721771240234,-122.61428833007812,"2026-07-13T12:00:00Z","rtofs:Y383,X441",3465.6337700629033,0,-0.3499999940395355,-0.1899999976158142,-0.06323908269405365,0.05836430937051773,0.39824614865894725
"san-francisco","nearshore","2026-07-13T12:00:00Z",37.693721771240234,-122.55182647705078,"2026-07-13T12:00:00Z","rtofs:Y383,X442",2722.118035712245,0,-0.3499999940395355,-0.23999999463558197,-0.03077131323516369,-0.014554165303707123,0.4243818955289614
"san-francisco","shelf","2026-07-13T12:00:00Z",37.74766159057617,-123.30140686035156,"2026-07-13T12:00:00Z","rtofs:Y384,X433",2457.8141188381865,0,0.07000000029802322,-0.05999999865889549,-0.1495964229106903,0.031214730814099312,0.09219544392642573
"san-francisco","shelf","2026-07-13T12:00:00Z",37.74766159057617,-123.23894500732422,"2026-07-13T12:00:00Z","rtofs:Y384,X434",3776.7741310397164,0,0.09000000357627869,-0.05999999865889549,-0.13965587317943573,0.0314716100692749,0.10816654049565252
"san-francisco","shelf","2026-07-13T12:00:00Z",37.74766159057617,-123.17647552490234,"2026-07-13T12:00:00Z","rtofs:Y384,X434",2601.630262414102,0,0.11999999731779099,-0.05999999865889549,-0.13965587317943573,0.0314716100692749,0.13416407565118654
"san-francisco","shelf","2026-07-13T12:00:00Z",37.74766159057617,-123.114013671875,"2026-07-13T12:00:00Z","rtofs:Y384,X435",1668.5143760166507,0,0.10999999940395355,-0.07000000029802322,-0.09702624380588531,0.034967560321092606,0.13038404776119292
"san-francisco","shelf","2026-07-13T12:00:00Z",37.74766159057617,-123.05155181884766,"2026-07-13T12:00:00Z","rtofs:Y384,X436",1879.3982906692122,0,0.10999999940395355,-0.07999999821186066,-0.04000549763441086,0.015371827408671379,0.1360147035535772
"san-francisco","shelf","2026-07-13T12:00:00Z",37.74766159057617,-122.98908233642578,"2026-07-13T12:00:00Z","rtofs:Y384,X437",3010.7322531657214,0,0.07000000029802322,-0.09000000357627869,-0.006563082803040743,0.015056714415550232,0.11401754551582588
"san-francisco","shelf","2026-07-13T12:00:00Z",37.74766159057617,-122.92662048339844,"2026-07-13T12:00:00Z","rtofs:Y384,X437",3331.986427306392,0,-0.07999999821186066,0.009999999776482582,-0.006563082803040743,0.015056714415550232,0.08062257568093045
"san-francisco","shelf","2026-07-13T12:00:00Z",37.74766159057617,-122.86415100097656,"2026-07-13T12:00:00Z","rtofs:Y384,X438",2109.6729578980944,0,-0.15000000596046448,0.10999999940395355,0.01538965292274952,0.050311360508203506,0.1860107568314509
"san-francisco","shelf","2026-07-13T12:00:00Z",37.74766159057617,-122.80168914794922,"2026-07-13T12:00:00Z","rtofs:Y384,X439",1590.0031038443842,0,-0.2199999988079071,0.10000000149011612,-0.005676225759088993,0.09301700443029404,0.24166091900326447
"san-francisco","shelf","2026-07-13T12:00:00Z",37.74766159057617,-122.73921966552734,"2026-07-13T12:00:00Z","rtofs:Y384,X440",2317.8009737805273,0,-0.33000001311302185,0.029999999329447746,-0.036893654614686966,0.07926920056343079,0.33136084351407824
"san-francisco","shelf","2026-07-13T12:00:00Z",37.74766159057617,-122.6767578125,"2026-07-13T12:00:00Z","rtofs:Y384,X441",3598.058654515969,0,-0.41999998688697815,-0.18000000715255737,-0.04202656075358391,0.061101071536540985,0.4569463771165962
"san-francisco","nearshore","2026-07-13T12:00:00Z",37.74766159057617,-122.61428833007812,"2026-07-13T12:00:00Z","rtofs:Y384,X441",2761.287126932457,0,-0.41999998688697815,-0.38999998569488525,-0.04202656075358391,0.061101071536540985,0.5731491758932159
"san-francisco","nearshore","2026-07-13T12:00:00Z",37.74766159057617,-122.55182647705078,"2026-07-13T12:00:00Z","rtofs:Y384,X442",1741.0596396013834,0,-0.4399999976158142,-0.4000000059604645,-0.019483007490634918,-0.003595286514610052,0.594642752138028
"san-francisco","shelf","2026-07-13T12:00:00Z",37.80160140991211,-123.30140686035156,"2026-07-13T12:00:00Z","rtofs:Y385,X433",1956.9588943455603,0,0.10000000149011612,-0.09000000357627869,-0.1300104707479477,0.021078309044241905,0.13453624397073602
"san-francisco","shelf","2026-07-13T12:00:00Z",37.80160140991211,-123.23894500732422,"2026-07-13T12:00:00Z","rtofs:Y385,X434",3469.8472680688733,0,0.09000000357627869,-0.09000000357627869,-0.07978016138076782,0.020172331482172012,0.1272792256712004
"san-francisco","shelf","2026-07-13T12:00:00Z",37.80160140991211,-123.17647552490234,"2026-07-13T12:00:00Z","rtofs:Y385,X434",2134.51768750347,0,0.09000000357627869,-0.07999999821186066,-0.07978016138076782,0.020172331482172012,0.12041594727289191
"san-francisco","shelf","2026-07-13T12:00:00Z",37.80160140991211,-123.114013671875,"2026-07-13T12:00:00Z","rtofs:Y385,X435",760.2204381097231,0,0.10999999940395355,-0.09000000357627869,-0.0374937504529953,0.0263837780803442,0.1421267058388393
"san-francisco","shelf","2026-07-13T12:00:00Z",37.80160140991211,-123.05155181884766,"2026-07-13T12:00:00Z","rtofs:Y385,X436",1151.0639094522676,0,0.10999999940395355,-0.10000000149011612,-0.00392395444214344,0.026406383141875267,0.148660688034507
"san-francisco","shelf","2026-07-13T12:00:00Z",37.80160140991211,-122.98908233642578,"2026-07-13T12:00:00Z","rtofs:Y385,X437",2616.975140124346,0,-0.03999999910593033,-0.1599999964237213,0.026465270668268204,0.07463164627552032,0.16492422133836274
"san-francisco","shelf","2026-07-13T12:00:00Z",37.80160140991211,-122.92662048339844,"2026-07-13T12:00:00Z","rtofs:Y385,X437",2980.429053380318,0,-0.1599999964237213,-0.07000000029802322,0.026465270668268204,0.07463164627552032,0.1746424888087492
"san-francisco","shelf","2026-07-13T12:00:00Z",37.80160140991211,-122.86415100097656,"2026-07-13T12:00:00Z","rtofs:Y385,X438",1497.3562325005728,0,-0.20999999344348907,0.10999999940395355,0.001864466816186905,0.12781576812267303,0.2370653857380601
"san-francisco","nearshore","2026-07-13T12:00:00Z",37.80160140991211,-122.80168914794922,"2026-07-13T12:00:00Z","rtofs:Y385,X439",567.8995032766677,0,-0.25999999046325684,0.12999999523162842,-0.06039348244667053,0.13833191990852356,0.29068882641256966
"san-francisco","nearshore","2026-07-13T12:00:00Z",37.80160140991211,-122.73921966552734,"2026-07-13T12:00:00Z","rtofs:Y385,X440",1778.228885725648,0,-0.3499999940395355,-0.05999999865889549,-0.07393747568130493,0.04790254309773445,0.3551056119899295
"san-francisco","nearshore","2026-07-13T12:00:00Z",37.80160140991211,-122.6767578125,"2026-07-13T12:00:00Z","rtofs:Y385,X441",3274.741247179174,0,-0.4699999988079071,-0.23000000417232513,-0.035952966660261154,0.03174624964594841,0.5232590188412449
"san-francisco","nearshore","2026-07-13T12:00:00Z",37.80160140991211,-122.61428833007812,"2026-07-13T12:00:00Z","rtofs:Y385,X441",2326.1634887873906,0,-0.49000000953674316,-0.49000000953674316,-0.035952966660261154,0.03174624964594841,0.6929646590498082
"san-francisco","nearshore","2026-07-13T12:00:00Z",37.80160140991211,-122.55182647705078,"2026-07-13T12:00:00Z","rtofs:Y385,X442",908.2356007551167,0,-0.47999998927116394,-0.15000000596046448,-0.006451283115893602,0.0036325794644653797,0.5028916299646047
"san-francisco","shelf","2026-07-13T12:00:00Z",37.85554122924805,-123.30140686035156,"2026-07-13T12:00:00Z","rtofs:Y386,X433",1937.03381484685,0,0.05999999865889549,-0.10999999940395355,-0.11066125333309174,-0.011288134381175041,0.1252996396959594
"san-francisco","shelf","2026-07-13T12:00:00Z",37.85554122924805,-123.23894500732422,"2026-07-13T12:00:00Z","rtofs:Y386,X434",3456.7658119811445,0,0.07000000029802322,-0.12999999523162842,-0.09246034920215607,0.0025637466460466385,0.1476482265452134
"san-francisco","shelf","2026-07-13T12:00:00Z",37.85554122924805,-123.17647552490234,"2026-07-13T12:00:00Z","rtofs:Y386,X434",2115.992765192519,0,0.07000000029802322,-0.10999999940395355,-0.09246034920215607,0.0025637466460466385,0.13038404776119292
"san-francisco","shelf","2026-07-13T12:00:00Z",37.85554122924805,-123.114013671875,"2026-07-13T12:00:00Z","rtofs:Y386,X435",710.988456411906,0,0.07999999821186066,-0.12999999523162842,-0.053493913263082504,0.023419788107275963,0.15264337022655494
"san-francisco","nearshore","2026-07-13T12:00:00Z",37.85554122924805,-123.05155181884766,"2026-07-13T12:00:00Z","rtofs:Y386,X436",1118.6298590942715,0,0.10000000149011612,-0.10999999940395355,-0.04909920319914818,0.07305041700601578,0.148660688034507
"san-francisco","nearshore","2026-07-13T12:00:00Z",37.85554122924805,-122.98908233642578,"2026-07-13T12:00:00Z","rtofs:Y386,X437",2601.1886816946153,0,-0.09000000357627869,-0.1599999964237213,-0.09058819711208344,0.10718025267124176,0.18357559614317207
"san-francisco","nearshore","2026-07-13T12:00:00Z",37.85554122924805,-122.92662048339844,"2026-07-13T12:00:00Z","rtofs:Y386,X437",2966.0334235033415,0,-0.2199999988079071,-0.14000000059604645,-0.09058819711208344,0.10718025267124176,0.26076809552238583
"san-francisco","nearshore","2026-07-13T12:00:00Z",37.85554122924805,-122.86415100097656,"2026-07-13T12:00:00Z","rtofs:Y386,X438",1472.0752952139037,0,-0.27000001072883606,-0.009999999776482582,-0.12412005662918091,0.14647610485553741,0.2701851324353382
"san-francisco","nearshore","2026-07-13T12:00:00Z",37.85554122924805,-122.80168914794922,"2026-07-13T12:00:00Z","rtofs:Y386,X439",500.48421039864587,0,-0.27000001072883606,-0.019999999552965164,-0.1304260492324829,0.13497740030288696,0.2707397380801167
"san-francisco","nearshore","2026-07-13T12:00:00Z",37.85554122924805,-122.73921966552734,"2026-07-13T12:00:00Z","rtofs:Y386,X440",1756.578696288569,0,-0.30000001192092896,-0.07999999821186066,-0.08694717288017273,0.005095910280942917,0.3104835049828819
"san-francisco","nearshore","2026-07-13T12:00:00Z",37.85554122924805,-122.6767578125,"2026-07-13T12:00:00Z","rtofs:Y386,X441",3261.1972046308842,0,-0.41999998688697815,-0.15000000596046448,-0.024086175486445427,0.0025932565331459045,0.44598205207519415
"san-francisco","nearshore","2026-07-13T12:00:00Z",37.85554122924805,-122.61428833007812,"2026-07-13T12:00:00Z","rtofs:Y386,X441",2308.882910720971,0,-0.44999998807907104,-0.4699999988079071,-0.024086175486445427,0.0025932565331459045,0.6506919302946647
"san-francisco","shelf","2026-07-13T12:00:00Z",37.909481048583984,-123.30140686035156,"2026-07-13T12:00:00Z","rtofs:Y387,X433",2402.3956873463867,0,0,-0.10999999940395355,-0.10037048161029816,-0.040150269865989685,0.10999999940395355
"san-francisco","shelf","2026-07-13T12:00:00Z",37.909481048583984,-123.23894500732422,"2026-07-13T12:00:00Z","rtofs:Y387,X434",3735.7211264226466,0,0.05000000074505806,-0.12999999523162842,-0.08848270028829575,-0.00547562912106514,0.13928387858876282
"san-francisco","shelf","2026-07-13T12:00:00Z",37.909481048583984,-123.17647552490234,"2026-07-13T12:00:00Z","rtofs:Y387,X434",2548.6620242952677,0,0.07000000029802322,-0.11999999731779099,-0.08848270028829575,-0.00547562912106514,0.13892443772782775
"san-francisco","nearshore","2026-07-13T12:00:00Z",37.909481048583984,-123.114013671875,"2026-07-13T12:00:00Z","rtofs:Y387,X435",1590.6185626498207,0,0.10000000149011612,-0.10999999940395355,-0.11062150448560715,0.05864569917321205,0.148660688034507
"san-francisco","nearshore","2026-07-13T12:00:00Z",37.909481048583984,-123.05155181884766,"2026-07-13T12:00:00Z","rtofs:Y387,X436",1809.616177284578,0,0.10000000149011612,-0.09000000357627869,-0.169798344373703,0.1115683764219284,0.13453624397073602
"san-francisco","nearshore","2026-07-13T12:00:00Z",37.909481048583984,-122.98908233642578,"2026-07-13T12:00:00Z","rtofs:Y387,X437",2963.2413327365375,0,0.10000000149011612,-0.07000000029802322,-0.19329170882701874,0.048615142703056335,0.12206555754899281
"san-francisco","nearshore","2026-07-13T12:00:00Z",37.909481048583984,-122.92662048339844,"2026-07-13T12:00:00Z","rtofs:Y387,X437",3287.665438259758,0,-0.20999999344348907,-0.17000000178813934,-0.19329170882701874,0.048615142703056335,0.27018511775120563
"san-francisco","nearshore","2026-07-13T12:00:00Z",37.909481048583984,-122.86415100097656,"2026-07-13T12:00:00Z","rtofs:Y387,X438",2046.6873026189855,0,-0.2800000011920929,-0.10999999940395355,-0.14225132763385773,0.06320182234048843,0.3008321800214229
"san-francisco","nearshore","2026-07-13T12:00:00Z",37.909481048583984,-122.80168914794922,"2026-07-13T12:00:00Z","rtofs:Y387,X439",1508.4602798575825,0,-0.33000001311302185,-0.10999999940395355,-0.05177602171897888,0.06099820137023926,0.3478505548701401
"san-francisco","shelf","2026-07-13T12:00:00Z",37.96342086791992,-123.30140686035156,"2026-07-13T12:00:00Z","rtofs:Y388,X433",3138.6323854656007,0,-0.029999999329447746,-0.12999999523162842,-0.04610829055309296,-0.04133279621601105,0.133416635844224
"san-francisco","shelf","2026-07-13T12:00:00Z",37.96342086791992,-123.23894500732422,"2026-07-13T12:00:00Z","rtofs:Y388,X434",4245.244055655699,0,0.019999999552965164,-0.12999999523162842,-0.035098716616630554,0.014458123594522476,0.1315294595987607
"san-francisco","shelf","2026-07-13T12:00:00Z",37.96342086791992,-123.17647552490234,"2026-07-13T12:00:00Z","rtofs:Y388,X434",3251.7739685421802,0,0.029999999329447746,-0.10000000149011612,-0.035098716616630554,0.014458123594522476,0.10440306632369613
"san-francisco","nearshore","2026-07-13T12:00:00Z",37.96342086791992,-123.114013671875,"2026-07-13T12:00:00Z","rtofs:Y388,X435",2571.912470819552,0,0.05000000074505806,-0.09000000357627869,-0.04455120116472244,0.07002723217010498,0.10295630489793223
"san-francisco","nearshore","2026-07-13T12:00:00Z",37.96342086791992,-123.05155181884766,"2026-07-13T12:00:00Z","rtofs:Y388,X436",2712.5987717006255,0,0.05000000074505806,-0.07999999821186066,-0.025447750464081764,0.08410948514938354,0.0943398101991069
"san-francisco","shelf","2026-07-13T12:00:00Z",38.01736068725586,-123.30140686035156,"2026-07-13T12:00:00Z","rtofs:Y388,X433",3952.0296337769482,0,0.009999999776482582,-0.15000000596046448,-0.04610829055309296,-0.04133279621601105,0.15033296971612395
"san-francisco","shelf","2026-07-13T12:00:00Z",38.01736068725586,-123.23894500732422,"2026-07-13T12:00:00Z","rtofs:Y388,X434",4876.844934920424,0,0.029999999329447746,-0.14000000059604645,-0.035098716616630554,0.014458123594522476,0.143178211075079
"san-francisco","shelf","2026-07-13T12:00:00Z",38.01736068725586,-123.17647552490234,"2026-07-13T12:00:00Z","rtofs:Y388,X434",4042.403680364355,0,0.03999999910593033,-0.09000000357627869,-0.035098716616630554,0.014458123594522476,0.09848858092288976
"san-francisco","nearshore","2026-07-13T12:00:00Z",38.01736068725586,-123.114013671875,"2026-07-13T12:00:00Z","rtofs:Y388,X435",3519.1813422173636,0,0.029999999329447746,-0.07000000029802322,-0.04455120116472244,0.07002723217010498,0.07615773106842218
"san-francisco","nearshore","2026-07-13T12:00:00Z",38.01736068725586,-123.05155181884766,"2026-07-13T12:00:00Z","rtofs:Y388,X436",3623.1959972234504,0,0.03999999910593033,-0.05000000074505806,-0.025447750464081764,0.08410948514938354,0.0640312423976002
"san-francisco","shelf","2026-07-13T12:00:00Z",38.0713005065918,-123.30140686035156,"2026-07-13T12:00:00Z","rtofs:Y389,X433",3098.6547818580248,0,0,-0.17000000178813934,-0.0020678192377090454,-0.05095544457435608,0.17000000178813934
"san-francisco","shelf","2026-07-13T12:00:00Z",38.0713005065918,-123.23894500732422,"2026-07-13T12:00:00Z","rtofs:Y389,X434",4213.515517303576,0,0.019999999552965164,-0.12999999523162842,0.0047176857478916645,0.035383399575948715,0.1315294595987607
"san-francisco","shelf","2026-07-13T12:00:00Z",38.0713005065918,-123.17647552490234,"2026-07-13T12:00:00Z","rtofs:Y389,X434",3212.9422764028086,0,0.03999999910593033,-0.07999999821186066,0.0047176857478916645,0.035383399575948715,0.08944271710079103
"san-francisco","nearshore","2026-07-13T12:00:00Z",38.0713005065918,-123.114013671875,"2026-07-13T12:00:00Z","rtofs:Y389,X435",2524.464296217892,0,0.029999999329447746,-0.05999999865889549,-0.01486366055905819,0.09012649953365326,0.06708203782559327
"san-francisco","nearshore","2026-07-13T12:00:00Z",38.0713005065918,-123.05155181884766,"2026-07-13T12:00:00Z","rtofs:Y389,X436",2667.329496086101,0,0.03999999910593033,-0.03999999910593033,-0.01576140522956848,0.06125763803720474,0.05656854123051835
"san-francisco","shelf","2026-07-13T12:00:00Z",38.125240325927734,-123.30140686035156,"2026-07-13T12:00:00Z","rtofs:Y390,X433",2375.953252844315,0,-0.009999999776482582,-0.1599999964237213,0.018300555646419525,-0.05351683124899864,0.1603121918355572
"san-francisco","shelf","2026-07-13T12:00:00Z",38.125240325927734,-123.23894500732422,"2026-07-13T12:00:00Z","rtofs:Y390,X434",3712.704996214332,0,0.029999999329447746,-0.10000000149011612,0.029953138902783394,0.05488354712724686,0.10440306632369613
"san-francisco","shelf","2026-07-13T12:00:00Z",38.125240325927734,-123.17647552490234,"2026-07-13T12:00:00Z","rtofs:Y390,X434",2522.962103117173,0,0.03999999910593033,-0.03999999910593033,0.029953138902783394,0.05488354712724686,0.05656854123051835
"san-francisco","nearshore","2026-07-13T12:00:00Z",38.125240325927734,-123.114013671875,"2026-07-13T12:00:00Z","rtofs:Y390,X435",1556.1400752946097,0,0.03999999910593033,-0.029999999329447746,-0.009600844234228134,0.12369523197412491,0.04999999888241291
"san-francisco","nearshore","2026-07-13T12:00:00Z",38.125240325927734,-123.05155181884766,"2026-07-13T12:00:00Z","rtofs:Y390,X436",1778.2331984447715,0,0.029999999329447746,-0.029999999329447746,-0.02147604338824749,0.08630027621984482,0.042426405922888766
"san-francisco","shelf","2026-07-13T12:00:00Z",38.17918014526367,-123.30140686035156,"2026-07-13T12:00:00Z","rtofs:Y391,X433",1926.1081442243506,0,0.009999999776482582,-0.14000000059604645,0.021446295082569122,-0.03331013023853302,0.14035668905478876
"san-francisco","shelf","2026-07-13T12:00:00Z",38.17918014526367,-123.23894500732422,"2026-07-13T12:00:00Z","rtofs:Y391,X434",3440.3326883030113,0,0.05000000074505806,-0.05999999865889549,0.026131775230169296,0.0801449716091156,0.07810249620577608
"san-francisco","shelf","2026-07-13T12:00:00Z",38.17918014526367,-123.17647552490234,"2026-07-13T12:00:00Z","rtofs:Y391,X434",2104.5008200567518,0,0.05999999865889549,-0.009999999776482582,0.026131775230169296,0.0801449716091156,0.06082762394337882
"san-francisco","nearshore","2026-07-13T12:00:00Z",38.17918014526367,-123.114013671875,"2026-07-13T12:00:00Z","rtofs:Y391,X435",701.0496651077676,0,0.05999999865889549,-0.009999999776482582,-0.022877495735883713,0.14880609512329102,0.06082762394337882
"san-francisco","nearshore","2026-07-13T12:00:00Z",38.17918014526367,-123.05155181884766,"2026-07-13T12:00:00Z","rtofs:Y391,X436",1109.426259502976,0,0.029999999329447746,-0.019999999552965164,-0.02871360443532467,0.0939105749130249,0.03605551194873638
"san-francisco","shelf","2026-07-13T12:00:00Z",38.23311996459961,-123.30140686035156,"2026-07-13T12:00:00Z","rtofs:Y392,X433",1939.5746801660005,0,0.03999999910593033,-0.10999999940395355,0.008627908304333687,-0.005656796507537365,0.11704699824149362
"san-francisco","shelf","2026-07-13T12:00:00Z",38.23311996459961,-123.23894500732422,"2026-07-13T12:00:00Z","rtofs:Y392,X434",3446.0003037643482,0,0.07999999821186066,-0.03999999910593033,-0.0010299794375896454,0.11162237823009491,0.08944271710079103
"san-francisco","nearshore","2026-07-13T12:00:00Z",38.23311996459961,-123.17647552490234,"2026-07-13T12:00:00Z","rtofs:Y392,X434",2116.560475911167,0,0.07000000029802322,0.009999999776482582,-0.0010299794375896454,0.11162237823009491,0.07071067838207255
"san-francisco","nearshore","2026-07-13T12:00:00Z",38.23311996459961,-123.114013671875,"2026-07-13T12:00:00Z","rtofs:Y392,X435",740.7347903969477,0,0.07000000029802322,0.009999999776482582,-0.04090394079685211,0.14087936282157898,0.07071067838207255
"san-francisco","nearshore","2026-07-13T12:00:00Z",38.23311996459961,-123.05155181884766,"2026-07-13T12:00:00Z","rtofs:Y392,X436",1134.3979131703184,0,0.07999999821186066,0.009999999776482582,-0.02964513562619686,0.04521851986646652,0.08062257568093045
"san-francisco","shelf","2026-07-13T12:00:00Z",38.28705978393555,-123.30140686035156,"2026-07-13T12:00:00Z","rtofs:Y393,X433",2400.9855781176516,0,0.03999999910593033,-0.07999999821186066,-0.004174611996859312,0.023917019367218018,0.08944271710079103
"san-francisco","shelf","2026-07-13T12:00:00Z",38.28705978393555,-123.23894500732422,"2026-07-13T12:00:00Z","rtofs:Y393,X434",3723.5293884527096,0,0.029999999329447746,0.019999999552965164,-0.016506271436810493,0.12998706102371216,0.03605551194873638
"san-francisco","nearshore","2026-07-13T12:00:00Z",38.28705978393555,-123.17647552490234,"2026-07-13T12:00:00Z","rtofs:Y393,X434",2545.8706169197553,0,0.009999999776482582,0.07000000029802322,-0.016506271436810493,0.12998706102371216,0.07071067838207255
"san-francisco","nearshore","2026-07-13T12:00:00Z",38.28705978393555,-123.114013671875,"2026-07-13T12:00:00Z","rtofs:Y393,X435",1598.9465543463589,0,0.019999999552965164,0.05000000074505806,-0.016672052443027496,0.07782791554927826,0.05385164859708952
"san-francisco","shelf","2026-07-13T18:00:00Z",37.20825958251953,-123.30140686035156,"2026-07-13T18:00:00Z","rtofs:Y376,X433",2697.3388647485094,0,-0.12999999523162842,-0.029999999329447746,0.02492937073111534,-0.14146584272384644,0.133416635844224
"san-francisco","shelf","2026-07-13T18:00:00Z",37.20825958251953,-123.23894500732422,"2026-07-13T18:00:00Z","rtofs:Y376,X434",3951.5653296348237,0,-0.12999999523162842,-0.029999999329447746,0.021670561283826828,-0.06391624361276627,0.133416635844224
"san-francisco","shelf","2026-07-13T18:00:00Z",37.20825958251953,-123.17647552490234,"2026-07-13T18:00:00Z","rtofs:Y376,X434",2830.81900609734,0,-0.12999999523162842,-0.009999999776482582,0.021670561283826828,-0.06391624361276627,0.1303840433325837
"san-francisco","shelf","2026-07-13T18:00:00Z",37.20825958251953,-123.114013671875,"2026-07-13T18:00:00Z","rtofs:Y376,X435",1993.178374601432,0,-0.10999999940395355,0.03999999910593033,0.045746684074401855,0.07747874408960342,0.11704699824149362
"san-francisco","shelf","2026-07-13T18:00:00Z",37.20825958251953,-123.05155181884766,"2026-07-13T18:00:00Z","rtofs:Y376,X436",2175.2051737596553,0,-0.10999999940395355,0.10999999940395355,0.06544514000415802,0.15331397950649261,0.1555634910181035
"san-francisco","shelf","2026-07-13T18:00:00Z",37.20825958251953,-122.98908233642578,"2026-07-13T18:00:00Z","rtofs:Y376,X437",3215.8933869443604,0,-0.12999999523162842,0.20999999344348907,0.028613468632102013,0.12812334299087524,0.24698177261994228
"san-francisco","shelf","2026-07-13T18:00:00Z",37.20825958251953,-122.92662048339844,"2026-07-13T18:00:00Z","rtofs:Y376,X437",3522.5492840946768,0,-0.12999999523162842,0.20000000298023224,0.028613468632102013,0.12812334299087524,0.23853720873758105
"san-francisco","shelf","2026-07-13T18:00:00Z",37.20825958251953,-122.86415100097656,"2026-07-13T18:00:00Z","rtofs:Y376,X438",2379.7193428623336,0,-0.07000000029802322,0.15000000596046448,-0.006246029399335384,0.07213094830513,0.1655294590997706
"san-francisco","shelf","2026-07-13T18:00:00Z",37.20825958251953,-122.80168914794922,"2026-07-13T18:00:00Z","rtofs:Y376,X439",1926.9973999436404,0,0,0.07000000029802322,0.043530918657779694,0.02351410686969757,0.07000000029802322
"san-francisco","shelf","2026-07-13T18:00:00Z",37.20825958251953,-122.73921966552734,"2026-07-13T18:00:00Z","rtofs:Y376,X440",2568.569832417033,0,0.07999999821186066,0.009999999776482582,0.07007408887147903,0.032055750489234924,0.08062257568093045
"san-francisco","shelf","2026-07-13T18:00:00Z",37.20825958251953,-122.6767578125,"2026-07-13T18:00:00Z","rtofs:Y376,X441",3778.6598218127283,0,0.07000000029802322,0,0.017072919756174088,0.0017288490198552608,0.07000000029802322
"san-francisco","shelf","2026-07-13T18:00:00Z",37.20825958251953,-122.61428833007812,"2026-07-13T18:00:00Z","rtofs:Y376,X441",2980.242826585728,0,0.11999999731779099,-0.009999999776482582,0.017072919756174088,0.0017288490198552608,0.12041594309641682
"san-francisco","nearshore","2026-07-13T18:00:00Z",37.20825958251953,-122.55182647705078,"2026-07-13T18:00:00Z","rtofs:Y376,X442",2055.1397686807168,0,0.20999999344348907,-0.019999999552965164,0.0007314905524253845,-0.0011880742385983467,0.21095022452792997
"san-francisco","nearshore","2026-07-13T18:00:00Z",37.20825958251953,-122.4893569946289,"2026-07-13T18:00:00Z","rtofs:Y376,X443",2093.229733801782,0,0.2199999988079071,-0.029999999329447746,0.00777952466160059,0.033459343016147614,0.22203603183998313
"san-francisco","shelf","2026-07-13T18:00:00Z",37.26219940185547,-123.30140686035156,"2026-07-13T18:00:00Z","rtofs:Y377,X433",3549.5582117697086,0,-0.14000000059604645,-0.019999999552965164,0.026042981073260307,-0.126173198223114,0.1414213567641451
"san-francisco","shelf","2026-07-13T18:00:00Z",37.26219940185547,-123.23894500732422,"2026-07-13T18:00:00Z","rtofs:Y377,X434",4574.449690638424,0,-0.12999999523162842,0,0.023053593933582306,-0.055546872317790985,0.12999999523162842
"san-francisco","shelf","2026-07-13T18:00:00Z",37.26219940185547,-123.17647552490234,"2026-07-13T18:00:00Z","rtofs:Y377,X434",3651.86418561007,0,-0.15000000596046448,0.03999999910593033,0.023053593933582306,-0.055546872317790985,0.15524175249144095
"san-francisco","shelf","2026-07-13T18:00:00Z",37.26219940185547,-123.114013671875,"2026-07-13T18:00:00Z","rtofs:Y377,X435",3049.8585960121286,0,-0.17000000178813934,0.09000000357627869,0.04619944840669632,0.07127456367015839,0.1923538438703463
"san-francisco","shelf","2026-07-13T18:00:00Z",37.26219940185547,-123.05155181884766,"2026-07-13T18:00:00Z","rtofs:Y377,X436",3171.6260308266874,0,-0.15000000596046448,0.11999999731779099,0.05190678685903549,0.13940441608428955,0.19209373010176367
"san-francisco","shelf","2026-07-13T18:00:00Z",37.26219940185547,-122.98908233642578,"2026-07-13T18:00:00Z","rtofs:Y377,X437",3957.387375638329,0,-0.1599999964237213,0.18000000715255737,0.039599932730197906,0.1093500629067421,0.24083189454578383
"san-francisco","shelf","2026-07-13T18:00:00Z",37.26219940185547,-122.92662048339844,"2026-07-13T18:00:00Z","rtofs:Y377,X437",4209.997087255292,0,-0.10000000149011612,0.15000000596046448,0.039599932730197906,0.1093500629067421,0.1802775695591734
"san-francisco","shelf","2026-07-13T18:00:00Z",37.26219940185547,-122.86415100097656,"2026-07-13T18:00:00Z","rtofs:Y377,X438",3315.012145441805,0,-0.029999999329447746,0.10000000149011612,0.075649693608284,0.08840075135231018,0.10440306632369613
"san-francisco","shelf","2026-07-13T18:00:00Z",37.26219940185547,-122.80168914794922,"2026-07-13T18:00:00Z","rtofs:Y377,X439",3007.091785003914,0,0.03999999910593033,0.03999999910593033,0.12237868458032608,0.07017840445041656,0.05656854123051835
"san-francisco","shelf","2026-07-13T18:00:00Z",37.26219940185547,-122.73921966552734,"2026-07-13T18:00:00Z","rtofs:Y377,X440",3452.8734431591915,0,0.03999999910593033,0.03999999910593033,0.0912599191069603,0.048432979732751846,0.05656854123051835
"san-francisco","shelf","2026-07-13T18:00:00Z",37.26219940185547,-122.6767578125,"2026-07-13T18:00:00Z","rtofs:Y377,X441",4426.180736017494,0,0.10000000149011612,0.009999999776482582,0.05722454935312271,0.023056862875819206,0.10049875767168905
"san-francisco","shelf","2026-07-13T18:00:00Z",37.26219940185547,-122.61428833007812,"2026-07-13T18:00:00Z","rtofs:Y377,X441",3768.6959215348293,0,0.14000000059604645,0,0.05722454935312271,0.023056862875819206,0.14000000059604645
"san-francisco","nearshore","2026-07-13T18:00:00Z",37.26219940185547,-122.55182647705078,"2026-07-13T18:00:00Z","rtofs:Y377,X442",3090.644868707531,0,0.2800000011920929,-0.029999999329447746,0.054636090993881226,0.027706347405910492,0.2816025579204473
"san-francisco","nearshore","2026-07-13T18:00:00Z",37.26219940185547,-122.4893569946289,"2026-07-13T18:00:00Z","rtofs:Y377,X443",3116.0633070806184,0,0.3400000035762787,-0.05000000074505806,0.022678066045045853,0.03341090679168701,0.3436568091954171
"san-francisco","shelf","2026-07-13T18:00:00Z",37.316139221191406,-123.30140686035156,"2026-07-13T18:00:00Z","rtofs:Y377,X433",3541.303213600224,0,-0.12999999523162842,-0.029999999329447746,0.026042981073260307,-0.126173198223114,0.133416635844224
"san-francisco","shelf","2026-07-13T18:00:00Z",37.316139221191406,-123.23894500732422,"2026-07-13T18:00:00Z","rtofs:Y377,X434",4567.394009258163,0,-0.12999999523162842,-0.009999999776482582,0.023053593933582306,-0.055546872317790985,0.1303840433325837
"san-francisco","shelf","2026-07-13T18:00:00Z",37.316139221191406,-123.17647552490234,"2026-07-13T18:00:00Z","rtofs:Y377,X434",3643.768516281747,0,-0.12999999523162842,0.019999999552965164,0.023053593933582306,-0.055546872317790985,0.1315294595987607
"san-francisco","shelf","2026-07-13T18:00:00Z",37.316139221191406,-123.114013671875,"2026-07-13T18:00:00Z","rtofs:Y377,X435",3040.635736573913,0,-0.12999999523162842,0.05000000074505806,0.04619944840669632,0.07127456367015839,0.13928387858876282
"san-francisco","shelf","2026-07-13T18:00:00Z",37.316139221191406,-123.05155181884766,"2026-07-13T18:00:00Z","rtofs:Y377,X436",3162.672445891274,0,-0.14000000059604645,0.07000000029802322,0.05190678685903549,0.13940441608428955,0.15652475909138547
"san-francisco","shelf","2026-07-13T18:00:00Z",37.316139221191406,-122.98908233642578,"2026-07-13T18:00:00Z","rtofs:Y377,X437",3949.7070485674344,0,-0.14000000059604645,0.12999999523162842,0.039599932730197906,0.1093500629067421,0.1910497289375633
"san-francisco","shelf","2026-07-13T18:00:00Z",37.316139221191406,-122.92662048339844,"2026-07-13T18:00:00Z","rtofs:Y377,X437",4202.6025108883705,0,-0.10000000149011612,0.15000000596046448,0.039599932730197906,0.1093500629067421,0.1802775695591734
"san-francisco","shelf","2026-07-13T18:00:00Z",37.316139221191406,-122.86415100097656,"2026-07-13T18:00:00Z","rtofs:Y377,X438",3306.3460654711607,0,-0.009999999776482582,0.07000000029802322,0.075649693608284,0.08840075135231018,0.07071067838207255
"san-francisco","shelf","2026-07-13T18:00:00Z",37.316139221191406,-122.80168914794922,"2026-07-13T18:00:00Z","rtofs:Y377,X439",2997.7683141958137,0,0.019999999552965164,0.05000000074505806,0.12237868458032608,0.07017840445041656,0.05385164859708952
"san-francisco","shelf","2026-07-13T18:00:00Z",37.316139221191406,-122.73921966552734,"2026-07-13T18:00:00Z","rtofs:Y377,X440",3444.457163408318,0,0.019999999552965164,0.07000000029802322,0.0912599191069603,0.048432979732751846,0.07280109905655174
"san-francisco","shelf","2026-07-13T18:00:00Z",37.316139221191406,-122.6767578125,"2026-07-13T18:00:00Z","rtofs:Y377,X441",4418.996530288414,0,0.05000000074505806,0.05000000074505806,0.05722454935312271,0.023056862875819206,0.07071067917232597
"san-francisco","shelf","2026-07-13T18:00:00Z",37.316139221191406,-122.61428833007812,"2026-07-13T18:00:00Z","rtofs:Y377,X441",3760.7691533835523,0,0.12999999523162842,0.019999999552965164,0.05722454935312271,0.023056862875819206,0.1315294595987607
"san-francisco","nearshore","2026-07-13T18:00:00Z",37.316139221191406,-122.55182647705078,"2026-07-13T18:00:00Z","rtofs:Y377,X442",3081.514960317883,0,0.4000000059604645,-0.03999999910593033,0.054636090993881226,0.027706347405910492,0.4019950306867562
"san-francisco","nearshore","2026-07-13T18:00:00Z",37.316139221191406,-122.4893569946289,"2026-07-13T18:00:00Z","rtofs:Y377,X443",3106.9898969417986,0,0.4699999988079071,-0.009999999776482582,0.022678066045045853,0.03341090679168701,0.47010636974514863
"san-francisco","shelf","2026-07-13T18:00:00Z",37.370079040527344,-123.30140686035156,"2026-07-13T18:00:00Z","rtofs:Y378,X433",2692.0693971116543,0,-0.11999999731779099,-0.029999999329447746,0.02753174491226673,-0.10614906996488571,0.12369316600377205
"san-francisco","shelf","2026-07-13T18:00:00Z",37.370079040527344,-123.23894500732422,"2026-07-13T18:00:00Z","rtofs:Y378,X434",3943.9177647887777,0,-0.10999999940395355,-0.03999999910593033,0.009239350445568562,-0.036233965307474136,0.11704699824149362
"san-francisco","shelf","2026-07-13T18:00:00Z",37.370079040527344,-123.17647552490234,"2026-07-13T18:00:00Z","rtofs:Y378,X434",2825.297684273148,0,-0.11999999731779099,-0.009999999776482582,0.009239350445568562,-0.036233965307474136,0.12041594309641682
"san-francisco","shelf","2026-07-13T18:00:00Z",37.370079040527344,-123.114013671875,"2026-07-13T18:00:00Z","rtofs:Y378,X435",1989.2278981619274,0,-0.12999999523162842,0.009999999776482582,0.011302925646305084,0.055029936134815216,0.1303840433325837
"san-francisco","shelf","2026-07-13T18:00:00Z",37.370079040527344,-123.05155181884766,"2026-07-13T18:00:00Z","rtofs:Y378,X436",2170.9157570184816,0,-0.15000000596046448,0.05999999865889549,0.027202777564525604,0.11535735428333282,0.1615549492501138
"san-francisco","shelf","2026-07-13T18:00:00Z",37.370079040527344,-122.98908233642578,"2026-07-13T18:00:00Z","rtofs:Y378,X437",3209.6434732003695,0,-0.12999999523162842,0.07999999821186066,0.0725235566496849,0.12495768815279007,0.15264337022655494
"san-francisco","shelf","2026-07-13T18:00:00Z",37.370079040527344,-122.92662048339844,"2026-07-13T18:00:00Z","rtofs:Y378,X437",3515.717507424222,0,-0.05000000074505806,0.07000000029802322,0.0725235566496849,0.12495768815279007,0.08602325334599394
"san-francisco","shelf","2026-07-13T18:00:00Z",37.370079040527344,-122.86415100097656,"2026-07-13T18:00:00Z","rtofs:Y378,X438",2375.0472078021103,0,-0.029999999329447746,0.09000000357627869,0.12716850638389587,0.1491560935974121,0.09486833298576001
"san-francisco","shelf","2026-07-13T18:00:00Z",37.370079040527344,-122.80168914794922,"2026-07-13T18:00:00Z","rtofs:Y378,X439",1923.1696657615282,0,0.009999999776482582,0.07000000029802322,0.11808010935783386,0.08691760897636414,0.07071067838207255
"san-francisco","shelf","2026-07-13T18:00:00Z",37.370079040527344,-122.73921966552734,"2026-07-13T18:00:00Z","rtofs:Y378,X440",2563.5429016773755,0,0.029999999329447746,0.07000000029802322,0.08053282648324966,0.07083600759506226,0.07615773106842218
"san-francisco","shelf","2026-07-13T18:00:00Z",37.370079040527344,-122.6767578125,"2026-07-13T18:00:00Z","rtofs:Y378,X441",3771.3412518847576,0,0.029999999329447746,0.07999999821186066,0.07100662589073181,0.04165453836321831,0.08544003554344165
"san-francisco","shelf","2026-07-13T18:00:00Z",37.370079040527344,-122.61428833007812,"2026-07-13T18:00:00Z","rtofs:Y378,X441",2974.4391055714977,0,0.10999999940395355,0.05000000074505806,0.07100662589073181,0.04165453836321831,0.12083045950163224
"san-francisco","shelf","2026-07-13T18:00:00Z",37.370079040527344,-122.55182647705078,"2026-07-13T18:00:00Z","rtofs:Y378,X442",2051.0741256172328,0,0.23000000417232513,0.009999999776482582,0.057140469551086426,0.0486924909055233,0.2302172928231049
"san-francisco","nearshore","2026-07-13T18:00:00Z",37.370079040527344,-122.4893569946289,"2026-07-13T18:00:00Z","rtofs:Y378,X443",2089.093182997537,0,0.36000001430511475,0.009999999776482582,0.02143181674182415,0.03536335751414299,0.36013887640077474
"san-francisco","shelf","2026-07-13T18:00:00Z",37.42401885986328,-123.30140686035156,"2026-07-13T18:00:00Z","rtofs:Y379,X433",2069.3822961263845,0,-0.14000000059604645,-0.009999999776482582,0.03816048800945282,-0.09374701976776123,0.14035668905478876
"san-francisco","shelf","2026-07-13T18:00:00Z",37.42401885986328,-123.23894500732422,"2026-07-13T18:00:00Z","rtofs:Y379,X434",3546.347674871507,0,-0.12999999523162842,-0.009999999776482582,-0.007218348793685436,-0.03474586829543114,0.1303840433325837
"san-francisco","shelf","2026-07-13T18:00:00Z",37.42401885986328,-123.17647552490234,"2026-07-13T18:00:00Z","rtofs:Y379,X434",2239.7011353156977,0,-0.14000000059604645,0,-0.007218348793685436,-0.03474586829543114,0.14000000059604645
"san-francisco","shelf","2026-07-13T18:00:00Z",37.42401885986328,-123.114013671875,"2026-07-13T18:00:00Z","rtofs:Y379,X435",998.6422087722104,0,-0.17000000178813934,0.05000000074505806,-0.02669486589729786,0.025249850004911423,0.177200453392403
"san-francisco","shelf","2026-07-13T18:00:00Z",37.42401885986328,-123.05155181884766,"2026-07-13T18:00:00Z","rtofs:Y379,X436",1323.6124936385681,0,-0.17000000178813934,0.03999999910593033,0.03593437373638153,0.10977046191692352,0.1746424935015582
"san-francisco","shelf","2026-07-13T18:00:00Z",37.42401885986328,-122.98908233642578,"2026-07-13T18:00:00Z","rtofs:Y379,X437",2707.7910830927813,0,-0.14000000059604645,0.07000000029802322,0.12043601274490356,0.1711598038673401,0.15652475909138547
"san-francisco","shelf","2026-07-13T18:00:00Z",37.42401885986328,-122.92662048339844,"2026-07-13T18:00:00Z","rtofs:Y379,X437",3063.881023278817,0,-0.10000000149011612,0.07999999821186066,0.12043601274490356,0.1711598038673401,0.1280624847952004
"san-francisco","shelf","2026-07-13T18:00:00Z",37.42401885986328,-122.86415100097656,"2026-07-13T18:00:00Z","rtofs:Y379,X438",1636.603385122116,0,-0.05999999865889549,0.09000000357627869,0.0875667855143547,0.15609844028949738,0.10816654049565252
"san-francisco","shelf","2026-07-13T18:00:00Z",37.42401885986328,-122.80168914794922,"2026-07-13T18:00:00Z","rtofs:Y379,X439",859.7935660082884,0,-0.05000000074505806,0.10999999940395355,0.05584307387471199,0.11488194763660431,0.12083045950163224
"san-francisco","shelf","2026-07-13T18:00:00Z",37.42401885986328,-122.73921966552734,"2026-07-13T18:00:00Z","rtofs:Y379,X440",1899.4513981468997,0,-0.05000000074505806,0.14000000059604645,0.07501465082168579,0.10521112382411957,0.1486606882850971
"san-francisco","shelf","2026-07-13T18:00:00Z",37.42401885986328,-122.6767578125,"2026-07-13T18:00:00Z","rtofs:Y379,X441",3353.683751977269,0,0.029999999329447746,0.07999999821186066,0.05970022827386856,0.053356289863586426,0.08544003554344165
"san-francisco","shelf","2026-07-13T18:00:00Z",37.42401885986328,-122.61428833007812,"2026-07-13T18:00:00Z","rtofs:Y379,X441",2424.847916034525,0,0.05999999865889549,0.10000000149011612,0.05970022827386856,0.053356289863586426,0.11661903848467747
"san-francisco","shelf","2026-07-13T18:00:00Z",37.42401885986328,-122.55182647705078,"2026-07-13T18:00:00Z","rtofs:Y379,X442",1116.5896009249282,0,0.09000000357627869,0.10000000149011612,0.02308618277311325,0.05899001285433769,0.13453624397073602
"san-francisco","shelf","2026-07-13T18:00:00Z",37.42401885986328,-122.4893569946289,"2026-07-13T18:00:00Z","rtofs:Y379,X443",1184.8759701464396,0,0.10999999940395355,0.10000000149011612,-0.006718446966260672,-0.004168346524238586,0.148660688034507
"san-francisco","shelf","2026-07-13T18:00:00Z",37.47795867919922,-123.30140686035156,"2026-07-13T18:00:00Z","rtofs:Y380,X433",1898.8566766831168,0,-0.12999999523162842,-0.029999999329447746,0.010139085352420807,-0.07153477519750595,0.133416635844224
"san-francisco","shelf","2026-07-13T18:00:00Z",37.47795867919922,-123.23894500732422,"2026-07-13T18:00:00Z","rtofs:Y380,X434",3447.735869535009,0,-0.15000000596046448,0,-0.030573643743991852,-0.03017468750476837,0.15000000596046448
"san-francisco","shelf","2026-07-13T18:00:00Z",37.47795867919922,-123.17647552490234,"2026-07-13T18:00:00Z","rtofs:Y380,X434",2082.88821726798,0,-0.17000000178813934,0.019999999552965164,-0.030573643743991852,-0.03017468750476837,0.17117242940989646
"san-francisco","shelf","2026-07-13T18:00:00Z",37.47795867919922,-123.114013671875,"2026-07-13T18:00:00Z","rtofs:Y380,X435",570.7484242899152,0,-0.18000000715255737,0.009999999776482582,-0.02733081951737404,0.021367240697145462,0.1802775709023459
"san-francisco","shelf","2026-07-13T18:00:00Z",37.47795867919922,-123.05155181884766,"2026-07-13T18:00:00Z","rtofs:Y380,X436",1038.861659337301,0,-0.20000000298023224,0.019999999552965164,0.043139293789863586,0.13666442036628723,0.2009975153433781
"san-francisco","shelf","2026-07-13T18:00:00Z",37.47795867919922,-122.98908233642578,"2026-07-13T18:00:00Z","rtofs:Y380,X437",2578.887616592688,0,-0.1899999976158142,0.05000000074505806,0.05697508901357651,0.22001008689403534,0.19646882492781192
"san-francisco","shelf","2026-07-13T18:00:00Z",37.47795867919922,-122.92662048339844,"2026-07-13T18:00:00Z","rtofs:Y380,X437",2950.029027931256,0,-0.15000000596046448,0.07999999821186066,0.05697508901357651,0.22001008689403534,0.17000000441775606
"san-francisco","shelf","2026-07-13T18:00:00Z",37.47795867919922,-122.86415100097656,"2026-07-13T18:00:00Z","rtofs:Y380,X438",1415.733216357324,0,-0.14000000059604645,0.14000000059604645,0.03232327103614807,0.12973570823669434,0.1979898995751703
"san-francisco","shelf","2026-07-13T18:00:00Z",37.47795867919922,-122.80168914794922,"2026-07-13T18:00:00Z","rtofs:Y380,X439",260.99294761407634,0,-0.10000000149011612,0.18000000715255737,0.05094976723194122,0.15112444758415222,0.20591260979586445
"san-francisco","shelf","2026-07-13T18:00:00Z",37.47795867919922,-122.73921966552734,"2026-07-13T18:00:00Z","rtofs:Y380,X440",1712.3922773049505,0,-0.029999999329447746,0.12999999523162842,0.05600448697805405,0.11647291481494904,0.133416635844224
"san-francisco","shelf","2026-07-13T18:00:00Z",37.47795867919922,-122.6767578125,"2026-07-13T18:00:00Z","rtofs:Y380,X441",3249.5509186881277,0,0,0.11999999731779099,0.05773823708295822,0.06660383939743042,0.11999999731779099
"san-francisco","shelf","2026-07-13T18:00:00Z",37.47795867919922,-122.61428833007812,"2026-07-13T18:00:00Z","rtofs:Y380,X441",2280.503152039166,0,0.019999999552965164,0.11999999731779099,0.05773823708295822,0.06660383939743042,0.12165524788675763
"san-francisco","shelf","2026-07-13T18:00:00Z",37.47795867919922,-122.55182647705078,"2026-07-13T18:00:00Z","rtofs:Y380,X442",758.18759020796,0,0.029999999329447746,0.11999999731779099,0.03832890838384628,0.022693516686558723,0.12369316600377205
"san-francisco","shelf","2026-07-13T18:00:00Z",37.47795867919922,-122.4893569946289,"2026-07-13T18:00:00Z","rtofs:Y380,X443",855.4300579396885,0,0.03999999910593033,0.12999999523162842,0.0028504012152552605,-0.021120868623256683,0.13601470026691173
"san-francisco","shelf","2026-07-13T18:00:00Z",37.531898498535156,-123.30140686035156,"2026-07-13T18:00:00Z","rtofs:Y381,X433",2275.914815535772,0,-0.11999999731779099,-0.05999999865889549,-0.056509703397750854,-0.04222328960895538,0.13416407565118654
"san-francisco","shelf","2026-07-13T18:00:00Z",37.531898498535156,-123.23894500732422,"2026-07-13T18:00:00Z","rtofs:Y381,X434",3667.151546790584,0,-0.15000000596046448,0,-0.07381720095872879,0.006034819409251213,0.15000000596046448
"san-francisco","shelf","2026-07-13T18:00:00Z",37.531898498535156,-123.17647552490234,"2026-07-13T18:00:00Z","rtofs:Y381,X434",2431.3377739843077,0,-0.17000000178813934,0.019999999552965164,-0.07381720095872879,0.006034819409251213,0.17117242940989646
"san-francisco","shelf","2026-07-13T18:00:00Z",37.531898498535156,-123.114013671875,"2026-07-13T18:00:00Z","rtofs:Y381,X435",1380.2317245792888,0,-0.1899999976158142,0,-0.025735724717378616,0.06847992539405823,0.1899999976158142
"san-francisco","shelf","2026-07-13T18:00:00Z",37.531898498535156,-123.05155181884766,"2026-07-13T18:00:00Z","rtofs:Y381,X436",1630.1335293141456,0,-0.20000000298023224,-0.019999999552965164,0.040979646146297455,0.18837986886501312,0.2009975153433781
"san-francisco","shelf","2026-07-13T18:00:00Z",37.531898498535156,-122.98908233642578,"2026-07-13T18:00:00Z","rtofs:Y381,X437",2867.055591303737,0,-0.1899999976158142,-0.019999999552965164,-0.016125816851854324,0.19596265256404877,0.19104972932754452
"san-francisco","shelf","2026-07-13T18:00:00Z",37.531898498535156,-122.92662048339844,"2026-07-13T18:00:00Z","rtofs:Y381,X437",3204.4957498528547,0,-0.15000000596046448,0.03999999910593033,-0.016125816851854324,0.19596265256404877,0.15524175249144095
"san-francisco","shelf","2026-07-13T18:00:00Z",37.531898498535156,-122.86415100097656,"2026-07-13T18:00:00Z","rtofs:Y381,X438",1892.339450979034,0,-0.10000000149011612,0.14000000059604645,-0.022035494446754456,0.16074210405349731,0.17204650669198787
"san-francisco","shelf","2026-07-13T18:00:00Z",37.531898498535156,-122.80168914794922,"2026-07-13T18:00:00Z","rtofs:Y381,X439",1283.6697539745235,0,-0.07999999821186066,0.1899999976158142,0.03281500190496445,0.16349062323570251,0.20615527838963307
"san-francisco","shelf","2026-07-13T18:00:00Z",37.531898498535156,-122.73921966552734,"2026-07-13T18:00:00Z","rtofs:Y381,X440",2123.0819726350883,0,-0.03999999910593033,0.18000000715255737,0.0367133691906929,0.13158056139945984,0.18439089593414076
"san-francisco","shelf","2026-07-13T18:00:00Z",37.531898498535156,-122.6767578125,"2026-07-13T18:00:00Z","rtofs:Y381,X441",3481.77897538278,0,0.009999999776482582,0.1599999964237213,0.049836449325084686,0.08938004076480865,0.1603121918355572
"san-francisco","shelf","2026-07-13T18:00:00Z",37.531898498535156,-122.61428833007812,"2026-07-13T18:00:00Z","rtofs:Y381,X441",2602.3680822401293,0,0.029999999329447746,0.15000000596046448,0.049836449325084686,0.08938004076480865,0.1529705911209937
"san-francisco","shelf","2026-07-13T18:00:00Z",37.531898498535156,-122.55182647705078,"2026-07-13T18:00:00Z","rtofs:Y381,X442",1467.5635679533493,0,0.03999999910593033,0.14000000059604645,0.02237655036151409,-0.002262151800096035,0.1456021981131035
"san-francisco","shelf","2026-07-13T18:00:00Z",37.585838317871094,-123.30140686035156,"2026-07-13T18:00:00Z","rtofs:Y382,X433",2994.379765150519,0,-0.07999999821186066,-0.05000000074505806,-0.12288165837526321,-0.010670717805624008,0.0943398101991069
"san-francisco","shelf","2026-07-13T18:00:00Z",37.585838317871094,-123.23894500732422,"2026-07-13T18:00:00Z","rtofs:Y382,X434",4149.880405623035,0,-0.10000000149011612,-0.03999999910593033,-0.11312587559223175,0.05162505805492401,0.10770329719417904
"san-francisco","shelf","2026-07-13T18:00:00Z",37.585838317871094,-123.17647552490234,"2026-07-13T18:00:00Z","rtofs:Y382,X434",3113.964300393967,0,-0.12999999523162842,0.009999999776482582,-0.11312587559223175,0.05162505805492401,0.1303840433325837
"san-francisco","shelf","2026-07-13T18:00:00Z",37.585838317871094,-123.114013671875,"2026-07-13T18:00:00Z","rtofs:Y382,X435",2386.7794902293504,0,-0.15000000596046448,0.009999999776482582,-0.042147114872932434,0.11535312235355377,0.15033296971612395
"san-francisco","shelf","2026-07-13T18:00:00Z",37.585838317871094,-123.05155181884766,"2026-07-13T18:00:00Z","rtofs:Y382,X436",2539.2573430123994,0,-0.1599999964237213,-0.009999999776482582,-0.027729567140340805,0.20255117118358612,0.1603121918355572
"san-francisco","shelf","2026-07-13T18:00:00Z",37.585838317871094,-122.98908233642578,"2026-07-13T18:00:00Z","rtofs:Y382,X437",3464.353341650103,0,-0.14000000059604645,-0.029999999329447746,-0.05150299891829491,0.13843786716461182,0.143178211075079
"san-francisco","shelf","2026-07-13T18:00:00Z",37.585838317871094,-122.92662048339844,"2026-07-13T18:00:00Z","rtofs:Y382,X437",3747.9733622692625,0,-0.11999999731779099,0.05999999865889549,-0.05150299891829491,0.13843786716461182,0.13416407565118654
"san-francisco","shelf","2026-07-13T18:00:00Z",37.585838317871094,-122.86415100097656,"2026-07-13T18:00:00Z","rtofs:Y382,X438",2714.772046805737,0,-0.07000000029802322,0.1599999964237213,-0.017431296408176422,0.1547614187002182,0.1746424888087492
"san-francisco","shelf","2026-07-13T18:00:00Z",37.585838317871094,-122.80168914794922,"2026-07-13T18:00:00Z","rtofs:Y382,X439",2332.35710551823,0,-0.05000000074505806,0.2199999988079071,0.014731681905686855,0.1592315137386322,0.2256102824562412
"san-francisco","shelf","2026-07-13T18:00:00Z",37.585838317871094,-122.73921966552734,"2026-07-13T18:00:00Z","rtofs:Y382,X440",2880.1141088222876,0,-0.009999999776482582,0.23000000417232513,0.054891400039196014,0.1536945402622223,0.2302172928231049
"san-francisco","shelf","2026-07-13T18:00:00Z",37.585838317871094,-122.6767578125,"2026-07-13T18:00:00Z","rtofs:Y382,X441",3987.27698724519,0,0.05000000074505806,0.1899999976158142,0.06900111585855484,0.11178292334079742,0.19646882492781192
"san-francisco","shelf","2026-07-13T18:00:00Z",37.585838317871094,-122.61428833007812,"2026-07-13T18:00:00Z","rtofs:Y382,X441",3249.0513627284954,0,0.10000000149011612,0.15000000596046448,0.06900111585855484,0.11178292334079742,0.1802775695591734
"san-francisco","shelf","2026-07-13T18:00:00Z",37.585838317871094,-122.55182647705078,"2026-07-13T18:00:00Z","rtofs:Y382,X442",2438.24282281347,0,0.10999999940395355,0.14000000059604645,0.027879495173692703,-0.001599699491634965,0.1780449382480805
"san-francisco","shelf","2026-07-13T18:00:00Z",37.63977813720703,-123.30140686035156,"2026-07-13T18:00:00Z","rtofs:Y383,X433",3863.641472283614,0,-0.029999999329447746,-0.05000000074505806,-0.14203235507011414,0.03731566667556763,0.058309519242338737
"san-francisco","shelf","2026-07-13T18:00:00Z",37.63977813720703,-123.23894500732422,"2026-07-13T18:00:00Z","rtofs:Y383,X434",4813.5128949594955,0,-0.05999999865889549,0,-0.12315823137760162,0.07883405685424805,0.05999999865889549
"san-francisco","shelf","2026-07-13T18:00:00Z",37.63977813720703,-123.17647552490234,"2026-07-13T18:00:00Z","rtofs:Y383,X434",3956.897416775208,0,-0.07999999821186066,0.029999999329447746,-0.12315823137760162,0.07883405685424805,0.08544003554344165
"san-francisco","shelf","2026-07-13T18:00:00Z",37.63977813720703,-123.114013671875,"2026-07-13T18:00:00Z","rtofs:Y383,X435",3415.15546627357,0,-0.11999999731779099,0.03999999910593033,-0.05113137140870094,0.15258833765983582,0.12649110357943863
"san-francisco","shelf","2026-07-13T18:00:00Z",37.63977813720703,-123.05155181884766,"2026-07-13T18:00:00Z","rtofs:Y383,X436",3523.2391454194403,0,-0.12999999523162842,0.03999999910593033,-0.04717564210295677,0.13448670506477356,0.13601470026691173
"san-francisco","shelf","2026-07-13T18:00:00Z",37.63977813720703,-122.98908233642578,"2026-07-13T18:00:00Z","rtofs:Y383,X437",4237.732088788911,0,-0.11999999731779099,0.009999999776482582,-0.048025600612163544,0.11823267489671707,0.12041594309641682
"san-francisco","shelf","2026-07-13T18:00:00Z",37.63977813720703,-122.92662048339844,"2026-07-13T18:00:00Z","rtofs:Y383,X437",4472.215133810117,0,-0.07999999821186066,0.10999999940395355,-0.048025600612163544,0.11823267489671707,0.1360147035535772
"san-francisco","shelf","2026-07-13T18:00:00Z",37.63977813720703,-122.86415100097656,"2026-07-13T18:00:00Z","rtofs:Y383,X438",3651.563978492139,0,-0.05000000074505806,0.20999999344348907,0.006701379083096981,0.10429340600967407,0.2158703252435852
"san-francisco","shelf","2026-07-13T18:00:00Z",37.63977813720703,-122.80168914794922,"2026-07-13T18:00:00Z","rtofs:Y383,X439",3377.4050894872316,0,-0.019999999552965164,0.27000001072883606,0.03919287025928497,0.14304210245609283,0.2707397380801167
"san-francisco","shelf","2026-07-13T18:00:00Z",37.63977813720703,-122.73921966552734,"2026-07-13T18:00:00Z","rtofs:Y383,X440",3775.91457988982,0,0.009999999776482582,0.27000001072883606,0.08252889662981033,0.16302090883255005,0.2701851324353382
"san-francisco","shelf","2026-07-13T18:00:00Z",37.63977813720703,-122.6767578125,"2026-07-13T18:00:00Z","rtofs:Y383,X441",4674.27673589633,0,0.07000000029802322,0.23000000417232513,0.07357527315616608,0.12131039053201675,0.24041630968175354
"san-francisco","shelf","2026-07-13T18:00:00Z",37.63977813720703,-122.61428833007812,"2026-07-13T18:00:00Z","rtofs:Y383,X441",4063.895048143846,0,0.07999999821186066,0.20000000298023224,0.07357527315616608,0.12131039053201675,0.21540659438835807
"san-francisco","shelf","2026-07-13T18:00:00Z",37.63977813720703,-122.55182647705078,"2026-07-13T18:00:00Z","rtofs:Y383,X442",3451.2616628746837,0,0.05999999865889549,0.20999999344348907,0.02576066367328167,-0.004268412012606859,0.21840329000574354
"san-francisco","shelf","2026-07-13T18:00:00Z",37.693721771240234,-123.30140686035156,"2026-07-13T18:00:00Z","rtofs:Y383,X433",3228.6612249289865,0,0.009999999776482582,-0.019999999552965164,-0.14203235507011414,0.03731566667556763,0.02236067927519776
"san-francisco","shelf","2026-07-13T18:00:00Z",37.693721771240234,-123.23894500732422,"2026-07-13T18:00:00Z","rtofs:Y383,X434",4319.773825155076,0,0,-0.009999999776482582,-0.12315823137760162,0.07883405685424805,0.009999999776482582
"san-francisco","shelf","2026-07-13T18:00:00Z",37.693721771240234,-123.17647552490234,"2026-07-13T18:00:00Z","rtofs:Y383,X434",3339.616020353909,0,-0.05000000074505806,0.019999999552965164,-0.12315823137760162,0.07883405685424805,0.05385164859708952
"san-francisco","shelf","2026-07-13T18:00:00Z",37.693721771240234,-123.114013671875,"2026-07-13T18:00:00Z","rtofs:Y383,X435",2676.2261713685116,0,-0.10000000149011612,0.029999999329447746,-0.05113137140870094,0.15258833765983582,0.10440306632369613
"san-francisco","shelf","2026-07-13T18:00:00Z",37.693721771240234,-123.05155181884766,"2026-07-13T18:00:00Z","rtofs:Y383,X436",2812.7511224121677,0,-0.14000000059604645,0.009999999776482582,-0.04717564210295677,0.13448670506477356,0.14035668905478876
"san-francisco","shelf","2026-07-13T18:00:00Z",37.693721771240234,-122.98908233642578,"2026-07-13T18:00:00Z","rtofs:Y383,X437",3667.79214430652,0,-0.11999999731779099,0.009999999776482582,-0.048025600612163544,0.11823267489671707,0.12041594309641682
"san-francisco","shelf","2026-07-13T18:00:00Z",37.693721771240234,-122.92662048339844,"2026-07-13T18:00:00Z","rtofs:Y383,X437",3936.184738953116,0,-0.05000000074505806,0.10000000149011612,-0.048025600612163544,0.11823267489671707,0.11180340054098996
"san-francisco","shelf","2026-07-13T18:00:00Z",37.693721771240234,-122.86415100097656,"2026-07-13T18:00:00Z","rtofs:Y383,X438",2971.8017009902505,0,-0.019999999552965164,0.2199999988079071,0.006701379083096981,0.10429340600967407,0.22090721911607536
"san-francisco","shelf","2026-07-13T18:00:00Z",37.693721771240234,-122.80168914794922,"2026-07-13T18:00:00Z","rtofs:Y383,X439",2627.9176363726565,0,0,0.28999999165534973,0.03919287025928497,0.14304210245609283,0.28999999165534973
"san-francisco","shelf","2026-07-13T18:00:00Z",37.693721771240234,-122.73921966552734,"2026-07-13T18:00:00Z","rtofs:Y383,X440",3123.2268128353962,0,0.03999999910593033,0.3100000023841858,0.08252889662981033,0.16302090883255005,0.3125699944119231
"san-francisco","shelf","2026-07-13T18:00:00Z",37.693721771240234,-122.6767578125,"2026-07-13T18:00:00Z","rtofs:Y383,X441",4164.1760673973395,0,0.05999999865889549,0.33000001311302185,0.07357527315616608,0.12131039053201675,0.335410209286572
"san-francisco","shelf","2026-07-13T18:00:00Z",37.693721771240234,-122.61428833007812,"2026-07-13T18:00:00Z","rtofs:Y383,X441",3465.6337700629033,0,0.07000000029802322,0.3499999940395355,0.07357527315616608,0.12131039053201675,0.3569313601652258
"san-francisco","nearshore","2026-07-13T18:00:00Z",37.693721771240234,-122.55182647705078,"2026-07-13T18:00:00Z","rtofs:Y383,X442",2722.118035712245,0,0.03999999910593033,0.36000001430511475,0.02576066367328167,-0.004268412012606859,0.36221541964438403
"san-francisco","shelf","2026-07-13T18:00:00Z",37.74766159057617,-123.30140686035156,"2026-07-13T18:00:00Z","rtofs:Y384,X433",2457.8141188381865,0,0.03999999910593033,-0.05000000074505806,-0.10432069003582001,0.06478947401046753,0.0640312423976002
"san-francisco","shelf","2026-07-13T18:00:00Z",37.74766159057617,-123.23894500732422,"2026-07-13T18:00:00Z","rtofs:Y384,X434",3776.7741310397164,0,0.019999999552965164,-0.029999999329447746,-0.043597448617219925,0.09525418281555176,0.03605551194873638
"san-francisco","shelf","2026-07-13T18:00:00Z",37.74766159057617,-123.17647552490234,"2026-07-13T18:00:00Z","rtofs:Y384,X434",2601.630262414102,0,-0.029999999329447746,-0.009999999776482582,-0.043597448617219925,0.09525418281555176,0.03162277589485966
"san-francisco","shelf","2026-07-13T18:00:00Z",37.74766159057617,-123.114013671875,"2026-07-13T18:00:00Z","rtofs:Y384,X435",1668.5143760166507,0,-0.10999999940395355,0.009999999776482582,-0.019436590373516083,0.107966847717762,0.11045360955803768
"san-francisco","shelf","2026-07-13T18:00:00Z",37.74766159057617,-123.05155181884766,"2026-07-13T18:00:00Z","rtofs:Y384,X436",1879.3982906692122,0,-0.14000000059604645,-0.03999999910593033,-0.02313143014907837,0.06719978153705597,0.1456021981131035
"san-francisco","shelf","2026-07-13T18:00:00Z",37.74766159057617,-122.98908233642578,"2026-07-13T18:00:00Z","rtofs:Y384,X437",3010.7322531657214,0,-0.12999999523162842,-0.03999999910593033,0.028760647401213646,0.08943398296833038,0.13601470026691173
"san-francisco","shelf","2026-07-13T18:00:00Z",37.74766159057617,-122.92662048339844,"2026-07-13T18:00:00Z","rtofs:Y384,X437",3331.986427306392,0,-0.029999999329447746,0.019999999552965164,0.028760647401213646,0.08943398296833038,0.03605551194873638
"san-francisco","shelf","2026-07-13T18:00:00Z",37.74766159057617,-122.86415100097656,"2026-07-13T18:00:00Z","rtofs:Y384,X438",2109.6729578980944,0,-0.03999999910593033,0.23999999463558197,0.0743359848856926,0.08398713916540146,0.24331049577351527
"san-francisco","shelf","2026-07-13T18:00:00Z",37.74766159057617,-122.80168914794922,"2026-07-13T18:00:00Z","rtofs:Y384,X439",1590.0031038443842,0,-0.019999999552965164,0.3100000023841858,0.09110108017921448,0.1344180703163147,0.31064449369063957
"san-francisco","shelf","2026-07-13T18:00:00Z",37.74766159057617,-122.73921966552734,"2026-07-13T18:00:00Z","rtofs:Y384,X440",2317.8009737805273,0,0.029999999329447746,0.38999998569488525,0.08606304973363876,0.1569264680147171,0.39115212999775106
"san-francisco","shelf","2026-07-13T18:00:00Z",37.74766159057617,-122.6767578125,"2026-07-13T18:00:00Z","rtofs:Y384,X441",3598.058654515969,0,0.10000000149011612,0.47999998927116394,0.06264273822307587,0.13076230883598328,0.4903060166858456
"san-francisco","nearshore","2026-07-13T18:00:00Z",37.74766159057617,-122.61428833007812,"2026-07-13T18:00:00Z","rtofs:Y384,X441",2761.287126932457,0,0.1599999964237213,0.47999998927116394,0.06264273822307587,0.13076230883598328,0.5059644143177545
"san-francisco","nearshore","2026-07-13T18:00:00Z",37.74766159057617,-122.55182647705078,"2026-07-13T18:00:00Z","rtofs:Y384,X442",1741.0596396013834,0,0.20000000298023224,0.41999998688697815,0.022712741047143936,0.018245508894324303,0.46518812342659255
"san-francisco","shelf","2026-07-13T18:00:00Z",37.80160140991211,-123.30140686035156,"2026-07-13T18:00:00Z","rtofs:Y385,X433",1956.9588943455603,0,0.05000000074505806,-0.07000000029802322,-0.033980511128902435,0.071539506316185,0.08602325334599394
"san-francisco","shelf","2026-07-13T18:00:00Z",37.80160140991211,-123.23894500732422,"2026-07-13T18:00:00Z","rtofs:Y385,X434",3469.8472680688733,0,0.029999999329447746,-0.03999999910593033,0.014767343178391457,0.07699450850486755,0.04999999888241291
"san-francisco","shelf","2026-07-13T18:00:00Z",37.80160140991211,-123.17647552490234,"2026-07-13T18:00:00Z","rtofs:Y385,X434",2134.51768750347,0,-0.03999999910593033,-0.03999999910593033,0.014767343178391457,0.07699450850486755,0.05656854123051835
"san-francisco","shelf","2026-07-13T18:00:00Z",37.80160140991211,-123.114013671875,"2026-07-13T18:00:00Z","rtofs:Y385,X435",760.2204381097231,0,-0.10000000149011612,-0.05000000074505806,0.04184374213218689,0.03522990643978119,0.11180340054098996
"san-francisco","shelf","2026-07-13T18:00:00Z",37.80160140991211,-123.05155181884766,"2026-07-13T18:00:00Z","rtofs:Y385,X436",1151.0639094522676,0,-0.15000000596046448,-0.03999999910593033,0.08644720911979675,0.04090215638279915,0.15524175249144095
"san-francisco","shelf","2026-07-13T18:00:00Z",37.80160140991211,-122.98908233642578,"2026-07-13T18:00:00Z","rtofs:Y385,X437",2616.975140124346,0,-0.14000000059604645,-0.07000000029802322,0.119280144572258,0.0646040290594101,0.15652475909138547
"san-francisco","shelf","2026-07-13T18:00:00Z",37.80160140991211,-122.92662048339844,"2026-07-13T18:00:00Z","rtofs:Y385,X437",2980.429053380318,0,-0.09000000357627869,-0.009999999776482582,0.119280144572258,0.0646040290594101,0.09055385491109601
"san-francisco","shelf","2026-07-13T18:00:00Z",37.80160140991211,-122.86415100097656,"2026-07-13T18:00:00Z","rtofs:Y385,X438",1497.3562325005728,0,-0.09000000357627869,0.23000000417232513,0.10261021554470062,0.08286507427692413,0.24698178589321068
"san-francisco","nearshore","2026-07-13T18:00:00Z",37.80160140991211,-122.80168914794922,"2026-07-13T18:00:00Z","rtofs:Y385,X439",567.8995032766677,0,-0.05999999865889549,0.3499999940395355,0.02620922401547432,0.11779215931892395,0.3551056119899295
"san-francisco","nearshore","2026-07-13T18:00:00Z",37.80160140991211,-122.73921966552734,"2026-07-13T18:00:00Z","rtofs:Y385,X440",1778.228885725648,0,0.029999999329447746,0.4000000059604645,-0.007387680932879448,0.11606748402118683,0.4011234282962521
"san-francisco","nearshore","2026-07-13T18:00:00Z",37.80160140991211,-122.6767578125,"2026-07-13T18:00:00Z","rtofs:Y385,X441",3274.741247179174,0,0.17000000178813934,0.5,0.022983059287071228,0.10312645882368088,0.5281098376360427
"san-francisco","nearshore","2026-07-13T18:00:00Z",37.80160140991211,-122.61428833007812,"2026-07-13T18:00:00Z","rtofs:Y385,X441",2326.1634887873906,0,0.25,0.5099999904632568,0.022983059287071228,0.10312645882368088,0.5679788642832778
"san-francisco","nearshore","2026-07-13T18:00:00Z",37.80160140991211,-122.55182647705078,"2026-07-13T18:00:00Z","rtofs:Y385,X442",908.2356007551167,0,0.4000000059604645,0.1899999976158142,0.018132904544472694,0.019730646163225174,0.4428318008706929
"san-francisco","shelf","2026-07-13T18:00:00Z",37.85554122924805,-123.30140686035156,"2026-07-13T18:00:00Z","rtofs:Y386,X433",1937.03381484685,0,0.07000000029802322,-0.05999999865889549,-0.014730611816048622,0.04854968190193176,0.09219544392642573
"san-francisco","shelf","2026-07-13T18:00:00Z",37.85554122924805,-123.23894500732422,"2026-07-13T18:00:00Z","rtofs:Y386,X434",3456.7658119811445,0,0.029999999329447746,-0.05000000074505806,0.03926834091544151,0.03191523998975754,0.058309519242338737
"san-francisco","shelf","2026-07-13T18:00:00Z",37.85554122924805,-123.17647552490234,"2026-07-13T18:00:00Z","rtofs:Y386,X434",2115.992765192519,0,0.019999999552965164,-0.029999999329447746,0.03926834091544151,0.03191523998975754,0.03605551194873638
"san-francisco","shelf","2026-07-13T18:00:00Z",37.85554122924805,-123.114013671875,"2026-07-13T18:00:00Z","rtofs:Y386,X435",710.988456411906,0,-0.11999999731779099,-0.03999999910593033,0.07407480478286743,0.023297574371099472,0.12649110357943863
"san-francisco","nearshore","2026-07-13T18:00:00Z",37.85554122924805,-123.05155181884766,"2026-07-13T18:00:00Z","rtofs:Y386,X436",1118.6298590942715,0,-0.1599999964237213,-0.05999999865889549,0.06062270700931549,0.03259868547320366,0.1708800710868833
"san-francisco","nearshore","2026-07-13T18:00:00Z",37.85554122924805,-122.98908233642578,"2026-07-13T18:00:00Z","rtofs:Y386,X437",2601.1886816946153,0,-0.1599999964237213,-0.10000000149011612,0.007181353867053986,0.042708564549684525,0.1886796203982138
"san-francisco","nearshore","2026-07-13T18:00:00Z",37.85554122924805,-122.92662048339844,"2026-07-13T18:00:00Z","rtofs:Y386,X437",2966.0334235033415,0,-0.15000000596046448,-0.05999999865889549,0.007181353867053986,0.042708564549684525,0.1615549492501138
"san-francisco","nearshore","2026-07-13T18:00:00Z",37.85554122924805,-122.86415100097656,"2026-07-13T18:00:00Z","rtofs:Y386,X438",1472.0752952139037,0,-0.14000000059604645,0.05999999865889549,-0.05718585103750229,0.09212160855531693,0.15231546213684435
"san-francisco","nearshore","2026-07-13T18:00:00Z",37.85554122924805,-122.80168914794922,"2026-07-13T18:00:00Z","rtofs:Y386,X439",500.48421039864587,0,-0.09000000357627869,0.17000000178813934,-0.10206305235624313,0.13006354868412018,0.1923538438703463
"san-francisco","nearshore","2026-07-13T18:00:00Z",37.85554122924805,-122.73921966552734,"2026-07-13T18:00:00Z","rtofs:Y386,X440",1756.578696288569,0,0,0.3199999928474426,-0.08650197088718414,0.04220476746559143,0.3199999928474426
"san-francisco","nearshore","2026-07-13T18:00:00Z",37.85554122924805,-122.6767578125,"2026-07-13T18:00:00Z","rtofs:Y386,X441",3261.1972046308842,0,0.18000000715255737,0.36000001430511475,-0.028725866228342056,0.034430742263793945,0.40249225194356664
"san-francisco","nearshore","2026-07-13T18:00:00Z",37.85554122924805,-122.61428833007812,"2026-07-13T18:00:00Z","rtofs:Y386,X441",2308.882910720971,0,0.3700000047683716,0.36000001430511475,-0.028725866228342056,0.034430742263793945,0.5162363933589705
"san-francisco","shelf","2026-07-13T18:00:00Z",37.909481048583984,-123.30140686035156,"2026-07-13T18:00:00Z","rtofs:Y387,X433",2402.3956873463867,0,0.05999999865889549,-0.03999999910593033,-0.008668866008520126,-0.004503300413489342,0.07211102389747276
"san-francisco","shelf","2026-07-13T18:00:00Z",37.909481048583984,-123.23894500732422,"2026-07-13T18:00:00Z","rtofs:Y387,X434",3735.7211264226466,0,0.05000000074505806,-0.03999999910593033,0.013866491615772247,0.01149044744670391,0.0640312423976002
"san-francisco","shelf","2026-07-13T18:00:00Z",37.909481048583984,-123.17647552490234,"2026-07-13T18:00:00Z","rtofs:Y387,X434",2548.6620242952677,0,0,0,0.013866491615772247,0.01149044744670391,0
"san-francisco","nearshore","2026-07-13T18:00:00Z",37.909481048583984,-123.114013671875,"2026-07-13T18:00:00Z","rtofs:Y387,X435",1590.6185626498207,0,-0.029999999329447746,-0.009999999776482582,-0.023286275565624237,0.05361821502447128,0.03162277589485966
"san-francisco","nearshore","2026-07-13T18:00:00Z",37.909481048583984,-123.05155181884766,"2026-07-13T18:00:00Z","rtofs:Y387,X436",1809.616177284578,0,-0.05999999865889549,-0.009999999776482582,-0.12832976877689362,0.1121959537267685,0.06082762394337882
"san-francisco","nearshore","2026-07-13T18:00:00Z",37.909481048583984,-122.98908233642578,"2026-07-13T18:00:00Z","rtofs:Y387,X437",2963.2413327365375,0,-0.14000000059604645,-0.03999999910593033,-0.18789996206760406,0.015454710461199284,0.1456021981131035
"san-francisco","nearshore","2026-07-13T18:00:00Z",37.909481048583984,-122.92662048339844,"2026-07-13T18:00:00Z","rtofs:Y387,X437",3287.665438259758,0,-0.1899999976158142,-0.07000000029802322,-0.18789996206760406,0.015454710461199284,0.20248456517900976
"san-francisco","nearshore","2026-07-13T18:00:00Z",37.909481048583984,-122.86415100097656,"2026-07-13T18:00:00Z","rtofs:Y387,X438",2046.6873026189855,0,-0.1899999976158142,-0.07999999821186066,-0.14445190131664276,0.05410720407962799,0.20615527838963307
"san-francisco","nearshore","2026-07-13T18:00:00Z",37.909481048583984,-122.80168914794922,"2026-07-13T18:00:00Z","rtofs:Y387,X439",1508.4602798575825,0,-0.17000000178813934,0,-0.05243556573987007,0.0799090713262558,0.17000000178813934
"san-francisco","shelf","2026-07-13T18:00:00Z",37.96342086791992,-123.30140686035156,"2026-07-13T18:00:00Z","rtofs:Y388,X433",3138.6323854656007,0,-0.07000000029802322,0.03999999910593033,0.0228109210729599,-0.05380427837371826,0.08062257729815935
"san-francisco","shelf","2026-07-13T18:00:00Z",37.96342086791992,-123.23894500732422,"2026-07-13T18:00:00Z","rtofs:Y388,X434",4245.244055655699,0,-0.07000000029802322,0.019999999552965164,0.045884862542152405,0.0010573994368314743,0.07280109905655174
"san-francisco","shelf","2026-07-13T18:00:00Z",37.96342086791992,-123.17647552490234,"2026-07-13T18:00:00Z","rtofs:Y388,X434",3251.7739685421802,0,-0.05999999865889549,0.03999999910593033,0.045884862542152405,0.0010573994368314743,0.07211102389747276
"san-francisco","nearshore","2026-07-13T18:00:00Z",37.96342086791992,-123.114013671875,"2026-07-13T18:00:00Z","rtofs:Y388,X435",2571.912470819552,0,-0.029999999329447746,0.05000000074505806,0.035763707011938095,0.0905463844537735,0.058309519242338737
"san-francisco","nearshore","2026-07-13T18:00:00Z",37.96342086791992,-123.05155181884766,"2026-07-13T18:00:00Z","rtofs:Y388,X436",2712.5987717006255,0,0,0.07000000029802322,0.010554028674960136,0.1626322865486145,0.07000000029802322
"san-francisco","shelf","2026-07-13T18:00:00Z",38.01736068725586,-123.30140686035156,"2026-07-13T18:00:00Z","rtofs:Y388,X433",3952.0296337769482,0,-0.12999999523162842,0.07000000029802322,0.0228109210729599,-0.05380427837371826,0.1476482265452134
"san-francisco","shelf","2026-07-13T18:00:00Z",38.01736068725586,-123.23894500732422,"2026-07-13T18:00:00Z","rtofs:Y388,X434",4876.844934920424,0,-0.10000000149011612,0.05999999865889549,0.045884862542152405,0.0010573994368314743,0.11661903848467747
"san-francisco","shelf","2026-07-13T18:00:00Z",38.01736068725586,-123.17647552490234,"2026-07-13T18:00:00Z","rtofs:Y388,X434",4042.403680364355,0,-0.05000000074505806,0.05999999865889549,0.045884862542152405,0.0010573994368314743,0.07810249620577608
"san-francisco","nearshore","2026-07-13T18:00:00Z",38.01736068725586,-123.114013671875,"2026-07-13T18:00:00Z","rtofs:Y388,X435",3519.1813422173636,0,0,0.07999999821186066,0.035763707011938095,0.0905463844537735,0.07999999821186066
"san-francisco","nearshore","2026-07-13T18:00:00Z",38.01736068725586,-123.05155181884766,"2026-07-13T18:00:00Z","rtofs:Y388,X436",3623.1959972234504,0,0.03999999910593033,0.09000000357627869,0.010554028674960136,0.1626322865486145,0.09848858092288976
"san-francisco","shelf","2026-07-13T18:00:00Z",38.0713005065918,-123.30140686035156,"2026-07-13T18:00:00Z","rtofs:Y389,X433",3098.6547818580248,0,-0.17000000178813934,0.05000000074505806,0.0489964634180069,-0.10225877165794373,0.177200453392403
"san-francisco","shelf","2026-07-13T18:00:00Z",38.0713005065918,-123.23894500732422,"2026-07-13T18:00:00Z","rtofs:Y389,X434",4213.515517303576,0,-0.11999999731779099,0.05000000074505806,0.07486015558242798,-0.023861251771450043,0.12999999781067556
"san-francisco","shelf","2026-07-13T18:00:00Z",38.0713005065918,-123.17647552490234,"2026-07-13T18:00:00Z","rtofs:Y389,X434",3212.9422764028086,0,-0.05999999865889549,0.03999999910593033,0.07486015558242798,-0.023861251771450043,0.07211102389747276
"san-francisco","nearshore","2026-07-13T18:00:00Z",38.0713005065918,-123.114013671875,"2026-07-13T18:00:00Z","rtofs:Y389,X435",2524.464296217892,0,0,0.05000000074505806,0.05899859219789505,0.08717724680900574,0.05000000074505806
"san-francisco","nearshore","2026-07-13T18:00:00Z",38.0713005065918,-123.05155181884766,"2026-07-13T18:00:00Z","rtofs:Y389,X436",2667.329496086101,0,0.029999999329447746,0.05000000074505806,0.01972792111337185,0.13099905848503113,0.058309519242338737
"san-francisco","shelf","2026-07-13T18:00:00Z",38.125240325927734,-123.30140686035156,"2026-07-13T18:00:00Z","rtofs:Y390,X433",2375.953252844315,0,-0.18000000715255737,0,0.0610094852745533,-0.12911508977413177,0.18000000715255737
"san-francisco","shelf","2026-07-13T18:00:00Z",38.125240325927734,-123.23894500732422,"2026-07-13T18:00:00Z","rtofs:Y390,X434",3712.704996214332,0,-0.11999999731779099,0.019999999552965164,0.08289110660552979,-0.05519827455282211,0.12165524788675763
"san-francisco","shelf","2026-07-13T18:00:00Z",38.125240325927734,-123.17647552490234,"2026-07-13T18:00:00Z","rtofs:Y390,X434",2522.962103117173,0,-0.07000000029802322,0.009999999776482582,0.08289110660552979,-0.05519827455282211,0.07071067838207255
"san-francisco","nearshore","2026-07-13T18:00:00Z",38.125240325927734,-123.114013671875,"2026-07-13T18:00:00Z","rtofs:Y390,X435",1556.1400752946097,0,-0.009999999776482582,0,0.06939877569675446,0.07950884103775024,0.009999999776482582
"san-francisco","nearshore","2026-07-13T18:00:00Z",38.125240325927734,-123.05155181884766,"2026-07-13T18:00:00Z","rtofs:Y390,X436",1778.2331984447715,0,0.029999999329447746,0.009999999776482582,0.023982249200344086,0.12165699899196625,0.03162277589485966
"san-francisco","shelf","2026-07-13T18:00:00Z",38.17918014526367,-123.30140686035156,"2026-07-13T18:00:00Z","rtofs:Y391,X433",1926.1081442243506,0,-0.14000000059604645,-0.05999999865889549,0.053676750510931015,-0.1413075476884842,0.15231546213684435
"san-francisco","shelf","2026-07-13T18:00:00Z",38.17918014526367,-123.23894500732422,"2026-07-13T18:00:00Z","rtofs:Y391,X434",3440.3326883030113,0,-0.10999999940395355,-0.009999999776482582,0.06269364804029465,-0.06580408662557602,0.11045360955803768
"san-francisco","shelf","2026-07-13T18:00:00Z",38.17918014526367,-123.17647552490234,"2026-07-13T18:00:00Z","rtofs:Y391,X434",2104.5008200567518,0,-0.05999999865889549,0.009999999776482582,0.06269364804029465,-0.06580408662557602,0.06082762394337882
"san-francisco","nearshore","2026-07-13T18:00:00Z",38.17918014526367,-123.114013671875,"2026-07-13T18:00:00Z","rtofs:Y391,X435",701.0496651077676,0,-0.03999999910593033,0.009999999776482582,0.04839872568845749,0.0783042311668396,0.041231055334590684
"san-francisco","nearshore","2026-07-13T18:00:00Z",38.17918014526367,-123.05155181884766,"2026-07-13T18:00:00Z","rtofs:Y391,X436",1109.426259502976,0,0,0.009999999776482582,0.014547811821103096,0.10171237587928772,0.009999999776482582
"san-francisco","shelf","2026-07-13T18:00:00Z",38.23311996459961,-123.30140686035156,"2026-07-13T18:00:00Z","rtofs:Y392,X433",1939.5746801660005,0,-0.07999999821186066,-0.07000000029802322,0.033444590866565704,-0.13987700641155243,0.10630145697788418
"san-francisco","shelf","2026-07-13T18:00:00Z",38.23311996459961,-123.23894500732422,"2026-07-13T18:00:00Z","rtofs:Y392,X434",3446.0003037643482,0,-0.05000000074505806,-0.019999999552965164,0.02147742360830307,-0.0441494844853878,0.05385164859708952
"san-francisco","nearshore","2026-07-13T18:00:00Z",38.23311996459961,-123.17647552490234,"2026-07-13T18:00:00Z","rtofs:Y392,X434",2116.560475911167,0,-0.029999999329447746,0.009999999776482582,0.02147742360830307,-0.0441494844853878,0.03162277589485966
"san-francisco","nearshore","2026-07-13T18:00:00Z",38.23311996459961,-123.114013671875,"2026-07-13T18:00:00Z","rtofs:Y392,X435",740.7347903969477,0,-0.05000000074505806,0.019999999552965164,-0.0019073132425546646,0.07252777367830276,0.05385164859708952
"san-francisco","nearshore","2026-07-13T18:00:00Z",38.23311996459961,-123.05155181884766,"2026-07-13T18:00:00Z","rtofs:Y392,X436",1134.3979131703184,0,-0.03999999910593033,0.019999999552965164,-0.00842270627617836,0.04266172647476196,0.04472135855039552
"san-francisco","shelf","2026-07-13T18:00:00Z",38.28705978393555,-123.30140686035156,"2026-07-13T18:00:00Z","rtofs:Y393,X433",2400.9855781176516,0,-0.03999999910593033,-0.07999999821186066,0.011992058716714382,-0.1074625551700592,0.08944271710079103
"san-francisco","shelf","2026-07-13T18:00:00Z",38.28705978393555,-123.23894500732422,"2026-07-13T18:00:00Z","rtofs:Y393,X434",3723.5293884527096,0,-0.07000000029802322,0,-0.006143203005194664,-0.010104959830641747,0.07000000029802322
"san-francisco","nearshore","2026-07-13T18:00:00Z",38.28705978393555,-123.17647552490234,"2026-07-13T18:00:00Z","rtofs:Y393,X434",2545.8706169197553,0,-0.07000000029802322,0.009999999776482582,-0.006143203005194664,-0.010104959830641747,0.07071067838207255
"san-francisco","nearshore","2026-07-13T18:00:00Z",38.28705978393555,-123.114013671875,"2026-07-13T18:00:00Z","rtofs:Y393,X435",1598.9465543463589,0,-0.07000000029802322,0.019999999552965164,-0.011289963498711586,0.031367070972919464,0.07280109905655174
"san-francisco","shelf","2026-07-14T00:00:00Z",37.20825958251953,-123.30140686035156,"2026-07-14T00:00:00Z","rtofs:Y376,X433",2697.3388647485094,0,-0.28999999165534973,-0.07000000029802322,-0.08121508359909058,-0.14007043838500977,0.29832866976176825
"san-francisco","shelf","2026-07-14T00:00:00Z",37.20825958251953,-123.23894500732422,"2026-07-14T00:00:00Z","rtofs:Y376,X434",3951.5653296348237,0,-0.23999999463558197,-0.11999999731779099,-0.09389083832502365,-0.03512922301888466,0.2683281513023731
"san-francisco","shelf","2026-07-14T00:00:00Z",37.20825958251953,-123.17647552490234,"2026-07-14T00:00:00Z","rtofs:Y376,X434",2830.81900609734,0,-0.2199999988079071,-0.10000000149011612,-0.09389083832502365,-0.03512922301888466,0.24166091900326447
"san-francisco","shelf","2026-07-14T00:00:00Z",37.20825958251953,-123.114013671875,"2026-07-14T00:00:00Z","rtofs:Y376,X435",1993.178374601432,0,-0.1599999964237213,-0.11999999731779099,-0.0879143700003624,0.0744737759232521,0.19999999552965164
"san-francisco","shelf","2026-07-14T00:00:00Z",37.20825958251953,-123.05155181884766,"2026-07-14T00:00:00Z","rtofs:Y376,X436",2175.2051737596553,0,-0.15000000596046448,-0.10000000149011612,-0.06412766873836517,0.06435596942901611,0.1802775695591734
"san-francisco","shelf","2026-07-14T00:00:00Z",37.20825958251953,-122.98908233642578,"2026-07-14T00:00:00Z","rtofs:Y376,X437",3215.8933869443604,0,-0.18000000715255737,-0.05999999865889549,-0.011320851743221283,0.030101638287305832,0.18973666597152003
"san-francisco","shelf","2026-07-14T00:00:00Z",37.20825958251953,-122.92662048339844,"2026-07-14T00:00:00Z","rtofs:Y376,X437",3522.5492840946768,0,-0.1599999964237213,-0.05000000074505806,-0.011320851743221283,0.030101638287305832,0.16763054295114788
"san-francisco","shelf","2026-07-14T00:00:00Z",37.20825958251953,-122.86415100097656,"2026-07-14T00:00:00Z","rtofs:Y376,X438",2379.7193428623336,0,-0.10000000149011612,-0.07999999821186066,0.049869414418935776,-0.0007470622658729553,0.1280624847952004
"san-francisco","shelf","2026-07-14T00:00:00Z",37.20825958251953,-122.80168914794922,"2026-07-14T00:00:00Z","rtofs:Y376,X439",1926.9973999436404,0,-0.07999999821186066,-0.07999999821186066,0.051513977348804474,-0.056713297963142395,0.1131370824610367
"san-francisco","shelf","2026-07-14T00:00:00Z",37.20825958251953,-122.73921966552734,"2026-07-14T00:00:00Z","rtofs:Y376,X440",2568.569832417033,0,-0.029999999329447746,-0.10999999940395355,0.05455302074551582,-0.16036611795425415,0.11401754175843577
"san-francisco","shelf","2026-07-14T00:00:00Z",37.20825958251953,-122.6767578125,"2026-07-14T00:00:00Z","rtofs:Y376,X441",3778.6598218127283,0,-0.019999999552965164,-0.10999999940395355,0.11929260194301605,-0.13356348872184753,0.1118033982085893
"san-francisco","shelf","2026-07-14T00:00:00Z",37.20825958251953,-122.61428833007812,"2026-07-14T00:00:00Z","rtofs:Y376,X441",2980.242826585728,0,0.05000000074505806,-0.12999999523162842,0.11929260194301605,-0.13356348872184753,0.13928387858876282
"san-francisco","nearshore","2026-07-14T00:00:00Z",37.20825958251953,-122.55182647705078,"2026-07-14T00:00:00Z","rtofs:Y376,X442",2055.1397686807168,0,0.09000000357627869,-0.09000000357627869,0.11485457420349121,-0.0744033008813858,0.1272792256712004
"san-francisco","nearshore","2026-07-14T00:00:00Z",37.20825958251953,-122.4893569946289,"2026-07-14T00:00:00Z","rtofs:Y376,X443",2093.229733801782,0,0.15000000596046448,0.009999999776482582,0.03284687176346779,0.03441943600773811,0.15033296971612395
"san-francisco","shelf","2026-07-14T00:00:00Z",37.26219940185547,-123.30140686035156,"2026-07-14T00:00:00Z","rtofs:Y377,X433",3549.5582117697086,0,-0.28999999165534973,-0.05999999865889549,-0.07325835525989532,-0.134317547082901,0.29614184945591593
"san-francisco","shelf","2026-07-14T00:00:00Z",37.26219940185547,-123.23894500732422,"2026-07-14T00:00:00Z","rtofs:Y377,X434",4574.449690638424,0,-0.2800000011920929,-0.03999999910593033,-0.08646067976951599,-0.03887904807925224,0.2828427135282902
"san-francisco","shelf","2026-07-14T00:00:00Z",37.26219940185547,-123.17647552490234,"2026-07-14T00:00:00Z","rtofs:Y377,X434",3651.86418561007,0,-0.25999999046325684,-0.019999999552965164,-0.08646067976951599,-0.03887904807925224,0.2607680866651674
"san-francisco","shelf","2026-07-14T00:00:00Z",37.26219940185547,-123.114013671875,"2026-07-14T00:00:00Z","rtofs:Y377,X435",3049.8585960121286,0,-0.25,-0.029999999329447746,-0.08822565525770187,0.060394495725631714,0.25179356616039034
"san-francisco","shelf","2026-07-14T00:00:00Z",37.26219940185547,-123.05155181884766,"2026-07-14T00:00:00Z","rtofs:Y377,X436",3171.6260308266874,0,-0.23999999463558197,-0.029999999329447746,-0.041747741401195526,0.06726671755313873,0.24186772704279136
"san-francisco","shelf","2026-07-14T00:00:00Z",37.26219940185547,-122.98908233642578,"2026-07-14T00:00:00Z","rtofs:Y377,X437",3957.387375638329,0,-0.20999999344348907,-0.03999999910593033,0.030699661001563072,0.05245543271303177,0.2137755766563147
"san-francisco","shelf","2026-07-14T00:00:00Z",37.26219940185547,-122.92662048339844,"2026-07-14T00:00:00Z","rtofs:Y377,X437",4209.997087255292,0,-0.20000000298023224,-0.05000000074505806,0.030699661001563072,0.05245543271303177,0.20615528435283612
"san-francisco","shelf","2026-07-14T00:00:00Z",37.26219940185547,-122.86415100097656,"2026-07-14T00:00:00Z","rtofs:Y377,X438",3315.012145441805,0,-0.17000000178813934,-0.05999999865889549,0.07920796424150467,0.007855501025915146,0.18027756501305103
"san-francisco","shelf","2026-07-14T00:00:00Z",37.26219940185547,-122.80168914794922,"2026-07-14T00:00:00Z","rtofs:Y377,X439",3007.091785003914,0,-0.10000000149011612,-0.11999999731779099,0.07486727833747864,-0.11081238090991974,0.15620499241155217
"san-francisco","shelf","2026-07-14T00:00:00Z",37.26219940185547,-122.73921966552734,"2026-07-14T00:00:00Z","rtofs:Y377,X440",3452.8734431591915,0,-0.10999999940395355,-0.12999999523162842,0.1235036551952362,-0.1617235541343689,0.170293859634143
"san-francisco","shelf","2026-07-14T00:00:00Z",37.26219940185547,-122.6767578125,"2026-07-14T00:00:00Z","rtofs:Y377,X441",4426.180736017494,0,-0.07999999821186066,-0.1599999964237213,0.1848873794078827,-0.12792912125587463,0.17888543420158207
"san-francisco","shelf","2026-07-14T00:00:00Z",37.26219940185547,-122.61428833007812,"2026-07-14T00:00:00Z","rtofs:Y377,X441",3768.6959215348293,0,-0.10000000149011612,-0.12999999523162842,0.1848873794078827,-0.12792912125587463,0.16401219179758142
"san-francisco","nearshore","2026-07-14T00:00:00Z",37.26219940185547,-122.55182647705078,"2026-07-14T00:00:00Z","rtofs:Y377,X442",3090.644868707531,0,-0.07999999821186066,-0.10999999940395355,0.14345209300518036,-0.08386190235614777,0.1360147035535772
"san-francisco","nearshore","2026-07-14T00:00:00Z",37.26219940185547,-122.4893569946289,"2026-07-14T00:00:00Z","rtofs:Y377,X443",3116.0633070806184,0,-0.18000000715255737,-0.07000000029802322,0.0548522025346756,0.013060817494988441,0.19313208593251396
"san-francisco","shelf","2026-07-14T00:00:00Z",37.316139221191406,-123.30140686035156,"2026-07-14T00:00:00Z","rtofs:Y377,X433",3541.303213600224,0,-0.3100000023841858,-0.05999999865889549,-0.07325835525989532,-0.134317547082901,0.31575307016284515
"san-francisco","shelf","2026-07-14T00:00:00Z",37.316139221191406,-123.23894500732422,"2026-07-14T00:00:00Z","rtofs:Y377,X434",4567.394009258163,0,-0.3199999928474426,-0.03999999910593033,-0.08646067976951599,-0.03887904807925224,0.3224903027237218
"san-francisco","shelf","2026-07-14T00:00:00Z",37.316139221191406,-123.17647552490234,"2026-07-14T00:00:00Z","rtofs:Y377,X434",3643.768516281747,0,-0.2800000011920929,-0.05000000074505806,-0.08646067976951599,-0.03887904807925224,0.2844292543710612
"san-francisco","shelf","2026-07-14T00:00:00Z",37.316139221191406,-123.114013671875,"2026-07-14T00:00:00Z","rtofs:Y377,X435",3040.635736573913,0,-0.23999999463558197,-0.03999999910593033,-0.08822565525770187,0.060394495725631714,0.24331049577351527
"san-francisco","shelf","2026-07-14T00:00:00Z",37.316139221191406,-123.05155181884766,"2026-07-14T00:00:00Z","rtofs:Y377,X436",3162.672445891274,0,-0.23000000417232513,-0.03999999910593033,-0.041747741401195526,0.06726671755313873,0.23345235455600785
"san-francisco","shelf","2026-07-14T00:00:00Z",37.316139221191406,-122.98908233642578,"2026-07-14T00:00:00Z","rtofs:Y377,X437",3949.7070485674344,0,-0.2199999988079071,-0.05000000074505806,0.030699661001563072,0.05245543271303177,0.2256102824562412
"san-francisco","shelf","2026-07-14T00:00:00Z",37.316139221191406,-122.92662048339844,"2026-07-14T00:00:00Z","rtofs:Y377,X437",4202.6025108883705,0,-0.20000000298023224,-0.09000000357627869,0.030699661001563072,0.05245543271303177,0.2193171261799294
"san-francisco","shelf","2026-07-14T00:00:00Z",37.316139221191406,-122.86415100097656,"2026-07-14T00:00:00Z","rtofs:Y377,X438",3306.3460654711607,0,-0.20000000298023224,-0.07999999821186066,0.07920796424150467,0.007855501025915146,0.21540659438835807
"san-francisco","shelf","2026-07-14T00:00:00Z",37.316139221191406,-122.80168914794922,"2026-07-14T00:00:00Z","rtofs:Y377,X439",2997.7683141958137,0,-0.17000000178813934,-0.11999999731779099,0.07486727833747864,-0.11081238090991974,0.20808652038091566
"san-francisco","shelf","2026-07-14T00:00:00Z",37.316139221191406,-122.73921966552734,"2026-07-14T00:00:00Z","rtofs:Y377,X440",3444.457163408318,0,-0.18000000715255737,-0.12999999523162842,0.1235036551952362,-0.1617235541343689,0.22203603611833853
"san-francisco","shelf","2026-07-14T00:00:00Z",37.316139221191406,-122.6767578125,"2026-07-14T00:00:00Z","rtofs:Y377,X441",4418.996530288414,0,-0.18000000715255737,-0.15000000596046448,0.1848873794078827,-0.12792912125587463,0.2343074995877428
"san-francisco","shelf","2026-07-14T00:00:00Z",37.316139221191406,-122.61428833007812,"2026-07-14T00:00:00Z","rtofs:Y377,X441",3760.7691533835523,0,-0.2199999988079071,-0.12999999523162842,0.1848873794078827,-0.12792912125587463,0.255538643331498
"san-francisco","nearshore","2026-07-14T00:00:00Z",37.316139221191406,-122.55182647705078,"2026-07-14T00:00:00Z","rtofs:Y377,X442",3081.514960317883,0,-0.4099999964237213,-0.10000000149011612,0.14345209300518036,-0.08386190235614777,0.4220189537988486
"san-francisco","nearshore","2026-07-14T00:00:00Z",37.316139221191406,-122.4893569946289,"2026-07-14T00:00:00Z","rtofs:Y377,X443",3106.9898969417986,0,-0.38999998569488525,-0.12999999523162842,0.0548522025346756,0.013060817494988441,0.41109608074297443
"san-francisco","shelf","2026-07-14T00:00:00Z",37.370079040527344,-123.30140686035156,"2026-07-14T00:00:00Z","rtofs:Y378,X433",2692.0693971116543,0,-0.3499999940395355,-0.05000000074505806,-0.06525035202503204,-0.12485995888710022,0.3535533847980821
"san-francisco","shelf","2026-07-14T00:00:00Z",37.370079040527344,-123.23894500732422,"2026-07-14T00:00:00Z","rtofs:Y378,X434",3943.9177647887777,0,-0.3100000023841858,-0.07999999821186066,-0.07797667384147644,-0.041209056973457336,0.32015621373337877
"san-francisco","shelf","2026-07-14T00:00:00Z",37.370079040527344,-123.17647552490234,"2026-07-14T00:00:00Z","rtofs:Y378,X434",2825.297684273148,0,-0.28999999165534973,-0.05000000074505806,-0.07797667384147644,-0.041209056973457336,0.29427877129451374
"san-francisco","shelf","2026-07-14T00:00:00Z",37.370079040527344,-123.114013671875,"2026-07-14T00:00:00Z","rtofs:Y378,X435",1989.2278981619274,0,-0.25,-0.029999999329447746,-0.09228533506393433,0.05636395141482353,0.25179356616039034
"san-francisco","shelf","2026-07-14T00:00:00Z",37.370079040527344,-123.05155181884766,"2026-07-14T00:00:00Z","rtofs:Y378,X436",2170.9157570184816,0,-0.20000000298023224,-0.019999999552965164,-0.03988854959607124,0.09953008592128754,0.2009975153433781
"san-francisco","shelf","2026-07-14T00:00:00Z",37.370079040527344,-122.98908233642578,"2026-07-14T00:00:00Z","rtofs:Y378,X437",3209.6434732003695,0,-0.18000000715255737,-0.05999999865889549,0.05293493717908859,0.057137832045555115,0.18973666597152003
"san-francisco","shelf","2026-07-14T00:00:00Z",37.370079040527344,-122.92662048339844,"2026-07-14T00:00:00Z","rtofs:Y378,X437",3515.717507424222,0,-0.18000000715255737,-0.07999999821186066,0.05293493717908859,0.057137832045555115,0.1969771618457795
"san-francisco","shelf","2026-07-14T00:00:00Z",37.370079040527344,-122.86415100097656,"2026-07-14T00:00:00Z","rtofs:Y378,X438",2375.0472078021103,0,-0.15000000596046448,-0.11999999731779099,0.07854130119085312,-0.03276880085468292,0.19209373010176367
"san-francisco","shelf","2026-07-14T00:00:00Z",37.370079040527344,-122.80168914794922,"2026-07-14T00:00:00Z","rtofs:Y378,X439",1923.1696657615282,0,-0.11999999731779099,-0.1599999964237213,0.10511845350265503,-0.1345825493335724,0.19999999552965164
"san-francisco","shelf","2026-07-14T00:00:00Z",37.370079040527344,-122.73921966552734,"2026-07-14T00:00:00Z","rtofs:Y378,X440",2563.5429016773755,0,-0.12999999523162842,-0.15000000596046448,0.1681884527206421,-0.13200175762176514,0.19849433379409798
"san-francisco","shelf","2026-07-14T00:00:00Z",37.370079040527344,-122.6767578125,"2026-07-14T00:00:00Z","rtofs:Y378,X441",3771.3412518847576,0,-0.1599999964237213,-0.14000000059604645,0.17545074224472046,-0.12346959859132767,0.21260291395576836
"san-francisco","shelf","2026-07-14T00:00:00Z",37.370079040527344,-122.61428833007812,"2026-07-14T00:00:00Z","rtofs:Y378,X441",2974.4391055714977,0,-0.20000000298023224,-0.12999999523162842,0.17545074224472046,-0.12346959859132767,0.23853720873758105
"san-francisco","shelf","2026-07-14T00:00:00Z",37.370079040527344,-122.55182647705078,"2026-07-14T00:00:00Z","rtofs:Y378,X442",2051.0741256172328,0,-0.23000000417232513,-0.10999999940395355,0.1345457285642624,-0.06895818561315536,0.25495097918646903
"san-francisco","nearshore","2026-07-14T00:00:00Z",37.370079040527344,-122.4893569946289,"2026-07-14T00:00:00Z","rtofs:Y378,X443",2089.093182997537,0,-0.3400000035762787,-0.10999999940395355,0.05463641881942749,0.0022538246121257544,0.35735137092326835
"san-francisco","shelf","2026-07-14T00:00:00Z",37.42401885986328,-123.30140686035156,"2026-07-14T00:00:00Z","rtofs:Y379,X433",2069.3822961263845,0,-0.33000001311302185,-0.03999999910593033,-0.08582383394241333,-0.10862652957439423,0.3324154156820484
"san-francisco","shelf","2026-07-14T00:00:00Z",37.42401885986328,-123.23894500732422,"2026-07-14T00:00:00Z","rtofs:Y379,X434",3546.347674871507,0,-0.28999999165534973,-0.07000000029802322,-0.08080162107944489,-0.027108974754810333,0.29832866976176825
"san-francisco","shelf","2026-07-14T00:00:00Z",37.42401885986328,-123.17647552490234,"2026-07-14T00:00:00Z","rtofs:Y379,X434",2239.7011353156977,0,-0.25,-0.07999999821186066,-0.08080162107944489,-0.027108974754810333,0.2624880944231523
"san-francisco","shelf","2026-07-14T00:00:00Z",37.42401885986328,-123.114013671875,"2026-07-14T00:00:00Z","rtofs:Y379,X435",998.6422087722104,0,-0.18000000715255737,-0.05000000074505806,-0.07083722949028015,0.07756295055150986,0.1868154240137214
"san-francisco","shelf","2026-07-14T00:00:00Z",37.42401885986328,-123.05155181884766,"2026-07-14T00:00:00Z","rtofs:Y379,X436",1323.6124936385681,0,-0.12999999523162842,-0.05000000074505806,-0.038755904883146286,0.11524838209152222,0.13928387858876282
"san-francisco","shelf","2026-07-14T00:00:00Z",37.42401885986328,-122.98908233642578,"2026-07-14T00:00:00Z","rtofs:Y379,X437",2707.7910830927813,0,-0.12999999523162842,-0.029999999329447746,0.014611387625336647,0.04000967741012573,0.133416635844224
"san-francisco","shelf","2026-07-14T00:00:00Z",37.42401885986328,-122.92662048339844,"2026-07-14T00:00:00Z","rtofs:Y379,X437",3063.881023278817,0,-0.12999999523162842,-0.07999999821186066,0.014611387625336647,0.04000967741012573,0.15264337022655494
"san-francisco","shelf","2026-07-14T00:00:00Z",37.42401885986328,-122.86415100097656,"2026-07-14T00:00:00Z","rtofs:Y379,X438",1636.603385122116,0,-0.09000000357627869,-0.15000000596046448,0.07043655216693878,-0.08044812828302383,0.17492856379639532
"san-francisco","shelf","2026-07-14T00:00:00Z",37.42401885986328,-122.80168914794922,"2026-07-14T00:00:00Z","rtofs:Y379,X439",859.7935660082884,0,-0.029999999329447746,-0.20000000298023224,0.1361367553472519,-0.1160971149802208,0.2022374870093568
"san-francisco","shelf","2026-07-14T00:00:00Z",37.42401885986328,-122.73921966552734,"2026-07-14T00:00:00Z","rtofs:Y379,X440",1899.4513981468997,0,-0.03999999910593033,-0.15000000596046448,0.17472955584526062,-0.10983636975288391,0.15524175249144095
"san-francisco","shelf","2026-07-14T00:00:00Z",37.42401885986328,-122.6767578125,"2026-07-14T00:00:00Z","rtofs:Y379,X441",3353.683751977269,0,-0.05999999865889549,-0.14000000059604645,0.1448114663362503,-0.1064489334821701,0.15231546213684435
"san-francisco","shelf","2026-07-14T00:00:00Z",37.42401885986328,-122.61428833007812,"2026-07-14T00:00:00Z","rtofs:Y379,X441",2424.847916034525,0,-0.07000000029802322,-0.14000000059604645,0.1448114663362503,-0.1064489334821701,0.15652475909138547
"san-francisco","shelf","2026-07-14T00:00:00Z",37.42401885986328,-122.55182647705078,"2026-07-14T00:00:00Z","rtofs:Y379,X442",1116.5896009249282,0,-0.10000000149011612,-0.11999999731779099,0.0818929672241211,-0.04565935581922531,0.15620499241155217
"san-francisco","shelf","2026-07-14T00:00:00Z",37.42401885986328,-122.4893569946289,"2026-07-14T00:00:00Z","rtofs:Y379,X443",1184.8759701464396,0,-0.14000000059604645,-0.11999999731779099,0.02597668766975403,-0.01544004026800394,0.18439088785285146
"san-francisco","shelf","2026-07-14T00:00:00Z",37.47795867919922,-123.30140686035156,"2026-07-14T00:00:00Z","rtofs:Y380,X433",1898.8566766831168,0,-0.27000001072883606,-0.019999999552965164,-0.09969369322061539,-0.07956693321466446,0.2707397380801167
"san-francisco","shelf","2026-07-14T00:00:00Z",37.47795867919922,-123.23894500732422,"2026-07-14T00:00:00Z","rtofs:Y380,X434",3447.735869535009,0,-0.25,-0.029999999329447746,-0.0889384001493454,0.011404374614357948,0.25179356616039034
"san-francisco","shelf","2026-07-14T00:00:00Z",37.47795867919922,-123.17647552490234,"2026-07-14T00:00:00Z","rtofs:Y380,X434",2082.88821726798,0,-0.18000000715255737,-0.029999999329447746,-0.0889384001493454,0.011404374614357948,0.18248288285394762
"san-francisco","shelf","2026-07-14T00:00:00Z",37.47795867919922,-123.114013671875,"2026-07-14T00:00:00Z","rtofs:Y380,X435",570.7484242899152,0,-0.12999999523162842,-0.029999999329447746,-0.07621446251869202,0.10813719034194946,0.133416635844224
"san-francisco","shelf","2026-07-14T00:00:00Z",37.47795867919922,-123.05155181884766,"2026-07-14T00:00:00Z","rtofs:Y380,X436",1038.861659337301,0,-0.09000000357627869,-0.009999999776482582,-0.0559084452688694,0.07609774172306061,0.09055385491109601
"san-francisco","shelf","2026-07-14T00:00:00Z",37.47795867919922,-122.98908233642578,"2026-07-14T00:00:00Z","rtofs:Y380,X437",2578.887616592688,0,-0.07999999821186066,-0.03999999910593033,-0.019735705107450485,-0.05464624613523483,0.08944271710079103
"san-francisco","shelf","2026-07-14T00:00:00Z",37.47795867919922,-122.92662048339844,"2026-07-14T00:00:00Z","rtofs:Y380,X437",2950.029027931256,0,-0.09000000357627869,-0.07000000029802322,-0.019735705107450485,-0.05464624613523483,0.11401754551582588
"san-francisco","shelf","2026-07-14T00:00:00Z",37.47795867919922,-122.86415100097656,"2026-07-14T00:00:00Z","rtofs:Y380,X438",1415.733216357324,0,-0.029999999329447746,-0.1599999964237213,0.06632100045681,-0.0751543939113617,0.1627882023223971
"san-francisco","shelf","2026-07-14T00:00:00Z",37.47795867919922,-122.80168914794922,"2026-07-14T00:00:00Z","rtofs:Y380,X439",260.99294761407634,0,0.019999999552965164,-0.15000000596046448,0.1651066541671753,-0.09646843373775482,0.15132746535331246
"san-francisco","shelf","2026-07-14T00:00:00Z",37.47795867919922,-122.73921966552734,"2026-07-14T00:00:00Z","rtofs:Y380,X440",1712.3922773049505,0,0.019999999552965164,-0.15000000596046448,0.17962974309921265,-0.08386674523353577,0.15132746535331246
"san-francisco","shelf","2026-07-14T00:00:00Z",37.47795867919922,-122.6767578125,"2026-07-14T00:00:00Z","rtofs:Y380,X441",3249.5509186881277,0,0.009999999776482582,-0.14000000059604645,0.1291448324918747,-0.09448114037513733,0.14035668905478876
"san-francisco","shelf","2026-07-14T00:00:00Z",37.47795867919922,-122.61428833007812,"2026-07-14T00:00:00Z","rtofs:Y380,X441",2280.503152039166,0,0.009999999776482582,-0.1599999964237213,0.1291448324918747,-0.09448114037513733,0.1603121918355572
"san-francisco","shelf","2026-07-14T00:00:00Z",37.47795867919922,-122.55182647705078,"2026-07-14T00:00:00Z","rtofs:Y380,X442",758.18759020796,0,0,-0.17000000178813934,0.06345368176698685,-0.0690176710486412,0.17000000178813934
"san-francisco","shelf","2026-07-14T00:00:00Z",37.47795867919922,-122.4893569946289,"2026-07-14T00:00:00Z","rtofs:Y380,X443",855.4300579396885,0,0,-0.1599999964237213,0.01662217453122139,-0.016827262938022614,0.1599999964237213
"san-francisco","shelf","2026-07-14T00:00:00Z",37.531898498535156,-123.30140686035156,"2026-07-14T00:00:00Z","rtofs:Y381,X433",2275.914815535772,0,-0.20999999344348907,0.03999999910593033,-0.09957633912563324,-0.029244182631373405,0.2137755766563147
"san-francisco","shelf","2026-07-14T00:00:00Z",37.531898498535156,-123.23894500732422,"2026-07-14T00:00:00Z","rtofs:Y381,X434",3667.151546790584,0,-0.18000000715255737,0.019999999552965164,-0.10215085744857788,0.03634081035852432,0.18110770982219201
"san-francisco","shelf","2026-07-14T00:00:00Z",37.531898498535156,-123.17647552490234,"2026-07-14T00:00:00Z","rtofs:Y381,X434",2431.3377739843077,0,-0.12999999523162842,0.009999999776482582,-0.10215085744857788,0.03634081035852432,0.1303840433325837
"san-francisco","shelf","2026-07-14T00:00:00Z",37.531898498535156,-123.114013671875,"2026-07-14T00:00:00Z","rtofs:Y381,X435",1380.2317245792888,0,-0.07999999821186066,0,-0.14267423748970032,0.0909046158194542,0.07999999821186066
"san-francisco","shelf","2026-07-14T00:00:00Z",37.531898498535156,-123.05155181884766,"2026-07-14T00:00:00Z","rtofs:Y381,X436",1630.1335293141456,0,-0.05000000074505806,0,-0.15319368243217468,0.017782293260097504,0.05000000074505806
"san-francisco","shelf","2026-07-14T00:00:00Z",37.531898498535156,-122.98908233642578,"2026-07-14T00:00:00Z","rtofs:Y381,X437",2867.055591303737,0,-0.05999999865889549,-0.009999999776482582,0.008440375328063965,-0.08346384763717651,0.06082762394337882
"san-francisco","shelf","2026-07-14T00:00:00Z",37.531898498535156,-122.92662048339844,"2026-07-14T00:00:00Z","rtofs:Y381,X437",3204.4957498528547,0,-0.05000000074505806,-0.05000000074505806,0.008440375328063965,-0.08346384763717651,0.07071067917232597
"san-francisco","shelf","2026-07-14T00:00:00Z",37.531898498535156,-122.86415100097656,"2026-07-14T00:00:00Z","rtofs:Y381,X438",1892.339450979034,0,-0.009999999776482582,-0.10999999940395355,0.14498096704483032,-0.07576759159564972,0.11045360955803768
"san-francisco","shelf","2026-07-14T00:00:00Z",37.531898498535156,-122.80168914794922,"2026-07-14T00:00:00Z","rtofs:Y381,X439",1283.6697539745235,0,0.029999999329447746,-0.14000000059604645,0.1682586371898651,-0.07716873288154602,0.143178211075079
"san-francisco","shelf","2026-07-14T00:00:00Z",37.531898498535156,-122.73921966552734,"2026-07-14T00:00:00Z","rtofs:Y381,X440",2123.0819726350883,0,0.029999999329447746,-0.12999999523162842,0.16633108258247375,-0.07759056985378265,0.133416635844224
"san-francisco","shelf","2026-07-14T00:00:00Z",37.531898498535156,-122.6767578125,"2026-07-14T00:00:00Z","rtofs:Y381,X441",3481.77897538278,0,0.029999999329447746,-0.14000000059604645,0.10295318067073822,-0.0883026272058487,0.143178211075079
"san-francisco","shelf","2026-07-14T00:00:00Z",37.531898498535156,-122.61428833007812,"2026-07-14T00:00:00Z","rtofs:Y381,X441",2602.3680822401293,0,0.03999999910593033,-0.14000000059604645,0.10295318067073822,-0.0883026272058487,0.1456021981131035
"san-francisco","shelf","2026-07-14T00:00:00Z",37.531898498535156,-122.55182647705078,"2026-07-14T00:00:00Z","rtofs:Y381,X442",1467.5635679533493,0,0.029999999329447746,-0.14000000059604645,0.034047845751047134,-0.10569784790277481,0.143178211075079
"san-francisco","shelf","2026-07-14T00:00:00Z",37.585838317871094,-123.30140686035156,"2026-07-14T00:00:00Z","rtofs:Y382,X433",2994.379765150519,0,-0.17000000178813934,0.03999999910593033,-0.1334342211484909,0.006755584850907326,0.1746424935015582
"san-francisco","shelf","2026-07-14T00:00:00Z",37.585838317871094,-123.23894500732422,"2026-07-14T00:00:00Z","rtofs:Y382,X434",4149.880405623035,0,-0.15000000596046448,0.05999999865889549,-0.1395726352930069,0.03122578002512455,0.1615549492501138
"san-francisco","shelf","2026-07-14T00:00:00Z",37.585838317871094,-123.17647552490234,"2026-07-14T00:00:00Z","rtofs:Y382,X434",3113.964300393967,0,-0.09000000357627869,0.029999999329447746,-0.1395726352930069,0.03122578002512455,0.09486833298576001
"san-francisco","shelf","2026-07-14T00:00:00Z",37.585838317871094,-123.114013671875,"2026-07-14T00:00:00Z","rtofs:Y382,X435",2386.7794902293504,0,-0.05999999865889549,0.019999999552965164,-0.15510384738445282,0.046416088938713074,0.06324555178971931
"san-francisco","shelf","2026-07-14T00:00:00Z",37.585838317871094,-123.05155181884766,"2026-07-14T00:00:00Z","rtofs:Y382,X436",2539.2573430123994,0,-0.029999999329447746,0.009999999776482582,-0.1030367761850357,-0.054372817277908325,0.03162277589485966
"san-francisco","shelf","2026-07-14T00:00:00Z",37.585838317871094,-122.98908233642578,"2026-07-14T00:00:00Z","rtofs:Y382,X437",3464.353341650103,0,-0.029999999329447746,0.009999999776482582,0.054124996066093445,-0.030028000473976135,0.03162277589485966
"san-francisco","shelf","2026-07-14T00:00:00Z",37.585838317871094,-122.92662048339844,"2026-07-14T00:00:00Z","rtofs:Y382,X437",3747.9733622692625,0,-0.029999999329447746,-0.029999999329447746,0.054124996066093445,-0.030028000473976135,0.042426405922888766
"san-francisco","shelf","2026-07-14T00:00:00Z",37.585838317871094,-122.86415100097656,"2026-07-14T00:00:00Z","rtofs:Y382,X438",2714.772046805737,0,0.019999999552965164,-0.05000000074505806,0.16060058772563934,-0.07526494562625885,0.05385164859708952
"san-francisco","shelf","2026-07-14T00:00:00Z",37.585838317871094,-122.80168914794922,"2026-07-14T00:00:00Z","rtofs:Y382,X439",2332.35710551823,0,0.05000000074505806,-0.07999999821186066,0.18357780575752258,-0.06098548695445061,0.0943398101991069
"san-francisco","shelf","2026-07-14T00:00:00Z",37.585838317871094,-122.73921966552734,"2026-07-14T00:00:00Z","rtofs:Y382,X440",2880.1141088222876,0,0.05000000074505806,-0.11999999731779099,0.17747537791728973,-0.07959121465682983,0.12999999781067556
"san-francisco","shelf","2026-07-14T00:00:00Z",37.585838317871094,-122.6767578125,"2026-07-14T00:00:00Z","rtofs:Y382,X441",3987.27698724519,0,0.05999999865889549,-0.12999999523162842,0.12181028723716736,-0.07895292341709137,0.143178205741275
"san-francisco","shelf","2026-07-14T00:00:00Z",37.585838317871094,-122.61428833007812,"2026-07-14T00:00:00Z","rtofs:Y382,X441",3249.0513627284954,0,0.07000000029802322,-0.12999999523162842,0.12181028723716736,-0.07895292341709137,0.1476482265452134
"san-francisco","shelf","2026-07-14T00:00:00Z",37.585838317871094,-122.55182647705078,"2026-07-14T00:00:00Z","rtofs:Y382,X442",2438.24282281347,0,0.09000000357627869,-0.12999999523162842,0.041551969945430756,-0.10856454074382782,0.15811388112355468
"san-francisco","shelf","2026-07-14T00:00:00Z",37.63977813720703,-123.30140686035156,"2026-07-14T00:00:00Z","rtofs:Y383,X433",3863.641472283614,0,-0.1599999964237213,0.05000000074505806,-0.15272289514541626,0.004326034337282181,0.16763054295114788
"san-francisco","shelf","2026-07-14T00:00:00Z",37.63977813720703,-123.23894500732422,"2026-07-14T00:00:00Z","rtofs:Y383,X434",4813.5128949594955,0,-0.12999999523162842,0.05000000074505806,-0.12269875407218933,0.005275242030620575,0.13928387858876282
"san-francisco","shelf","2026-07-14T00:00:00Z",37.63977813720703,-123.17647552490234,"2026-07-14T00:00:00Z","rtofs:Y383,X434",3956.897416775208,0,-0.07999999821186066,0.019999999552965164,-0.12269875407218933,0.005275242030620575,0.08246211066918137
"san-francisco","shelf","2026-07-14T00:00:00Z",37.63977813720703,-123.114013671875,"2026-07-14T00:00:00Z","rtofs:Y383,X435",3415.15546627357,0,-0.03999999910593033,0.019999999552965164,-0.13326802849769592,-0.01881837472319603,0.04472135855039552
"san-francisco","shelf","2026-07-14T00:00:00Z",37.63977813720703,-123.05155181884766,"2026-07-14T00:00:00Z","rtofs:Y383,X436",3523.2391454194403,0,-0.009999999776482582,0.009999999776482582,0.0037052035331726074,-0.02281314507126808,0.014142135307629587
"san-francisco","shelf","2026-07-14T00:00:00Z",37.63977813720703,-122.98908233642578,"2026-07-14T00:00:00Z","rtofs:Y383,X437",4237.732088788911,0,0,0.009999999776482582,0.1507851928472519,-0.03015156462788582,0.009999999776482582
"san-francisco","shelf","2026-07-14T00:00:00Z",37.63977813720703,-122.92662048339844,"2026-07-14T00:00:00Z","rtofs:Y383,X437",4472.215133810117,0,0.05000000074505806,0.029999999329447746,0.1507851928472519,-0.03015156462788582,0.058309519242338737
"san-francisco","shelf","2026-07-14T00:00:00Z",37.63977813720703,-122.86415100097656,"2026-07-14T00:00:00Z","rtofs:Y383,X438",3651.563978492139,0,0.05999999865889549,0.05000000074505806,0.15830430388450623,-0.0621776282787323,0.07810249620577608
"san-francisco","shelf","2026-07-14T00:00:00Z",37.63977813720703,-122.80168914794922,"2026-07-14T00:00:00Z","rtofs:Y383,X439",3377.4050894872316,0,0.05999999865889549,-0.029999999329447746,0.18134354054927826,-0.05885152518749237,0.06708203782559327
"san-francisco","shelf","2026-07-14T00:00:00Z",37.63977813720703,-122.73921966552734,"2026-07-14T00:00:00Z","rtofs:Y383,X440",3775.91457988982,0,0.07999999821186066,-0.10000000149011612,0.180214524269104,-0.07246227562427521,0.1280624847952004
"san-francisco","shelf","2026-07-14T00:00:00Z",37.63977813720703,-122.6767578125,"2026-07-14T00:00:00Z","rtofs:Y383,X441",4674.27673589633,0,0.09000000357627869,-0.10000000149011612,0.13888460397720337,-0.06600652635097504,0.13453624397073602
"san-francisco","shelf","2026-07-14T00:00:00Z",37.63977813720703,-122.61428833007812,"2026-07-14T00:00:00Z","rtofs:Y383,X441",4063.895048143846,0,0.09000000357627869,-0.10999999940395355,0.13888460397720337,-0.06600652635097504,0.1421267058388393
"san-francisco","shelf","2026-07-14T00:00:00Z",37.63977813720703,-122.55182647705078,"2026-07-14T00:00:00Z","rtofs:Y383,X442",3451.2616628746837,0,0.10000000149011612,-0.11999999731779099,0.04922385513782501,-0.09116746485233307,0.15620499241155217
"san-francisco","shelf","2026-07-14T00:00:00Z",37.693721771240234,-123.30140686035156,"2026-07-14T00:00:00Z","rtofs:Y383,X433",3228.6612249289865,0,-0.1599999964237213,0.05000000074505806,-0.15272289514541626,0.004326034337282181,0.16763054295114788
"san-francisco","shelf","2026-07-14T00:00:00Z",37.693721771240234,-123.23894500732422,"2026-07-14T00:00:00Z","rtofs:Y383,X434",4319.773825155076,0,-0.14000000059604645,0.03999999910593033,-0.12269875407218933,0.005275242030620575,0.1456021981131035
"san-francisco","shelf","2026-07-14T00:00:00Z",37.693721771240234,-123.17647552490234,"2026-07-14T00:00:00Z","rtofs:Y383,X434",3339.616020353909,0,-0.10000000149011612,0.019999999552965164,-0.12269875407218933,0.005275242030620575,0.10198039164536404
"san-francisco","shelf","2026-07-14T00:00:00Z",37.693721771240234,-123.114013671875,"2026-07-14T00:00:00Z","rtofs:Y383,X435",2676.2261713685116,0,-0.05999999865889549,0.019999999552965164,-0.13326802849769592,-0.01881837472319603,0.06324555178971931
"san-francisco","shelf","2026-07-14T00:00:00Z",37.693721771240234,-123.05155181884766,"2026-07-14T00:00:00Z","rtofs:Y383,X436",2812.7511224121677,0,-0.029999999329447746,-0.019999999552965164,0.0037052035331726074,-0.02281314507126808,0.03605551194873638
"san-francisco","shelf","2026-07-14T00:00:00Z",37.693721771240234,-122.98908233642578,"2026-07-14T00:00:00Z","rtofs:Y383,X437",3667.79214430652,0,-0.009999999776482582,0.009999999776482582,0.1507851928472519,-0.03015156462788582,0.014142135307629587
"san-francisco","shelf","2026-07-14T00:00:00Z",37.693721771240234,-122.92662048339844,"2026-07-14T00:00:00Z","rtofs:Y383,X437",3936.184738953116,0,0.05000000074505806,0.05000000074505806,0.1507851928472519,-0.03015156462788582,0.07071067917232597
"san-francisco","shelf","2026-07-14T00:00:00Z",37.693721771240234,-122.86415100097656,"2026-07-14T00:00:00Z","rtofs:Y383,X438",2971.8017009902505,0,0.03999999910593033,0.05999999865889549,0.15830430388450623,-0.0621776282787323,0.07211102389747276
"san-francisco","shelf","2026-07-14T00:00:00Z",37.693721771240234,-122.80168914794922,"2026-07-14T00:00:00Z","rtofs:Y383,X439",2627.9176363726565,0,0.05999999865889549,0,0.18134354054927826,-0.05885152518749237,0.05999999865889549
"san-francisco","shelf","2026-07-14T00:00:00Z",37.693721771240234,-122.73921966552734,"2026-07-14T00:00:00Z","rtofs:Y383,X440",3123.2268128353962,0,0.09000000357627869,-0.07000000029802322,0.180214524269104,-0.07246227562427521,0.11401754551582588
"san-francisco","shelf","2026-07-14T00:00:00Z",37.693721771240234,-122.6767578125,"2026-07-14T00:00:00Z","rtofs:Y383,X441",4164.1760673973395,0,0.07999999821186066,-0.09000000357627869,0.13888460397720337,-0.06600652635097504,0.12041594727289191
"san-francisco","shelf","2026-07-14T00:00:00Z",37.693721771240234,-122.61428833007812,"2026-07-14T00:00:00Z","rtofs:Y383,X441",3465.6337700629033,0,0.07999999821186066,-0.18000000715255737,0.13888460397720337,-0.06600652635097504,0.1969771618457795
"san-francisco","nearshore","2026-07-14T00:00:00Z",37.693721771240234,-122.55182647705078,"2026-07-14T00:00:00Z","rtofs:Y383,X442",2722.118035712245,0,0.07999999821186066,-0.2199999988079071,0.04922385513782501,-0.09116746485233307,0.23409399648298723
"san-francisco","shelf","2026-07-14T00:00:00Z",37.74766159057617,-123.30140686035156,"2026-07-14T00:00:00Z","rtofs:Y384,X433",2457.8141188381865,0,-0.1599999964237213,0.03999999910593033,-0.11657507717609406,0.003100655972957611,0.16492422133836274
"san-francisco","shelf","2026-07-14T00:00:00Z",37.74766159057617,-123.23894500732422,"2026-07-14T00:00:00Z","rtofs:Y384,X434",3776.7741310397164,0,-0.1599999964237213,0.029999999329447746,-0.08622123301029205,-0.035610444843769073,0.1627882023223971
"san-francisco","shelf","2026-07-14T00:00:00Z",37.74766159057617,-123.17647552490234,"2026-07-14T00:00:00Z","rtofs:Y384,X434",2601.630262414102,0,-0.10999999940395355,0.029999999329447746,-0.08622123301029205,-0.035610444843769073,0.11401754175843577
"san-francisco","shelf","2026-07-14T00:00:00Z",37.74766159057617,-123.114013671875,"2026-07-14T00:00:00Z","rtofs:Y384,X435",1668.5143760166507,0,-0.07999999821186066,0.019999999552965164,-0.018706198781728745,-0.04816410318017006,0.08246211066918137
"san-francisco","shelf","2026-07-14T00:00:00Z",37.74766159057617,-123.05155181884766,"2026-07-14T00:00:00Z","rtofs:Y384,X436",1879.3982906692122,0,-0.05999999865889549,0.009999999776482582,0.09084104001522064,0.0012595094740390778,0.06082762394337882
"san-francisco","shelf","2026-07-14T00:00:00Z",37.74766159057617,-122.98908233642578,"2026-07-14T00:00:00Z","rtofs:Y384,X437",3010.7322531657214,0,-0.05999999865889549,0.029999999329447746,0.1437276154756546,-0.04298749566078186,0.06708203782559327
"san-francisco","shelf","2026-07-14T00:00:00Z",37.74766159057617,-122.92662048339844,"2026-07-14T00:00:00Z","rtofs:Y384,X437",3331.986427306392,0,-0.029999999329447746,0.03999999910593033,0.1437276154756546,-0.04298749566078186,0.04999999888241291
"san-francisco","shelf","2026-07-14T00:00:00Z",37.74766159057617,-122.86415100097656,"2026-07-14T00:00:00Z","rtofs:Y384,X438",2109.6729578980944,0,-0.009999999776482582,0.07000000029802322,0.17192086577415466,-0.07233873009681702,0.07071067838207255
"san-francisco","shelf","2026-07-14T00:00:00Z",37.74766159057617,-122.80168914794922,"2026-07-14T00:00:00Z","rtofs:Y384,X439",1590.0031038443842,0,0.03999999910593033,0.019999999552965164,0.17659364640712738,-0.05618811026215553,0.04472135855039552
"san-francisco","shelf","2026-07-14T00:00:00Z",37.74766159057617,-122.73921966552734,"2026-07-14T00:00:00Z","rtofs:Y384,X440",2317.8009737805273,0,0.05000000074505806,-0.07999999821186066,0.16113214194774628,-0.050389885902404785,0.0943398101991069
"san-francisco","shelf","2026-07-14T00:00:00Z",37.74766159057617,-122.6767578125,"2026-07-14T00:00:00Z","rtofs:Y384,X441",3598.058654515969,0,0,-0.20000000298023224,0.13776013255119324,-0.030627522617578506,0.20000000298023224
"san-francisco","nearshore","2026-07-14T00:00:00Z",37.74766159057617,-122.61428833007812,"2026-07-14T00:00:00Z","rtofs:Y384,X441",2761.287126932457,0,-0.03999999910593033,-0.3400000035762787,0.13776013255119324,-0.030627522617578506,0.34234485881979293
"san-francisco","nearshore","2026-07-14T00:00:00Z",37.74766159057617,-122.55182647705078,"2026-07-14T00:00:00Z","rtofs:Y384,X442",1741.0596396013834,0,-0.07999999821186066,-0.3199999928474426,0.06091548129916191,-0.03533497825264931,0.3298484426767255
"san-francisco","shelf","2026-07-14T00:00:00Z",37.80160140991211,-123.30140686035156,"2026-07-14T00:00:00Z","rtofs:Y385,X433",1956.9588943455603,0,-0.1599999964237213,0.029999999329447746,-0.06721404194831848,-0.043372031301259995,0.1627882023223971
"san-francisco","shelf","2026-07-14T00:00:00Z",37.80160140991211,-123.23894500732422,"2026-07-14T00:00:00Z","rtofs:Y385,X434",3469.8472680688733,0,-0.15000000596046448,0.029999999329447746,-0.019432654604315758,-0.06841182708740234,0.1529705911209937
"san-francisco","shelf","2026-07-14T00:00:00Z",37.80160140991211,-123.17647552490234,"2026-07-14T00:00:00Z","rtofs:Y385,X434",2134.51768750347,0,-0.10000000149011612,0.05000000074505806,-0.019432654604315758,-0.06841182708740234,0.11180340054098996
"san-francisco","shelf","2026-07-14T00:00:00Z",37.80160140991211,-123.114013671875,"2026-07-14T00:00:00Z","rtofs:Y385,X435",760.2204381097231,0,-0.07999999821186066,0.05999999865889549,0.057776667177677155,-0.05666009709239006,0.09999999776482582
"san-francisco","shelf","2026-07-14T00:00:00Z",37.80160140991211,-123.05155181884766,"2026-07-14T00:00:00Z","rtofs:Y385,X436",1151.0639094522676,0,-0.07000000029802322,0.05000000074505806,0.11275094002485275,-0.07071253657341003,0.08602325334599394
"san-francisco","shelf","2026-07-14T00:00:00Z",37.80160140991211,-122.98908233642578,"2026-07-14T00:00:00Z","rtofs:Y385,X437",2616.975140124346,0,-0.10999999940395355,0.009999999776482582,0.13880953192710876,-0.06481868028640747,0.11045360955803768
"san-francisco","shelf","2026-07-14T00:00:00Z",37.80160140991211,-122.92662048339844,"2026-07-14T00:00:00Z","rtofs:Y385,X437",2980.429053380318,0,-0.10999999940395355,0.009999999776482582,0.13880953192710876,-0.06481868028640747,0.11045360955803768
"san-francisco","shelf","2026-07-14T00:00:00Z",37.80160140991211,-122.86415100097656,"2026-07-14T00:00:00Z","rtofs:Y385,X438",1497.3562325005728,0,-0.09000000357627869,0.10999999940395355,0.11771467328071594,-0.07338672876358032,0.1421267058388393
"san-francisco","nearshore","2026-07-14T00:00:00Z",37.80160140991211,-122.80168914794922,"2026-07-14T00:00:00Z","rtofs:Y385,X439",567.8995032766677,0,-0.05000000074505806,0.07999999821186066,0.05451204627752304,-0.0388808473944664,0.0943398101991069
"san-francisco","nearshore","2026-07-14T00:00:00Z",37.80160140991211,-122.73921966552734,"2026-07-14T00:00:00Z","rtofs:Y385,X440",1778.228885725648,0,-0.019999999552965164,-0.019999999552965164,0.05081973969936371,-0.02323281019926071,0.028284270615259174
"san-francisco","nearshore","2026-07-14T00:00:00Z",37.80160140991211,-122.6767578125,"2026-07-14T00:00:00Z","rtofs:Y385,X441",3274.741247179174,0,-0.09000000357627869,-0.2800000011920929,0.1114530861377716,-0.0013218543026596308,0.29410882562633545
"san-francisco","nearshore","2026-07-14T00:00:00Z",37.80160140991211,-122.61428833007812,"2026-07-14T00:00:00Z","rtofs:Y385,X441",2326.1634887873906,0,-0.14000000059604645,-0.44999998807907104,0.1114530861377716,-0.0013218543026596308,0.4712748555122129
"san-francisco","nearshore","2026-07-14T00:00:00Z",37.80160140991211,-122.55182647705078,"2026-07-14T00:00:00Z","rtofs:Y385,X442",908.2356007551167,0,-0.18000000715255737,-0.12999999523162842,0.06935534626245499,0.003046036697924137,0.22203603611833853
"san-francisco","shelf","2026-07-14T00:00:00Z",37.85554122924805,-123.30140686035156,"2026-07-14T00:00:00Z","rtofs:Y386,X433",1937.03381484685,0,-0.10000000149011612,0.009999999776482582,-0.02453962154686451,-0.1153041273355484,0.10049875767168905
"san-francisco","shelf","2026-07-14T00:00:00Z",37.85554122924805,-123.23894500732422,"2026-07-14T00:00:00Z","rtofs:Y386,X434",3456.7658119811445,0,-0.15000000596046448,0.05000000074505806,0.02061832696199417,-0.10640750825405121,0.15811388889862013
"san-francisco","shelf","2026-07-14T00:00:00Z",37.85554122924805,-123.17647552490234,"2026-07-14T00:00:00Z","rtofs:Y386,X434",2115.992765192519,0,-0.07999999821186066,0.05000000074505806,0.02061832696199417,-0.10640750825405121,0.0943398101991069
"san-francisco","shelf","2026-07-14T00:00:00Z",37.85554122924805,-123.114013671875,"2026-07-14T00:00:00Z","rtofs:Y386,X435",710.988456411906,0,-0.05000000074505806,0.07999999821186066,0.03568647429347038,-0.1054377481341362,0.0943398101991069
"san-francisco","nearshore","2026-07-14T00:00:00Z",37.85554122924805,-123.05155181884766,"2026-07-14T00:00:00Z","rtofs:Y386,X436",1118.6298590942715,0,-0.05999999865889549,0.07000000029802322,-0.013737753033638,-0.09481853246688843,0.09219544392642573
"san-francisco","nearshore","2026-07-14T00:00:00Z",37.85554122924805,-122.98908233642578,"2026-07-14T00:00:00Z","rtofs:Y386,X437",2601.1886816946153,0,-0.10000000149011612,0.03999999910593033,-0.08091646432876587,-0.09086184203624725,0.10770329719417904
"san-francisco","nearshore","2026-07-14T00:00:00Z",37.85554122924805,-122.92662048339844,"2026-07-14T00:00:00Z","rtofs:Y386,X437",2966.0334235033415,0,-0.18000000715255737,-0.029999999329447746,-0.08091646432876587,-0.09086184203624725,0.18248288285394762
"san-francisco","nearshore","2026-07-14T00:00:00Z",37.85554122924805,-122.86415100097656,"2026-07-14T00:00:00Z","rtofs:Y386,X438",1472.0752952139037,0,-0.17000000178813934,0.029999999329447746,-0.09593747556209564,-0.008747369050979614,0.17262676666071874
"san-francisco","nearshore","2026-07-14T00:00:00Z",37.85554122924805,-122.80168914794922,"2026-07-14T00:00:00Z","rtofs:Y386,X439",500.48421039864587,0,-0.10999999940395355,0.11999999731779099,-0.05997844785451889,0.04909100383520126,0.16278820358103233
"san-francisco","nearshore","2026-07-14T00:00:00Z",37.85554122924805,-122.73921966552734,"2026-07-14T00:00:00Z","rtofs:Y386,X440",1756.578696288569,0,-0.07999999821186066,0.03999999910593033,0.01130373403429985,-0.00620886217802763,0.08944271710079103
"san-francisco","nearshore","2026-07-14T00:00:00Z",37.85554122924805,-122.6767578125,"2026-07-14T00:00:00Z","rtofs:Y386,X441",3261.1972046308842,0,-0.15000000596046448,-0.1599999964237213,0.026542525738477707,0.0007152901962399483,0.21931712346219162
"san-francisco","nearshore","2026-07-14T00:00:00Z",37.85554122924805,-122.61428833007812,"2026-07-14T00:00:00Z","rtofs:Y386,X441",2308.882910720971,0,-0.23000000417232513,-0.4699999988079071,0.026542525738477707,0.0007152901962399483,0.5232590188412449
"san-francisco","shelf","2026-07-14T00:00:00Z",37.909481048583984,-123.30140686035156,"2026-07-14T00:00:00Z","rtofs:Y387,X433",2402.3956873463867,0,-0.05000000074505806,0.009999999776482582,-0.019880149513483047,-0.1392146646976471,0.05099019582268202
"san-francisco","shelf","2026-07-14T00:00:00Z",37.909481048583984,-123.23894500732422,"2026-07-14T00:00:00Z","rtofs:Y387,X434",3735.7211264226466,0,-0.07999999821186066,0.05999999865889549,-0.018045593053102493,-0.1269233226776123,0.09999999776482582
"san-francisco","shelf","2026-07-14T00:00:00Z",37.909481048583984,-123.17647552490234,"2026-07-14T00:00:00Z","rtofs:Y387,X434",2548.6620242952677,0,-0.09000000357627869,0.10000000149011612,-0.018045593053102493,-0.1269233226776123,0.13453624397073602
"san-francisco","nearshore","2026-07-14T00:00:00Z",37.909481048583984,-123.114013671875,"2026-07-14T00:00:00Z","rtofs:Y387,X435",1590.6185626498207,0,-0.07000000029802322,0.11999999731779099,-0.0797451063990593,-0.07160873711109161,0.13892443772782775
"san-francisco","nearshore","2026-07-14T00:00:00Z",37.909481048583984,-123.05155181884766,"2026-07-14T00:00:00Z","rtofs:Y387,X436",1809.616177284578,0,-0.009999999776482582,0.10999999940395355,-0.17358218133449554,-0.00019288808107376099,0.11045360955803768
"san-francisco","nearshore","2026-07-14T00:00:00Z",37.909481048583984,-122.98908233642578,"2026-07-14T00:00:00Z","rtofs:Y387,X437",2963.2413327365375,0,0.019999999552965164,0.09000000357627869,-0.17228689789772034,-0.05212361365556717,0.09219544796707038
"san-francisco","nearshore","2026-07-14T00:00:00Z",37.909481048583984,-122.92662048339844,"2026-07-14T00:00:00Z","rtofs:Y387,X437",3287.665438259758,0,-0.23000000417232513,-0.07000000029802322,-0.17228689789772034,-0.05212361365556717,0.24041630968175354
"san-francisco","nearshore","2026-07-14T00:00:00Z",37.909481048583984,-122.86415100097656,"2026-07-14T00:00:00Z","rtofs:Y387,X438",2046.6873026189855,0,-0.23999999463558197,-0.09000000357627869,-0.08459065854549408,0.023066259920597076,0.2563201085923802
"san-francisco","nearshore","2026-07-14T00:00:00Z",37.909481048583984,-122.80168914794922,"2026-07-14T00:00:00Z","rtofs:Y387,X439",1508.4602798575825,0,-0.2199999988079071,-0.10999999940395355,-0.020061124116182327,0.06373220682144165,0.24596747619217652
"san-francisco","shelf","2026-07-14T00:00:00Z",37.96342086791992,-123.30140686035156,"2026-07-14T00:00:00Z","rtofs:Y388,X433",3138.6323854656007,0,0,0.009999999776482582,-0.01095619611442089,-0.145369753241539,0.009999999776482582
"san-francisco","shelf","2026-07-14T00:00:00Z",37.96342086791992,-123.23894500732422,"2026-07-14T00:00:00Z","rtofs:Y388,X434",4245.244055655699,0,-0.019999999552965164,0.05999999865889549,0.013222387991845608,-0.10994570702314377,0.06324555178971931
"san-francisco","shelf","2026-07-14T00:00:00Z",37.96342086791992,-123.17647552490234,"2026-07-14T00:00:00Z","rtofs:Y388,X434",3251.7739685421802,0,-0.07999999821186066,0.11999999731779099,0.013222387991845608,-0.10994570702314377,0.14422204779494552
"san-francisco","nearshore","2026-07-14T00:00:00Z",37.96342086791992,-123.114013671875,"2026-07-14T00:00:00Z","rtofs:Y388,X435",2571.912470819552,0,-0.07999999821186066,0.1599999964237213,0.037302713841199875,-0.025157205760478973,0.17888543420158207
"san-francisco","nearshore","2026-07-14T00:00:00Z",37.96342086791992,-123.05155181884766,"2026-07-14T00:00:00Z","rtofs:Y388,X436",2712.5987717006255,0,-0.029999999329447746,0.17000000178813934,0.024675855413079262,0.0886140912771225,0.17262676666071874
"san-francisco","shelf","2026-07-14T00:00:00Z",38.01736068725586,-123.30140686035156,"2026-07-14T00:00:00Z","rtofs:Y388,X433",3952.0296337769482,0,0,0.019999999552965164,-0.01095619611442089,-0.145369753241539,0.019999999552965164
"san-francisco","shelf","2026-07-14T00:00:00Z",38.01736068725586,-123.23894500732422,"2026-07-14T00:00:00Z","rtofs:Y388,X434",4876.844934920424,0,-0.019999999552965164,0.09000000357627869,0.013222387991845608,-0.10994570702314377,0.09219544796707038
"san-francisco","shelf","2026-07-14T00:00:00Z",38.01736068725586,-123.17647552490234,"2026-07-14T00:00:00Z","rtofs:Y388,X434",4042.403680364355,0,-0.05999999865889549,0.15000000596046448,0.013222387991845608,-0.10994570702314377,0.1615549492501138
"san-francisco","nearshore","2026-07-14T00:00:00Z",38.01736068725586,-123.114013671875,"2026-07-14T00:00:00Z","rtofs:Y388,X435",3519.1813422173636,0,-0.05999999865889549,0.18000000715255737,0.037302713841199875,-0.025157205760478973,0.18973666597152003
"san-francisco","nearshore","2026-07-14T00:00:00Z",38.01736068725586,-123.05155181884766,"2026-07-14T00:00:00Z","rtofs:Y388,X436",3623.1959972234504,0,-0.03999999910593033,0.18000000715255737,0.024675855413079262,0.0886140912771225,0.18439089593414076
"san-francisco","shelf","2026-07-14T00:00:00Z",38.0713005065918,-123.30140686035156,"2026-07-14T00:00:00Z","rtofs:Y389,X433",3098.6547818580248,0,-0.019999999552965164,0.009999999776482582,-0.003584720194339752,-0.15161702036857605,0.02236067927519776
"san-francisco","shelf","2026-07-14T00:00:00Z",38.0713005065918,-123.23894500732422,"2026-07-14T00:00:00Z","rtofs:Y389,X434",4213.515517303576,0,-0.009999999776482582,0.07999999821186066,0.022129159420728683,-0.09499719738960266,0.08062257568093045
"san-francisco","shelf","2026-07-14T00:00:00Z",38.0713005065918,-123.17647552490234,"2026-07-14T00:00:00Z","rtofs:Y389,X434",3212.9422764028086,0,-0.05000000074505806,0.12999999523162842,0.022129159420728683,-0.09499719738960266,0.13928387858876282
"san-francisco","nearshore","2026-07-14T00:00:00Z",38.0713005065918,-123.114013671875,"2026-07-14T00:00:00Z","rtofs:Y389,X435",2524.464296217892,0,-0.03999999910593033,0.15000000596046448,0.07052688300609589,-0.023579884320497513,0.15524175249144095
"san-francisco","nearshore","2026-07-14T00:00:00Z",38.0713005065918,-123.05155181884766,"2026-07-14T00:00:00Z","rtofs:Y389,X436",2667.329496086101,0,-0.019999999552965164,0.1599999964237213,0.05048128589987755,0.07500104606151581,0.1612451513618609
"san-francisco","shelf","2026-07-14T00:00:00Z",38.125240325927734,-123.30140686035156,"2026-07-14T00:00:00Z","rtofs:Y390,X433",2375.953252844315,0,-0.05999999865889549,-0.019999999552965164,0.0023752585984766483,-0.1586316078901291,0.06324555178971931
"san-francisco","shelf","2026-07-14T00:00:00Z",38.125240325927734,-123.23894500732422,"2026-07-14T00:00:00Z","rtofs:Y390,X434",3712.704996214332,0,-0.03999999910593033,0.07999999821186066,0.009366843849420547,-0.08295829594135284,0.08944271710079103
"san-francisco","shelf","2026-07-14T00:00:00Z",38.125240325927734,-123.17647552490234,"2026-07-14T00:00:00Z","rtofs:Y390,X434",2522.962103117173,0,-0.03999999910593033,0.10999999940395355,0.009366843849420547,-0.08295829594135284,0.11704699824149362
"san-francisco","nearshore","2026-07-14T00:00:00Z",38.125240325927734,-123.114013671875,"2026-07-14T00:00:00Z","rtofs:Y390,X435",1556.1400752946097,0,-0.05000000074505806,0.11999999731779099,0.06132815033197403,-0.011158384382724762,0.12999999781067556
"san-francisco","nearshore","2026-07-14T00:00:00Z",38.125240325927734,-123.05155181884766,"2026-07-14T00:00:00Z","rtofs:Y390,X436",1778.2331984447715,0,-0.009999999776482582,0.12999999523162842,0.04946837201714516,0.07245970517396927,0.1303840433325837
"san-francisco","shelf","2026-07-14T00:00:00Z",38.17918014526367,-123.30140686035156,"2026-07-14T00:00:00Z","rtofs:Y391,X433",1926.1081442243506,0,-0.09000000357627869,-0.07999999821186066,-0.012774679809808731,-0.16196438670158386,0.12041594727289191
"san-francisco","shelf","2026-07-14T00:00:00Z",38.17918014526367,-123.23894500732422,"2026-07-14T00:00:00Z","rtofs:Y391,X434",3440.3326883030113,0,-0.05999999865889549,0.03999999910593033,-0.024257488548755646,-0.0643603727221489,0.07211102389747276
"san-francisco","shelf","2026-07-14T00:00:00Z",38.17918014526367,-123.17647552490234,"2026-07-14T00:00:00Z","rtofs:Y391,X434",2104.5008200567518,0,-0.05000000074505806,0.10999999940395355,-0.024257488548755646,-0.0643603727221489,0.12083045950163224
"san-francisco","nearshore","2026-07-14T00:00:00Z",38.17918014526367,-123.114013671875,"2026-07-14T00:00:00Z","rtofs:Y391,X435",701.0496651077676,0,-0.05999999865889549,0.10999999940395355,0.018568580970168114,0.011088073253631592,0.1252996396959594
"san-francisco","nearshore","2026-07-14T00:00:00Z",38.17918014526367,-123.05155181884766,"2026-07-14T00:00:00Z","rtofs:Y391,X436",1109.426259502976,0,-0.009999999776482582,0.10999999940395355,0.026996681466698647,0.06418576091527939,0.11045360955803768
"san-francisco","shelf","2026-07-14T00:00:00Z",38.23311996459961,-123.30140686035156,"2026-07-14T00:00:00Z","rtofs:Y392,X433",1939.5746801660005,0,-0.09000000357627869,-0.10000000149011612,-0.03473910689353943,-0.14638926088809967,0.13453624397073602
"san-francisco","shelf","2026-07-14T00:00:00Z",38.23311996459961,-123.23894500732422,"2026-07-14T00:00:00Z","rtofs:Y392,X434",3446.0003037643482,0,-0.05999999865889549,0.03999999910593033,-0.0636255145072937,-0.03221873193979263,0.07211102389747276
"san-francisco","nearshore","2026-07-14T00:00:00Z",38.23311996459961,-123.17647552490234,"2026-07-14T00:00:00Z","rtofs:Y392,X434",2116.560475911167,0,-0.05999999865889549,0.10000000149011612,-0.0636255145072937,-0.03221873193979263,0.11661903848467747
"san-francisco","nearshore","2026-07-14T00:00:00Z",38.23311996459961,-123.114013671875,"2026-07-14T00:00:00Z","rtofs:Y392,X435",740.7347903969477,0,-0.07000000029802322,0.11999999731779099,-0.03852749615907669,0.042980827391147614,0.13892443772782775
"san-francisco","nearshore","2026-07-14T00:00:00Z",38.23311996459961,-123.05155181884766,"2026-07-14T00:00:00Z","rtofs:Y392,X436",1134.3979131703184,0,-0.05999999865889549,0.11999999731779099,-0.006914813071489334,0.028179218992590904,0.13416407565118654
"san-francisco","shelf","2026-07-14T00:00:00Z",38.28705978393555,-123.30140686035156,"2026-07-14T00:00:00Z","rtofs:Y393,X433",2400.9855781176516,0,-0.09000000357627869,-0.10000000149011612,-0.03996491804718971,-0.10969024896621704,0.13453624397073602
"san-francisco","shelf","2026-07-14T00:00:00Z",38.28705978393555,-123.23894500732422,"2026-07-14T00:00:00Z","rtofs:Y393,X434",3723.5293884527096,0,-0.10999999940395355,0.05000000074505806,-0.07228010147809982,-0.001989603042602539,0.12083045950163224
"san-francisco","nearshore","2026-07-14T00:00:00Z",38.28705978393555,-123.17647552490234,"2026-07-14T00:00:00Z","rtofs:Y393,X434",2545.8706169197553,0,-0.10999999940395355,0.12999999523162842,-0.07228010147809982,-0.001989603042602539,0.170293859634143
"san-francisco","nearshore","2026-07-14T00:00:00Z",38.28705978393555,-123.114013671875,"2026-07-14T00:00:00Z","rtofs:Y393,X435",1598.9465543463589,0,-0.10000000149011612,0.12999999523162842,-0.0346812941133976,0.03898203372955322,0.16401219179758142
"san-francisco","shelf","2026-07-14T06:00:00Z",37.20825958251953,-123.23894500732422,"2026-07-14T06:00:00Z","rtofs:Y376,X434",3951.5653296348237,0,-0.07999999821186066,-0.05000000074505806,-0.008259368129074574,0.07481122016906738,0.0943398101991069
"san-francisco","shelf","2026-07-14T06:00:00Z",37.20825958251953,-123.17647552490234,"2026-07-14T06:00:00Z","rtofs:Y376,X434",2830.81900609734,0,-0.019999999552965164,0.03999999910593033,-0.008259368129074574,0.07481122016906738,0.04472135855039552
"san-francisco","shelf","2026-07-14T06:00:00Z",37.20825958251953,-123.114013671875,"2026-07-14T06:00:00Z","rtofs:Y376,X435",1993.178374601432,0,-0.029999999329447746,0.10999999940395355,-0.016113324090838432,0.1692812740802765,0.11401754175843577
"san-francisco","shelf","2026-07-14T06:00:00Z",37.20825958251953,-123.05155181884766,"2026-07-14T06:00:00Z","rtofs:Y376,X436",2175.2051737596553,0,-0.05999999865889549,0.14000000059604645,-0.02015468291938305,0.1584433913230896,0.15231546213684435
"san-francisco","shelf","2026-07-14T06:00:00Z",37.20825958251953,-122.98908233642578,"2026-07-14T06:00:00Z","rtofs:Y376,X437",3215.8933869443604,0,-0.10999999940395355,0.1599999964237213,-0.06924733519554138,0.07330432534217834,0.19416487510479494
"san-francisco","shelf","2026-07-14T06:00:00Z",37.20825958251953,-122.92662048339844,"2026-07-14T06:00:00Z","rtofs:Y376,X437",3522.5492840946768,0,-0.07999999821186066,0.11999999731779099,-0.06924733519554138,0.07330432534217834,0.14422204779494552
"san-francisco","shelf","2026-07-14T06:00:00Z",37.20825958251953,-122.86415100097656,"2026-07-14T06:00:00Z","rtofs:Y376,X438",2379.7193428623336,0,0.05999999865889549,0.029999999329447746,-0.09609663486480713,-0.053621016442775726,0.06708203782559327
"san-francisco","shelf","2026-07-14T06:00:00Z",37.20825958251953,-122.80168914794922,"2026-07-14T06:00:00Z","rtofs:Y376,X439",1926.9973999436404,0,0.05999999865889549,0.019999999552965164,-0.058007221668958664,-0.15517324209213257,0.06324555178971931
"san-francisco","shelf","2026-07-14T06:00:00Z",37.20825958251953,-122.73921966552734,"2026-07-14T06:00:00Z","rtofs:Y376,X440",2568.569832417033,0,0.09000000357627869,0,-0.06129521504044533,-0.16548731923103333,0.09000000357627869
"san-francisco","shelf","2026-07-14T06:00:00Z",37.20825958251953,-122.6767578125,"2026-07-14T06:00:00Z","rtofs:Y376,X441",3778.6598218127283,0,0.23000000417232513,-0.07000000029802322,-0.0897192656993866,-0.23395854234695435,0.24041630968175354
"san-francisco","shelf","2026-07-14T06:00:00Z",37.20825958251953,-122.61428833007812,"2026-07-14T06:00:00Z","rtofs:Y376,X441",2980.242826585728,0,0.17000000178813934,-0.05999999865889549,-0.0897192656993866,-0.23395854234695435,0.18027756501305103
"san-francisco","shelf","2026-07-14T06:00:00Z",37.26219940185547,-123.23894500732422,"2026-07-14T06:00:00Z","rtofs:Y377,X434",4574.449690638424,0,-0.18000000715255737,0.05999999865889549,-0.0036797705106437206,0.05806504189968109,0.18973666597152003
"san-francisco","shelf","2026-07-14T06:00:00Z",37.26219940185547,-123.17647552490234,"2026-07-14T06:00:00Z","rtofs:Y377,X434",3651.86418561007,0,-0.2199999988079071,0.14000000059604645,-0.0036797705106437206,0.05806504189968109,0.26076809552238583
"san-francisco","shelf","2026-07-14T06:00:00Z",37.26219940185547,-123.114013671875,"2026-07-14T06:00:00Z","rtofs:Y377,X435",3049.8585960121286,0,-0.23999999463558197,0.23999999463558197,-0.011851668357849121,0.18140709400177002,0.3394112473831101
"san-francisco","shelf","2026-07-14T06:00:00Z",37.26219940185547,-123.05155181884766,"2026-07-14T06:00:00Z","rtofs:Y377,X436",3171.6260308266874,0,-0.20999999344348907,0.25999999046325684,-0.027749599888920784,0.19042065739631653,0.3342154878026437
"san-francisco","shelf","2026-07-14T06:00:00Z",37.26219940185547,-122.98908233642578,"2026-07-14T06:00:00Z","rtofs:Y377,X437",3957.387375638329,0,-0.20999999344348907,0.25999999046325684,-0.07845018059015274,0.0723288357257843,0.3342154878026437
"san-francisco","shelf","2026-07-14T06:00:00Z",37.26219940185547,-122.92662048339844,"2026-07-14T06:00:00Z","rtofs:Y377,X437",4209.997087255292,0,-0.1599999964237213,0.1899999976158142,-0.07845018059015274,0.0723288357257843,0.24839484284018506
"san-francisco","shelf","2026-07-14T06:00:00Z",37.26219940185547,-122.86415100097656,"2026-07-14T06:00:00Z","rtofs:Y377,X438",3315.012145441805,0,-0.10000000149011612,0.11999999731779099,-0.07072319090366364,-0.04563470184803009,0.15620499241155217
"san-francisco","shelf","2026-07-14T06:00:00Z",37.26219940185547,-122.80168914794922,"2026-07-14T06:00:00Z","rtofs:Y377,X439",3007.091785003914,0,-0.11999999731779099,0.10999999940395355,-0.006774065084755421,-0.1254248470067978,0.16278820358103233
"san-francisco","shelf","2026-07-14T06:00:00Z",37.26219940185547,-122.73921966552734,"2026-07-14T06:00:00Z","rtofs:Y377,X440",3452.8734431591915,0,-0.029999999329447746,0.009999999776482582,-0.06107628718018532,-0.17195990681648254,0.03162277589485966
"san-francisco","shelf","2026-07-14T06:00:00Z",37.26219940185547,-122.6767578125,"2026-07-14T06:00:00Z","rtofs:Y377,X441",4426.180736017494,0,-0.029999999329447746,-0.009999999776482582,-0.08004355430603027,-0.22503191232681274,0.03162277589485966
"san-francisco","shelf","2026-07-14T06:00:00Z",37.26219940185547,-122.61428833007812,"2026-07-14T06:00:00Z","rtofs:Y377,X441",3768.6959215348293,0,0.009999999776482582,-0.05999999865889549,-0.08004355430603027,-0.22503191232681274,0.06082762394337882
"san-francisco","nearshore","2026-07-14T06:00:00Z",37.26219940185547,-122.55182647705078,"2026-07-14T06:00:00Z","rtofs:Y377,X442",3090.644868707531,0,0.20000000298023224,-0.10000000149011612,-0.023392261937260628,-0.14072927832603455,0.22360680108197992
"san-francisco","shelf","2026-07-14T06:00:00Z",37.316139221191406,-123.30140686035156,"2026-07-14T06:00:00Z","rtofs:Y377,X433",3541.303213600224,0,-0.20000000298023224,0.11999999731779099,0.01428447850048542,-0.04983168840408325,0.23323807696935495
"san-francisco","shelf","2026-07-14T06:00:00Z",37.316139221191406,-123.23894500732422,"2026-07-14T06:00:00Z","rtofs:Y377,X434",4567.394009258163,0,-0.17000000178813934,0.029999999329447746,-0.0036797705106437206,0.05806504189968109,0.17262676666071874
"san-francisco","shelf","2026-07-14T06:00:00Z",37.316139221191406,-123.17647552490234,"2026-07-14T06:00:00Z","rtofs:Y377,X434",3643.768516281747,0,-0.23999999463558197,0.15000000596046448,-0.0036797705106437206,0.05806504189968109,0.2830194325717207
"san-francisco","shelf","2026-07-14T06:00:00Z",37.316139221191406,-123.114013671875,"2026-07-14T06:00:00Z","rtofs:Y377,X435",3040.635736573913,0,-0.23999999463558197,0.20999999344348907,-0.011851668357849121,0.18140709400177002,0.31890436602741085
"san-francisco","shelf","2026-07-14T06:00:00Z",37.316139221191406,-123.05155181884766,"2026-07-14T06:00:00Z","rtofs:Y377,X436",3162.672445891274,0,-0.23999999463558197,0.23999999463558197,-0.027749599888920784,0.19042065739631653,0.3394112473831101
"san-francisco","shelf","2026-07-14T06:00:00Z",37.316139221191406,-122.98908233642578,"2026-07-14T06:00:00Z","rtofs:Y377,X437",3949.7070485674344,0,-0.25999999046325684,0.27000001072883606,-0.07845018059015274,0.0723288357257843,0.37483329739294136
"san-francisco","shelf","2026-07-14T06:00:00Z",37.316139221191406,-122.92662048339844,"2026-07-14T06:00:00Z","rtofs:Y377,X437",4202.6025108883705,0,-0.25999999046325684,0.25,-0.07845018059015274,0.0723288357257843,0.3606937690630289
"san-francisco","shelf","2026-07-14T06:00:00Z",37.316139221191406,-122.86415100097656,"2026-07-14T06:00:00Z","rtofs:Y377,X438",3306.3460654711607,0,-0.1899999976158142,0.15000000596046448,-0.07072319090366364,-0.04563470184803009,0.24207437056026562
"san-francisco","shelf","2026-07-14T06:00:00Z",37.316139221191406,-122.80168914794922,"2026-07-14T06:00:00Z","rtofs:Y377,X439",2997.7683141958137,0,-0.12999999523162842,0.05999999865889549,-0.006774065084755421,-0.1254248470067978,0.143178205741275
"san-francisco","shelf","2026-07-14T06:00:00Z",37.316139221191406,-122.73921966552734,"2026-07-14T06:00:00Z","rtofs:Y377,X440",3444.457163408318,0,-0.10999999940395355,0.019999999552965164,-0.06107628718018532,-0.17195990681648254,0.1118033982085893
"san-francisco","shelf","2026-07-14T06:00:00Z",37.316139221191406,-122.6767578125,"2026-07-14T06:00:00Z","rtofs:Y377,X441",4418.996530288414,0,-0.09000000357627869,-0.029999999329447746,-0.08004355430603027,-0.22503191232681274,0.09486833298576001
"san-francisco","shelf","2026-07-14T06:00:00Z",37.316139221191406,-122.61428833007812,"2026-07-14T06:00:00Z","rtofs:Y377,X441",3760.7691533835523,0,-0.07000000029802322,-0.05999999865889549,-0.08004355430603027,-0.22503191232681274,0.09219544392642573
"san-francisco","nearshore","2026-07-14T06:00:00Z",37.316139221191406,-122.55182647705078,"2026-07-14T06:00:00Z","rtofs:Y377,X442",3081.514960317883,0,0.14000000059604645,-0.12999999523162842,-0.023392261937260628,-0.14072927832603455,0.1910497289375633
"san-francisco","shelf","2026-07-14T06:00:00Z",37.370079040527344,-123.30140686035156,"2026-07-14T06:00:00Z","rtofs:Y378,X433",2692.0693971116543,0,-0.14000000059604645,-0.029999999329447746,0.010378317907452583,-0.0629691481590271,0.143178211075079
"san-francisco","shelf","2026-07-14T06:00:00Z",37.370079040527344,-123.23894500732422,"2026-07-14T06:00:00Z","rtofs:Y378,X434",3943.9177647887777,0,-0.18000000715255737,0.019999999552965164,-0.0065990411676466465,0.037510987371206284,0.18110770982219201
"san-francisco","shelf","2026-07-14T06:00:00Z",37.370079040527344,-123.17647552490234,"2026-07-14T06:00:00Z","rtofs:Y378,X434",2825.297684273148,0,-0.1899999976158142,0.029999999329447746,-0.0065990411676466465,0.037510987371206284,0.19235383815712198
"san-francisco","shelf","2026-07-14T06:00:00Z",37.370079040527344,-123.114013671875,"2026-07-14T06:00:00Z","rtofs:Y378,X435",1989.2278981619274,0,-0.20000000298023224,0.10999999940395355,-0.01231657899916172,0.1604575216770172,0.2282542465343475
"san-francisco","shelf","2026-07-14T06:00:00Z",37.370079040527344,-123.05155181884766,"2026-07-14T06:00:00Z","rtofs:Y378,X436",2170.9157570184816,0,-0.25999999046325684,0.20999999344348907,-0.05004195123910904,0.17148467898368835,0.3342154878026437
"san-francisco","shelf","2026-07-14T06:00:00Z",37.370079040527344,-122.98908233642578,"2026-07-14T06:00:00Z","rtofs:Y378,X437",3209.6434732003695,0,-0.3100000023841858,0.25999999046325684,-0.07424750924110413,0.057563621550798416,0.40459856218119317
"san-francisco","shelf","2026-07-14T06:00:00Z",37.370079040527344,-122.92662048339844,"2026-07-14T06:00:00Z","rtofs:Y378,X437",3515.717507424222,0,-0.25,0.20000000298023224,-0.07424750924110413,0.057563621550798416,0.32015621373337877
"san-francisco","shelf","2026-07-14T06:00:00Z",37.370079040527344,-122.86415100097656,"2026-07-14T06:00:00Z","rtofs:Y378,X438",2375.0472078021103,0,-0.23000000417232513,0.15000000596046448,-0.013993332162499428,-0.04192114248871803,0.2745906111057131
"san-francisco","shelf","2026-07-14T06:00:00Z",37.370079040527344,-122.80168914794922,"2026-07-14T06:00:00Z","rtofs:Y378,X439",1923.1696657615282,0,-0.1899999976158142,0.09000000357627869,-0.01934128813445568,-0.10271835327148438,0.21023795979256357
"san-francisco","shelf","2026-07-14T06:00:00Z",37.370079040527344,-122.73921966552734,"2026-07-14T06:00:00Z","rtofs:Y378,X440",2563.5429016773755,0,-0.17000000178813934,0,-0.08653388917446136,-0.1974141001701355,0.17000000178813934
"san-francisco","shelf","2026-07-14T06:00:00Z",37.370079040527344,-122.6767578125,"2026-07-14T06:00:00Z","rtofs:Y378,X441",3771.3412518847576,0,-0.12999999523162842,-0.05999999865889549,-0.05935186892747879,-0.1920163333415985,0.143178205741275
"san-francisco","shelf","2026-07-14T06:00:00Z",37.370079040527344,-122.61428833007812,"2026-07-14T06:00:00Z","rtofs:Y378,X441",2974.4391055714977,0,-0.10999999940395355,-0.10000000149011612,-0.05935186892747879,-0.1920163333415985,0.148660688034507
"san-francisco","shelf","2026-07-14T06:00:00Z",37.370079040527344,-122.55182647705078,"2026-07-14T06:00:00Z","rtofs:Y378,X442",2051.0741256172328,0,-0.03999999910593033,-0.14000000059604645,-0.035080745816230774,-0.09962267428636551,0.1456021981131035
"san-francisco","nearshore","2026-07-14T06:00:00Z",37.370079040527344,-122.4893569946289,"2026-07-14T06:00:00Z","rtofs:Y378,X443",2089.093182997537,0,-0.14000000059604645,-0.14000000059604645,-0.02529287524521351,-0.03337722271680832,0.1979898995751703
"san-francisco","shelf","2026-07-14T06:00:00Z",37.42401885986328,-123.30140686035156,"2026-07-14T06:00:00Z","rtofs:Y379,X433",2069.3822961263845,0,-0.14000000059604645,-0.07999999821186066,0.008012319914996624,-0.047242071479558945,0.1612451545963187
"san-francisco","shelf","2026-07-14T06:00:00Z",37.42401885986328,-123.23894500732422,"2026-07-14T06:00:00Z","rtofs:Y379,X434",3546.347674871507,0,-0.18000000715255737,-0.03999999910593033,-0.028155522421002388,0.024823974817991257,0.18439089593414076
"san-francisco","shelf","2026-07-14T06:00:00Z",37.42401885986328,-123.17647552490234,"2026-07-14T06:00:00Z","rtofs:Y379,X434",2239.7011353156977,0,-0.2199999988079071,0.009999999776482582,-0.028155522421002388,0.024823974817991257,0.22022715425443967
"san-francisco","shelf","2026-07-14T06:00:00Z",37.42401885986328,-123.114013671875,"2026-07-14T06:00:00Z","rtofs:Y379,X435",998.6422087722104,0,-0.20999999344348907,0.009999999776482582,-0.043292105197906494,0.1180770993232727,0.2102379538565649
"san-francisco","shelf","2026-07-14T06:00:00Z",37.42401885986328,-123.05155181884766,"2026-07-14T06:00:00Z","rtofs:Y379,X436",1323.6124936385681,0,-0.25999999046325684,0.07000000029802322,-0.06121092662215233,0.12292465567588806,0.2692582312253739
"san-francisco","shelf","2026-07-14T06:00:00Z",37.42401885986328,-122.98908233642578,"2026-07-14T06:00:00Z","rtofs:Y379,X437",2707.7910830927813,0,-0.28999999165534973,0.1599999964237213,-0.07056519389152527,0.041006382554769516,0.33120989419957514
"san-francisco","shelf","2026-07-14T06:00:00Z",37.42401885986328,-122.92662048339844,"2026-07-14T06:00:00Z","rtofs:Y379,X437",3063.881023278817,0,-0.27000001072883606,0.14000000059604645,-0.07056519389152527,0.041006382554769516,0.3041381363138542
"san-francisco","shelf","2026-07-14T06:00:00Z",37.42401885986328,-122.86415100097656,"2026-07-14T06:00:00Z","rtofs:Y379,X438",1636.603385122116,0,-0.23000000417232513,0.07999999821186066,-0.028059355914592743,-0.021008141338825226,0.2435159165910255
"san-francisco","shelf","2026-07-14T06:00:00Z",37.42401885986328,-122.80168914794922,"2026-07-14T06:00:00Z","rtofs:Y379,X439",859.7935660082884,0,-0.23000000417232513,0.07999999821186066,-0.06758666783571243,-0.13588809967041016,0.2435159165910255
"san-francisco","shelf","2026-07-14T06:00:00Z",37.42401885986328,-122.73921966552734,"2026-07-14T06:00:00Z","rtofs:Y379,X440",1899.4513981468997,0,-0.1899999976158142,-0.009999999776482582,-0.10401758551597595,-0.16881665587425232,0.19026297351176624
"san-francisco","shelf","2026-07-14T06:00:00Z",37.42401885986328,-122.6767578125,"2026-07-14T06:00:00Z","rtofs:Y379,X441",3353.683751977269,0,-0.10999999940395355,-0.11999999731779099,-0.05702079087495804,-0.15006901323795319,0.16278820358103233
"san-francisco","shelf","2026-07-14T06:00:00Z",37.42401885986328,-122.61428833007812,"2026-07-14T06:00:00Z","rtofs:Y379,X441",2424.847916034525,0,-0.10000000149011612,-0.15000000596046448,-0.05702079087495804,-0.15006901323795319,0.1802775695591734
"san-francisco","shelf","2026-07-14T06:00:00Z",37.42401885986328,-122.55182647705078,"2026-07-14T06:00:00Z","rtofs:Y379,X442",1116.5896009249282,0,-0.12999999523162842,-0.15000000596046448,-0.05734400078654289,-0.07644334435462952,0.19849433379409798
"san-francisco","shelf","2026-07-14T06:00:00Z",37.42401885986328,-122.4893569946289,"2026-07-14T06:00:00Z","rtofs:Y379,X443",1184.8759701464396,0,-0.10000000149011612,-0.18000000715255737,-0.03638532757759094,-0.03627662733197212,0.20591260979586445
"san-francisco","shelf","2026-07-14T06:00:00Z",37.47795867919922,-123.30140686035156,"2026-07-14T06:00:00Z","rtofs:Y380,X433",1898.8566766831168,0,-0.11999999731779099,-0.14000000059604645,-0.00551893375813961,-0.026368392631411552,0.18439088785285146
"san-francisco","shelf","2026-07-14T06:00:00Z",37.47795867919922,-123.23894500732422,"2026-07-14T06:00:00Z","rtofs:Y380,X434",3447.735869535009,0,-0.1599999964237213,-0.11999999731779099,-0.05869177728891373,0.009872658178210258,0.19999999552965164
"san-francisco","shelf","2026-07-14T06:00:00Z",37.47795867919922,-123.17647552490234,"2026-07-14T06:00:00Z","rtofs:Y380,X434",2082.88821726798,0,-0.2199999988079071,-0.03999999910593033,-0.05869177728891373,0.009872658178210258,0.2236067964171786
"san-francisco","shelf","2026-07-14T06:00:00Z",37.47795867919922,-123.114013671875,"2026-07-14T06:00:00Z","rtofs:Y380,X435",570.7484242899152,0,-0.25999999046325684,0.009999999776482582,-0.07910074293613434,0.07247520983219147,0.2601922270868661
"san-francisco","shelf","2026-07-14T06:00:00Z",37.47795867919922,-123.05155181884766,"2026-07-14T06:00:00Z","rtofs:Y380,X436",1038.861659337301,0,-0.28999999165534973,0.03999999910593033,-0.08348020911216736,0.09009826183319092,0.29274561497753876
"san-francisco","shelf","2026-07-14T06:00:00Z",37.47795867919922,-122.98908233642578,"2026-07-14T06:00:00Z","rtofs:Y380,X437",2578.887616592688,0,-0.28999999165534973,0.05000000074505806,-0.06556624174118042,0.06481868028640747,0.29427877129451374
"san-francisco","shelf","2026-07-14T06:00:00Z",37.47795867919922,-122.92662048339844,"2026-07-14T06:00:00Z","rtofs:Y380,X437",2950.029027931256,0,-0.25,0.029999999329447746,-0.06556624174118042,0.06481868028640747,0.25179356616039034
"san-francisco","shelf","2026-07-14T06:00:00Z",37.47795867919922,-122.86415100097656,"2026-07-14T06:00:00Z","rtofs:Y380,X438",1415.733216357324,0,-0.2199999988079071,0.009999999776482582,-0.09095634520053864,-0.06209642440080643,0.22022715425443967
"san-francisco","shelf","2026-07-14T06:00:00Z",37.47795867919922,-122.80168914794922,"2026-07-14T06:00:00Z","rtofs:Y380,X439",260.99294761407634,0,-0.1899999976158142,-0.03999999910593033,-0.11841388046741486,-0.15835535526275635,0.19416487587224376
"san-francisco","shelf","2026-07-14T06:00:00Z",37.47795867919922,-122.73921966552734,"2026-07-14T06:00:00Z","rtofs:Y380,X440",1712.3922773049505,0,-0.15000000596046448,-0.05999999865889549,-0.08120070397853851,-0.13903193175792694,0.1615549492501138
"san-francisco","shelf","2026-07-14T06:00:00Z",37.47795867919922,-122.6767578125,"2026-07-14T06:00:00Z","rtofs:Y380,X441",3249.5509186881277,0,-0.10999999940395355,-0.14000000059604645,-0.06673513352870941,-0.1088688001036644,0.1780449382480805
"san-francisco","shelf","2026-07-14T06:00:00Z",37.47795867919922,-122.61428833007812,"2026-07-14T06:00:00Z","rtofs:Y380,X441",2280.503152039166,0,-0.10999999940395355,-0.17000000178813934,-0.06673513352870941,-0.1088688001036644,0.2024845684906313
"san-francisco","shelf","2026-07-14T06:00:00Z",37.47795867919922,-122.55182647705078,"2026-07-14T06:00:00Z","rtofs:Y380,X442",758.18759020796,0,-0.11999999731779099,-0.1599999964237213,-0.04965784400701523,-0.08180886507034302,0.19999999552965164
"san-francisco","shelf","2026-07-14T06:00:00Z",37.47795867919922,-122.4893569946289,"2026-07-14T06:00:00Z","rtofs:Y380,X443",855.4300579396885,0,-0.15000000596046448,-0.1599999964237213,-0.01693648472428322,-0.021811623126268387,0.21931712346219162
"san-francisco","shelf","2026-07-14T06:00:00Z",37.531898498535156,-123.30140686035156,"2026-07-14T06:00:00Z","rtofs:Y381,X433",2275.914815535772,0,-0.10999999940395355,-0.07999999821186066,-0.05407120659947395,-0.032539937645196915,0.1360147035535772
"san-francisco","shelf","2026-07-14T06:00:00Z",37.531898498535156,-123.23894500732422,"2026-07-14T06:00:00Z","rtofs:Y381,X434",3667.151546790584,0,-0.18000000715255737,-0.03999999910593033,-0.09423988312482834,-0.0062311626970767975,0.18439089593414076
"san-francisco","shelf","2026-07-14T06:00:00Z",37.531898498535156,-123.17647552490234,"2026-07-14T06:00:00Z","rtofs:Y381,X434",2431.3377739843077,0,-0.2199999988079071,0.019999999552965164,-0.09423988312482834,-0.0062311626970767975,0.22090721911607536
"san-francisco","shelf","2026-07-14T06:00:00Z",37.531898498535156,-123.114013671875,"2026-07-14T06:00:00Z","rtofs:Y381,X435",1380.2317245792888,0,-0.23999999463558197,-0.009999999776482582,-0.09171385318040848,0.03498966991901398,0.24020823762021365
"san-francisco","shelf","2026-07-14T06:00:00Z",37.531898498535156,-123.05155181884766,"2026-07-14T06:00:00Z","rtofs:Y381,X436",1630.1335293141456,0,-0.25,-0.029999999329447746,-0.07751757651567459,0.05743727460503578,0.25179356616039034
"san-francisco","shelf","2026-07-14T06:00:00Z",37.531898498535156,-122.98908233642578,"2026-07-14T06:00:00Z","rtofs:Y381,X437",2867.055591303737,0,-0.23000000417232513,-0.09000000357627869,-0.12875515222549438,0.02306421473622322,0.24698178589321068
"san-francisco","shelf","2026-07-14T06:00:00Z",37.531898498535156,-122.92662048339844,"2026-07-14T06:00:00Z","rtofs:Y381,X437",3204.4957498528547,0,-0.20999999344348907,-0.10000000149011612,-0.12875515222549438,0.02306421473622322,0.23259406171329627
"san-francisco","shelf","2026-07-14T06:00:00Z",37.531898498535156,-122.86415100097656,"2026-07-14T06:00:00Z","rtofs:Y381,X438",1892.339450979034,0,-0.17000000178813934,-0.11999999731779099,-0.14642451703548431,-0.13663507997989655,0.20808652038091566
"san-francisco","shelf","2026-07-14T06:00:00Z",37.531898498535156,-122.80168914794922,"2026-07-14T06:00:00Z","rtofs:Y381,X439",1283.6697539745235,0,-0.15000000596046448,-0.15000000596046448,-0.09545986354351044,-0.1590045988559723,0.21213204278533399
"san-francisco","shelf","2026-07-14T06:00:00Z",37.531898498535156,-122.73921966552734,"2026-07-14T06:00:00Z","rtofs:Y381,X440",2123.0819726350883,0,-0.10999999940395355,-0.17000000178813934,-0.08924562484025955,-0.12860813736915588,0.2024845684906313
"san-francisco","shelf","2026-07-14T06:00:00Z",37.531898498535156,-122.6767578125,"2026-07-14T06:00:00Z","rtofs:Y381,X441",3481.77897538278,0,-0.09000000357627869,-0.1899999976158142,-0.09833724051713943,-0.09066259860992432,0.21023795979256357
"san-francisco","shelf","2026-07-14T06:00:00Z",37.531898498535156,-122.61428833007812,"2026-07-14T06:00:00Z","rtofs:Y381,X441",2602.3680822401293,0,-0.09000000357627869,-0.18000000715255737,-0.09833724051713943,-0.09066259860992432,0.20124612597178332
"san-francisco","shelf","2026-07-14T06:00:00Z",37.531898498535156,-122.55182647705078,"2026-07-14T06:00:00Z","rtofs:Y381,X442",1467.5635679533493,0,-0.10999999940395355,-0.18000000715255737,-0.051310256123542786,-0.08786145597696304,0.21095023688962874
"san-francisco","shelf","2026-07-14T06:00:00Z",37.585838317871094,-123.30140686035156,"2026-07-14T06:00:00Z","rtofs:Y382,X433",2994.379765150519,0,-0.05999999865889549,-0.05000000074505806,-0.1176404058933258,-0.04184884577989578,0.07810249620577608
"san-francisco","shelf","2026-07-14T06:00:00Z",37.585838317871094,-123.23894500732422,"2026-07-14T06:00:00Z","rtofs:Y382,X434",4149.880405623035,0,-0.11999999731779099,-0.009999999776482582,-0.13591450452804565,-0.01393222063779831,0.12041594309641682
"san-francisco","shelf","2026-07-14T06:00:00Z",37.585838317871094,-123.17647552490234,"2026-07-14T06:00:00Z","rtofs:Y382,X434",3113.964300393967,0,-0.14000000059604645,0.029999999329447746,-0.13591450452804565,-0.01393222063779831,0.143178211075079
"san-francisco","shelf","2026-07-14T06:00:00Z",37.585838317871094,-123.114013671875,"2026-07-14T06:00:00Z","rtofs:Y382,X435",2386.7794902293504,0,-0.1599999964237213,0,-0.12739135324954987,0.01711301878094673,0.1599999964237213
"san-francisco","shelf","2026-07-14T06:00:00Z",37.585838317871094,-123.05155181884766,"2026-07-14T06:00:00Z","rtofs:Y382,X436",2539.2573430123994,0,-0.1599999964237213,-0.10000000149011612,-0.11376576125621796,0.04792114719748497,0.1886796203982138
"san-francisco","shelf","2026-07-14T06:00:00Z",37.585838317871094,-122.98908233642578,"2026-07-14T06:00:00Z","rtofs:Y382,X437",3464.353341650103,0,-0.15000000596046448,-0.14000000059604645,-0.13349050283432007,-0.11111702024936676,0.20518285005095427
"san-francisco","shelf","2026-07-14T06:00:00Z",37.585838317871094,-122.92662048339844,"2026-07-14T06:00:00Z","rtofs:Y382,X437",3747.9733622692625,0,-0.12999999523162842,-0.1599999964237213,-0.13349050283432007,-0.11111702024936676,0.20615527549838314
"san-francisco","shelf","2026-07-14T06:00:00Z",37.585838317871094,-122.86415100097656,"2026-07-14T06:00:00Z","rtofs:Y382,X438",2714.772046805737,0,-0.11999999731779099,-0.17000000178813934,-0.11729291826486588,-0.16366174817085266,0.20808652038091566
"san-francisco","shelf","2026-07-14T06:00:00Z",37.585838317871094,-122.80168914794922,"2026-07-14T06:00:00Z","rtofs:Y382,X439",2332.35710551823,0,-0.11999999731779099,-0.20000000298023224,-0.07029298692941666,-0.15870708227157593,0.23323807696935495
"san-francisco","shelf","2026-07-14T06:00:00Z",37.585838317871094,-122.73921966552734,"2026-07-14T06:00:00Z","rtofs:Y382,X440",2880.1141088222876,0,-0.10000000149011612,-0.23999999463558197,-0.08460356295108795,-0.12982645630836487,0.2599999956213511
"san-francisco","shelf","2026-07-14T06:00:00Z",37.585838317871094,-122.6767578125,"2026-07-14T06:00:00Z","rtofs:Y382,X441",3987.27698724519,0,-0.07999999821186066,-0.2199999988079071,-0.09834325313568115,-0.0827803909778595,0.23409399648298723
"san-francisco","shelf","2026-07-14T06:00:00Z",37.585838317871094,-122.61428833007812,"2026-07-14T06:00:00Z","rtofs:Y382,X441",3249.0513627284954,0,-0.09000000357627869,-0.1899999976158142,-0.09834325313568115,-0.0827803909778595,0.21023795979256357
"san-francisco","shelf","2026-07-14T06:00:00Z",37.585838317871094,-122.55182647705078,"2026-07-14T06:00:00Z","rtofs:Y382,X442",2438.24282281347,0,-0.10000000149011612,-0.1899999976158142,-0.048035141080617905,-0.08333103358745575,0.2147091041200457
"san-francisco","shelf","2026-07-14T06:00:00Z",37.63977813720703,-123.30140686035156,"2026-07-14T06:00:00Z","rtofs:Y383,X433",3863.641472283614,0,-0.019999999552965164,0,-0.15147122740745544,-0.06514517962932587,0.019999999552965164
"san-francisco","shelf","2026-07-14T06:00:00Z",37.63977813720703,-123.23894500732422,"2026-07-14T06:00:00Z","rtofs:Y383,X434",4813.5128949594955,0,-0.05999999865889549,0.03999999910593033,-0.14317196607589722,-0.03353799134492874,0.07211102389747276
"san-francisco","shelf","2026-07-14T06:00:00Z",37.63977813720703,-123.17647552490234,"2026-07-14T06:00:00Z","rtofs:Y383,X434",3956.897416775208,0,-0.05999999865889549,0.019999999552965164,-0.14317196607589722,-0.03353799134492874,0.06324555178971931
"san-francisco","shelf","2026-07-14T06:00:00Z",37.63977813720703,-123.114013671875,"2026-07-14T06:00:00Z","rtofs:Y383,X435",3415.15546627357,0,-0.07000000029802322,-0.019999999552965164,-0.07612155377864838,-0.019591081887483597,0.07280109905655174
"san-francisco","shelf","2026-07-14T06:00:00Z",37.63977813720703,-123.05155181884766,"2026-07-14T06:00:00Z","rtofs:Y383,X436",3523.2391454194403,0,-0.07000000029802322,-0.10000000149011612,-0.12126968801021576,-0.07801352441310883,0.12206555754899281
"san-francisco","shelf","2026-07-14T06:00:00Z",37.63977813720703,-122.98908233642578,"2026-07-14T06:00:00Z","rtofs:Y383,X437",4237.732088788911,0,-0.07000000029802322,-0.11999999731779099,-0.1148219108581543,-0.1572868824005127,0.13892443772782775
"san-francisco","shelf","2026-07-14T06:00:00Z",37.63977813720703,-122.92662048339844,"2026-07-14T06:00:00Z","rtofs:Y383,X437",4472.215133810117,0,-0.05999999865889549,-0.14000000059604645,-0.1148219108581543,-0.1572868824005127,0.15231546213684435
"san-francisco","shelf","2026-07-14T06:00:00Z",37.63977813720703,-122.86415100097656,"2026-07-14T06:00:00Z","rtofs:Y383,X438",3651.563978492139,0,-0.05999999865889549,-0.17000000178813934,-0.01963777467608452,-0.16730332374572754,0.18027756501305103
"san-francisco","shelf","2026-07-14T06:00:00Z",37.63977813720703,-122.80168914794922,"2026-07-14T06:00:00Z","rtofs:Y383,X439",3377.4050894872316,0,-0.05999999865889549,-0.1899999976158142,-0.028415776789188385,-0.14258581399917603,0.19924858577434587
"san-francisco","shelf","2026-07-14T06:00:00Z",37.63977813720703,-122.73921966552734,"2026-07-14T06:00:00Z","rtofs:Y383,X440",3775.91457988982,0,-0.05000000074505806,-0.2199999988079071,-0.05257600173354149,-0.11981523782014847,0.2256102824562412
"san-francisco","shelf","2026-07-14T06:00:00Z",37.63977813720703,-122.6767578125,"2026-07-14T06:00:00Z","rtofs:Y383,X441",4674.27673589633,0,-0.05999999865889549,-0.2199999988079071,-0.06671401858329773,-0.06989540159702301,0.22803508351687155
"san-francisco","shelf","2026-07-14T06:00:00Z",37.63977813720703,-122.61428833007812,"2026-07-14T06:00:00Z","rtofs:Y383,X441",4063.895048143846,0,-0.05000000074505806,-0.1899999976158142,-0.06671401858329773,-0.06989540159702301,0.19646882492781192
"san-francisco","shelf","2026-07-14T06:00:00Z",37.63977813720703,-122.55182647705078,"2026-07-14T06:00:00Z","rtofs:Y383,X442",3451.2616628746837,0,-0.03999999910593033,-0.1599999964237213,-0.03366231918334961,-0.06848721206188202,0.16492422133836274
"san-francisco","shelf","2026-07-14T06:00:00Z",37.693721771240234,-123.30140686035156,"2026-07-14T06:00:00Z","rtofs:Y383,X433",3228.6612249289865,0,0.019999999552965164,-0.029999999329447746,-0.15147122740745544,-0.06514517962932587,0.03605551194873638
"san-francisco","shelf","2026-07-14T06:00:00Z",37.693721771240234,-123.23894500732422,"2026-07-14T06:00:00Z","rtofs:Y383,X434",4319.773825155076,0,0,-0.029999999329447746,-0.14317196607589722,-0.03353799134492874,0.029999999329447746
"san-francisco","shelf","2026-07-14T06:00:00Z",37.693721771240234,-123.17647552490234,"2026-07-14T06:00:00Z","rtofs:Y383,X434",3339.616020353909,0,-0.009999999776482582,-0.03999999910593033,-0.14317196607589722,-0.03353799134492874,0.041231055334590684
"san-francisco","shelf","2026-07-14T06:00:00Z",37.693721771240234,-123.114013671875,"2026-07-14T06:00:00Z","rtofs:Y383,X435",2676.2261713685116,0,-0.009999999776482582,-0.09000000357627869,-0.07612155377864838,-0.019591081887483597,0.09055385491109601
"san-francisco","shelf","2026-07-14T06:00:00Z",37.693721771240234,-123.05155181884766,"2026-07-14T06:00:00Z","rtofs:Y383,X436",2812.7511224121677,0,-0.019999999552965164,-0.10999999940395355,-0.12126968801021576,-0.07801352441310883,0.1118033982085893
"san-francisco","shelf","2026-07-14T06:00:00Z",37.693721771240234,-122.98908233642578,"2026-07-14T06:00:00Z","rtofs:Y383,X437",3667.79214430652,0,-0.019999999552965164,-0.12999999523162842,-0.1148219108581543,-0.1572868824005127,0.1315294595987607
"san-francisco","shelf","2026-07-14T06:00:00Z",37.693721771240234,-122.92662048339844,"2026-07-14T06:00:00Z","rtofs:Y383,X437",3936.184738953116,0,0,-0.11999999731779099,-0.1148219108581543,-0.1572868824005127,0.11999999731779099
"san-francisco","shelf","2026-07-14T06:00:00Z",37.693721771240234,-122.86415100097656,"2026-07-14T06:00:00Z","rtofs:Y383,X438",2971.8017009902505,0,0.009999999776482582,-0.14000000059604645,-0.01963777467608452,-0.16730332374572754,0.14035668905478876
"san-francisco","shelf","2026-07-14T06:00:00Z",37.693721771240234,-122.80168914794922,"2026-07-14T06:00:00Z","rtofs:Y383,X439",2627.9176363726565,0,0.009999999776482582,-0.1599999964237213,-0.028415776789188385,-0.14258581399917603,0.1603121918355572
"san-francisco","shelf","2026-07-14T06:00:00Z",37.693721771240234,-122.73921966552734,"2026-07-14T06:00:00Z","rtofs:Y383,X440",3123.2268128353962,0,0.009999999776482582,-0.18000000715255737,-0.05257600173354149,-0.11981523782014847,0.1802775709023459
"san-francisco","shelf","2026-07-14T06:00:00Z",37.693721771240234,-122.6767578125,"2026-07-14T06:00:00Z","rtofs:Y383,X441",4164.1760673973395,0,0.009999999776482582,-0.17000000178813934,-0.06671401858329773,-0.06989540159702301,0.1702938654311923
"san-francisco","shelf","2026-07-14T06:00:00Z",37.693721771240234,-122.61428833007812,"2026-07-14T06:00:00Z","rtofs:Y383,X441",3465.6337700629033,0,0.019999999552965164,-0.1599999964237213,-0.06671401858329773,-0.06989540159702301,0.1612451513618609
"san-francisco","nearshore","2026-07-14T06:00:00Z",37.693721771240234,-122.55182647705078,"2026-07-14T06:00:00Z","rtofs:Y383,X442",2722.118035712245,0,0.14000000059604645,-0.10000000149011612,-0.03366231918334961,-0.06848721206188202,0.17204650669198787
"san-francisco","shelf","2026-07-14T06:00:00Z",37.74766159057617,-123.30140686035156,"2026-07-14T06:00:00Z","rtofs:Y384,X433",2457.8141188381865,0,0.07999999821186066,-0.03999999910593033,-0.10494887828826904,-0.08906678855419159,0.08944271710079103
"san-francisco","shelf","2026-07-14T06:00:00Z",37.74766159057617,-123.23894500732422,"2026-07-14T06:00:00Z","rtofs:Y384,X434",3776.7741310397164,0,0.029999999329447746,-0.05000000074505806,-0.08530870825052261,-0.08743171393871307,0.058309519242338737
"san-francisco","shelf","2026-07-14T06:00:00Z",37.74766159057617,-123.17647552490234,"2026-07-14T06:00:00Z","rtofs:Y384,X434",2601.630262414102,0,0.029999999329447746,-0.07999999821186066,-0.08530870825052261,-0.08743171393871307,0.08544003554344165
"san-francisco","shelf","2026-07-14T06:00:00Z",37.74766159057617,-123.114013671875,"2026-07-14T06:00:00Z","rtofs:Y384,X435",1668.5143760166507,0,-0.009999999776482582,-0.12999999523162842,-0.07786460220813751,-0.11018718779087067,0.1303840433325837
"san-francisco","shelf","2026-07-14T06:00:00Z",37.74766159057617,-123.05155181884766,"2026-07-14T06:00:00Z","rtofs:Y384,X436",1879.3982906692122,0,-0.019999999552965164,-0.14000000059604645,-0.04459628090262413,-0.19624623656272888,0.1414213567641451
"san-francisco","shelf","2026-07-14T06:00:00Z",37.74766159057617,-122.98908233642578,"2026-07-14T06:00:00Z","rtofs:Y384,X437",3010.7322531657214,0,0.019999999552965164,-0.12999999523162842,0.024676280096173286,-0.1479387730360031,0.1315294595987607
"san-francisco","shelf","2026-07-14T06:00:00Z",37.74766159057617,-122.92662048339844,"2026-07-14T06:00:00Z","rtofs:Y384,X437",3331.986427306392,0,0.03999999910593033,-0.10999999940395355,0.024676280096173286,-0.1479387730360031,0.11704699824149362
"san-francisco","shelf","2026-07-14T06:00:00Z",37.74766159057617,-122.86415100097656,"2026-07-14T06:00:00Z","rtofs:Y384,X438",2109.6729578980944,0,0.03999999910593033,-0.11999999731779099,0.03746943548321724,-0.13458336889743805,0.12649110357943863
"san-francisco","shelf","2026-07-14T06:00:00Z",37.74766159057617,-122.80168914794922,"2026-07-14T06:00:00Z","rtofs:Y384,X439",1590.0031038443842,0,0.029999999329447746,-0.15000000596046448,-0.0026810122653841972,-0.10231606662273407,0.1529705911209937
"san-francisco","shelf","2026-07-14T06:00:00Z",37.74766159057617,-122.73921966552734,"2026-07-14T06:00:00Z","rtofs:Y384,X440",2317.8009737805273,0,0.03999999910593033,-0.1599999964237213,-0.024362824857234955,-0.09075672924518585,0.16492422133836274
"san-francisco","shelf","2026-07-14T06:00:00Z",37.74766159057617,-122.6767578125,"2026-07-14T06:00:00Z","rtofs:Y384,X441",3598.058654515969,0,0.03999999910593033,-0.15000000596046448,-0.01188543252646923,-0.061911895871162415,0.15524175249144095
"san-francisco","nearshore","2026-07-14T06:00:00Z",37.74766159057617,-122.61428833007812,"2026-07-14T06:00:00Z","rtofs:Y384,X441",2761.287126932457,0,-0.019999999552965164,-0.12999999523162842,-0.01188543252646923,-0.061911895871162415,0.1315294595987607
"san-francisco","nearshore","2026-07-14T06:00:00Z",37.74766159057617,-122.55182647705078,"2026-07-14T06:00:00Z","rtofs:Y384,X442",1741.0596396013834,0,0.03999999910593033,-0.05000000074505806,-0.000894243479706347,-0.042107950896024704,0.0640312423976002
"san-francisco","shelf","2026-07-14T06:00:00Z",37.80160140991211,-123.30140686035156,"2026-07-14T06:00:00Z","rtofs:Y385,X433",1956.9588943455603,0,0.12999999523162842,-0.05000000074505806,-0.049086641520261765,-0.09467943757772446,0.13928387858876282
"san-francisco","shelf","2026-07-14T06:00:00Z",37.80160140991211,-123.23894500732422,"2026-07-14T06:00:00Z","rtofs:Y385,X434",3469.8472680688733,0,0.07999999821186066,-0.029999999329447746,-0.029918015003204346,-0.13740190863609314,0.08544003554344165
"san-francisco","shelf","2026-07-14T06:00:00Z",37.80160140991211,-123.17647552490234,"2026-07-14T06:00:00Z","rtofs:Y385,X434",2134.51768750347,0,0.05000000074505806,-0.07999999821186066,-0.029918015003204346,-0.13740190863609314,0.0943398101991069
"san-francisco","shelf","2026-07-14T06:00:00Z",37.80160140991211,-123.114013671875,"2026-07-14T06:00:00Z","rtofs:Y385,X435",760.2204381097231,0,-0.009999999776482582,-0.1599999964237213,-0.0038665886968374252,-0.16771095991134644,0.1603121918355572
"san-francisco","shelf","2026-07-14T06:00:00Z",37.80160140991211,-123.05155181884766,"2026-07-14T06:00:00Z","rtofs:Y385,X436",1151.0639094522676,0,-0.009999999776482582,-0.17000000178813934,0.05156351625919342,-0.14945819973945618,0.1702938654311923
"san-francisco","shelf","2026-07-14T06:00:00Z",37.80160140991211,-122.98908233642578,"2026-07-14T06:00:00Z","rtofs:Y385,X437",2616.975140124346,0,0,-0.17000000178813934,0.07143445312976837,-0.11341473460197449,0.17000000178813934
"san-francisco","shelf","2026-07-14T06:00:00Z",37.80160140991211,-122.92662048339844,"2026-07-14T06:00:00Z","rtofs:Y385,X437",2980.429053380318,0,0.029999999329447746,-0.11999999731779099,0.07143445312976837,-0.11341473460197449,0.12369316600377205
"san-francisco","shelf","2026-07-14T06:00:00Z",37.80160140991211,-122.86415100097656,"2026-07-14T06:00:00Z","rtofs:Y385,X438",1497.3562325005728,0,0.009999999776482582,-0.11999999731779099,0.017690373584628105,-0.05940960347652435,0.12041594309641682
"san-francisco","nearshore","2026-07-14T06:00:00Z",37.80160140991211,-122.80168914794922,"2026-07-14T06:00:00Z","rtofs:Y385,X439",567.8995032766677,0,0.029999999329447746,-0.10999999940395355,-0.047788940370082855,-0.04141359403729439,0.11401754175843577
"san-francisco","nearshore","2026-07-14T06:00:00Z",37.80160140991211,-122.73921966552734,"2026-07-14T06:00:00Z","rtofs:Y385,X440",1778.228885725648,0,0.029999999329447746,-0.14000000059604645,-0.039263319224119186,-0.07166118174791336,0.143178211075079
"san-francisco","nearshore","2026-07-14T06:00:00Z",37.80160140991211,-122.6767578125,"2026-07-14T06:00:00Z","rtofs:Y385,X441",3274.741247179174,0,0.05000000074505806,-0.12999999523162842,0.02196512371301651,-0.055875301361083984,0.13928387858876282
"san-francisco","nearshore","2026-07-14T06:00:00Z",37.80160140991211,-122.61428833007812,"2026-07-14T06:00:00Z","rtofs:Y385,X441",2326.1634887873906,0,0.029999999329447746,-0.10999999940395355,0.02196512371301651,-0.055875301361083984,0.11401754175843577
"san-francisco","nearshore","2026-07-14T06:00:00Z",37.80160140991211,-122.55182647705078,"2026-07-14T06:00:00Z","rtofs:Y385,X442",908.2356007551167,0,-0.009999999776482582,-0.07999999821186066,0.023918896913528442,-0.011663996614515781,0.08062257568093045
"san-francisco","shelf","2026-07-14T06:00:00Z",37.85554122924805,-123.30140686035156,"2026-07-14T06:00:00Z","rtofs:Y386,X433",1937.03381484685,0,0.17000000178813934,-0.029999999329447746,-0.0513567253947258,-0.1352921426296234,0.17262676666071874
"san-francisco","shelf","2026-07-14T06:00:00Z",37.85554122924805,-123.23894500732422,"2026-07-14T06:00:00Z","rtofs:Y386,X434",3456.7658119811445,0,0.12999999523162842,-0.019999999552965164,-0.01316946092993021,-0.16177615523338318,0.1315294595987607
"san-francisco","shelf","2026-07-14T06:00:00Z",37.85554122924805,-123.17647552490234,"2026-07-14T06:00:00Z","rtofs:Y386,X434",2115.992765192519,0,0.07999999821186066,-0.07000000029802322,-0.01316946092993021,-0.16177615523338318,0.10630145697788418
"san-francisco","shelf","2026-07-14T06:00:00Z",37.85554122924805,-123.114013671875,"2026-07-14T06:00:00Z","rtofs:Y386,X435",710.988456411906,0,0.019999999552965164,-0.12999999523162842,0.012741543352603912,-0.1484774649143219,0.1315294595987607
"san-francisco","nearshore","2026-07-14T06:00:00Z",37.85554122924805,-123.05155181884766,"2026-07-14T06:00:00Z","rtofs:Y386,X436",1118.6298590942715,0,-0.029999999329447746,-0.18000000715255737,-0.022254418581724167,-0.09543837606906891,0.18248288285394762
"san-francisco","nearshore","2026-07-14T06:00:00Z",37.85554122924805,-122.98908233642578,"2026-07-14T06:00:00Z","rtofs:Y386,X437",2601.1886816946153,0,-0.05000000074505806,-0.20999999344348907,-0.07659584283828735,-0.06073376536369324,0.2158703252435852
"san-francisco","nearshore","2026-07-14T06:00:00Z",37.85554122924805,-122.92662048339844,"2026-07-14T06:00:00Z","rtofs:Y386,X437",2966.0334235033415,0,-0.029999999329447746,-0.17000000178813934,-0.07659584283828735,-0.06073376536369324,0.17262676666071874
"san-francisco","nearshore","2026-07-14T06:00:00Z",37.85554122924805,-122.86415100097656,"2026-07-14T06:00:00Z","rtofs:Y386,X438",1472.0752952139037,0,-0.029999999329447746,-0.1599999964237213,-0.0894293487071991,-0.0009326674044132233,0.1627882023223971
"san-francisco","nearshore","2026-07-14T06:00:00Z",37.85554122924805,-122.80168914794922,"2026-07-14T06:00:00Z","rtofs:Y386,X439",500.48421039864587,0,-0.009999999776482582,-0.11999999731779099,-0.07095597684383392,-0.0006904937326908112,0.12041594309641682
"san-francisco","nearshore","2026-07-14T06:00:00Z",37.85554122924805,-122.73921966552734,"2026-07-14T06:00:00Z","rtofs:Y386,X440",1756.578696288569,0,0.03999999910593033,-0.12999999523162842,-0.015045223757624626,-0.03633934631943703,0.13601470026691173
"san-francisco","nearshore","2026-07-14T06:00:00Z",37.85554122924805,-122.6767578125,"2026-07-14T06:00:00Z","rtofs:Y386,X441",3261.1972046308842,0,0.05999999865889549,-0.12999999523162842,0.01181846298277378,-0.026038940995931625,0.143178205741275
"san-francisco","nearshore","2026-07-14T06:00:00Z",37.85554122924805,-122.61428833007812,"2026-07-14T06:00:00Z","rtofs:Y386,X441",2308.882910720971,0,0.03999999910593033,-0.10999999940395355,0.01181846298277378,-0.026038940995931625,0.11704699824149362
"san-francisco","shelf","2026-07-14T06:00:00Z",37.909481048583984,-123.30140686035156,"2026-07-14T06:00:00Z","rtofs:Y387,X433",2402.3956873463867,0,0.1899999976158142,0,-0.03762855380773544,-0.17444157600402832,0.1899999976158142
"san-francisco","shelf","2026-07-14T06:00:00Z",37.909481048583984,-123.23894500732422,"2026-07-14T06:00:00Z","rtofs:Y387,X434",3735.7211264226466,0,0.12999999523162842,-0.029999999329447746,-0.018210958689451218,-0.15874341130256653,0.133416635844224
"san-francisco","shelf","2026-07-14T06:00:00Z",37.909481048583984,-123.17647552490234,"2026-07-14T06:00:00Z","rtofs:Y387,X434",2548.6620242952677,0,0.11999999731779099,-0.03999999910593033,-0.018210958689451218,-0.15874341130256653,0.12649110357943863
"san-francisco","nearshore","2026-07-14T06:00:00Z",37.909481048583984,-123.114013671875,"2026-07-14T06:00:00Z","rtofs:Y387,X435",1590.6185626498207,0,0.07000000029802322,-0.07000000029802322,-0.04987109452486038,-0.0941186472773552,0.09899494978758515
"san-francisco","nearshore","2026-07-14T06:00:00Z",37.909481048583984,-123.05155181884766,"2026-07-14T06:00:00Z","rtofs:Y387,X436",1809.616177284578,0,0,-0.10999999940395355,-0.1129060834646225,-0.023031530901789665,0.10999999940395355
"san-francisco","nearshore","2026-07-14T06:00:00Z",37.909481048583984,-122.98908233642578,"2026-07-14T06:00:00Z","rtofs:Y387,X437",2963.2413327365375,0,0.009999999776482582,-0.10000000149011612,-0.11480161547660828,-0.0226833987981081,0.10049875767168905
"san-francisco","nearshore","2026-07-14T06:00:00Z",37.909481048583984,-122.92662048339844,"2026-07-14T06:00:00Z","rtofs:Y387,X437",3287.665438259758,0,-0.07000000029802322,-0.18000000715255737,-0.11480161547660828,-0.0226833987981081,0.19313208593251396
"san-francisco","nearshore","2026-07-14T06:00:00Z",37.909481048583984,-122.86415100097656,"2026-07-14T06:00:00Z","rtofs:Y387,X438",2046.6873026189855,0,-0.11999999731779099,-0.20999999344348907,-0.04085946083068848,0.0025668349117040634,0.24186772542556248
"san-francisco","nearshore","2026-07-14T06:00:00Z",37.909481048583984,-122.80168914794922,"2026-07-14T06:00:00Z","rtofs:Y387,X439",1508.4602798575825,0,-0.03999999910593033,-0.10999999940395355,0.0011969711631536484,0.004356253892183304,0.11704699824149362
"san-francisco","shelf","2026-07-14T06:00:00Z",37.96342086791992,-123.30140686035156,"2026-07-14T06:00:00Z","rtofs:Y388,X433",3138.6323854656007,0,0.11999999731779099,0.009999999776482582,0.0258466973900795,-0.1689700335264206,0.12041594309641682
"san-francisco","shelf","2026-07-14T06:00:00Z",37.96342086791992,-123.23894500732422,"2026-07-14T06:00:00Z","rtofs:Y388,X434",4245.244055655699,0,0.07000000029802322,0.029999999329447746,0.03326549381017685,-0.12916140258312225,0.07615773106842218
"san-francisco","shelf","2026-07-14T06:00:00Z",37.96342086791992,-123.17647552490234,"2026-07-14T06:00:00Z","rtofs:Y388,X434",3251.7739685421802,0,0.029999999329447746,0.019999999552965164,0.03326549381017685,-0.12916140258312225,0.03605551194873638
"san-francisco","nearshore","2026-07-14T06:00:00Z",37.96342086791992,-123.114013671875,"2026-07-14T06:00:00Z","rtofs:Y388,X435",2571.912470819552,0,0,-0.009999999776482582,0.035080164670944214,-0.06693286448717117,0.009999999776482582
"san-francisco","nearshore","2026-07-14T06:00:00Z",37.96342086791992,-123.05155181884766,"2026-07-14T06:00:00Z","rtofs:Y388,X436",2712.5987717006255,0,-0.019999999552965164,-0.029999999329447746,0.01905122958123684,0.0050641018897295,0.03605551194873638
"san-francisco","shelf","2026-07-14T06:00:00Z",38.01736068725586,-123.30140686035156,"2026-07-14T06:00:00Z","rtofs:Y388,X433",3952.0296337769482,0,0.09000000357627869,0.019999999552965164,0.0258466973900795,-0.1689700335264206,0.09219544796707038
"san-francisco","shelf","2026-07-14T06:00:00Z",38.01736068725586,-123.23894500732422,"2026-07-14T06:00:00Z","rtofs:Y388,X434",4876.844934920424,0,0.05000000074505806,0.05999999865889549,0.03326549381017685,-0.12916140258312225,0.07810249620577608
"san-francisco","shelf","2026-07-14T06:00:00Z",38.01736068725586,-123.17647552490234,"2026-07-14T06:00:00Z","rtofs:Y388,X434",4042.403680364355,0,0.019999999552965164,0.07000000029802322,0.03326549381017685,-0.12916140258312225,0.07280109905655174
"san-francisco","nearshore","2026-07-14T06:00:00Z",38.01736068725586,-123.114013671875,"2026-07-14T06:00:00Z","rtofs:Y388,X435",3519.1813422173636,0,0,0.05000000074505806,0.035080164670944214,-0.06693286448717117,0.05000000074505806
"san-francisco","nearshore","2026-07-14T06:00:00Z",38.01736068725586,-123.05155181884766,"2026-07-14T06:00:00Z","rtofs:Y388,X436",3623.1959972234504,0,-0.009999999776482582,0.03999999910593033,0.01905122958123684,0.0050641018897295,0.041231055334590684
"san-francisco","shelf","2026-07-14T06:00:00Z",38.0713005065918,-123.30140686035156,"2026-07-14T06:00:00Z","rtofs:Y389,X433",3098.6547818580248,0,0.05000000074505806,0.009999999776482582,0.07203006744384766,-0.15247321128845215,0.05099019582268202
"san-francisco","shelf","2026-07-14T06:00:00Z",38.0713005065918,-123.23894500732422,"2026-07-14T06:00:00Z","rtofs:Y389,X434",4213.515517303576,0,0.029999999329447746,0.05999999865889549,0.05650530382990837,-0.0808701366186142,0.06708203782559327
"san-francisco","shelf","2026-07-14T06:00:00Z",38.0713005065918,-123.17647552490234,"2026-07-14T06:00:00Z","rtofs:Y389,X434",3212.9422764028086,0,0.019999999552965164,0.10000000149011612,0.05650530382990837,-0.0808701366186142,0.10198039164536404
"san-francisco","nearshore","2026-07-14T06:00:00Z",38.0713005065918,-123.114013671875,"2026-07-14T06:00:00Z","rtofs:Y389,X435",2524.464296217892,0,0,0.09000000357627869,0.04480813443660736,-0.036952897906303406,0.09000000357627869
"san-francisco","nearshore","2026-07-14T06:00:00Z",38.0713005065918,-123.05155181884766,"2026-07-14T06:00:00Z","rtofs:Y389,X436",2667.329496086101,0,-0.009999999776482582,0.07999999821186066,0.023178547620773315,0.01500464603304863,0.08062257568093045
"san-francisco","shelf","2026-07-14T06:00:00Z",38.125240325927734,-123.30140686035156,"2026-07-14T06:00:00Z","rtofs:Y390,X433",2375.953252844315,0,0.009999999776482582,0.009999999776482582,0.0877688080072403,-0.12519137561321259,0.014142135307629587
"san-francisco","shelf","2026-07-14T06:00:00Z",38.125240325927734,-123.23894500732422,"2026-07-14T06:00:00Z","rtofs:Y390,X434",3712.704996214332,0,0.009999999776482582,0.05000000074505806,0.061538632959127426,-0.018206672742962837,0.05099019582268202
"san-francisco","shelf","2026-07-14T06:00:00Z",38.125240325927734,-123.17647552490234,"2026-07-14T06:00:00Z","rtofs:Y390,X434",2522.962103117173,0,0.009999999776482582,0.10999999940395355,0.061538632959127426,-0.018206672742962837,0.11045360955803768
"san-francisco","nearshore","2026-07-14T06:00:00Z",38.125240325927734,-123.114013671875,"2026-07-14T06:00:00Z","rtofs:Y390,X435",1556.1400752946097,0,0.019999999552965164,0.10999999940395355,0.03395862504839897,0.03002236783504486,0.1118033982085893
"san-francisco","nearshore","2026-07-14T06:00:00Z",38.125240325927734,-123.05155181884766,"2026-07-14T06:00:00Z","rtofs:Y390,X436",1778.2331984447715,0,0.009999999776482582,0.10000000149011612,0.014675900340080261,0.05179336667060852,0.10049875767168905
"san-francisco","shelf","2026-07-14T06:00:00Z",38.17918014526367,-123.30140686035156,"2026-07-14T06:00:00Z","rtofs:Y391,X433",1926.1081442243506,0,-0.009999999776482582,0.009999999776482582,0.05412312597036362,-0.08216339349746704,0.014142135307629587
"san-francisco","shelf","2026-07-14T06:00:00Z",38.17918014526367,-123.23894500732422,"2026-07-14T06:00:00Z","rtofs:Y391,X434",3440.3326883030113,0,-0.009999999776482582,0.05999999865889549,0.02337329089641571,0.0445193350315094,0.06082762394337882
"san-francisco","shelf","2026-07-14T06:00:00Z",38.17918014526367,-123.17647552490234,"2026-07-14T06:00:00Z","rtofs:Y391,X434",2104.5008200567518,0,-0.019999999552965164,0.10000000149011612,0.02337329089641571,0.0445193350315094,0.10198039164536404
"san-francisco","nearshore","2026-07-14T06:00:00Z",38.17918014526367,-123.114013671875,"2026-07-14T06:00:00Z","rtofs:Y391,X435",701.0496651077676,0,-0.009999999776482582,0.10999999940395355,-0.011673525907099247,0.07918782532215118,0.11045360955803768
"san-francisco","nearshore","2026-07-14T06:00:00Z",38.17918014526367,-123.05155181884766,"2026-07-14T06:00:00Z","rtofs:Y391,X436",1109.426259502976,0,0.009999999776482582,0.10000000149011612,-0.007927910424768925,0.0580771341919899,0.10049875767168905
"san-francisco","shelf","2026-07-14T06:00:00Z",38.23311996459961,-123.30140686035156,"2026-07-14T06:00:00Z","rtofs:Y392,X433",1939.5746801660005,0,-0.03999999910593033,0,0.00025628693401813507,-0.027224713936448097,0.03999999910593033
"san-francisco","shelf","2026-07-14T06:00:00Z",38.23311996459961,-123.23894500732422,"2026-07-14T06:00:00Z","rtofs:Y392,X434",3446.0003037643482,0,-0.05999999865889549,0.10999999940395355,-0.04299791902303696,0.10771512985229492,0.1252996396959594
"san-francisco","nearshore","2026-07-14T06:00:00Z",38.23311996459961,-123.17647552490234,"2026-07-14T06:00:00Z","rtofs:Y392,X434",2116.560475911167,0,-0.07999999821186066,0.14000000059604645,-0.04299791902303696,0.10771512985229492,0.1612451545963187
"san-francisco","nearshore","2026-07-14T06:00:00Z",38.23311996459961,-123.114013671875,"2026-07-14T06:00:00Z","rtofs:Y392,X435",740.7347903969477,0,-0.07000000029802322,0.12999999523162842,-0.0727464109659195,0.11446484923362732,0.1476482265452134
"san-francisco","nearshore","2026-07-14T06:00:00Z",38.23311996459961,-123.05155181884766,"2026-07-14T06:00:00Z","rtofs:Y392,X436",1134.3979131703184,0,-0.009999999776482582,0.10999999940395355,-0.0351862907409668,0.02553849294781685,0.11045360955803768
"san-francisco","shelf","2026-07-14T06:00:00Z",38.28705978393555,-123.30140686035156,"2026-07-14T06:00:00Z","rtofs:Y393,X433",2400.9855781176516,0,-0.10000000149011612,0.029999999329447746,-0.03644309937953949,0.028529338538646698,0.10440306632369613
"san-francisco","shelf","2026-07-14T06:00:00Z",38.28705978393555,-123.23894500732422,"2026-07-14T06:00:00Z","rtofs:Y393,X434",3723.5293884527096,0,-0.11999999731779099,0.15000000596046448,-0.06584181636571884,0.14483654499053955,0.19209373010176367
"san-francisco","nearshore","2026-07-14T06:00:00Z",38.28705978393555,-123.17647552490234,"2026-07-14T06:00:00Z","rtofs:Y393,X434",2545.8706169197553,0,-0.12999999523162842,0.1899999976158142,-0.06584181636571884,0.14483654499053955,0.2302172840041182
"san-francisco","nearshore","2026-07-14T06:00:00Z",38.28705978393555,-123.114013671875,"2026-07-14T06:00:00Z","rtofs:Y393,X435",1598.9465543463589,0,-0.11999999731779099,0.1599999964237213,-0.03862885385751724,0.09774745255708694,0.19999999552965164
"san-francisco","shelf","2026-07-14T12:00:00Z",37.20825958251953,-123.30140686035156,"2026-07-14T12:00:00Z","rtofs:Y376,X433",2697.3388647485094,0,-0.09000000357627869,-0.03999999910593033,-0.03322659060359001,-0.09589987993240356,0.09848858092288976
"san-francisco","shelf","2026-07-14T12:00:00Z",37.20825958251953,-123.23894500732422,"2026-07-14T12:00:00Z","rtofs:Y376,X434",3951.5653296348237,0,-0.07999999821186066,-0.009999999776482582,-0.020871326327323914,0.005538813769817352,0.08062257568093045
"san-francisco","shelf","2026-07-14T12:00:00Z",37.20825958251953,-123.17647552490234,"2026-07-14T12:00:00Z","rtofs:Y376,X434",2830.81900609734,0,-0.10000000149011612,-0.009999999776482582,-0.020871326327323914,0.005538813769817352,0.10049875767168905
"san-francisco","shelf","2026-07-14T12:00:00Z",37.20825958251953,-123.114013671875,"2026-07-14T12:00:00Z","rtofs:Y376,X435",1993.178374601432,0,-0.10999999940395355,0.009999999776482582,-0.016567343845963478,0.11538562178611755,0.11045360955803768
"san-francisco","shelf","2026-07-14T12:00:00Z",37.20825958251953,-123.05155181884766,"2026-07-14T12:00:00Z","rtofs:Y376,X436",2175.2051737596553,0,-0.10999999940395355,0.03999999910593033,-0.035760629922151566,0.15429911017417908,0.11704699824149362
"san-francisco","shelf","2026-07-14T12:00:00Z",37.20825958251953,-122.98908233642578,"2026-07-14T12:00:00Z","rtofs:Y376,X437",3215.8933869443604,0,-0.12999999523162842,0.05999999865889549,-0.0812758356332779,0.11213857680559158,0.143178205741275
"san-francisco","shelf","2026-07-14T12:00:00Z",37.20825958251953,-122.92662048339844,"2026-07-14T12:00:00Z","rtofs:Y376,X437",3522.5492840946768,0,-0.12999999523162842,0.07000000029802322,-0.0812758356332779,0.11213857680559158,0.1476482265452134
"san-francisco","shelf","2026-07-14T12:00:00Z",37.20825958251953,-122.86415100097656,"2026-07-14T12:00:00Z","rtofs:Y376,X438",2379.7193428623336,0,-0.07000000029802322,0.05000000074505806,-0.11898912489414215,0.02835024893283844,0.08602325334599394
"san-francisco","shelf","2026-07-14T12:00:00Z",37.20825958251953,-122.80168914794922,"2026-07-14T12:00:00Z","rtofs:Y376,X439",1926.9973999436404,0,-0.029999999329447746,0.05000000074505806,-0.11872895061969757,-0.057126592844724655,0.058309519242338737
"san-francisco","shelf","2026-07-14T12:00:00Z",37.20825958251953,-122.73921966552734,"2026-07-14T12:00:00Z","rtofs:Y376,X440",2568.569832417033,0,0.05000000074505806,0.009999999776482582,-0.11774987727403641,-0.07283538579940796,0.05099019582268202
"san-francisco","shelf","2026-07-14T12:00:00Z",37.20825958251953,-122.6767578125,"2026-07-14T12:00:00Z","rtofs:Y376,X441",3778.6598218127283,0,0.029999999329447746,0.029999999329447746,-0.12387045472860336,-0.01808035559952259,0.042426405922888766
"san-francisco","shelf","2026-07-14T12:00:00Z",37.20825958251953,-122.61428833007812,"2026-07-14T12:00:00Z","rtofs:Y376,X441",2980.242826585728,0,0.11999999731779099,0.009999999776482582,-0.12387045472860336,-0.01808035559952259,0.12041594309641682
"san-francisco","nearshore","2026-07-14T12:00:00Z",37.20825958251953,-122.55182647705078,"2026-07-14T12:00:00Z","rtofs:Y376,X442",2055.1397686807168,0,0.17000000178813934,0.03999999910593033,-0.09565415233373642,-0.03526418283581734,0.1746424935015582
"san-francisco","nearshore","2026-07-14T12:00:00Z",37.20825958251953,-122.4893569946289,"2026-07-14T12:00:00Z","rtofs:Y376,X443",2093.229733801782,0,0.20999999344348907,0.03999999910593033,-0.03524382412433624,-0.023703547194600105,0.2137755766563147
"san-francisco","shelf","2026-07-14T12:00:00Z",37.26219940185547,-123.30140686035156,"2026-07-14T12:00:00Z","rtofs:Y377,X433",3549.5582117697086,0,-0.09000000357627869,-0.009999999776482582,-0.025186501443386078,-0.09055833518505096,0.09055385491109601
"san-francisco","shelf","2026-07-14T12:00:00Z",37.26219940185547,-123.23894500732422,"2026-07-14T12:00:00Z","rtofs:Y377,X434",4574.449690638424,0,-0.09000000357627869,0,-0.016164686530828476,-0.0015749186277389526,0.09000000357627869
"san-francisco","shelf","2026-07-14T12:00:00Z",37.26219940185547,-123.17647552490234,"2026-07-14T12:00:00Z","rtofs:Y377,X434",3651.86418561007,0,-0.10000000149011612,0.03999999910593033,-0.016164686530828476,-0.0015749186277389526,0.10770329719417904
"san-francisco","shelf","2026-07-14T12:00:00Z",37.26219940185547,-123.114013671875,"2026-07-14T12:00:00Z","rtofs:Y377,X435",3049.8585960121286,0,-0.10999999940395355,0.029999999329447746,0.0003673485480248928,0.1128641664981842,0.11401754175843577
"san-francisco","shelf","2026-07-14T12:00:00Z",37.26219940185547,-123.05155181884766,"2026-07-14T12:00:00Z","rtofs:Y377,X436",3171.6260308266874,0,-0.10999999940395355,0.03999999910593033,-0.005560283549129963,0.1485668420791626,0.11704699824149362
"san-francisco","shelf","2026-07-14T12:00:00Z",37.26219940185547,-122.98908233642578,"2026-07-14T12:00:00Z","rtofs:Y377,X437",3957.387375638329,0,-0.12999999523162842,0.07000000029802322,-0.030601002275943756,0.11387612670660019,0.1476482265452134
"san-francisco","shelf","2026-07-14T12:00:00Z",37.26219940185547,-122.92662048339844,"2026-07-14T12:00:00Z","rtofs:Y377,X437",4209.997087255292,0,-0.10000000149011612,0.07999999821186066,-0.030601002275943756,0.11387612670660019,0.1280624847952004
"san-francisco","shelf","2026-07-14T12:00:00Z",37.26219940185547,-122.86415100097656,"2026-07-14T12:00:00Z","rtofs:Y377,X438",3315.012145441805,0,-0.05999999865889549,0.07000000029802322,-0.043105341494083405,0.03224722668528557,0.09219544392642573
"san-francisco","shelf","2026-07-14T12:00:00Z",37.26219940185547,-122.80168914794922,"2026-07-14T12:00:00Z","rtofs:Y377,X439",3007.091785003914,0,0.009999999776482582,0.05000000074505806,-0.0644935891032219,-0.04767562076449394,0.05099019582268202
"san-francisco","shelf","2026-07-14T12:00:00Z",37.26219940185547,-122.73921966552734,"2026-07-14T12:00:00Z","rtofs:Y377,X440",3452.8734431591915,0,0,0.07000000029802322,-0.05296642705798149,-0.01869102194905281,0.07000000029802322
"san-francisco","shelf","2026-07-14T12:00:00Z",37.26219940185547,-122.6767578125,"2026-07-14T12:00:00Z","rtofs:Y377,X441",4426.180736017494,0,0.07999999821186066,0.03999999910593033,-0.05808836594223976,-0.00026498129591345787,0.08944271710079103
"san-francisco","shelf","2026-07-14T12:00:00Z",37.26219940185547,-122.61428833007812,"2026-07-14T12:00:00Z","rtofs:Y377,X441",3768.6959215348293,0,0.09000000357627869,0.03999999910593033,-0.05808836594223976,-0.00026498129591345787,0.09848858092288976
"san-francisco","nearshore","2026-07-14T12:00:00Z",37.26219940185547,-122.55182647705078,"2026-07-14T12:00:00Z","rtofs:Y377,X442",3090.644868707531,0,0.14000000059604645,0.029999999329447746,-0.06844203174114227,0.00022942759096622467,0.143178211075079
"san-francisco","nearshore","2026-07-14T12:00:00Z",37.26219940185547,-122.4893569946289,"2026-07-14T12:00:00Z","rtofs:Y377,X443",3116.0633070806184,0,0.15000000596046448,0.029999999329447746,-0.021162472665309906,-0.014476697891950607,0.1529705911209937
"san-francisco","shelf","2026-07-14T12:00:00Z",37.316139221191406,-123.30140686035156,"2026-07-14T12:00:00Z","rtofs:Y377,X433",3541.303213600224,0,-0.10999999940395355,-0.009999999776482582,-0.025186501443386078,-0.09055833518505096,0.11045360955803768
"san-francisco","shelf","2026-07-14T12:00:00Z",37.316139221191406,-123.23894500732422,"2026-07-14T12:00:00Z","rtofs:Y377,X434",4567.394009258163,0,-0.10000000149011612,-0.009999999776482582,-0.016164686530828476,-0.0015749186277389526,0.10049875767168905
"san-francisco","shelf","2026-07-14T12:00:00Z",37.316139221191406,-123.17647552490234,"2026-07-14T12:00:00Z","rtofs:Y377,X434",3643.768516281747,0,-0.10000000149011612,0.009999999776482582,-0.016164686530828476,-0.0015749186277389526,0.10049875767168905
"san-francisco","shelf","2026-07-14T12:00:00Z",37.316139221191406,-123.114013671875,"2026-07-14T12:00:00Z","rtofs:Y377,X435",3040.635736573913,0,-0.09000000357627869,0.019999999552965164,0.0003673485480248928,0.1128641664981842,0.09219544796707038
"san-francisco","shelf","2026-07-14T12:00:00Z",37.316139221191406,-123.05155181884766,"2026-07-14T12:00:00Z","rtofs:Y377,X436",3162.672445891274,0,-0.10999999940395355,0.03999999910593033,-0.005560283549129963,0.1485668420791626,0.11704699824149362
"san-francisco","shelf","2026-07-14T12:00:00Z",37.316139221191406,-122.98908233642578,"2026-07-14T12:00:00Z","rtofs:Y377,X437",3949.7070485674344,0,-0.10999999940395355,0.07000000029802322,-0.030601002275943756,0.11387612670660019,0.13038404776119292
"san-francisco","shelf","2026-07-14T12:00:00Z",37.316139221191406,-122.92662048339844,"2026-07-14T12:00:00Z","rtofs:Y377,X437",4202.6025108883705,0,-0.10000000149011612,0.07000000029802322,-0.030601002275943756,0.11387612670660019,0.12206555754899281
"san-francisco","shelf","2026-07-14T12:00:00Z",37.316139221191406,-122.86415100097656,"2026-07-14T12:00:00Z","rtofs:Y377,X438",3306.3460654711607,0,-0.07000000029802322,0.07000000029802322,-0.043105341494083405,0.03224722668528557,0.09899494978758515
"san-francisco","shelf","2026-07-14T12:00:00Z",37.316139221191406,-122.80168914794922,"2026-07-14T12:00:00Z","rtofs:Y377,X439",2997.7683141958137,0,-0.009999999776482582,0.05000000074505806,-0.0644935891032219,-0.04767562076449394,0.05099019582268202
"san-francisco","shelf","2026-07-14T12:00:00Z",37.316139221191406,-122.73921966552734,"2026-07-14T12:00:00Z","rtofs:Y377,X440",3444.457163408318,0,-0.019999999552965164,0.05999999865889549,-0.05296642705798149,-0.01869102194905281,0.06324555178971931
"san-francisco","shelf","2026-07-14T12:00:00Z",37.316139221191406,-122.6767578125,"2026-07-14T12:00:00Z","rtofs:Y377,X441",4418.996530288414,0,-0.03999999910593033,0.07999999821186066,-0.05808836594223976,-0.00026498129591345787,0.08944271710079103
"san-francisco","shelf","2026-07-14T12:00:00Z",37.316139221191406,-122.61428833007812,"2026-07-14T12:00:00Z","rtofs:Y377,X441",3760.7691533835523,0,-0.019999999552965164,0.03999999910593033,-0.05808836594223976,-0.00026498129591345787,0.04472135855039552
"san-francisco","nearshore","2026-07-14T12:00:00Z",37.316139221191406,-122.55182647705078,"2026-07-14T12:00:00Z","rtofs:Y377,X442",3081.514960317883,0,0.019999999552965164,0.019999999552965164,-0.06844203174114227,0.00022942759096622467,0.028284270615259174
"san-francisco","nearshore","2026-07-14T12:00:00Z",37.316139221191406,-122.4893569946289,"2026-07-14T12:00:00Z","rtofs:Y377,X443",3106.9898969417986,0,-0.12999999523162842,0.029999999329447746,-0.021162472665309906,-0.014476697891950607,0.133416635844224
"san-francisco","shelf","2026-07-14T12:00:00Z",37.370079040527344,-123.30140686035156,"2026-07-14T12:00:00Z","rtofs:Y378,X433",2692.0693971116543,0,-0.11999999731779099,-0.05000000074505806,-0.018456362187862396,-0.06758389621973038,0.12999999781067556
"san-francisco","shelf","2026-07-14T12:00:00Z",37.370079040527344,-123.23894500732422,"2026-07-14T12:00:00Z","rtofs:Y378,X434",3943.9177647887777,0,-0.10000000149011612,-0.05999999865889549,-0.02309008687734604,0.013906070962548256,0.11661903848467747
"san-francisco","shelf","2026-07-14T12:00:00Z",37.370079040527344,-123.17647552490234,"2026-07-14T12:00:00Z","rtofs:Y378,X434",2825.297684273148,0,-0.09000000357627869,-0.07000000029802322,-0.02309008687734604,0.013906070962548256,0.11401754551582588
"san-francisco","shelf","2026-07-14T12:00:00Z",37.370079040527344,-123.114013671875,"2026-07-14T12:00:00Z","rtofs:Y378,X435",1989.2278981619274,0,-0.10000000149011612,-0.05000000074505806,-0.015633612871170044,0.11740666627883911,0.11180340054098996
"san-francisco","shelf","2026-07-14T12:00:00Z",37.370079040527344,-123.05155181884766,"2026-07-14T12:00:00Z","rtofs:Y378,X436",2170.9157570184816,0,-0.10999999940395355,0.009999999776482582,-0.0046281940303742886,0.14878571033477783,0.11045360955803768
"san-francisco","shelf","2026-07-14T12:00:00Z",37.370079040527344,-122.98908233642578,"2026-07-14T12:00:00Z","rtofs:Y378,X437",3209.6434732003695,0,-0.11999999731779099,0.03999999910593033,0.0019495468586683273,0.13178633153438568,0.12649110357943863
"san-francisco","shelf","2026-07-14T12:00:00Z",37.370079040527344,-122.92662048339844,"2026-07-14T12:00:00Z","rtofs:Y378,X437",3515.717507424222,0,-0.12999999523162842,0.07999999821186066,0.0019495468586683273,0.13178633153438568,0.15264337022655494
"san-francisco","shelf","2026-07-14T12:00:00Z",37.370079040527344,-122.86415100097656,"2026-07-14T12:00:00Z","rtofs:Y378,X438",2375.0472078021103,0,-0.11999999731779099,0.07000000029802322,0.0009819157421588898,0.06066054478287697,0.13892443772782775
"san-francisco","shelf","2026-07-14T12:00:00Z",37.370079040527344,-122.80168914794922,"2026-07-14T12:00:00Z","rtofs:Y378,X439",1923.1696657615282,0,-0.07000000029802322,0.029999999329447746,0.002304492052644491,-0.03591132536530495,0.07615773106842218
"san-francisco","shelf","2026-07-14T12:00:00Z",37.370079040527344,-122.73921966552734,"2026-07-14T12:00:00Z","rtofs:Y378,X440",2563.5429016773755,0,-0.07000000029802322,0.05000000074505806,-0.020602308213710785,0.033217523247003555,0.08602325334599394
"san-francisco","shelf","2026-07-14T12:00:00Z",37.370079040527344,-122.6767578125,"2026-07-14T12:00:00Z","rtofs:Y378,X441",3771.3412518847576,0,-0.07999999821186066,0.029999999329447746,-0.046396784484386444,-0.0018855072557926178,0.08544003554344165
"san-francisco","shelf","2026-07-14T12:00:00Z",37.370079040527344,-122.61428833007812,"2026-07-14T12:00:00Z","rtofs:Y378,X441",2974.4391055714977,0,-0.10000000149011612,0,-0.046396784484386444,-0.0018855072557926178,0.10000000149011612
"san-francisco","shelf","2026-07-14T12:00:00Z",37.370079040527344,-122.55182647705078,"2026-07-14T12:00:00Z","rtofs:Y378,X442",2051.0741256172328,0,-0.07999999821186066,-0.029999999329447746,-0.0459713339805603,0.030861746519804,0.08544003554344165
"san-francisco","nearshore","2026-07-14T12:00:00Z",37.370079040527344,-122.4893569946289,"2026-07-14T12:00:00Z","rtofs:Y378,X443",2089.093182997537,0,-0.05000000074505806,0,-0.02170116826891899,0.007273082621395588,0.05000000074505806
"san-francisco","shelf","2026-07-14T12:00:00Z",37.42401885986328,-123.30140686035156,"2026-07-14T12:00:00Z","rtofs:Y379,X433",2069.3822961263845,0,-0.10000000149011612,-0.10000000149011612,-0.0032611829228699207,-0.04901711270213127,0.14142135834465194
"san-francisco","shelf","2026-07-14T12:00:00Z",37.42401885986328,-123.23894500732422,"2026-07-14T12:00:00Z","rtofs:Y379,X434",3546.347674871507,0,-0.09000000357627869,-0.11999999731779099,-0.029896412044763565,0.03628768026828766,0.15000000000000005
"san-francisco","shelf","2026-07-14T12:00:00Z",37.42401885986328,-123.17647552490234,"2026-07-14T12:00:00Z","rtofs:Y379,X434",2239.7011353156977,0,-0.09000000357627869,-0.10999999940395355,-0.029896412044763565,0.03628768026828766,0.1421267058388393
"san-francisco","shelf","2026-07-14T12:00:00Z",37.42401885986328,-123.114013671875,"2026-07-14T12:00:00Z","rtofs:Y379,X435",998.6422087722104,0,-0.09000000357627869,-0.09000000357627869,-0.03582461178302765,0.12023673951625824,0.1272792256712004
"san-francisco","shelf","2026-07-14T12:00:00Z",37.42401885986328,-123.05155181884766,"2026-07-14T12:00:00Z","rtofs:Y379,X436",1323.6124936385681,0,-0.12999999523162842,-0.029999999329447746,0.001990480348467827,0.1615464985370636,0.133416635844224
"san-francisco","shelf","2026-07-14T12:00:00Z",37.42401885986328,-122.98908233642578,"2026-07-14T12:00:00Z","rtofs:Y379,X437",2707.7910830927813,0,-0.1899999976158142,0.07999999821186066,0.03841988369822502,0.13393449783325195,0.20615527838963307
"san-francisco","shelf","2026-07-14T12:00:00Z",37.42401885986328,-122.92662048339844,"2026-07-14T12:00:00Z","rtofs:Y379,X437",3063.881023278817,0,-0.1599999964237213,0.07999999821186066,0.03841988369822502,0.13393449783325195,0.17888543420158207
"san-francisco","shelf","2026-07-14T12:00:00Z",37.42401885986328,-122.86415100097656,"2026-07-14T12:00:00Z","rtofs:Y379,X438",1636.603385122116,0,-0.10999999940395355,0.019999999552965164,0.009651748463511467,0.06118282303214073,0.1118033982085893
"san-francisco","shelf","2026-07-14T12:00:00Z",37.42401885986328,-122.80168914794922,"2026-07-14T12:00:00Z","rtofs:Y379,X439",859.7935660082884,0,-0.10999999940395355,0.009999999776482582,0.0012114401906728745,0.027740277349948883,0.11045360955803768
"san-francisco","shelf","2026-07-14T12:00:00Z",37.42401885986328,-122.73921966552734,"2026-07-14T12:00:00Z","rtofs:Y379,X440",1899.4513981468997,0,-0.14000000059604645,-0.07999999821186066,-0.021674584597349167,0.04256175458431244,0.1612451545963187
"san-francisco","shelf","2026-07-14T12:00:00Z",37.42401885986328,-122.6767578125,"2026-07-14T12:00:00Z","rtofs:Y379,X441",3353.683751977269,0,-0.12999999523162842,-0.12999999523162842,-0.0507422611117363,0.007961773313581944,0.1838477563650066
"san-francisco","shelf","2026-07-14T12:00:00Z",37.42401885986328,-122.61428833007812,"2026-07-14T12:00:00Z","rtofs:Y379,X441",2424.847916034525,0,-0.05000000074505806,-0.15000000596046448,-0.0507422611117363,0.007961773313581944,0.15811388889862013
"san-francisco","shelf","2026-07-14T12:00:00Z",37.42401885986328,-122.55182647705078,"2026-07-14T12:00:00Z","rtofs:Y379,X442",1116.5896009249282,0,-0.009999999776482582,-0.15000000596046448,-0.05639880523085594,0.029431434348225594,0.15033296971612395
"san-francisco","shelf","2026-07-14T12:00:00Z",37.42401885986328,-122.4893569946289,"2026-07-14T12:00:00Z","rtofs:Y379,X443",1184.8759701464396,0,0.07999999821186066,-0.1599999964237213,-0.03883596882224083,-0.013528670184314251,0.17888543420158207
"san-francisco","shelf","2026-07-14T12:00:00Z",37.47795867919922,-123.30140686035156,"2026-07-14T12:00:00Z","rtofs:Y380,X433",1898.8566766831168,0,-0.09000000357627869,-0.10999999940395355,-0.01744375377893448,-0.03260593116283417,0.1421267058388393
"san-francisco","shelf","2026-07-14T12:00:00Z",37.47795867919922,-123.23894500732422,"2026-07-14T12:00:00Z","rtofs:Y380,X434",3447.735869535009,0,-0.07999999821186066,-0.12999999523162842,-0.04161413758993149,0.05421573668718338,0.15264337022655494
"san-francisco","shelf","2026-07-14T12:00:00Z",37.47795867919922,-123.17647552490234,"2026-07-14T12:00:00Z","rtofs:Y380,X434",2082.88821726798,0,-0.07999999821186066,-0.11999999731779099,-0.04161413758993149,0.05421573668718338,0.14422204779494552
"san-francisco","shelf","2026-07-14T12:00:00Z",37.47795867919922,-123.114013671875,"2026-07-14T12:00:00Z","rtofs:Y380,X435",570.7484242899152,0,-0.11999999731779099,-0.09000000357627869,-0.03931504487991333,0.12184695899486542,0.15000000000000005
"san-francisco","shelf","2026-07-14T12:00:00Z",37.47795867919922,-123.05155181884766,"2026-07-14T12:00:00Z","rtofs:Y380,X436",1038.861659337301,0,-0.17000000178813934,-0.05000000074505806,-0.017777614295482635,0.1649327576160431,0.177200453392403
"san-francisco","shelf","2026-07-14T12:00:00Z",37.47795867919922,-122.98908233642578,"2026-07-14T12:00:00Z","rtofs:Y380,X437",2578.887616592688,0,-0.20999999344348907,0.03999999910593033,-0.004719596356153488,0.13197970390319824,0.2137755766563147
"san-francisco","shelf","2026-07-14T12:00:00Z",37.47795867919922,-122.92662048339844,"2026-07-14T12:00:00Z","rtofs:Y380,X437",2950.029027931256,0,-0.1899999976158142,0.05999999865889549,-0.004719596356153488,0.13197970390319824,0.19924858577434587
"san-francisco","shelf","2026-07-14T12:00:00Z",37.47795867919922,-122.86415100097656,"2026-07-14T12:00:00Z","rtofs:Y380,X438",1415.733216357324,0,-0.1599999964237213,0.03999999910593033,0.009411737322807312,0.07873441278934479,0.16492422133836274
"san-francisco","shelf","2026-07-14T12:00:00Z",37.47795867919922,-122.80168914794922,"2026-07-14T12:00:00Z","rtofs:Y380,X439",260.99294761407634,0,-0.18000000715255737,-0.10000000149011612,-0.01569611020386219,0.07320725172758102,0.20591260979586445
"san-francisco","shelf","2026-07-14T12:00:00Z",37.47795867919922,-122.73921966552734,"2026-07-14T12:00:00Z","rtofs:Y380,X440",1712.3922773049505,0,-0.1599999964237213,-0.10999999940395355,-0.056988395750522614,0.052505265921354294,0.19416487510479494
"san-francisco","shelf","2026-07-14T12:00:00Z",37.47795867919922,-122.6767578125,"2026-07-14T12:00:00Z","rtofs:Y380,X441",3249.5509186881277,0,-0.11999999731779099,-0.11999999731779099,-0.036112964153289795,0.021171489730477333,0.16970562369155506
"san-francisco","shelf","2026-07-14T12:00:00Z",37.47795867919922,-122.61428833007812,"2026-07-14T12:00:00Z","rtofs:Y380,X441",2280.503152039166,0,-0.07999999821186066,-0.10999999940395355,-0.036112964153289795,0.021171489730477333,0.1360147035535772
"san-francisco","shelf","2026-07-14T12:00:00Z",37.47795867919922,-122.55182647705078,"2026-07-14T12:00:00Z","rtofs:Y380,X442",758.18759020796,0,-0.05999999865889549,-0.10000000149011612,-0.013408537022769451,-0.007646409794688225,0.11661903848467747
"san-francisco","shelf","2026-07-14T12:00:00Z",37.47795867919922,-122.4893569946289,"2026-07-14T12:00:00Z","rtofs:Y380,X443",855.4300579396885,0,-0.009999999776482582,-0.10999999940395355,-0.007693221792578697,-0.018936239182949066,0.11045360955803768
"san-francisco","shelf","2026-07-14T12:00:00Z",37.531898498535156,-123.30140686035156,"2026-07-14T12:00:00Z","rtofs:Y381,X433",2275.914815535772,0,-0.09000000357627869,-0.09000000357627869,-0.05549829080700874,0.0067389002069830894,0.1272792256712004
"san-francisco","shelf","2026-07-14T12:00:00Z",37.531898498535156,-123.23894500732422,"2026-07-14T12:00:00Z","rtofs:Y381,X434",3667.151546790584,0,-0.07000000029802322,-0.09000000357627869,-0.0949036031961441,0.09135702252388,0.11401754551582588
"san-francisco","shelf","2026-07-14T12:00:00Z",37.531898498535156,-123.17647552490234,"2026-07-14T12:00:00Z","rtofs:Y381,X434",2431.3377739843077,0,-0.07999999821186066,-0.09000000357627869,-0.0949036031961441,0.09135702252388,0.12041594727289191
"san-francisco","shelf","2026-07-14T12:00:00Z",37.531898498535156,-123.114013671875,"2026-07-14T12:00:00Z","rtofs:Y381,X435",1380.2317245792888,0,-0.12999999523162842,-0.09000000357627869,-0.079682856798172,0.1502809226512909,0.15811388112355468
"san-francisco","shelf","2026-07-14T12:00:00Z",37.531898498535156,-123.05155181884766,"2026-07-14T12:00:00Z","rtofs:Y381,X436",1630.1335293141456,0,-0.20000000298023224,-0.05000000074505806,-0.04825127124786377,0.1774807870388031,0.20615528435283612
"san-francisco","shelf","2026-07-14T12:00:00Z",37.531898498535156,-122.98908233642578,"2026-07-14T12:00:00Z","rtofs:Y381,X437",2867.055591303737,0,-0.2199999988079071,-0.05000000074505806,-0.038427382707595825,0.13536524772644043,0.2256102824562412
"san-francisco","shelf","2026-07-14T12:00:00Z",37.531898498535156,-122.92662048339844,"2026-07-14T12:00:00Z","rtofs:Y381,X437",3204.4957498528547,0,-0.20999999344348907,0.019999999552965164,-0.038427382707595825,0.13536524772644043,0.21095022452792997
"san-francisco","shelf","2026-07-14T12:00:00Z",37.531898498535156,-122.86415100097656,"2026-07-14T12:00:00Z","rtofs:Y381,X438",1892.339450979034,0,-0.20999999344348907,-0.019999999552965164,-0.05515725910663605,0.1105833575129509,0.21095022452792997
"san-francisco","shelf","2026-07-14T12:00:00Z",37.531898498535156,-122.80168914794922,"2026-07-14T12:00:00Z","rtofs:Y381,X439",1283.6697539745235,0,-0.1899999976158142,-0.05999999865889549,-0.09339036792516708,0.06994360685348511,0.19924858577434587
"san-francisco","shelf","2026-07-14T12:00:00Z",37.531898498535156,-122.73921966552734,"2026-07-14T12:00:00Z","rtofs:Y381,X440",2123.0819726350883,0,-0.1599999964237213,-0.07000000029802322,-0.0895245373249054,0.07143831253051758,0.1746424888087492
"san-francisco","shelf","2026-07-14T12:00:00Z",37.531898498535156,-122.6767578125,"2026-07-14T12:00:00Z","rtofs:Y381,X441",3481.77897538278,0,-0.14000000059604645,-0.07999999821186066,-0.05448322370648384,0.05329940840601921,0.1612451545963187
"san-francisco","shelf","2026-07-14T12:00:00Z",37.531898498535156,-122.61428833007812,"2026-07-14T12:00:00Z","rtofs:Y381,X441",2602.3680822401293,0,-0.10999999940395355,-0.09000000357627869,-0.05448322370648384,0.05329940840601921,0.1421267058388393
"san-francisco","shelf","2026-07-14T12:00:00Z",37.531898498535156,-122.55182647705078,"2026-07-14T12:00:00Z","rtofs:Y381,X442",1467.5635679533493,0,-0.07000000029802322,-0.09000000357627869,-0.019891146570444107,-0.022879362106323242,0.11401754551582588
"san-francisco","shelf","2026-07-14T12:00:00Z",37.585838317871094,-123.30140686035156,"2026-07-14T12:00:00Z","rtofs:Y382,X433",2994.379765150519,0,-0.07999999821186066,-0.05999999865889549,-0.1161731705069542,0.05269050598144531,0.09999999776482582
"san-francisco","shelf","2026-07-14T12:00:00Z",37.585838317871094,-123.23894500732422,"2026-07-14T12:00:00Z","rtofs:Y382,X434",4149.880405623035,0,-0.07000000029802322,-0.05999999865889549,-0.13247203826904297,0.11192544549703598,0.09219544392642573
"san-francisco","shelf","2026-07-14T12:00:00Z",37.585838317871094,-123.17647552490234,"2026-07-14T12:00:00Z","rtofs:Y382,X434",3113.964300393967,0,-0.07000000029802322,-0.05999999865889549,-0.13247203826904297,0.11192544549703598,0.09219544392642573
"san-francisco","shelf","2026-07-14T12:00:00Z",37.585838317871094,-123.114013671875,"2026-07-14T12:00:00Z","rtofs:Y382,X435",2386.7794902293504,0,-0.10999999940395355,-0.07999999821186066,-0.11462800949811935,0.1297752559185028,0.1360147035535772
"san-francisco","shelf","2026-07-14T12:00:00Z",37.585838317871094,-123.05155181884766,"2026-07-14T12:00:00Z","rtofs:Y382,X436",2539.2573430123994,0,-0.1599999964237213,-0.10000000149011612,-0.12034258246421814,0.11339813470840454,0.1886796203982138
"san-francisco","shelf","2026-07-14T12:00:00Z",37.585838317871094,-122.98908233642578,"2026-07-14T12:00:00Z","rtofs:Y382,X437",3464.353341650103,0,-0.1899999976158142,-0.10999999940395355,-0.10845214128494263,0.13319739699363708,0.21954498163902353
"san-francisco","shelf","2026-07-14T12:00:00Z",37.585838317871094,-122.92662048339844,"2026-07-14T12:00:00Z","rtofs:Y382,X437",3747.9733622692625,0,-0.1899999976158142,-0.03999999910593033,-0.10845214128494263,0.13319739699363708,0.19416487587224376
"san-francisco","shelf","2026-07-14T12:00:00Z",37.585838317871094,-122.86415100097656,"2026-07-14T12:00:00Z","rtofs:Y382,X438",2714.772046805737,0,-0.1899999976158142,-0.05000000074505806,-0.09948654472827911,0.07095740735530853,0.19646882492781192
"san-francisco","shelf","2026-07-14T12:00:00Z",37.585838317871094,-122.80168914794922,"2026-07-14T12:00:00Z","rtofs:Y382,X439",2332.35710551823,0,-0.18000000715255737,-0.029999999329447746,-0.11751050502061844,0.06039523333311081,0.18248288285394762
"san-francisco","shelf","2026-07-14T12:00:00Z",37.585838317871094,-122.73921966552734,"2026-07-14T12:00:00Z","rtofs:Y382,X440",2880.1141088222876,0,-0.1599999964237213,-0.05999999865889549,-0.08659548312425613,0.0956510379910469,0.1708800710868833
"san-francisco","shelf","2026-07-14T12:00:00Z",37.585838317871094,-122.6767578125,"2026-07-14T12:00:00Z","rtofs:Y382,X441",3987.27698724519,0,-0.1599999964237213,-0.07999999821186066,-0.05566353350877762,0.08899478614330292,0.17888543420158207
"san-francisco","shelf","2026-07-14T12:00:00Z",37.585838317871094,-122.61428833007812,"2026-07-14T12:00:00Z","rtofs:Y382,X441",3249.0513627284954,0,-0.1599999964237213,-0.07999999821186066,-0.05566353350877762,0.08899478614330292,0.17888543420158207
"san-francisco","shelf","2026-07-14T12:00:00Z",37.585838317871094,-122.55182647705078,"2026-07-14T12:00:00Z","rtofs:Y382,X442",2438.24282281347,0,-0.1599999964237213,-0.09000000357627869,-0.022216439247131348,-0.007497567683458328,0.18357559614317207
"san-francisco","shelf","2026-07-14T12:00:00Z",37.63977813720703,-123.30140686035156,"2026-07-14T12:00:00Z","rtofs:Y383,X433",3863.641472283614,0,-0.09000000357627869,-0.03999999910593033,-0.1773562729358673,0.0699893981218338,0.09848858092288976
"san-francisco","shelf","2026-07-14T12:00:00Z",37.63977813720703,-123.23894500732422,"2026-07-14T12:00:00Z","rtofs:Y383,X434",4813.5128949594955,0,-0.05000000074505806,-0.05000000074505806,-0.1929244101047516,0.08941477537155151,0.07071067917232597
"san-francisco","shelf","2026-07-14T12:00:00Z",37.63977813720703,-123.17647552490234,"2026-07-14T12:00:00Z","rtofs:Y383,X434",3956.897416775208,0,-0.03999999910593033,-0.03999999910593033,-0.1929244101047516,0.08941477537155151,0.05656854123051835
"san-francisco","shelf","2026-07-14T12:00:00Z",37.63977813720703,-123.114013671875,"2026-07-14T12:00:00Z","rtofs:Y383,X435",3415.15546627357,0,-0.05999999865889549,-0.05999999865889549,-0.18597862124443054,0.0907994881272316,0.08485281184577753
"san-francisco","shelf","2026-07-14T12:00:00Z",37.63977813720703,-123.05155181884766,"2026-07-14T12:00:00Z","rtofs:Y383,X436",3523.2391454194403,0,-0.10999999940395355,-0.07999999821186066,-0.10590031743049622,0.0910465270280838,0.1360147035535772
"san-francisco","shelf","2026-07-14T12:00:00Z",37.63977813720703,-122.98908233642578,"2026-07-14T12:00:00Z","rtofs:Y383,X437",4237.732088788911,0,-0.12999999523162842,-0.10000000149011612,-0.09209984540939331,0.0790996104478836,0.16401219179758142
"san-francisco","shelf","2026-07-14T12:00:00Z",37.63977813720703,-122.92662048339844,"2026-07-14T12:00:00Z","rtofs:Y383,X437",4472.215133810117,0,-0.15000000596046448,-0.07999999821186066,-0.09209984540939331,0.0790996104478836,0.17000000441775606
"san-francisco","shelf","2026-07-14T12:00:00Z",37.63977813720703,-122.86415100097656,"2026-07-14T12:00:00Z","rtofs:Y383,X438",3651.563978492139,0,-0.17000000178813934,-0.029999999329447746,-0.11208800971508026,0.025502635166049004,0.17262676666071874
"san-francisco","shelf","2026-07-14T12:00:00Z",37.63977813720703,-122.80168914794922,"2026-07-14T12:00:00Z","rtofs:Y383,X439",3377.4050894872316,0,-0.1899999976158142,0,-0.07371365278959274,0.0521758608520031,0.1899999976158142
"san-francisco","shelf","2026-07-14T12:00:00Z",37.63977813720703,-122.73921966552734,"2026-07-14T12:00:00Z","rtofs:Y383,X440",3775.91457988982,0,-0.20999999344348907,-0.05000000074505806,-0.05777927115559578,0.10267408937215805,0.2158703252435852
"san-francisco","shelf","2026-07-14T12:00:00Z",37.63977813720703,-122.6767578125,"2026-07-14T12:00:00Z","rtofs:Y383,X441",4674.27673589633,0,-0.25999999046325684,-0.07000000029802322,-0.04498231038451195,0.09971996396780014,0.2692582312253739
"san-francisco","shelf","2026-07-14T12:00:00Z",37.63977813720703,-122.61428833007812,"2026-07-14T12:00:00Z","rtofs:Y383,X441",4063.895048143846,0,-0.3100000023841858,-0.07999999821186066,-0.04498231038451195,0.09971996396780014,0.32015621373337877
"san-francisco","shelf","2026-07-14T12:00:00Z",37.63977813720703,-122.55182647705078,"2026-07-14T12:00:00Z","rtofs:Y383,X442",3451.2616628746837,0,-0.27000001072883606,-0.14000000059604645,-0.01866219937801361,0.0025094228330999613,0.3041381363138542
"san-francisco","shelf","2026-07-14T12:00:00Z",37.693721771240234,-123.30140686035156,"2026-07-14T12:00:00Z","rtofs:Y383,X433",3228.6612249289865,0,-0.09000000357627869,-0.019999999552965164,-0.1773562729358673,0.0699893981218338,0.09219544796707038
"san-francisco","shelf","2026-07-14T12:00:00Z",37.693721771240234,-123.23894500732422,"2026-07-14T12:00:00Z","rtofs:Y383,X434",4319.773825155076,0,-0.05000000074505806,-0.03999999910593033,-0.1929244101047516,0.08941477537155151,0.0640312423976002
"san-francisco","shelf","2026-07-14T12:00:00Z",37.693721771240234,-123.17647552490234,"2026-07-14T12:00:00Z","rtofs:Y383,X434",3339.616020353909,0,-0.019999999552965164,-0.03999999910593033,-0.1929244101047516,0.08941477537155151,0.04472135855039552
"san-francisco","shelf","2026-07-14T12:00:00Z",37.693721771240234,-123.114013671875,"2026-07-14T12:00:00Z","rtofs:Y383,X435",2676.2261713685116,0,-0.009999999776482582,-0.05000000074505806,-0.18597862124443054,0.0907994881272316,0.05099019582268202
"san-francisco","shelf","2026-07-14T12:00:00Z",37.693721771240234,-123.05155181884766,"2026-07-14T12:00:00Z","rtofs:Y383,X436",2812.7511224121677,0,-0.029999999329447746,-0.05999999865889549,-0.10590031743049622,0.0910465270280838,0.06708203782559327
"san-francisco","shelf","2026-07-14T12:00:00Z",37.693721771240234,-122.98908233642578,"2026-07-14T12:00:00Z","rtofs:Y383,X437",3667.79214430652,0,-0.05999999865889549,-0.10999999940395355,-0.09209984540939331,0.0790996104478836,0.1252996396959594
"san-francisco","shelf","2026-07-14T12:00:00Z",37.693721771240234,-122.92662048339844,"2026-07-14T12:00:00Z","rtofs:Y383,X437",3936.184738953116,0,-0.12999999523162842,-0.05999999865889549,-0.09209984540939331,0.0790996104478836,0.143178205741275
"san-francisco","shelf","2026-07-14T12:00:00Z",37.693721771240234,-122.86415100097656,"2026-07-14T12:00:00Z","rtofs:Y383,X438",2971.8017009902505,0,-0.18000000715255737,0.009999999776482582,-0.11208800971508026,0.025502635166049004,0.1802775709023459
"san-francisco","shelf","2026-07-14T12:00:00Z",37.693721771240234,-122.80168914794922,"2026-07-14T12:00:00Z","rtofs:Y383,X439",2627.9176363726565,0,-0.20999999344348907,0.019999999552965164,-0.07371365278959274,0.0521758608520031,0.21095022452792997
"san-francisco","shelf","2026-07-14T12:00:00Z",37.693721771240234,-122.73921966552734,"2026-07-14T12:00:00Z","rtofs:Y383,X440",3123.2268128353962,0,-0.2800000011920929,-0.05999999865889549,-0.05777927115559578,0.10267408937215805,0.286356422150158
"san-francisco","shelf","2026-07-14T12:00:00Z",37.693721771240234,-122.6767578125,"2026-07-14T12:00:00Z","rtofs:Y383,X441",4164.1760673973395,0,-0.3700000047683716,-0.12999999523162842,-0.04498231038451195,0.09971996396780014,0.3921734339406717
"san-francisco","shelf","2026-07-14T12:00:00Z",37.693721771240234,-122.61428833007812,"2026-07-14T12:00:00Z","rtofs:Y383,X441",3465.6337700629033,0,-0.3499999940395355,-0.2199999988079071,-0.04498231038451195,0.09971996396780014,0.4134005264911428
"san-francisco","nearshore","2026-07-14T12:00:00Z",37.693721771240234,-122.55182647705078,"2026-07-14T12:00:00Z","rtofs:Y383,X442",2722.118035712245,0,-0.33000001311302185,-0.25,-0.01866219937801361,0.0025094228330999613,0.41400484134197585
"san-francisco","shelf","2026-07-14T12:00:00Z",37.74766159057617,-123.30140686035156,"2026-07-14T12:00:00Z","rtofs:Y384,X433",2457.8141188381865,0,-0.10999999940395355,-0.029999999329447746,-0.18404918909072876,0.060710273683071136,0.11401754175843577
"san-francisco","shelf","2026-07-14T12:00:00Z",37.74766159057617,-123.23894500732422,"2026-07-14T12:00:00Z","rtofs:Y384,X434",3776.7741310397164,0,-0.07000000029802322,-0.05999999865889549,-0.16431279480457306,0.05574475973844528,0.09219544392642573
"san-francisco","shelf","2026-07-14T12:00:00Z",37.74766159057617,-123.17647552490234,"2026-07-14T12:00:00Z","rtofs:Y384,X434",2601.630262414102,0,-0.029999999329447746,-0.05000000074505806,-0.16431279480457306,0.05574475973844528,0.058309519242338737
"san-francisco","shelf","2026-07-14T12:00:00Z",37.74766159057617,-123.114013671875,"2026-07-14T12:00:00Z","rtofs:Y384,X435",1668.5143760166507,0,0,-0.05999999865889549,-0.12063872814178467,0.07287196815013885,0.05999999865889549
"san-francisco","shelf","2026-07-14T12:00:00Z",37.74766159057617,-123.05155181884766,"2026-07-14T12:00:00Z","rtofs:Y384,X436",1879.3982906692122,0,0,-0.019999999552965164,-0.09697248041629791,0.07336607575416565,0.019999999552965164
"san-francisco","shelf","2026-07-14T12:00:00Z",37.74766159057617,-122.98908233642578,"2026-07-14T12:00:00Z","rtofs:Y384,X437",3010.7322531657214,0,-0.029999999329447746,-0.03999999910593033,-0.07650584727525711,0.015320781618356705,0.04999999888241291
"san-francisco","shelf","2026-07-14T12:00:00Z",37.74766159057617,-122.92662048339844,"2026-07-14T12:00:00Z","rtofs:Y384,X437",3331.986427306392,0,-0.14000000059604645,-0.03999999910593033,-0.07650584727525711,0.015320781618356705,0.1456021981131035
"san-francisco","shelf","2026-07-14T12:00:00Z",37.74766159057617,-122.86415100097656,"2026-07-14T12:00:00Z","rtofs:Y384,X438",2109.6729578980944,0,-0.20000000298023224,0.009999999776482582,-0.028301872313022614,0.018581420183181763,0.20024984691035982
"san-francisco","shelf","2026-07-14T12:00:00Z",37.74766159057617,-122.80168914794922,"2026-07-14T12:00:00Z","rtofs:Y384,X439",1590.0031038443842,0,-0.23999999463558197,-0.019999999552965164,-0.02030152454972267,0.0640006735920906,0.24083188619283363
"san-francisco","shelf","2026-07-14T12:00:00Z",37.74766159057617,-122.73921966552734,"2026-07-14T12:00:00Z","rtofs:Y384,X440",2317.8009737805273,0,-0.3400000035762787,-0.12999999523162842,-0.035168640315532684,0.08290648460388184,0.36400549610149147
"san-francisco","shelf","2026-07-14T12:00:00Z",37.74766159057617,-122.6767578125,"2026-07-14T12:00:00Z","rtofs:Y384,X441",3598.058654515969,0,-0.41999998688697815,-0.25,-0.034687794744968414,0.07980886846780777,0.4887739651260712
"san-francisco","nearshore","2026-07-14T12:00:00Z",37.74766159057617,-122.61428833007812,"2026-07-14T12:00:00Z","rtofs:Y384,X441",2761.287126932457,0,-0.4399999976158142,-0.4000000059604645,-0.034687794744968414,0.07980886846780777,0.594642752138028
"san-francisco","nearshore","2026-07-14T12:00:00Z",37.74766159057617,-122.55182647705078,"2026-07-14T12:00:00Z","rtofs:Y384,X442",1741.0596396013834,0,-0.4399999976158142,-0.38999998569488525,-0.013345133513212204,0.01712196320295334,0.5879625725706757
"san-francisco","shelf","2026-07-14T12:00:00Z",37.80160140991211,-123.30140686035156,"2026-07-14T12:00:00Z","rtofs:Y385,X433",1956.9588943455603,0,-0.12999999523162842,-0.05000000074505806,-0.12604689598083496,0.03775883466005325,0.13928387858876282
"san-francisco","shelf","2026-07-14T12:00:00Z",37.80160140991211,-123.23894500732422,"2026-07-14T12:00:00Z","rtofs:Y385,X434",3469.8472680688733,0,-0.10999999940395355,-0.07000000029802322,-0.09351032972335815,0.02587144449353218,0.13038404776119292
"san-francisco","shelf","2026-07-14T12:00:00Z",37.80160140991211,-123.17647552490234,"2026-07-14T12:00:00Z","rtofs:Y385,X434",2134.51768750347,0,-0.05999999865889549,-0.07000000029802322,-0.09351032972335815,0.02587144449353218,0.09219544392642573
"san-francisco","shelf","2026-07-14T12:00:00Z",37.80160140991211,-123.114013671875,"2026-07-14T12:00:00Z","rtofs:Y385,X435",760.2204381097231,0,-0.029999999329447746,-0.07999999821186066,-0.06007460504770279,0.018230903893709183,0.08544003554344165
"san-francisco","shelf","2026-07-14T12:00:00Z",37.80160140991211,-123.05155181884766,"2026-07-14T12:00:00Z","rtofs:Y385,X436",1151.0639094522676,0,-0.009999999776482582,-0.029999999329447746,-0.029089920222759247,-0.006437063217163086,0.03162277589485966
"san-francisco","shelf","2026-07-14T12:00:00Z",37.80160140991211,-122.98908233642578,"2026-07-14T12:00:00Z","rtofs:Y385,X437",2616.975140124346,0,-0.07000000029802322,-0.05000000074505806,0.014164291322231293,0.014184495434165001,0.08602325334599394
"san-francisco","shelf","2026-07-14T12:00:00Z",37.80160140991211,-122.92662048339844,"2026-07-14T12:00:00Z","rtofs:Y385,X437",2980.429053380318,0,-0.18000000715255737,-0.03999999910593033,0.014164291322231293,0.014184495434165001,0.18439089593414076
"san-francisco","shelf","2026-07-14T12:00:00Z",37.80160140991211,-122.86415100097656,"2026-07-14T12:00:00Z","rtofs:Y385,X438",1497.3562325005728,0,-0.23000000417232513,0.019999999552965164,0.019461343064904213,0.05009051039814949,0.2308679317302171
"san-francisco","nearshore","2026-07-14T12:00:00Z",37.80160140991211,-122.80168914794922,"2026-07-14T12:00:00Z","rtofs:Y385,X439",567.8995032766677,0,-0.25999999046325684,0.019999999552965164,-0.03611218184232712,0.07343515753746033,0.2607680866651674
"san-francisco","nearshore","2026-07-14T12:00:00Z",37.80160140991211,-122.73921966552734,"2026-07-14T12:00:00Z","rtofs:Y385,X440",1778.228885725648,0,-0.36000001430511475,-0.15000000596046448,-0.06088801845908165,0.02893625572323799,0.39000001549720764
"san-francisco","nearshore","2026-07-14T12:00:00Z",37.80160140991211,-122.6767578125,"2026-07-14T12:00:00Z","rtofs:Y385,X441",3274.741247179174,0,-0.47999998927116394,-0.2199999988079071,-0.03196856379508972,0.02747449092566967,0.5280151410478648
"san-francisco","nearshore","2026-07-14T12:00:00Z",37.80160140991211,-122.61428833007812,"2026-07-14T12:00:00Z","rtofs:Y385,X441",2326.1634887873906,0,-0.5199999809265137,-0.49000000953674316,-0.03196856379508972,0.02747449092566967,0.7144928197746867
"san-francisco","nearshore","2026-07-14T12:00:00Z",37.80160140991211,-122.55182647705078,"2026-07-14T12:00:00Z","rtofs:Y385,X442",908.2356007551167,0,-0.4399999976158142,-0.15000000596046448,-0.007881352677941322,0.014145157299935818,0.46486557163340875
"san-francisco","shelf","2026-07-14T12:00:00Z",37.85554122924805,-123.30140686035156,"2026-07-14T12:00:00Z","rtofs:Y386,X433",1937.03381484685,0,-0.12999999523162842,-0.07000000029802322,-0.0807671844959259,0.0014018937945365906,0.1476482265452134
"san-francisco","shelf","2026-07-14T12:00:00Z",37.85554122924805,-123.23894500732422,"2026-07-14T12:00:00Z","rtofs:Y386,X434",3456.7658119811445,0,-0.09000000357627869,-0.07999999821186066,-0.0513586662709713,-0.015376348048448563,0.12041594727289191
"san-francisco","shelf","2026-07-14T12:00:00Z",37.85554122924805,-123.17647552490234,"2026-07-14T12:00:00Z","rtofs:Y386,X434",2115.992765192519,0,-0.029999999329447746,-0.07999999821186066,-0.0513586662709713,-0.015376348048448563,0.08544003554344165
"san-francisco","shelf","2026-07-14T12:00:00Z",37.85554122924805,-123.114013671875,"2026-07-14T12:00:00Z","rtofs:Y386,X435",710.988456411906,0,-0.05999999865889549,-0.09000000357627869,-0.03517895191907883,-0.018486756831407547,0.10816654049565252
"san-francisco","nearshore","2026-07-14T12:00:00Z",37.85554122924805,-123.05155181884766,"2026-07-14T12:00:00Z","rtofs:Y386,X436",1118.6298590942715,0,-0.07000000029802322,-0.05000000074505806,-0.03629342094063759,-0.002414161339402199,0.08602325334599394
"san-francisco","nearshore","2026-07-14T12:00:00Z",37.85554122924805,-122.98908233642578,"2026-07-14T12:00:00Z","rtofs:Y386,X437",2601.1886816946153,0,-0.14000000059604645,-0.05000000074505806,-0.052840735763311386,-0.006916603073477745,0.1486606882850971
"san-francisco","nearshore","2026-07-14T12:00:00Z",37.85554122924805,-122.92662048339844,"2026-07-14T12:00:00Z","rtofs:Y386,X437",2966.0334235033415,0,-0.23000000417232513,-0.05999999865889549,-0.052840735763311386,-0.006916603073477745,0.237697290178784
"san-francisco","nearshore","2026-07-14T12:00:00Z",37.85554122924805,-122.86415100097656,"2026-07-14T12:00:00Z","rtofs:Y386,X438",1472.0752952139037,0,-0.25999999046325684,-0.05000000074505806,-0.0841125026345253,0.033335067331790924,0.26476403667303355
"san-francisco","nearshore","2026-07-14T12:00:00Z",37.85554122924805,-122.80168914794922,"2026-07-14T12:00:00Z","rtofs:Y386,X439",500.48421039864587,0,-0.27000001072883606,-0.03999999910593033,-0.10124939680099487,0.04853586107492447,0.2729468917611007
"san-francisco","nearshore","2026-07-14T12:00:00Z",37.85554122924805,-122.73921966552734,"2026-07-14T12:00:00Z","rtofs:Y386,X440",1756.578696288569,0,-0.33000001311302185,-0.07999999821186066,-0.06679372489452362,-0.0036578169092535973,0.33955854924959894
"san-francisco","nearshore","2026-07-14T12:00:00Z",37.85554122924805,-122.6767578125,"2026-07-14T12:00:00Z","rtofs:Y386,X441",3261.1972046308842,0,-0.46000000834465027,-0.11999999731779099,-0.017686093226075172,-0.0023382585495710373,0.475394580357568
"san-francisco","nearshore","2026-07-14T12:00:00Z",37.85554122924805,-122.61428833007812,"2026-07-14T12:00:00Z","rtofs:Y386,X441",2308.882910720971,0,-0.49000000953674316,-0.4000000059604645,-0.017686093226075172,-0.0023382585495710373,0.6325345951917414
"san-francisco","shelf","2026-07-14T12:00:00Z",37.909481048583984,-123.30140686035156,"2026-07-14T12:00:00Z","rtofs:Y387,X433",2402.3956873463867,0,-0.07999999821186066,-0.07999999821186066,-0.07150125503540039,-0.04274468123912811,0.1131370824610367
"san-francisco","shelf","2026-07-14T12:00:00Z",37.909481048583984,-123.23894500732422,"2026-07-14T12:00:00Z","rtofs:Y387,X434",3735.7211264226466,0,0.009999999776482582,-0.10999999940395355,-0.06258805841207504,-0.041575659066438675,0.11045360955803768
"san-francisco","shelf","2026-07-14T12:00:00Z",37.909481048583984,-123.17647552490234,"2026-07-14T12:00:00Z","rtofs:Y387,X434",2548.6620242952677,0,-0.029999999329447746,-0.07999999821186066,-0.06258805841207504,-0.041575659066438675,0.08544003554344165
"san-francisco","nearshore","2026-07-14T12:00:00Z",37.909481048583984,-123.114013671875,"2026-07-14T12:00:00Z","rtofs:Y387,X435",1590.6185626498207,0,-0.05999999865889549,-0.07999999821186066,-0.08165614306926727,0.003121437504887581,0.09999999776482582
"san-francisco","nearshore","2026-07-14T12:00:00Z",37.909481048583984,-123.05155181884766,"2026-07-14T12:00:00Z","rtofs:Y387,X436",1809.616177284578,0,-0.10000000149011612,-0.05000000074505806,-0.11655110865831375,0.05055397003889084,0.11180340054098996
"san-francisco","nearshore","2026-07-14T12:00:00Z",37.909481048583984,-122.98908233642578,"2026-07-14T12:00:00Z","rtofs:Y387,X437",2963.2413327365375,0,-0.07999999821186066,-0.05000000074505806,-0.11760871112346649,-0.015152493491768837,0.0943398101991069
"san-francisco","nearshore","2026-07-14T12:00:00Z",37.909481048583984,-122.92662048339844,"2026-07-14T12:00:00Z","rtofs:Y387,X437",3287.665438259758,0,-0.25,-0.07000000029802322,-0.11760871112346649,-0.015152493491768837,0.2596150997952994
"san-francisco","nearshore","2026-07-14T12:00:00Z",37.909481048583984,-122.86415100097656,"2026-07-14T12:00:00Z","rtofs:Y387,X438",2046.6873026189855,0,-0.30000001192092896,-0.14000000059604645,-0.08988175541162491,-0.002049865201115608,0.3310589181995412
"san-francisco","nearshore","2026-07-14T12:00:00Z",37.909481048583984,-122.80168914794922,"2026-07-14T12:00:00Z","rtofs:Y387,X439",1508.4602798575825,0,-0.33000001311302185,-0.10000000149011612,-0.0381653867661953,0.014194320887327194,0.34481880597296005
"san-francisco","shelf","2026-07-14T12:00:00Z",37.96342086791992,-123.30140686035156,"2026-07-14T12:00:00Z","rtofs:Y388,X433",3138.6323854656007,0,-0.009999999776482582,-0.11999999731779099,-0.03567828983068466,-0.09258247911930084,0.12041594309641682
"san-francisco","shelf","2026-07-14T12:00:00Z",37.96342086791992,-123.23894500732422,"2026-07-14T12:00:00Z","rtofs:Y388,X434",4245.244055655699,0,-0.009999999776482582,-0.09000000357627869,-0.013210922479629517,-0.047491565346717834,0.09055385491109601
"san-francisco","shelf","2026-07-14T12:00:00Z",37.96342086791992,-123.17647552490234,"2026-07-14T12:00:00Z","rtofs:Y388,X434",3251.7739685421802,0,-0.03999999910593033,-0.07000000029802322,-0.013210922479629517,-0.047491565346717834,0.08062257729815935
"san-francisco","nearshore","2026-07-14T12:00:00Z",37.96342086791992,-123.114013671875,"2026-07-14T12:00:00Z","rtofs:Y388,X435",2571.912470819552,0,-0.03999999910593033,-0.07999999821186066,-0.022170621901750565,0.026357391849160194,0.08944271710079103
"san-francisco","nearshore","2026-07-14T12:00:00Z",37.96342086791992,-123.05155181884766,"2026-07-14T12:00:00Z","rtofs:Y388,X436",2712.5987717006255,0,-0.05000000074505806,-0.09000000357627869,-0.015400977805256844,0.07739543914794922,0.10295630489793223
"san-francisco","shelf","2026-07-14T12:00:00Z",38.01736068725586,-123.30140686035156,"2026-07-14T12:00:00Z","rtofs:Y388,X433",3952.0296337769482,0,-0.009999999776482582,-0.14000000059604645,-0.03567828983068466,-0.09258247911930084,0.14035668905478876
"san-francisco","shelf","2026-07-14T12:00:00Z",38.01736068725586,-123.23894500732422,"2026-07-14T12:00:00Z","rtofs:Y388,X434",4876.844934920424,0,-0.029999999329447746,-0.10000000149011612,-0.013210922479629517,-0.047491565346717834,0.10440306632369613
"san-francisco","shelf","2026-07-14T12:00:00Z",38.01736068725586,-123.17647552490234,"2026-07-14T12:00:00Z","rtofs:Y388,X434",4042.403680364355,0,-0.03999999910593033,-0.07999999821186066,-0.013210922479629517,-0.047491565346717834,0.08944271710079103
"san-francisco","nearshore","2026-07-14T12:00:00Z",38.01736068725586,-123.114013671875,"2026-07-14T12:00:00Z","rtofs:Y388,X435",3519.1813422173636,0,0,-0.10999999940395355,-0.022170621901750565,0.026357391849160194,0.10999999940395355
"san-francisco","nearshore","2026-07-14T12:00:00Z",38.01736068725586,-123.05155181884766,"2026-07-14T12:00:00Z","rtofs:Y388,X436",3623.1959972234504,0,0,-0.12999999523162842,-0.015400977805256844,0.07739543914794922,0.12999999523162842
"san-francisco","shelf","2026-07-14T12:00:00Z",38.0713005065918,-123.30140686035156,"2026-07-14T12:00:00Z","rtofs:Y389,X433",3098.6547818580248,0,-0.05000000074505806,-0.14000000059604645,0.019246697425842285,-0.12392553687095642,0.1486606882850971
"san-francisco","shelf","2026-07-14T12:00:00Z",38.0713005065918,-123.23894500732422,"2026-07-14T12:00:00Z","rtofs:Y389,X434",4213.515517303576,0,-0.03999999910593033,-0.07999999821186066,0.03171222656965256,-0.04984111711382866,0.08944271710079103
"san-francisco","shelf","2026-07-14T12:00:00Z",38.0713005065918,-123.17647552490234,"2026-07-14T12:00:00Z","rtofs:Y389,X434",3212.9422764028086,0,-0.019999999552965164,-0.07000000029802322,0.03171222656965256,-0.04984111711382866,0.07280109905655174
"san-francisco","nearshore","2026-07-14T12:00:00Z",38.0713005065918,-123.114013671875,"2026-07-14T12:00:00Z","rtofs:Y389,X435",2524.464296217892,0,0,-0.10000000149011612,-0.0012774448841810226,0.032874107360839844,0.10000000149011612
"san-francisco","nearshore","2026-07-14T12:00:00Z",38.0713005065918,-123.05155181884766,"2026-07-14T12:00:00Z","rtofs:Y389,X436",2667.329496086101,0,0.019999999552965164,-0.11999999731779099,-0.012376570142805576,0.07074663043022156,0.12165524788675763
"san-francisco","shelf","2026-07-14T12:00:00Z",38.125240325927734,-123.30140686035156,"2026-07-14T12:00:00Z","rtofs:Y390,X433",2375.953252844315,0,-0.05999999865889549,-0.10000000149011612,0.049821652472019196,-0.13542261719703674,0.11661903848467747
"san-francisco","shelf","2026-07-14T12:00:00Z",38.125240325927734,-123.23894500732422,"2026-07-14T12:00:00Z","rtofs:Y390,X434",3712.704996214332,0,-0.05000000074505806,-0.05999999865889549,0.05575471371412277,-0.03847796842455864,0.07810249620577608
"san-francisco","shelf","2026-07-14T12:00:00Z",38.125240325927734,-123.17647552490234,"2026-07-14T12:00:00Z","rtofs:Y390,X434",2522.962103117173,0,-0.019999999552965164,-0.03999999910593033,0.05575471371412277,-0.03847796842455864,0.04472135855039552
"san-francisco","nearshore","2026-07-14T12:00:00Z",38.125240325927734,-123.114013671875,"2026-07-14T12:00:00Z","rtofs:Y390,X435",1556.1400752946097,0,0.009999999776482582,-0.07000000029802322,0.016796641051769257,0.058345481753349304,0.07071067838207255
"san-francisco","nearshore","2026-07-14T12:00:00Z",38.125240325927734,-123.05155181884766,"2026-07-14T12:00:00Z","rtofs:Y390,X436",1778.2331984447715,0,0.07000000029802322,-0.07999999821186066,-0.005396257154643536,0.08944134414196014,0.10630145697788418
"san-francisco","shelf","2026-07-14T12:00:00Z",38.17918014526367,-123.30140686035156,"2026-07-14T12:00:00Z","rtofs:Y391,X433",1926.1081442243506,0,-0.019999999552965164,-0.09000000357627869,0.04416903480887413,-0.12915080785751343,0.09219544796707038
"san-francisco","shelf","2026-07-14T12:00:00Z",38.17918014526367,-123.23894500732422,"2026-07-14T12:00:00Z","rtofs:Y391,X434",3440.3326883030113,0,-0.019999999552965164,-0.029999999329447746,0.032609064131975174,-0.009638689458370209,0.03605551194873638
"san-francisco","shelf","2026-07-14T12:00:00Z",38.17918014526367,-123.17647552490234,"2026-07-14T12:00:00Z","rtofs:Y391,X434",2104.5008200567518,0,-0.019999999552965164,-0.009999999776482582,0.032609064131975174,-0.009638689458370209,0.02236067927519776
"san-francisco","nearshore","2026-07-14T12:00:00Z",38.17918014526367,-123.114013671875,"2026-07-14T12:00:00Z","rtofs:Y391,X435",701.0496651077676,0,0.009999999776482582,-0.029999999329447746,-0.011279209516942501,0.09404841810464859,0.03162277589485966
"san-francisco","nearshore","2026-07-14T12:00:00Z",38.17918014526367,-123.05155181884766,"2026-07-14T12:00:00Z","rtofs:Y391,X436",1109.426259502976,0,0.07000000029802322,-0.03999999910593033,-0.017326146364212036,0.0852925032377243,0.08062257729815935
"san-francisco","shelf","2026-07-14T12:00:00Z",38.23311996459961,-123.30140686035156,"2026-07-14T12:00:00Z","rtofs:Y392,X433",1939.5746801660005,0,-0.009999999776482582,-0.09000000357627869,0.01258900947868824,-0.09888157248497009,0.09055385491109601
"san-francisco","shelf","2026-07-14T12:00:00Z",38.23311996459961,-123.23894500732422,"2026-07-14T12:00:00Z","rtofs:Y392,X434",3446.0003037643482,0,-0.019999999552965164,-0.019999999552965164,-0.016749531030654907,0.04108291119337082,0.028284270615259174
"san-francisco","nearshore","2026-07-14T12:00:00Z",38.23311996459961,-123.17647552490234,"2026-07-14T12:00:00Z","rtofs:Y392,X434",2116.560475911167,0,-0.029999999329447746,0.009999999776482582,-0.016749531030654907,0.04108291119337082,0.03162277589485966
"san-francisco","nearshore","2026-07-14T12:00:00Z",38.23311996459961,-123.114013671875,"2026-07-14T12:00:00Z","rtofs:Y392,X435",740.7347903969477,0,-0.03999999910593033,0.009999999776482582,-0.06074195355176926,0.12844756245613098,0.041231055334590684
"san-francisco","nearshore","2026-07-14T12:00:00Z",38.23311996459961,-123.05155181884766,"2026-07-14T12:00:00Z","rtofs:Y392,X436",1134.3979131703184,0,-0.019999999552965164,0,-0.03764621913433075,0.03666827082633972,0.019999999552965164
"san-francisco","shelf","2026-07-14T12:00:00Z",38.28705978393555,-123.30140686035156,"2026-07-14T12:00:00Z","rtofs:Y393,X433",2400.9855781176516,0,-0.05000000074505806,-0.05000000074505806,-0.01038692332804203,-0.04372227191925049,0.07071067917232597
"san-francisco","shelf","2026-07-14T12:00:00Z",38.28705978393555,-123.23894500732422,"2026-07-14T12:00:00Z","rtofs:Y393,X434",3723.5293884527096,0,-0.07999999821186066,0.03999999910593033,-0.02065429277718067,0.09266331791877747,0.08944271710079103
"san-francisco","nearshore","2026-07-14T12:00:00Z",38.28705978393555,-123.17647552490234,"2026-07-14T12:00:00Z","rtofs:Y393,X434",2545.8706169197553,0,-0.10999999940395355,0.05999999865889549,-0.02065429277718067,0.09266331791877747,0.1252996396959594
"san-francisco","nearshore","2026-07-14T12:00:00Z",38.28705978393555,-123.114013671875,"2026-07-14T12:00:00Z","rtofs:Y393,X435",1598.9465543463589,0,-0.10000000149011612,0.05000000074505806,-0.01658148504793644,0.1048651859164238,0.11180340054098996
"san-francisco","shelf","2026-07-14T18:00:00Z",37.20825958251953,-123.30140686035156,"2026-07-14T18:00:00Z","rtofs:Y376,X433",2697.3388647485094,0,-0.20000000298023224,0.07999999821186066,0.0036008604802191257,-0.06875024735927582,0.21540659438835807
"san-francisco","shelf","2026-07-14T18:00:00Z",37.20825958251953,-123.23894500732422,"2026-07-14T18:00:00Z","rtofs:Y376,X434",3951.5653296348237,0,-0.1599999964237213,0.05000000074505806,-0.018141217529773712,0.07340840995311737,0.16763054295114788
"san-francisco","shelf","2026-07-14T18:00:00Z",37.20825958251953,-123.17647552490234,"2026-07-14T18:00:00Z","rtofs:Y376,X434",2830.81900609734,0,-0.15000000596046448,0.019999999552965164,-0.018141217529773712,0.07340840995311737,0.15132746535331246
"san-francisco","shelf","2026-07-14T18:00:00Z",37.20825958251953,-123.114013671875,"2026-07-14T18:00:00Z","rtofs:Y376,X435",1993.178374601432,0,-0.10000000149011612,0.03999999910593033,-0.004133538343012333,0.16060593724250793,0.10770329719417904
"san-francisco","shelf","2026-07-14T18:00:00Z",37.20825958251953,-123.05155181884766,"2026-07-14T18:00:00Z","rtofs:Y376,X436",2175.2051737596553,0,-0.10000000149011612,0.11999999731779099,0.011881094425916672,0.1408197432756424,0.15620499241155217
"san-francisco","shelf","2026-07-14T18:00:00Z",37.20825958251953,-122.98908233642578,"2026-07-14T18:00:00Z","rtofs:Y376,X437",3215.8933869443604,0,-0.05000000074505806,0.1899999976158142,-0.01193375326693058,0.09785132110118866,0.19646882492781192
"san-francisco","shelf","2026-07-14T18:00:00Z",37.20825958251953,-122.92662048339844,"2026-07-14T18:00:00Z","rtofs:Y376,X437",3522.5492840946768,0,-0.029999999329447746,0.1899999976158142,-0.01193375326693058,0.09785132110118866,0.19235383815712198
"san-francisco","shelf","2026-07-14T18:00:00Z",37.20825958251953,-122.86415100097656,"2026-07-14T18:00:00Z","rtofs:Y376,X438",2379.7193428623336,0,0.029999999329447746,0.11999999731779099,-0.02729659155011177,0.03602870553731918,0.12369316600377205
"san-francisco","shelf","2026-07-14T18:00:00Z",37.20825958251953,-122.80168914794922,"2026-07-14T18:00:00Z","rtofs:Y376,X439",1926.9973999436404,0,0.019999999552965164,0.10999999940395355,-0.01688011921942234,-0.03795461356639862,0.1118033982085893
"san-francisco","shelf","2026-07-14T18:00:00Z",37.20825958251953,-122.73921966552734,"2026-07-14T18:00:00Z","rtofs:Y376,X440",2568.569832417033,0,0.019999999552965164,0.11999999731779099,0.008493959903717041,-0.039053868502378464,0.12165524788675763
"san-francisco","shelf","2026-07-14T18:00:00Z",37.20825958251953,-122.6767578125,"2026-07-14T18:00:00Z","rtofs:Y376,X441",3778.6598218127283,0,0,0.10999999940395355,0.03854462504386902,-0.04050923138856888,0.10999999940395355
"san-francisco","shelf","2026-07-14T18:00:00Z",37.20825958251953,-122.61428833007812,"2026-07-14T18:00:00Z","rtofs:Y376,X441",2980.242826585728,0,0.07000000029802322,0.09000000357627869,0.03854462504386902,-0.04050923138856888,0.11401754551582588
"san-francisco","nearshore","2026-07-14T18:00:00Z",37.20825958251953,-122.55182647705078,"2026-07-14T18:00:00Z","rtofs:Y376,X442",2055.1397686807168,0,0.1599999964237213,0.05000000074505806,0.005151957273483276,0.007729450240731239,0.16763054295114788
"san-francisco","nearshore","2026-07-14T18:00:00Z",37.20825958251953,-122.4893569946289,"2026-07-14T18:00:00Z","rtofs:Y376,X443",2093.229733801782,0,0.2199999988079071,0.009999999776482582,-0.018187379464507103,0.04687931388616562,0.22022715425443967
"san-francisco","shelf","2026-07-14T18:00:00Z",37.26219940185547,-123.30140686035156,"2026-07-14T18:00:00Z","rtofs:Y377,X433",3549.5582117697086,0,-0.20000000298023224,0.009999999776482582,0.014987815171480179,-0.0704268366098404,0.20024984691035982
"san-francisco","shelf","2026-07-14T18:00:00Z",37.26219940185547,-123.23894500732422,"2026-07-14T18:00:00Z","rtofs:Y377,X434",4574.449690638424,0,-0.15000000596046448,0.029999999329447746,-0.002811991609632969,0.0523105189204216,0.1529705911209937
"san-francisco","shelf","2026-07-14T18:00:00Z",37.26219940185547,-123.17647552490234,"2026-07-14T18:00:00Z","rtofs:Y377,X434",3651.86418561007,0,-0.12999999523162842,0.05000000074505806,-0.002811991609632969,0.0523105189204216,0.13928387858876282
"san-francisco","shelf","2026-07-14T18:00:00Z",37.26219940185547,-123.114013671875,"2026-07-14T18:00:00Z","rtofs:Y377,X435",3049.8585960121286,0,-0.10999999940395355,0.07000000029802322,0.012460047379136086,0.15562871098518372,0.13038404776119292
"san-francisco","shelf","2026-07-14T18:00:00Z",37.26219940185547,-123.05155181884766,"2026-07-14T18:00:00Z","rtofs:Y377,X436",3171.6260308266874,0,-0.09000000357627869,0.14000000059604645,0.04871252179145813,0.16715681552886963,0.1664331722062137
"san-francisco","shelf","2026-07-14T18:00:00Z",37.26219940185547,-122.98908233642578,"2026-07-14T18:00:00Z","rtofs:Y377,X437",3957.387375638329,0,-0.05999999865889549,0.20999999344348907,0.03938562050461769,0.10649749636650085,0.21840329000574354
"san-francisco","shelf","2026-07-14T18:00:00Z",37.26219940185547,-122.92662048339844,"2026-07-14T18:00:00Z","rtofs:Y377,X437",4209.997087255292,0,-0.03999999910593033,0.20000000298023224,0.03938562050461769,0.10649749636650085,0.2039607832907281
"san-francisco","shelf","2026-07-14T18:00:00Z",37.26219940185547,-122.86415100097656,"2026-07-14T18:00:00Z","rtofs:Y377,X438",3315.012145441805,0,0.029999999329447746,0.10999999940395355,0.02404090389609337,0.04310739412903786,0.11401754175843577
"san-francisco","shelf","2026-07-14T18:00:00Z",37.26219940185547,-122.80168914794922,"2026-07-14T18:00:00Z","rtofs:Y377,X439",3007.091785003914,0,0.019999999552965164,0.10000000149011612,0.05079955235123634,-0.05157320201396942,0.10198039164536404
"san-francisco","shelf","2026-07-14T18:00:00Z",37.26219940185547,-122.73921966552734,"2026-07-14T18:00:00Z","rtofs:Y377,X440",3452.8734431591915,0,-0.019999999552965164,0.10999999940395355,0.07367101311683655,-0.06630067527294159,0.1118033982085893
"san-francisco","shelf","2026-07-14T18:00:00Z",37.26219940185547,-122.6767578125,"2026-07-14T18:00:00Z","rtofs:Y377,X441",4426.180736017494,0,0,0.07999999821186066,0.09762438386678696,-0.03639597445726395,0.07999999821186066
"san-francisco","shelf","2026-07-14T18:00:00Z",37.26219940185547,-122.61428833007812,"2026-07-14T18:00:00Z","rtofs:Y377,X441",3768.6959215348293,0,0.029999999329447746,0.07000000029802322,0.09762438386678696,-0.03639597445726395,0.07615773106842218
"san-francisco","nearshore","2026-07-14T18:00:00Z",37.26219940185547,-122.55182647705078,"2026-07-14T18:00:00Z","rtofs:Y377,X442",3090.644868707531,0,0.11999999731779099,0.029999999329447746,0.06704295426607132,-0.004403335973620415,0.12369316600377205
"san-francisco","nearshore","2026-07-14T18:00:00Z",37.26219940185547,-122.4893569946289,"2026-07-14T18:00:00Z","rtofs:Y377,X443",3116.0633070806184,0,0.18000000715255737,0.009999999776482582,0.006353302858769894,0.020703058689832687,0.1802775709023459
"san-francisco","shelf","2026-07-14T18:00:00Z",37.316139221191406,-123.30140686035156,"2026-07-14T18:00:00Z","rtofs:Y377,X433",3541.303213600224,0,-0.20000000298023224,0.009999999776482582,0.014987815171480179,-0.0704268366098404,0.20024984691035982
"san-francisco","shelf","2026-07-14T18:00:00Z",37.316139221191406,-123.23894500732422,"2026-07-14T18:00:00Z","rtofs:Y377,X434",4567.394009258163,0,-0.17000000178813934,0.019999999552965164,-0.002811991609632969,0.0523105189204216,0.17117242940989646
"san-francisco","shelf","2026-07-14T18:00:00Z",37.316139221191406,-123.17647552490234,"2026-07-14T18:00:00Z","rtofs:Y377,X434",3643.768516281747,0,-0.12999999523162842,0.05000000074505806,-0.002811991609632969,0.0523105189204216,0.13928387858876282
"san-francisco","shelf","2026-07-14T18:00:00Z",37.316139221191406,-123.114013671875,"2026-07-14T18:00:00Z","rtofs:Y377,X435",3040.635736573913,0,-0.07999999821186066,0.09000000357627869,0.012460047379136086,0.15562871098518372,0.12041594727289191
"san-francisco","shelf","2026-07-14T18:00:00Z",37.316139221191406,-123.05155181884766,"2026-07-14T18:00:00Z","rtofs:Y377,X436",3162.672445891274,0,-0.07999999821186066,0.17000000178813934,0.04871252179145813,0.16715681552886963,0.18788294313711684
"san-francisco","shelf","2026-07-14T18:00:00Z",37.316139221191406,-122.98908233642578,"2026-07-14T18:00:00Z","rtofs:Y377,X437",3949.7070485674344,0,-0.10000000149011612,0.25,0.03938562050461769,0.10649749636650085,0.26925824091014045
"san-francisco","shelf","2026-07-14T18:00:00Z",37.316139221191406,-122.92662048339844,"2026-07-14T18:00:00Z","rtofs:Y377,X437",4202.6025108883705,0,-0.05999999865889549,0.23000000417232513,0.03938562050461769,0.10649749636650085,0.237697290178784
"san-francisco","shelf","2026-07-14T18:00:00Z",37.316139221191406,-122.86415100097656,"2026-07-14T18:00:00Z","rtofs:Y377,X438",3306.3460654711607,0,-0.019999999552965164,0.15000000596046448,0.02404090389609337,0.04310739412903786,0.15132746535331246
"san-francisco","shelf","2026-07-14T18:00:00Z",37.316139221191406,-122.80168914794922,"2026-07-14T18:00:00Z","rtofs:Y377,X439",2997.7683141958137,0,-0.019999999552965164,0.11999999731779099,0.05079955235123634,-0.05157320201396942,0.12165524788675763
"san-francisco","shelf","2026-07-14T18:00:00Z",37.316139221191406,-122.73921966552734,"2026-07-14T18:00:00Z","rtofs:Y377,X440",3444.457163408318,0,-0.019999999552965164,0.10000000149011612,0.07367101311683655,-0.06630067527294159,0.10198039164536404
"san-francisco","shelf","2026-07-14T18:00:00Z",37.316139221191406,-122.6767578125,"2026-07-14T18:00:00Z","rtofs:Y377,X441",4418.996530288414,0,-0.019999999552965164,0.09000000357627869,0.09762438386678696,-0.03639597445726395,0.09219544796707038
"san-francisco","shelf","2026-07-14T18:00:00Z",37.316139221191406,-122.61428833007812,"2026-07-14T18:00:00Z","rtofs:Y377,X441",3760.7691533835523,0,0.029999999329447746,0.05999999865889549,0.09762438386678696,-0.03639597445726395,0.06708203782559327
"san-francisco","nearshore","2026-07-14T18:00:00Z",37.316139221191406,-122.55182647705078,"2026-07-14T18:00:00Z","rtofs:Y377,X442",3081.514960317883,0,0.1599999964237213,0.009999999776482582,0.06704295426607132,-0.004403335973620415,0.1603121918355572
"san-francisco","nearshore","2026-07-14T18:00:00Z",37.316139221191406,-122.4893569946289,"2026-07-14T18:00:00Z","rtofs:Y377,X443",3106.9898969417986,0,0.4000000059604645,0.019999999552965164,0.006353302858769894,0.020703058689832687,0.40049969382071965
"san-francisco","shelf","2026-07-14T18:00:00Z",37.370079040527344,-123.30140686035156,"2026-07-14T18:00:00Z","rtofs:Y378,X433",2692.0693971116543,0,-0.20999999344348907,0.009999999776482582,0.014542829245328903,-0.06334817409515381,0.2102379538565649
"san-francisco","shelf","2026-07-14T18:00:00Z",37.370079040527344,-123.23894500732422,"2026-07-14T18:00:00Z","rtofs:Y378,X434",3943.9177647887777,0,-0.1899999976158142,0.05000000074505806,0.004374807700514793,0.029097208753228188,0.19646882492781192
"san-francisco","shelf","2026-07-14T18:00:00Z",37.370079040527344,-123.17647552490234,"2026-07-14T18:00:00Z","rtofs:Y378,X434",2825.297684273148,0,-0.1599999964237213,0.05999999865889549,0.004374807700514793,0.029097208753228188,0.1708800710868833
"san-francisco","shelf","2026-07-14T18:00:00Z",37.370079040527344,-123.114013671875,"2026-07-14T18:00:00Z","rtofs:Y378,X435",1989.2278981619274,0,-0.09000000357627869,0.07999999821186066,0.030544932931661606,0.14463958144187927,0.12041594727289191
"san-francisco","shelf","2026-07-14T18:00:00Z",37.370079040527344,-123.05155181884766,"2026-07-14T18:00:00Z","rtofs:Y378,X436",2170.9157570184816,0,-0.07000000029802322,0.12999999523162842,0.05391502380371094,0.18121732771396637,0.1476482265452134
"san-francisco","shelf","2026-07-14T18:00:00Z",37.370079040527344,-122.98908233642578,"2026-07-14T18:00:00Z","rtofs:Y378,X437",3209.6434732003695,0,-0.07000000029802322,0.20000000298023224,0.06256063282489777,0.11052237451076508,0.21189620391554012
"san-francisco","shelf","2026-07-14T18:00:00Z",37.370079040527344,-122.92662048339844,"2026-07-14T18:00:00Z","rtofs:Y378,X437",3515.717507424222,0,-0.05000000074505806,0.1899999976158142,0.06256063282489777,0.11052237451076508,0.19646882492781192
"san-francisco","shelf","2026-07-14T18:00:00Z",37.370079040527344,-122.86415100097656,"2026-07-14T18:00:00Z","rtofs:Y378,X438",2375.0472078021103,0,-0.07000000029802322,0.20000000298023224,0.07455890625715256,0.01875065639615059,0.21189620391554012
"san-francisco","shelf","2026-07-14T18:00:00Z",37.370079040527344,-122.80168914794922,"2026-07-14T18:00:00Z","rtofs:Y378,X439",1923.1696657615282,0,-0.05999999865889549,0.18000000715255737,0.08437366783618927,-0.05006794631481171,0.18973666597152003
"san-francisco","shelf","2026-07-14T18:00:00Z",37.370079040527344,-122.73921966552734,"2026-07-14T18:00:00Z","rtofs:Y378,X440",2563.5429016773755,0,-0.019999999552965164,0.12999999523162842,0.1275486797094345,-0.07842187583446503,0.1315294595987607
"san-francisco","shelf","2026-07-14T18:00:00Z",37.370079040527344,-122.6767578125,"2026-07-14T18:00:00Z","rtofs:Y378,X441",3771.3412518847576,0,0,0.10000000149011612,0.13627758622169495,-0.02884586714208126,0.10000000149011612
"san-francisco","shelf","2026-07-14T18:00:00Z",37.370079040527344,-122.61428833007812,"2026-07-14T18:00:00Z","rtofs:Y378,X441",2974.4391055714977,0,0.07000000029802322,0.05000000074505806,0.13627758622169495,-0.02884586714208126,0.08602325334599394
"san-francisco","shelf","2026-07-14T18:00:00Z",37.370079040527344,-122.55182647705078,"2026-07-14T18:00:00Z","rtofs:Y378,X442",2051.0741256172328,0,0.09000000357627869,0.05000000074505806,0.07610844820737839,0.018057499080896378,0.10295630489793223
"san-francisco","nearshore","2026-07-14T18:00:00Z",37.370079040527344,-122.4893569946289,"2026-07-14T18:00:00Z","rtofs:Y378,X443",2089.093182997537,0,0.23000000417232513,0.019999999552965164,0.01797107793390751,0.016975048929452896,0.2308679317302171
"san-francisco","shelf","2026-07-14T18:00:00Z",37.42401885986328,-123.30140686035156,"2026-07-14T18:00:00Z","rtofs:Y379,X433",2069.3822961263845,0,-0.20999999344348907,0,0.0006102353800088167,-0.05625921115279198,0.20999999344348907
"san-francisco","shelf","2026-07-14T18:00:00Z",37.42401885986328,-123.23894500732422,"2026-07-14T18:00:00Z","rtofs:Y379,X434",3546.347674871507,0,-0.20999999344348907,0.029999999329447746,-0.0028720858972519636,0.03536991775035858,0.21213202777051918
"san-francisco","shelf","2026-07-14T18:00:00Z",37.42401885986328,-123.17647552490234,"2026-07-14T18:00:00Z","rtofs:Y379,X434",2239.7011353156977,0,-0.1899999976158142,0.05000000074505806,-0.0028720858972519636,0.03536991775035858,0.19646882492781192
"san-francisco","shelf","2026-07-14T18:00:00Z",37.42401885986328,-123.114013671875,"2026-07-14T18:00:00Z","rtofs:Y379,X435",998.6422087722104,0,-0.14000000059604645,0.09000000357627869,0.021987875923514366,0.144415944814682,0.1664331722062137
"san-francisco","shelf","2026-07-14T18:00:00Z",37.42401885986328,-123.05155181884766,"2026-07-14T18:00:00Z","rtofs:Y379,X436",1323.6124936385681,0,-0.10999999940395355,0.11999999731779099,0.032564569264650345,0.15979793667793274,0.16278820358103233
"san-francisco","shelf","2026-07-14T18:00:00Z",37.42401885986328,-122.98908233642578,"2026-07-14T18:00:00Z","rtofs:Y379,X437",2707.7910830927813,0,-0.07999999821186066,0.1899999976158142,0.048309799283742905,0.1061379536986351,0.20615527838963307
"san-francisco","shelf","2026-07-14T18:00:00Z",37.42401885986328,-122.92662048339844,"2026-07-14T18:00:00Z","rtofs:Y379,X437",3063.881023278817,0,-0.07999999821186066,0.20999999344348907,0.048309799283742905,0.1061379536986351,0.22472204377889404
"san-francisco","shelf","2026-07-14T18:00:00Z",37.42401885986328,-122.86415100097656,"2026-07-14T18:00:00Z","rtofs:Y379,X438",1636.603385122116,0,-0.05000000074505806,0.17000000178813934,0.10362578183412552,-0.004881329834461212,0.177200453392403
"san-francisco","shelf","2026-07-14T18:00:00Z",37.42401885986328,-122.80168914794922,"2026-07-14T18:00:00Z","rtofs:Y379,X439",859.7935660082884,0,-0.07999999821186066,0.20999999344348907,0.1214851588010788,-0.06876929104328156,0.22472204377889404
"san-francisco","shelf","2026-07-14T18:00:00Z",37.42401885986328,-122.73921966552734,"2026-07-14T18:00:00Z","rtofs:Y379,X440",1899.4513981468997,0,-0.019999999552965164,0.15000000596046448,0.13326020538806915,-0.045043155550956726,0.15132746535331246
"san-francisco","shelf","2026-07-14T18:00:00Z",37.42401885986328,-122.6767578125,"2026-07-14T18:00:00Z","rtofs:Y379,X441",3353.683751977269,0,0.009999999776482582,0.10999999940395355,0.10914009809494019,-0.026475531980395317,0.11045360955803768
"san-francisco","shelf","2026-07-14T18:00:00Z",37.42401885986328,-122.61428833007812,"2026-07-14T18:00:00Z","rtofs:Y379,X441",2424.847916034525,0,0.009999999776482582,0.11999999731779099,0.10914009809494019,-0.026475531980395317,0.12041594309641682
"san-francisco","shelf","2026-07-14T18:00:00Z",37.42401885986328,-122.55182647705078,"2026-07-14T18:00:00Z","rtofs:Y379,X442",1116.5896009249282,0,0.029999999329447746,0.10000000149011612,0.021944507956504822,0.027183664962649345,0.10440306632369613
"san-francisco","shelf","2026-07-14T18:00:00Z",37.42401885986328,-122.4893569946289,"2026-07-14T18:00:00Z","rtofs:Y379,X443",1184.8759701464396,0,0.05000000074505806,0.09000000357627869,-0.009381607174873352,-0.008921177126467228,0.10295630489793223
"san-francisco","shelf","2026-07-14T18:00:00Z",37.47795867919922,-123.30140686035156,"2026-07-14T18:00:00Z","rtofs:Y380,X433",1898.8566766831168,0,-0.1899999976158142,-0.009999999776482582,-0.006283876486122608,-0.043164804577827454,0.19026297351176624
"san-francisco","shelf","2026-07-14T18:00:00Z",37.47795867919922,-123.23894500732422,"2026-07-14T18:00:00Z","rtofs:Y380,X434",3447.735869535009,0,-0.1899999976158142,-0.009999999776482582,-0.019190797582268715,0.05674656108021736,0.19026297351176624
"san-francisco","shelf","2026-07-14T18:00:00Z",37.47795867919922,-123.17647552490234,"2026-07-14T18:00:00Z","rtofs:Y380,X434",2082.88821726798,0,-0.1899999976158142,0.009999999776482582,-0.019190797582268715,0.05674656108021736,0.19026297351176624
"san-francisco","shelf","2026-07-14T18:00:00Z",37.47795867919922,-123.114013671875,"2026-07-14T18:00:00Z","rtofs:Y380,X435",570.7484242899152,0,-0.15000000596046448,0.029999999329447746,-0.01748768612742424,0.1452873945236206,0.1529705911209937
"san-francisco","shelf","2026-07-14T18:00:00Z",37.47795867919922,-123.05155181884766,"2026-07-14T18:00:00Z","rtofs:Y380,X436",1038.861659337301,0,-0.11999999731779099,0.07000000029802322,0.023291325196623802,0.122860848903656,0.13892443772782775
"san-francisco","shelf","2026-07-14T18:00:00Z",37.47795867919922,-122.98908233642578,"2026-07-14T18:00:00Z","rtofs:Y380,X437",2578.887616592688,0,-0.09000000357627869,0.14000000059604645,0.0674547627568245,0.05653151124715805,0.1664331722062137
"san-francisco","shelf","2026-07-14T18:00:00Z",37.47795867919922,-122.92662048339844,"2026-07-14T18:00:00Z","rtofs:Y380,X437",2950.029027931256,0,-0.07999999821186066,0.17000000178813934,0.0674547627568245,0.05653151124715805,0.18788294313711684
"san-francisco","shelf","2026-07-14T18:00:00Z",37.47795867919922,-122.86415100097656,"2026-07-14T18:00:00Z","rtofs:Y380,X438",1415.733216357324,0,-0.09000000357627869,0.20000000298023224,0.096938356757164,-0.018312081694602966,0.2193171261799294
"san-francisco","shelf","2026-07-14T18:00:00Z",37.47795867919922,-122.80168914794922,"2026-07-14T18:00:00Z","rtofs:Y380,X439",260.99294761407634,0,-0.07000000029802322,0.1899999976158142,0.13656111061573029,-0.05084792524576187,0.20248456517900976
"san-francisco","shelf","2026-07-14T18:00:00Z",37.47795867919922,-122.73921966552734,"2026-07-14T18:00:00Z","rtofs:Y380,X440",1712.3922773049505,0,-0.029999999329447746,0.15000000596046448,0.14563201367855072,-0.008404180407524109,0.1529705911209937
"san-francisco","shelf","2026-07-14T18:00:00Z",37.47795867919922,-122.6767578125,"2026-07-14T18:00:00Z","rtofs:Y380,X441",3249.5509186881277,0,0.10999999940395355,0.09000000357627869,0.08462845534086227,-0.02087431401014328,0.1421267058388393
"san-francisco","shelf","2026-07-14T18:00:00Z",37.47795867919922,-122.61428833007812,"2026-07-14T18:00:00Z","rtofs:Y380,X441",2280.503152039166,0,0.07999999821186066,0.10000000149011612,0.08462845534086227,-0.02087431401014328,0.1280624847952004
"san-francisco","shelf","2026-07-14T18:00:00Z",37.47795867919922,-122.55182647705078,"2026-07-14T18:00:00Z","rtofs:Y380,X442",758.18759020796,0,0.03999999910593033,0.10999999940395355,0.018667370080947876,-0.013678882271051407,0.11704699824149362
"san-francisco","shelf","2026-07-14T18:00:00Z",37.531898498535156,-123.30140686035156,"2026-07-14T18:00:00Z","rtofs:Y381,X433",2275.914815535772,0,-0.14000000059604645,0,-0.015928687527775764,-0.003865228034555912,0.14000000059604645
"san-francisco","shelf","2026-07-14T18:00:00Z",37.531898498535156,-123.23894500732422,"2026-07-14T18:00:00Z","rtofs:Y381,X434",3667.151546790584,0,-0.15000000596046448,-0.05000000074505806,-0.02611151710152626,0.07067672163248062,0.15811388889862013
"san-francisco","shelf","2026-07-14T18:00:00Z",37.531898498535156,-123.17647552490234,"2026-07-14T18:00:00Z","rtofs:Y381,X434",2431.3377739843077,0,-0.15000000596046448,-0.009999999776482582,-0.02611151710152626,0.07067672163248062,0.15033296971612395
"san-francisco","shelf","2026-07-14T18:00:00Z",37.531898498535156,-123.114013671875,"2026-07-14T18:00:00Z","rtofs:Y381,X435",1380.2317245792888,0,-0.12999999523162842,-0.009999999776482582,-0.052178166806697845,0.1163276880979538,0.1303840433325837
"san-francisco","shelf","2026-07-14T18:00:00Z",37.531898498535156,-123.05155181884766,"2026-07-14T18:00:00Z","rtofs:Y381,X436",1630.1335293141456,0,-0.10999999940395355,0.03999999910593033,-0.014695927500724792,0.07691175490617752,0.11704699824149362
"san-francisco","shelf","2026-07-14T18:00:00Z",37.531898498535156,-122.98908233642578,"2026-07-14T18:00:00Z","rtofs:Y381,X437",2867.055591303737,0,-0.09000000357627869,0.05999999865889549,0.06336473673582077,0.02335299178957939,0.10816654049565252
"san-francisco","shelf","2026-07-14T18:00:00Z",37.531898498535156,-122.92662048339844,"2026-07-14T18:00:00Z","rtofs:Y381,X437",3204.4957498528547,0,-0.07000000029802322,0.12999999523162842,0.06336473673582077,0.02335299178957939,0.1476482265452134
"san-francisco","shelf","2026-07-14T18:00:00Z",37.531898498535156,-122.86415100097656,"2026-07-14T18:00:00Z","rtofs:Y381,X438",1892.339450979034,0,0.15000000596046448,-0.029999999329447746,0.11886020004749298,-0.016136858612298965,0.1529705911209937
"san-francisco","shelf","2026-07-14T18:00:00Z",37.531898498535156,-122.80168914794922,"2026-07-14T18:00:00Z","rtofs:Y381,X439",1283.6697539745235,0,-0.03999999910593033,0.27000001072883606,0.1461133360862732,0.010909861885011196,0.2729468917611007
"san-francisco","shelf","2026-07-14T18:00:00Z",37.531898498535156,-122.73921966552734,"2026-07-14T18:00:00Z","rtofs:Y381,X440",2123.0819726350883,0,0.019999999552965164,0.17000000178813934,0.12427552789449692,0.021228762343525887,0.17117242940989646
"san-francisco","shelf","2026-07-14T18:00:00Z",37.531898498535156,-122.6767578125,"2026-07-14T18:00:00Z","rtofs:Y381,X441",3481.77897538278,0,0.07999999821186066,0.10000000149011612,0.06059529259800911,-0.006440664641559124,0.1280624847952004
"san-francisco","shelf","2026-07-14T18:00:00Z",37.531898498535156,-122.61428833007812,"2026-07-14T18:00:00Z","rtofs:Y381,X441",2602.3680822401293,0,0.10000000149011612,0.10999999940395355,0.06059529259800911,-0.006440664641559124,0.148660688034507
"san-francisco","shelf","2026-07-14T18:00:00Z",37.531898498535156,-122.55182647705078,"2026-07-14T18:00:00Z","rtofs:Y381,X442",1467.5635679533493,0,0.05999999865889549,0.12999999523162842,0.01363019272685051,-0.051537640392780304,0.143178205741275
"san-francisco","shelf","2026-07-14T18:00:00Z",37.585838317871094,-123.30140686035156,"2026-07-14T18:00:00Z","rtofs:Y382,X433",2994.379765150519,0,-0.09000000357627869,0,-0.052803244441747665,0.040852367877960205,0.09000000357627869
"san-francisco","shelf","2026-07-14T18:00:00Z",37.585838317871094,-123.23894500732422,"2026-07-14T18:00:00Z","rtofs:Y382,X434",4149.880405623035,0,-0.10000000149011612,-0.019999999552965164,-0.07147803902626038,0.08596722036600113,0.10198039164536404
"san-francisco","shelf","2026-07-14T18:00:00Z",37.585838317871094,-123.17647552490234,"2026-07-14T18:00:00Z","rtofs:Y382,X434",3113.964300393967,0,-0.09000000357627869,0,-0.07147803902626038,0.08596722036600113,0.09000000357627869
"san-francisco","shelf","2026-07-14T18:00:00Z",37.585838317871094,-123.114013671875,"2026-07-14T18:00:00Z","rtofs:Y382,X435",2386.7794902293504,0,-0.09000000357627869,0.019999999552965164,-0.08066011965274811,0.112727090716362,0.09219544796707038
"san-francisco","shelf","2026-07-14T18:00:00Z",37.585838317871094,-123.05155181884766,"2026-07-14T18:00:00Z","rtofs:Y382,X436",2539.2573430123994,0,-0.07000000029802322,0.029999999329447746,0.007821518927812576,0.09916676580905914,0.07615773106842218
"san-francisco","shelf","2026-07-14T18:00:00Z",37.585838317871094,-122.98908233642578,"2026-07-14T18:00:00Z","rtofs:Y382,X437",3464.353341650103,0,-0.07000000029802322,0.07999999821186066,0.09117637574672699,0.03203902766108513,0.10630145697788418
"san-francisco","shelf","2026-07-14T18:00:00Z",37.585838317871094,-122.92662048339844,"2026-07-14T18:00:00Z","rtofs:Y382,X437",3747.9733622692625,0,-0.05000000074505806,0.14000000059604645,0.09117637574672699,0.03203902766108513,0.1486606882850971
"san-francisco","shelf","2026-07-14T18:00:00Z",37.585838317871094,-122.86415100097656,"2026-07-14T18:00:00Z","rtofs:Y382,X438",2714.772046805737,0,0.07999999821186066,0.10000000149011612,0.11630192399024963,0.023645753040909767,0.1280624847952004
"san-francisco","shelf","2026-07-14T18:00:00Z",37.585838317871094,-122.80168914794922,"2026-07-14T18:00:00Z","rtofs:Y382,X439",2332.35710551823,0,-0.029999999329447746,0.27000001072883606,0.13092735409736633,0.04577559977769852,0.27166156473328806
"san-francisco","shelf","2026-07-14T18:00:00Z",37.585838317871094,-122.73921966552734,"2026-07-14T18:00:00Z","rtofs:Y382,X440",2880.1141088222876,0,0.05000000074505806,0.1599999964237213,0.12543915212154388,0.04016685113310814,0.16763054295114788
"san-francisco","shelf","2026-07-14T18:00:00Z",37.585838317871094,-122.6767578125,"2026-07-14T18:00:00Z","rtofs:Y382,X441",3987.27698724519,0,0.11999999731779099,0.11999999731779099,0.09521977603435516,0.022022146731615067,0.16970562369155506
"san-francisco","shelf","2026-07-14T18:00:00Z",37.585838317871094,-122.61428833007812,"2026-07-14T18:00:00Z","rtofs:Y382,X441",3249.0513627284954,0,0.17000000178813934,0.11999999731779099,0.09521977603435516,0.022022146731615067,0.20808652038091566
"san-francisco","shelf","2026-07-14T18:00:00Z",37.585838317871094,-122.55182647705078,"2026-07-14T18:00:00Z","rtofs:Y382,X442",2438.24282281347,0,0.18000000715255737,0.12999999523162842,0.03360644727945328,-0.053636759519577026,0.22203603611833853
"san-francisco","shelf","2026-07-14T18:00:00Z",37.63977813720703,-123.30140686035156,"2026-07-14T18:00:00Z","rtofs:Y383,X433",3863.641472283614,0,-0.05999999865889549,0.05999999865889549,-0.08910425007343292,0.06612992286682129,0.08485281184577753
"san-francisco","shelf","2026-07-14T18:00:00Z",37.63977813720703,-123.23894500732422,"2026-07-14T18:00:00Z","rtofs:Y383,X434",4813.5128949594955,0,-0.05999999865889549,0.05000000074505806,-0.07284294068813324,0.10793343186378479,0.07810249620577608
"san-francisco","shelf","2026-07-14T18:00:00Z",37.63977813720703,-123.17647552490234,"2026-07-14T18:00:00Z","rtofs:Y383,X434",3956.897416775208,0,-0.05000000074505806,0.07000000029802322,-0.07284294068813324,0.10793343186378479,0.08602325334599394
"san-francisco","shelf","2026-07-14T18:00:00Z",37.63977813720703,-123.114013671875,"2026-07-14T18:00:00Z","rtofs:Y383,X435",3415.15546627357,0,-0.05999999865889549,0.09000000357627869,-0.016288593411445618,0.11330471932888031,0.10816654049565252
"san-francisco","shelf","2026-07-14T18:00:00Z",37.63977813720703,-123.05155181884766,"2026-07-14T18:00:00Z","rtofs:Y383,X436",3523.2391454194403,0,-0.03999999910593033,0.10000000149011612,0.02987002767622471,0.10360050946474075,0.10770329719417904
"san-francisco","shelf","2026-07-14T18:00:00Z",37.63977813720703,-122.98908233642578,"2026-07-14T18:00:00Z","rtofs:Y383,X437",4237.732088788911,0,-0.05000000074505806,0.11999999731779099,0.0849277675151825,0.06376272439956665,0.12999999781067556
"san-francisco","shelf","2026-07-14T18:00:00Z",37.63977813720703,-122.92662048339844,"2026-07-14T18:00:00Z","rtofs:Y383,X437",4472.215133810117,0,-0.029999999329447746,0.18000000715255737,0.0849277675151825,0.06376272439956665,0.18248288285394762
"san-francisco","shelf","2026-07-14T18:00:00Z",37.63977813720703,-122.86415100097656,"2026-07-14T18:00:00Z","rtofs:Y383,X438",3651.563978492139,0,0.019999999552965164,0.25999999046325684,0.11923623085021973,0.04013930261135101,0.2607680866651674
"san-francisco","shelf","2026-07-14T18:00:00Z",37.63977813720703,-122.80168914794922,"2026-07-14T18:00:00Z","rtofs:Y383,X439",3377.4050894872316,0,0.009999999776482582,0.2800000011920929,0.11970019340515137,0.04755188524723053,0.28017851570579366
"san-francisco","shelf","2026-07-14T18:00:00Z",37.63977813720703,-122.73921966552734,"2026-07-14T18:00:00Z","rtofs:Y383,X440",3775.91457988982,0,0.07000000029802322,0.2199999988079071,0.14160564541816711,0.054529786109924316,0.2308679265666896
"san-francisco","shelf","2026-07-14T18:00:00Z",37.63977813720703,-122.6767578125,"2026-07-14T18:00:00Z","rtofs:Y383,X441",4674.27673589633,0,0.10999999940395355,0.20000000298023224,0.11451160907745361,0.04565669596195221,0.2282542465343475
"san-francisco","shelf","2026-07-14T18:00:00Z",37.63977813720703,-122.61428833007812,"2026-07-14T18:00:00Z","rtofs:Y383,X441",4063.895048143846,0,0.07999999821186066,0.2199999988079071,0.11451160907745361,0.04565669596195221,0.23409399648298723
"san-francisco","shelf","2026-07-14T18:00:00Z",37.63977813720703,-122.55182647705078,"2026-07-14T18:00:00Z","rtofs:Y383,X442",3451.2616628746837,0,0.029999999329447746,0.27000001072883606,0.03834069147706032,-0.043130479753017426,0.27166156473328806
"san-francisco","shelf","2026-07-14T18:00:00Z",37.693721771240234,-123.30140686035156,"2026-07-14T18:00:00Z","rtofs:Y383,X433",3228.6612249289865,0,-0.03999999910593033,0.09000000357627869,-0.08910425007343292,0.06612992286682129,0.09848858092288976
"san-francisco","shelf","2026-07-14T18:00:00Z",37.693721771240234,-123.23894500732422,"2026-07-14T18:00:00Z","rtofs:Y383,X434",4319.773825155076,0,-0.03999999910593033,0.10000000149011612,-0.07284294068813324,0.10793343186378479,0.10770329719417904
"san-francisco","shelf","2026-07-14T18:00:00Z",37.693721771240234,-123.17647552490234,"2026-07-14T18:00:00Z","rtofs:Y383,X434",3339.616020353909,0,-0.03999999910593033,0.10999999940395355,-0.07284294068813324,0.10793343186378479,0.11704699824149362
"san-francisco","shelf","2026-07-14T18:00:00Z",37.693721771240234,-123.114013671875,"2026-07-14T18:00:00Z","rtofs:Y383,X435",2676.2261713685116,0,-0.05999999865889549,0.11999999731779099,-0.016288593411445618,0.11330471932888031,0.13416407565118654
"san-francisco","shelf","2026-07-14T18:00:00Z",37.693721771240234,-123.05155181884766,"2026-07-14T18:00:00Z","rtofs:Y383,X436",2812.7511224121677,0,-0.07000000029802322,0.11999999731779099,0.02987002767622471,0.10360050946474075,0.13892443772782775
"san-francisco","shelf","2026-07-14T18:00:00Z",37.693721771240234,-122.98908233642578,"2026-07-14T18:00:00Z","rtofs:Y383,X437",3667.79214430652,0,-0.07000000029802322,0.14000000059604645,0.0849277675151825,0.06376272439956665,0.15652475909138547
"san-francisco","shelf","2026-07-14T18:00:00Z",37.693721771240234,-122.92662048339844,"2026-07-14T18:00:00Z","rtofs:Y383,X437",3936.184738953116,0,-0.019999999552965164,0.2199999988079071,0.0849277675151825,0.06376272439956665,0.22090721911607536
"san-francisco","shelf","2026-07-14T18:00:00Z",37.693721771240234,-122.86415100097656,"2026-07-14T18:00:00Z","rtofs:Y383,X438",2971.8017009902505,0,-0.019999999552965164,0.3799999952316284,0.11923623085021973,0.04013930261135101,0.3805259470235325
"san-francisco","shelf","2026-07-14T18:00:00Z",37.693721771240234,-122.80168914794922,"2026-07-14T18:00:00Z","rtofs:Y383,X439",2627.9176363726565,0,0.019999999552965164,0.3199999928474426,0.11970019340515137,0.04755188524723053,0.3206243836711144
"san-francisco","shelf","2026-07-14T18:00:00Z",37.693721771240234,-122.73921966552734,"2026-07-14T18:00:00Z","rtofs:Y383,X440",3123.2268128353962,0,0.05999999865889549,0.28999999165534973,0.14160564541816711,0.054529786109924316,0.29614184945591593
"san-francisco","shelf","2026-07-14T18:00:00Z",37.693721771240234,-122.6767578125,"2026-07-14T18:00:00Z","rtofs:Y383,X441",4164.1760673973395,0,0.05999999865889549,0.36000001430511475,0.11451160907745361,0.04565669596195221,0.36496576570789524
"san-francisco","shelf","2026-07-14T18:00:00Z",37.693721771240234,-122.61428833007812,"2026-07-14T18:00:00Z","rtofs:Y383,X441",3465.6337700629033,0,0.05000000074505806,0.4099999964237213,0.11451160907745361,0.04565669596195221,0.4130375251014819
"san-francisco","nearshore","2026-07-14T18:00:00Z",37.693721771240234,-122.55182647705078,"2026-07-14T18:00:00Z","rtofs:Y383,X442",2722.118035712245,0,0.019999999552965164,0.4399999976158142,0.03834069147706032,-0.043130479753017426,0.44045430850887934
"san-francisco","shelf","2026-07-14T18:00:00Z",37.74766159057617,-123.30140686035156,"2026-07-14T18:00:00Z","rtofs:Y384,X433",2457.8141188381865,0,-0.019999999552965164,0.10000000149011612,-0.07221837341785431,0.07812847942113876,0.10198039164536404
"san-francisco","shelf","2026-07-14T18:00:00Z",37.74766159057617,-123.23894500732422,"2026-07-14T18:00:00Z","rtofs:Y384,X434",3776.7741310397164,0,-0.009999999776482582,0.07999999821186066,-0.04860328137874603,0.09153427183628082,0.08062257568093045
"san-francisco","shelf","2026-07-14T18:00:00Z",37.74766159057617,-123.17647552490234,"2026-07-14T18:00:00Z","rtofs:Y384,X434",2601.630262414102,0,-0.029999999329447746,0.07999999821186066,-0.04860328137874603,0.09153427183628082,0.08544003554344165
"san-francisco","shelf","2026-07-14T18:00:00Z",37.74766159057617,-123.114013671875,"2026-07-14T18:00:00Z","rtofs:Y384,X435",1668.5143760166507,0,-0.07999999821186066,0.07000000029802322,0.009205883368849754,0.07870270311832428,0.10630145697788418
"san-francisco","shelf","2026-07-14T18:00:00Z",37.74766159057617,-123.05155181884766,"2026-07-14T18:00:00Z","rtofs:Y384,X436",1879.3982906692122,0,-0.10999999940395355,0.09000000357627869,0.0740552544593811,0.06366883218288422,0.1421267058388393
"san-francisco","shelf","2026-07-14T18:00:00Z",37.74766159057617,-122.98908233642578,"2026-07-14T18:00:00Z","rtofs:Y384,X437",3010.7322531657214,0,-0.09000000357627869,0.09000000357627869,0.10842195898294449,0.08085862547159195,0.1272792256712004
"san-francisco","shelf","2026-07-14T18:00:00Z",37.74766159057617,-122.92662048339844,"2026-07-14T18:00:00Z","rtofs:Y384,X437",3331.986427306392,0,-0.009999999776482582,0.17000000178813934,0.10842195898294449,0.08085862547159195,0.1702938654311923
"san-francisco","shelf","2026-07-14T18:00:00Z",37.74766159057617,-122.86415100097656,"2026-07-14T18:00:00Z","rtofs:Y384,X438",2109.6729578980944,0,-0.029999999329447746,0.4300000071525574,0.11648827791213989,0.03534847870469093,0.4310452483335899
"san-francisco","shelf","2026-07-14T18:00:00Z",37.74766159057617,-122.80168914794922,"2026-07-14T18:00:00Z","rtofs:Y384,X439",1590.0031038443842,0,-0.009999999776482582,0.4000000059604645,0.12008508294820786,0.04788767546415329,0.4001249864278676
"san-francisco","shelf","2026-07-14T18:00:00Z",37.74766159057617,-122.73921966552734,"2026-07-14T18:00:00Z","rtofs:Y384,X440",2317.8009737805273,0,0.03999999910593033,0.3799999952316284,0.12114361673593521,0.0605233870446682,0.38209945865508904
"san-francisco","shelf","2026-07-14T18:00:00Z",37.74766159057617,-122.6767578125,"2026-07-14T18:00:00Z","rtofs:Y384,X441",3598.058654515969,0,0.07999999821186066,0.5199999809265137,0.09660454839468002,0.06740932166576385,0.5261178383950428
"san-francisco","nearshore","2026-07-14T18:00:00Z",37.74766159057617,-122.61428833007812,"2026-07-14T18:00:00Z","rtofs:Y384,X441",2761.287126932457,0,0.14000000059604645,0.5299999713897705,0.09660454839468002,0.06740932166576385,0.5481787754374029
"san-francisco","nearshore","2026-07-14T18:00:00Z",37.74766159057617,-122.55182647705078,"2026-07-14T18:00:00Z","rtofs:Y384,X442",1741.0596396013834,0,0.18000000715255737,0.4699999988079071,0.036771681159734726,-0.0014100680127739906,0.5032891827313135
"san-francisco","shelf","2026-07-14T18:00:00Z",37.80160140991211,-123.30140686035156,"2026-07-14T18:00:00Z","rtofs:Y385,X433",1956.9588943455603,0,0.019999999552965164,0.10000000149011612,-0.02205880731344223,0.065296970307827,0.10198039164536404
"san-francisco","shelf","2026-07-14T18:00:00Z",37.80160140991211,-123.23894500732422,"2026-07-14T18:00:00Z","rtofs:Y385,X434",3469.8472680688733,0,0.009999999776482582,0.07999999821186066,0.0204293392598629,0.0592755451798439,0.08062257568093045
"san-francisco","shelf","2026-07-14T18:00:00Z",37.80160140991211,-123.17647552490234,"2026-07-14T18:00:00Z","rtofs:Y385,X434",2134.51768750347,0,-0.029999999329447746,0.05999999865889549,0.0204293392598629,0.0592755451798439,0.06708203782559327
"san-francisco","shelf","2026-07-14T18:00:00Z",37.80160140991211,-123.114013671875,"2026-07-14T18:00:00Z","rtofs:Y385,X435",760.2204381097231,0,-0.10000000149011612,0.029999999329447746,0.08666849136352539,0.05585817992687225,0.10440306632369613
"san-francisco","shelf","2026-07-14T18:00:00Z",37.80160140991211,-123.05155181884766,"2026-07-14T18:00:00Z","rtofs:Y385,X436",1151.0639094522676,0,-0.11999999731779099,0.019999999552965164,0.12016371637582779,0.05140313878655434,0.12165524788675763
"san-francisco","shelf","2026-07-14T18:00:00Z",37.80160140991211,-122.98908233642578,"2026-07-14T18:00:00Z","rtofs:Y385,X437",2616.975140124346,0,-0.10000000149011612,0.029999999329447746,0.11882501095533371,0.03533874824643135,0.10440306632369613
"san-francisco","shelf","2026-07-14T18:00:00Z",37.80160140991211,-122.92662048339844,"2026-07-14T18:00:00Z","rtofs:Y385,X437",2980.429053380318,0,-0.029999999329447746,0.10000000149011612,0.11882501095533371,0.03533874824643135,0.10440306632369613
"san-francisco","shelf","2026-07-14T18:00:00Z",37.80160140991211,-122.86415100097656,"2026-07-14T18:00:00Z","rtofs:Y385,X438",1497.3562325005728,0,-0.05000000074505806,0.44999998807907104,0.0961185172200203,0.0298148300498724,0.45276924514113137
"san-francisco","nearshore","2026-07-14T18:00:00Z",37.80160140991211,-122.80168914794922,"2026-07-14T18:00:00Z","rtofs:Y385,X439",567.8995032766677,0,-0.029999999329447746,0.4099999964237213,0.040905293077230453,0.04713524878025055,0.411096092206212
"san-francisco","nearshore","2026-07-14T18:00:00Z",37.80160140991211,-122.73921966552734,"2026-07-14T18:00:00Z","rtofs:Y385,X440",1778.228885725648,0,0.029999999329447746,0.3799999952316284,0.015519089996814728,0.03523269295692444,0.3811823662445634
"san-francisco","nearshore","2026-07-14T18:00:00Z",37.80160140991211,-122.6767578125,"2026-07-14T18:00:00Z","rtofs:Y385,X441",3274.741247179174,0,0.18000000715255737,0.5299999713897705,0.04339680075645447,0.04824596270918846,0.5597320539758986
"san-francisco","nearshore","2026-07-14T18:00:00Z",37.80160140991211,-122.61428833007812,"2026-07-14T18:00:00Z","rtofs:Y385,X441",2326.1634887873906,0,0.23999999463558197,0.550000011920929,0.04339680075645447,0.04824596270918846,0.6000833363276316
"san-francisco","nearshore","2026-07-14T18:00:00Z",37.80160140991211,-122.55182647705078,"2026-07-14T18:00:00Z","rtofs:Y385,X442",908.2356007551167,0,0.30000001192092896,0.5799999833106995,0.028631966561079025,0.014945556409657001,0.6529930993455973
"san-francisco","shelf","2026-07-14T18:00:00Z",37.85554122924805,-123.30140686035156,"2026-07-14T18:00:00Z","rtofs:Y386,X433",1937.03381484685,0,0.05000000074505806,0.10000000149011612,0.031002290546894073,0.031621724367141724,0.11180340054098996
"san-francisco","shelf","2026-07-14T18:00:00Z",37.85554122924805,-123.23894500732422,"2026-07-14T18:00:00Z","rtofs:Y386,X434",3456.7658119811445,0,0.07000000029802322,0.07999999821186066,0.07029010355472565,0.027844520285725594,0.10630145697788418
"san-francisco","shelf","2026-07-14T18:00:00Z",37.85554122924805,-123.17647552490234,"2026-07-14T18:00:00Z","rtofs:Y386,X434",2115.992765192519,0,0.03999999910593033,0.05999999865889549,0.07029010355472565,0.027844520285725594,0.07211102389747276
"san-francisco","shelf","2026-07-14T18:00:00Z",37.85554122924805,-123.114013671875,"2026-07-14T18:00:00Z","rtofs:Y386,X435",710.988456411906,0,-0.07999999821186066,0.009999999776482582,0.06394389271736145,0.01593705639243126,0.08062257568093045
"san-francisco","nearshore","2026-07-14T18:00:00Z",37.85554122924805,-123.05155181884766,"2026-07-14T18:00:00Z","rtofs:Y386,X436",1118.6298590942715,0,-0.11999999731779099,-0.009999999776482582,-0.007847249507904053,0.005574531853199005,0.12041594309641682
"san-francisco","nearshore","2026-07-14T18:00:00Z",37.85554122924805,-122.98908233642578,"2026-07-14T18:00:00Z","rtofs:Y386,X437",2601.1886816946153,0,-0.10000000149011612,-0.029999999329447746,-0.07048442214727402,-0.021691804751753807,0.10440306632369613
"san-francisco","nearshore","2026-07-14T18:00:00Z",37.85554122924805,-122.92662048339844,"2026-07-14T18:00:00Z","rtofs:Y386,X437",2966.0334235033415,0,-0.05999999865889549,0.019999999552965164,-0.07048442214727402,-0.021691804751753807,0.06324555178971931
"san-francisco","nearshore","2026-07-14T18:00:00Z",37.85554122924805,-122.86415100097656,"2026-07-14T18:00:00Z","rtofs:Y386,X438",1472.0752952139037,0,-0.05999999865889549,0.09000000357627869,-0.08562581986188889,0.031137673184275627,0.10816654049565252
"san-francisco","nearshore","2026-07-14T18:00:00Z",37.85554122924805,-122.80168914794922,"2026-07-14T18:00:00Z","rtofs:Y386,X439",500.48421039864587,0,-0.03999999910593033,0.2800000011920929,-0.07600526511669159,0.06286919116973877,0.2828427135282902
"san-francisco","nearshore","2026-07-14T18:00:00Z",37.85554122924805,-122.73921966552734,"2026-07-14T18:00:00Z","rtofs:Y386,X440",1756.578696288569,0,-0.009999999776482582,0.1599999964237213,-0.041870713233947754,0.005255491938441992,0.1603121918355572
"san-francisco","nearshore","2026-07-14T18:00:00Z",37.85554122924805,-122.6767578125,"2026-07-14T18:00:00Z","rtofs:Y386,X441",3261.1972046308842,0,0.1899999976158142,0.28999999165534973,-0.011167831718921661,0.009226497262716293,0.3466987081806223
"san-francisco","nearshore","2026-07-14T18:00:00Z",37.85554122924805,-122.61428833007812,"2026-07-14T18:00:00Z","rtofs:Y386,X441",2308.882910720971,0,0.3700000047683716,0.4000000059604645,-0.011167831718921661,0.009226497262716293,0.5448853166465092
"san-francisco","shelf","2026-07-14T18:00:00Z",37.909481048583984,-123.30140686035156,"2026-07-14T18:00:00Z","rtofs:Y387,X433",2402.3956873463867,0,0.11999999731779099,0.12999999523162842,0.02656492032110691,0.005727667361497879,0.17691805480643646
"san-francisco","shelf","2026-07-14T18:00:00Z",37.909481048583984,-123.23894500732422,"2026-07-14T18:00:00Z","rtofs:Y387,X434",3735.7211264226466,0,0.09000000357627869,0.10000000149011612,0.0054563675075769424,0.006868980824947357,0.13453624397073602
"san-francisco","shelf","2026-07-14T18:00:00Z",37.909481048583984,-123.17647552490234,"2026-07-14T18:00:00Z","rtofs:Y387,X434",2548.6620242952677,0,0.019999999552965164,0.10000000149011612,0.0054563675075769424,0.006868980824947357,0.10198039164536404
"san-francisco","nearshore","2026-07-14T18:00:00Z",37.909481048583984,-123.114013671875,"2026-07-14T18:00:00Z","rtofs:Y387,X435",1590.6185626498207,0,-0.019999999552965164,0.07999999821186066,-0.05738777667284012,0.04127464443445206,0.08246211066918137
"san-francisco","nearshore","2026-07-14T18:00:00Z",37.909481048583984,-123.05155181884766,"2026-07-14T18:00:00Z","rtofs:Y387,X436",1809.616177284578,0,-0.05999999865889549,0.05999999865889549,-0.12300294637680054,0.051676150411367416,0.08485281184577753
"san-francisco","nearshore","2026-07-14T18:00:00Z",37.909481048583984,-122.98908233642578,"2026-07-14T18:00:00Z","rtofs:Y387,X437",2963.2413327365375,0,-0.11999999731779099,0.009999999776482582,-0.1281415969133377,-0.02458556927740574,0.12041594309641682
"san-francisco","nearshore","2026-07-14T18:00:00Z",37.909481048583984,-122.92662048339844,"2026-07-14T18:00:00Z","rtofs:Y387,X437",3287.665438259758,0,-0.10000000149011612,-0.05000000074505806,-0.1281415969133377,-0.02458556927740574,0.11180340054098996
"san-francisco","nearshore","2026-07-14T18:00:00Z",37.909481048583984,-122.86415100097656,"2026-07-14T18:00:00Z","rtofs:Y387,X438",2046.6873026189855,0,-0.10000000149011612,0.009999999776482582,-0.09040510654449463,0.018023673444986343,0.10049875767168905
"san-francisco","nearshore","2026-07-14T18:00:00Z",37.909481048583984,-122.80168914794922,"2026-07-14T18:00:00Z","rtofs:Y387,X439",1508.4602798575825,0,-0.10999999940395355,-0.029999999329447746,-0.03695620968937874,0.04304180294275284,0.11401754175843577
"san-francisco","shelf","2026-07-14T18:00:00Z",37.96342086791992,-123.30140686035156,"2026-07-14T18:00:00Z","rtofs:Y388,X433",3138.6323854656007,0,0.09000000357627869,0.14000000059604645,0.017071906477212906,-0.006001388654112816,0.1664331722062137
"san-francisco","shelf","2026-07-14T18:00:00Z",37.96342086791992,-123.23894500732422,"2026-07-14T18:00:00Z","rtofs:Y388,X434",4245.244055655699,0,0.05000000074505806,0.12999999523162842,0.013695111498236656,0.01739242859184742,0.13928387858876282
"san-francisco","shelf","2026-07-14T18:00:00Z",37.96342086791992,-123.17647552490234,"2026-07-14T18:00:00Z","rtofs:Y388,X434",3251.7739685421802,0,0.009999999776482582,0.12999999523162842,0.013695111498236656,0.01739242859184742,0.1303840433325837
"san-francisco","nearshore","2026-07-14T18:00:00Z",37.96342086791992,-123.114013671875,"2026-07-14T18:00:00Z","rtofs:Y388,X435",2571.912470819552,0,-0.009999999776482582,0.12999999523162842,0.004530010279268026,0.10346855968236923,0.1303840433325837
"san-francisco","nearshore","2026-07-14T18:00:00Z",37.96342086791992,-123.05155181884766,"2026-07-14T18:00:00Z","rtofs:Y388,X436",2712.5987717006255,0,-0.009999999776482582,0.15000000596046448,-0.002714509144425392,0.13327713310718536,0.15033296971612395
"san-francisco","shelf","2026-07-14T18:00:00Z",38.01736068725586,-123.30140686035156,"2026-07-14T18:00:00Z","rtofs:Y388,X433",3952.0296337769482,0,0.05999999865889549,0.10999999940395355,0.017071906477212906,-0.006001388654112816,0.1252996396959594
"san-francisco","shelf","2026-07-14T18:00:00Z",38.01736068725586,-123.23894500732422,"2026-07-14T18:00:00Z","rtofs:Y388,X434",4876.844934920424,0,0.029999999329447746,0.11999999731779099,0.013695111498236656,0.01739242859184742,0.12369316600377205
"san-francisco","shelf","2026-07-14T18:00:00Z",38.01736068725586,-123.17647552490234,"2026-07-14T18:00:00Z","rtofs:Y388,X434",4042.403680364355,0,0.029999999329447746,0.12999999523162842,0.013695111498236656,0.01739242859184742,0.133416635844224
"san-francisco","nearshore","2026-07-14T18:00:00Z",38.01736068725586,-123.114013671875,"2026-07-14T18:00:00Z","rtofs:Y388,X435",3519.1813422173636,0,0.029999999329447746,0.1599999964237213,0.004530010279268026,0.10346855968236923,0.1627882023223971
"san-francisco","nearshore","2026-07-14T18:00:00Z",38.01736068725586,-123.05155181884766,"2026-07-14T18:00:00Z","rtofs:Y388,X436",3623.1959972234504,0,0.03999999910593033,0.17000000178813934,-0.002714509144425392,0.13327713310718536,0.1746424935015582
"san-francisco","shelf","2026-07-14T18:00:00Z",38.0713005065918,-123.30140686035156,"2026-07-14T18:00:00Z","rtofs:Y389,X433",3098.6547818580248,0,0.009999999776482582,0.05000000074505806,0.01705109514296055,-0.004961805418133736,0.05099019582268202
"san-francisco","shelf","2026-07-14T18:00:00Z",38.0713005065918,-123.23894500732422,"2026-07-14T18:00:00Z","rtofs:Y389,X434",4213.515517303576,0,0.019999999552965164,0.10000000149011612,0.028413288295269012,0.03497065603733063,0.10198039164536404
"san-francisco","shelf","2026-07-14T18:00:00Z",38.0713005065918,-123.17647552490234,"2026-07-14T18:00:00Z","rtofs:Y389,X434",3212.9422764028086,0,0.03999999910593033,0.11999999731779099,0.028413288295269012,0.03497065603733063,0.12649110357943863
"san-francisco","nearshore","2026-07-14T18:00:00Z",38.0713005065918,-123.114013671875,"2026-07-14T18:00:00Z","rtofs:Y389,X435",2524.464296217892,0,0.03999999910593033,0.14000000059604645,0.024335045367479324,0.12334862351417542,0.1456021981131035
"san-francisco","nearshore","2026-07-14T18:00:00Z",38.0713005065918,-123.05155181884766,"2026-07-14T18:00:00Z","rtofs:Y389,X436",2667.329496086101,0,0.03999999910593033,0.15000000596046448,0.006509858183562756,0.14838871359825134,0.15524175249144095
"san-francisco","shelf","2026-07-14T18:00:00Z",38.125240325927734,-123.30140686035156,"2026-07-14T18:00:00Z","rtofs:Y390,X433",2375.953252844315,0,-0.019999999552965164,0.019999999552965164,0.011559519916772842,-0.001792624592781067,0.028284270615259174
"san-francisco","shelf","2026-07-14T18:00:00Z",38.125240325927734,-123.23894500732422,"2026-07-14T18:00:00Z","rtofs:Y390,X434",3712.704996214332,0,0.009999999776482582,0.10000000149011612,0.02204326167702675,0.05717974901199341,0.10049875767168905
"san-francisco","shelf","2026-07-14T18:00:00Z",38.125240325927734,-123.17647552490234,"2026-07-14T18:00:00Z","rtofs:Y390,X434",2522.962103117173,0,0.029999999329447746,0.12999999523162842,0.02204326167702675,0.05717974901199341,0.133416635844224
"san-francisco","nearshore","2026-07-14T18:00:00Z",38.125240325927734,-123.114013671875,"2026-07-14T18:00:00Z","rtofs:Y390,X435",1556.1400752946097,0,0.07000000029802322,0.14000000059604645,0.021633662283420563,0.14406029880046844,0.15652475909138547
"san-francisco","nearshore","2026-07-14T18:00:00Z",38.125240325927734,-123.05155181884766,"2026-07-14T18:00:00Z","rtofs:Y390,X436",1778.2331984447715,0,0.05000000074505806,0.11999999731779099,0.007549087516963482,0.15638697147369385,0.12999999781067556
"san-francisco","shelf","2026-07-14T18:00:00Z",38.17918014526367,-123.30140686035156,"2026-07-14T18:00:00Z","rtofs:Y391,X433",1926.1081442243506,0,-0.009999999776482582,0.029999999329447746,-0.02156776189804077,-0.002919064834713936,0.03162277589485966
"san-francisco","shelf","2026-07-14T18:00:00Z",38.17918014526367,-123.23894500732422,"2026-07-14T18:00:00Z","rtofs:Y391,X434",3440.3326883030113,0,0.019999999552965164,0.11999999731779099,-0.021196575835347176,0.08778376877307892,0.12165524788675763
"san-francisco","shelf","2026-07-14T18:00:00Z",38.17918014526367,-123.17647552490234,"2026-07-14T18:00:00Z","rtofs:Y391,X434",2104.5008200567518,0,0.05999999865889549,0.1599999964237213,-0.021196575835347176,0.08778376877307892,0.1708800710868833
"san-francisco","nearshore","2026-07-14T18:00:00Z",38.17918014526367,-123.114013671875,"2026-07-14T18:00:00Z","rtofs:Y391,X435",701.0496651077676,0,0.05000000074505806,0.15000000596046448,-0.01660330221056938,0.17078135907649994,0.15811388889862013
"san-francisco","nearshore","2026-07-14T18:00:00Z",38.17918014526367,-123.05155181884766,"2026-07-14T18:00:00Z","rtofs:Y391,X436",1109.426259502976,0,0,0.12999999523162842,-0.009708639234304428,0.1363215148448944,0.12999999523162842
"san-francisco","shelf","2026-07-14T18:00:00Z",38.23311996459961,-123.30140686035156,"2026-07-14T18:00:00Z","rtofs:Y392,X433",1939.5746801660005,0,0.019999999552965164,0.03999999910593033,-0.06640124320983887,0.009548845700919628,0.04472135855039552
"san-francisco","shelf","2026-07-14T18:00:00Z",38.23311996459961,-123.23894500732422,"2026-07-14T18:00:00Z","rtofs:Y392,X434",3446.0003037643482,0,0.05000000074505806,0.14000000059604645,-0.07920775562524796,0.1270519196987152,0.1486606882850971
"san-francisco","nearshore","2026-07-14T18:00:00Z",38.23311996459961,-123.17647552490234,"2026-07-14T18:00:00Z","rtofs:Y392,X434",2116.560475911167,0,0.05000000074505806,0.1599999964237213,-0.07920775562524796,0.1270519196987152,0.16763054295114788
"san-francisco","nearshore","2026-07-14T18:00:00Z",38.23311996459961,-123.114013671875,"2026-07-14T18:00:00Z","rtofs:Y392,X435",740.7347903969477,0,0.03999999910593033,0.1599999964237213,-0.07833176851272583,0.184098020195961,0.16492422133836274
"san-francisco","nearshore","2026-07-14T18:00:00Z",38.23311996459961,-123.05155181884766,"2026-07-14T18:00:00Z","rtofs:Y392,X436",1134.3979131703184,0,0.05000000074505806,0.15000000596046448,-0.03997710719704628,0.057640232145786285,0.15811388889862013
"san-francisco","shelf","2026-07-14T18:00:00Z",38.28705978393555,-123.30140686035156,"2026-07-14T18:00:00Z","rtofs:Y393,X433",2400.9855781176516,0,0.029999999329447746,0.07999999821186066,-0.08641980588436127,0.04056443274021149,0.08544003554344165
"san-francisco","shelf","2026-07-14T18:00:00Z",38.28705978393555,-123.23894500732422,"2026-07-14T18:00:00Z","rtofs:Y393,X434",3723.5293884527096,0,0,0.17000000178813934,-0.08887547254562378,0.13866466283798218,0.17000000178813934
"san-francisco","nearshore","2026-07-14T18:00:00Z",38.28705978393555,-123.17647552490234,"2026-07-14T18:00:00Z","rtofs:Y393,X434",2545.8706169197553,0,-0.009999999776482582,0.20000000298023224,-0.08887547254562378,0.13866466283798218,0.20024984691035982
"san-francisco","nearshore","2026-07-14T18:00:00Z",38.28705978393555,-123.114013671875,"2026-07-14T18:00:00Z","rtofs:Y393,X435",1598.9465543463589,0,0,0.17000000178813934,-0.03796761855483055,0.13278932869434357,0.17000000178813934
"san-francisco","shelf","2026-07-15T00:00:00Z",37.20825958251953,-123.30140686035156,"2026-07-15T00:00:00Z","rtofs:Y376,X433",2697.3388647485094,0,-0.15000000596046448,-0.07999999821186066,-0.0017520037945359945,-0.18320408463478088,0.17000000441775606
"san-francisco","shelf","2026-07-15T00:00:00Z",37.20825958251953,-123.23894500732422,"2026-07-15T00:00:00Z","rtofs:Y376,X434",3951.5653296348237,0,-0.15000000596046448,-0.05000000074505806,0.006385168991982937,-0.03733062744140625,0.15811388889862013
"san-francisco","shelf","2026-07-15T00:00:00Z",37.20825958251953,-123.17647552490234,"2026-07-15T00:00:00Z","rtofs:Y376,X434",2830.81900609734,0,-0.1899999976158142,-0.029999999329447746,0.006385168991982937,-0.03733062744140625,0.19235383815712198
"san-francisco","shelf","2026-07-15T00:00:00Z",37.20825958251953,-123.114013671875,"2026-07-15T00:00:00Z","rtofs:Y376,X435",1993.178374601432,0,-0.20000000298023224,-0.03999999910593033,0.02883453667163849,0.01497684232890606,0.2039607832907281
"san-francisco","shelf","2026-07-15T00:00:00Z",37.20825958251953,-123.05155181884766,"2026-07-15T00:00:00Z","rtofs:Y376,X436",2175.2051737596553,0,-0.1899999976158142,-0.07999999821186066,0.03593273088335991,-0.031924184411764145,0.20615527838963307
"san-francisco","shelf","2026-07-15T00:00:00Z",37.20825958251953,-122.98908233642578,"2026-07-15T00:00:00Z","rtofs:Y376,X437",3215.8933869443604,0,-0.1599999964237213,-0.14000000059604645,0.016573335975408554,-0.0956035852432251,0.21260291395576836
"san-francisco","shelf","2026-07-15T00:00:00Z",37.20825958251953,-122.92662048339844,"2026-07-15T00:00:00Z","rtofs:Y376,X437",3522.5492840946768,0,-0.12999999523162842,-0.1899999976158142,0.016573335975408554,-0.0956035852432251,0.2302172840041182
"san-francisco","shelf","2026-07-15T00:00:00Z",37.20825958251953,-122.86415100097656,"2026-07-15T00:00:00Z","rtofs:Y376,X438",2379.7193428623336,0,-0.09000000357627869,-0.20000000298023224,0.0038307420909404755,-0.13916343450546265,0.2193171261799294
"san-francisco","shelf","2026-07-15T00:00:00Z",37.20825958251953,-122.80168914794922,"2026-07-15T00:00:00Z","rtofs:Y376,X439",1926.9973999436404,0,-0.05000000074505806,-0.2199999988079071,-0.008964437991380692,-0.2201116681098938,0.2256102824562412
"san-francisco","shelf","2026-07-15T00:00:00Z",37.20825958251953,-122.73921966552734,"2026-07-15T00:00:00Z","rtofs:Y376,X440",2568.569832417033,0,-0.019999999552965164,-0.2199999988079071,-0.02644049935042858,-0.28303492069244385,0.22090721911607536
"san-francisco","shelf","2026-07-15T00:00:00Z",37.20825958251953,-122.6767578125,"2026-07-15T00:00:00Z","rtofs:Y376,X441",3778.6598218127283,0,0.03999999910593033,-0.25999999046325684,-0.01967490091919899,-0.2937256097793579,0.2630589191975214
"san-francisco","shelf","2026-07-15T00:00:00Z",37.20825958251953,-122.61428833007812,"2026-07-15T00:00:00Z","rtofs:Y376,X441",2980.242826585728,0,0.09000000357627869,-0.27000001072883606,-0.01967490091919899,-0.2937256097793579,0.28460500072434036
"san-francisco","nearshore","2026-07-15T00:00:00Z",37.20825958251953,-122.55182647705078,"2026-07-15T00:00:00Z","rtofs:Y376,X442",2055.1397686807168,0,0.11999999731779099,-0.18000000715255737,-0.0037808879278600216,-0.22777771949768066,0.21633308099130505
"san-francisco","nearshore","2026-07-15T00:00:00Z",37.20825958251953,-122.4893569946289,"2026-07-15T00:00:00Z","rtofs:Y376,X443",2093.229733801782,0,0.23000000417232513,-0.03999999910593033,-0.002286961767822504,-0.08711003512144089,0.23345235455600785
"san-francisco","shelf","2026-07-15T00:00:00Z",37.26219940185547,-123.30140686035156,"2026-07-15T00:00:00Z","rtofs:Y377,X433",3549.5582117697086,0,-0.15000000596046448,-0.10000000149011612,0.01262122392654419,-0.18335020542144775,0.1802775695591734
"san-francisco","shelf","2026-07-15T00:00:00Z",37.26219940185547,-123.23894500732422,"2026-07-15T00:00:00Z","rtofs:Y377,X434",4574.449690638424,0,-0.17000000178813934,-0.03999999910593033,0.011954013258218765,-0.05010932311415672,0.1746424935015582
"san-francisco","shelf","2026-07-15T00:00:00Z",37.26219940185547,-123.17647552490234,"2026-07-15T00:00:00Z","rtofs:Y377,X434",3651.86418561007,0,-0.18000000715255737,-0.009999999776482582,0.011954013258218765,-0.05010932311415672,0.1802775709023459
"san-francisco","shelf","2026-07-15T00:00:00Z",37.26219940185547,-123.114013671875,"2026-07-15T00:00:00Z","rtofs:Y377,X435",3049.8585960121286,0,-0.17000000178813934,-0.07000000029802322,0.03969911113381386,0.03661181032657623,0.1838477648754279
"san-francisco","shelf","2026-07-15T00:00:00Z",37.26219940185547,-123.05155181884766,"2026-07-15T00:00:00Z","rtofs:Y377,X436",3171.6260308266874,0,-0.17000000178813934,-0.10999999940395355,0.045990534126758575,-0.011835210025310516,0.2024845684906313
"san-francisco","shelf","2026-07-15T00:00:00Z",37.26219940185547,-122.98908233642578,"2026-07-15T00:00:00Z","rtofs:Y377,X437",3957.387375638329,0,-0.15000000596046448,-0.15000000596046448,0.03582945466041565,-0.08089159429073334,0.21213204278533399
"san-francisco","shelf","2026-07-15T00:00:00Z",37.26219940185547,-122.92662048339844,"2026-07-15T00:00:00Z","rtofs:Y377,X437",4209.997087255292,0,-0.09000000357627869,-0.20999999344348907,0.03582945466041565,-0.08089159429073334,0.2284731885582981
"san-francisco","shelf","2026-07-15T00:00:00Z",37.26219940185547,-122.86415100097656,"2026-07-15T00:00:00Z","rtofs:Y377,X438",3315.012145441805,0,-0.03999999910593033,-0.2199999988079071,0.03913355618715286,-0.13747629523277283,0.2236067964171786
"san-francisco","shelf","2026-07-15T00:00:00Z",37.26219940185547,-122.80168914794922,"2026-07-15T00:00:00Z","rtofs:Y377,X439",3007.091785003914,0,0.009999999776482582,-0.2199999988079071,0.014867294579744339,-0.2248956859111786,0.22022715425443967
"san-francisco","shelf","2026-07-15T00:00:00Z",37.26219940185547,-122.73921966552734,"2026-07-15T00:00:00Z","rtofs:Y377,X440",3452.8734431591915,0,0.05000000074505806,-0.23999999463558197,-0.005102586001157761,-0.27096158266067505,0.2451530083429228
"san-francisco","shelf","2026-07-15T00:00:00Z",37.26219940185547,-122.6767578125,"2026-07-15T00:00:00Z","rtofs:Y377,X441",4426.180736017494,0,0.09000000357627869,-0.23999999463558197,0.008905620314180851,-0.294503778219223,0.2563201085923802
"san-francisco","shelf","2026-07-15T00:00:00Z",37.26219940185547,-122.61428833007812,"2026-07-15T00:00:00Z","rtofs:Y377,X441",3768.6959215348293,0,0.07999999821186066,-0.23000000417232513,0.008905620314180851,-0.294503778219223,0.2435159165910255
"san-francisco","nearshore","2026-07-15T00:00:00Z",37.26219940185547,-122.55182647705078,"2026-07-15T00:00:00Z","rtofs:Y377,X442",3090.644868707531,0,0.029999999329447746,-0.18000000715255737,0.018256545066833496,-0.2132769227027893,0.18248288285394762
"san-francisco","nearshore","2026-07-15T00:00:00Z",37.26219940185547,-122.4893569946289,"2026-07-15T00:00:00Z","rtofs:Y377,X443",3116.0633070806184,0,0.12999999523162842,-0.09000000357627869,0.007707851938903332,-0.08416769653558731,0.15811388112355468
"san-francisco","shelf","2026-07-15T00:00:00Z",37.316139221191406,-123.30140686035156,"2026-07-15T00:00:00Z","rtofs:Y377,X433",3541.303213600224,0,-0.17000000178813934,-0.10999999940395355,0.01262122392654419,-0.18335020542144775,0.2024845684906313
"san-francisco","shelf","2026-07-15T00:00:00Z",37.316139221191406,-123.23894500732422,"2026-07-15T00:00:00Z","rtofs:Y377,X434",4567.394009258163,0,-0.18000000715255737,-0.09000000357627869,0.011954013258218765,-0.05010932311415672,0.20124612597178332
"san-francisco","shelf","2026-07-15T00:00:00Z",37.316139221191406,-123.17647552490234,"2026-07-15T00:00:00Z","rtofs:Y377,X434",3643.768516281747,0,-0.17000000178813934,-0.10000000149011612,0.011954013258218765,-0.05010932311415672,0.19723083152993756
"san-francisco","shelf","2026-07-15T00:00:00Z",37.316139221191406,-123.114013671875,"2026-07-15T00:00:00Z","rtofs:Y377,X435",3040.635736573913,0,-0.1599999964237213,-0.12999999523162842,0.03969911113381386,0.03661181032657623,0.20615527549838314
"san-francisco","shelf","2026-07-15T00:00:00Z",37.316139221191406,-123.05155181884766,"2026-07-15T00:00:00Z","rtofs:Y377,X436",3162.672445891274,0,-0.15000000596046448,-0.15000000596046448,0.045990534126758575,-0.011835210025310516,0.21213204278533399
"san-francisco","shelf","2026-07-15T00:00:00Z",37.316139221191406,-122.98908233642578,"2026-07-15T00:00:00Z","rtofs:Y377,X437",3949.7070485674344,0,-0.11999999731779099,-0.18000000715255737,0.03582945466041565,-0.08089159429073334,0.21633308099130505
"san-francisco","shelf","2026-07-15T00:00:00Z",37.316139221191406,-122.92662048339844,"2026-07-15T00:00:00Z","rtofs:Y377,X437",4202.6025108883705,0,-0.05999999865889549,-0.23000000417232513,0.03582945466041565,-0.08089159429073334,0.237697290178784
"san-francisco","shelf","2026-07-15T00:00:00Z",37.316139221191406,-122.86415100097656,"2026-07-15T00:00:00Z","rtofs:Y377,X438",3306.3460654711607,0,-0.029999999329447746,-0.23999999463558197,0.03913355618715286,-0.13747629523277283,0.24186772704279136
"san-francisco","shelf","2026-07-15T00:00:00Z",37.316139221191406,-122.80168914794922,"2026-07-15T00:00:00Z","rtofs:Y377,X439",2997.7683141958137,0,0,-0.2199999988079071,0.014867294579744339,-0.2248956859111786,0.2199999988079071
"san-francisco","shelf","2026-07-15T00:00:00Z",37.316139221191406,-122.73921966552734,"2026-07-15T00:00:00Z","rtofs:Y377,X440",3444.457163408318,0,0.05999999865889549,-0.23999999463558197,-0.005102586001157761,-0.27096158266067505,0.2473863320075441
"san-francisco","shelf","2026-07-15T00:00:00Z",37.316139221191406,-122.6767578125,"2026-07-15T00:00:00Z","rtofs:Y377,X441",4418.996530288414,0,0.07000000029802322,-0.25999999046325684,0.008905620314180851,-0.294503778219223,0.2692582312253739
"san-francisco","shelf","2026-07-15T00:00:00Z",37.316139221191406,-122.61428833007812,"2026-07-15T00:00:00Z","rtofs:Y377,X441",3760.7691533835523,0,0.019999999552965164,-0.2199999988079071,0.008905620314180851,-0.294503778219223,0.22090721911607536
"san-francisco","nearshore","2026-07-15T00:00:00Z",37.316139221191406,-122.55182647705078,"2026-07-15T00:00:00Z","rtofs:Y377,X442",3081.514960317883,0,-0.05999999865889549,-0.20999999344348907,0.018256545066833496,-0.2132769227027893,0.21840329000574354
"san-francisco","nearshore","2026-07-15T00:00:00Z",37.316139221191406,-122.4893569946289,"2026-07-15T00:00:00Z","rtofs:Y377,X443",3106.9898969417986,0,-0.14000000059604645,-0.1599999964237213,0.007707851938903332,-0.08416769653558731,0.21260291395576836
"san-francisco","shelf","2026-07-15T00:00:00Z",37.370079040527344,-123.30140686035156,"2026-07-15T00:00:00Z","rtofs:Y378,X433",2692.0693971116543,0,-0.17000000178813934,-0.14000000059604645,0.03543621674180031,-0.18603995442390442,0.2202271572146823
"san-francisco","shelf","2026-07-15T00:00:00Z",37.370079040527344,-123.23894500732422,"2026-07-15T00:00:00Z","rtofs:Y378,X434",3943.9177647887777,0,-0.18000000715255737,-0.1599999964237213,0.026973873376846313,-0.06572890281677246,0.24083189454578383
"san-francisco","shelf","2026-07-15T00:00:00Z",37.370079040527344,-123.17647552490234,"2026-07-15T00:00:00Z","rtofs:Y378,X434",2825.297684273148,0,-0.17000000178813934,-0.1599999964237213,0.026973873376846313,-0.06572890281677246,0.233452349449643
"san-francisco","shelf","2026-07-15T00:00:00Z",37.370079040527344,-123.114013671875,"2026-07-15T00:00:00Z","rtofs:Y378,X435",1989.2278981619274,0,-0.1599999964237213,-0.17000000178813934,0.035701267421245575,0.03395865485072136,0.233452349449643
"san-francisco","shelf","2026-07-15T00:00:00Z",37.370079040527344,-123.05155181884766,"2026-07-15T00:00:00Z","rtofs:Y378,X436",2170.9157570184816,0,-0.14000000059604645,-0.18000000715255737,0.03765518218278885,-0.006381027400493622,0.22803509103165176
"san-francisco","shelf","2026-07-15T00:00:00Z",37.370079040527344,-122.98908233642578,"2026-07-15T00:00:00Z","rtofs:Y378,X437",3209.6434732003695,0,-0.10000000149011612,-0.1899999976158142,0.05576961115002632,-0.0738898515701294,0.2147091041200457
"san-francisco","shelf","2026-07-15T00:00:00Z",37.370079040527344,-122.92662048339844,"2026-07-15T00:00:00Z","rtofs:Y378,X437",3515.717507424222,0,-0.07999999821186066,-0.20000000298023224,0.05576961115002632,-0.0738898515701294,0.21540659438835807
"san-francisco","shelf","2026-07-15T00:00:00Z",37.370079040527344,-122.86415100097656,"2026-07-15T00:00:00Z","rtofs:Y378,X438",2375.0472078021103,0,-0.009999999776482582,-0.25999999046325684,0.07824627310037613,-0.14670351147651672,0.2601922270868661
"san-francisco","shelf","2026-07-15T00:00:00Z",37.370079040527344,-122.80168914794922,"2026-07-15T00:00:00Z","rtofs:Y378,X439",1923.1696657615282,0,0.009999999776482582,-0.27000001072883606,0.048376064747571945,-0.22577959299087524,0.2701851324353382
"san-francisco","shelf","2026-07-15T00:00:00Z",37.370079040527344,-122.73921966552734,"2026-07-15T00:00:00Z","rtofs:Y378,X440",2563.5429016773755,0,0.009999999776482582,-0.25999999046325684,0.004059312399476767,-0.2620396018028259,0.2601922270868661
"san-francisco","shelf","2026-07-15T00:00:00Z",37.370079040527344,-122.6767578125,"2026-07-15T00:00:00Z","rtofs:Y378,X441",3771.3412518847576,0,0.009999999776482582,-0.25999999046325684,0.02270302176475525,-0.27118420600891113,0.2601922270868661
"san-francisco","shelf","2026-07-15T00:00:00Z",37.370079040527344,-122.61428833007812,"2026-07-15T00:00:00Z","rtofs:Y378,X441",2974.4391055714977,0,-0.03999999910593033,-0.2199999988079071,0.02270302176475525,-0.27118420600891113,0.2236067964171786
"san-francisco","shelf","2026-07-15T00:00:00Z",37.370079040527344,-122.55182647705078,"2026-07-15T00:00:00Z","rtofs:Y378,X442",2051.0741256172328,0,-0.15000000596046448,-0.17000000178813934,0.038714151829481125,-0.17356383800506592,0.22671568625947955
"san-francisco","nearshore","2026-07-15T00:00:00Z",37.370079040527344,-122.4893569946289,"2026-07-15T00:00:00Z","rtofs:Y378,X443",2089.093182997537,0,-0.3400000035762787,-0.15000000596046448,0.011593210510909557,-0.07341553270816803,0.3716180891991251
"san-francisco","shelf","2026-07-15T00:00:00Z",37.42401885986328,-123.30140686035156,"2026-07-15T00:00:00Z","rtofs:Y379,X433",2069.3822961263845,0,-0.14000000059604645,-0.17000000178813934,0.05380983650684357,-0.17298895120620728,0.2202271572146823
"san-francisco","shelf","2026-07-15T00:00:00Z",37.42401885986328,-123.23894500732422,"2026-07-15T00:00:00Z","rtofs:Y379,X434",3546.347674871507,0,-0.15000000596046448,-0.20000000298023224,0.03602951020002365,-0.07175705581903458,0.2500000059604645
"san-francisco","shelf","2026-07-15T00:00:00Z",37.42401885986328,-123.17647552490234,"2026-07-15T00:00:00Z","rtofs:Y379,X434",2239.7011353156977,0,-0.15000000596046448,-0.20999999344348907,0.03602951020002365,-0.07175705581903458,0.2580697561404761
"san-francisco","shelf","2026-07-15T00:00:00Z",37.42401885986328,-123.114013671875,"2026-07-15T00:00:00Z","rtofs:Y379,X435",998.6422087722104,0,-0.12999999523162842,-0.23999999463558197,0.022787656635046005,0.013727884739637375,0.2729468742911389
"san-francisco","shelf","2026-07-15T00:00:00Z",37.42401885986328,-123.05155181884766,"2026-07-15T00:00:00Z","rtofs:Y379,X436",1323.6124936385681,0,-0.10999999940395355,-0.2199999988079071,0.022817032411694527,-0.004329327493906021,0.24596747619217652
"san-francisco","shelf","2026-07-15T00:00:00Z",37.42401885986328,-122.98908233642578,"2026-07-15T00:00:00Z","rtofs:Y379,X437",2707.7910830927813,0,-0.07000000029802322,-0.2199999988079071,0.05685015767812729,-0.08151951432228088,0.2308679265666896
"san-francisco","shelf","2026-07-15T00:00:00Z",37.42401885986328,-122.92662048339844,"2026-07-15T00:00:00Z","rtofs:Y379,X437",3063.881023278817,0,-0.05000000074505806,-0.1899999976158142,0.05685015767812729,-0.08151951432228088,0.19646882492781192
"san-francisco","shelf","2026-07-15T00:00:00Z",37.42401885986328,-122.86415100097656,"2026-07-15T00:00:00Z","rtofs:Y379,X438",1636.603385122116,0,-0.009999999776482582,-0.23999999463558197,0.08385719358921051,-0.1410677433013916,0.24020823762021365
"san-francisco","shelf","2026-07-15T00:00:00Z",37.42401885986328,-122.80168914794922,"2026-07-15T00:00:00Z","rtofs:Y379,X439",859.7935660082884,0,0.019999999552965164,-0.3100000023841858,0.04845008626580238,-0.2133169174194336,0.31064449369063957
"san-francisco","shelf","2026-07-15T00:00:00Z",37.42401885986328,-122.73921966552734,"2026-07-15T00:00:00Z","rtofs:Y379,X440",1899.4513981468997,0,0.009999999776482582,-0.28999999165534973,0.00610912311822176,-0.2558738589286804,0.2901723542235417
"san-francisco","shelf","2026-07-15T00:00:00Z",37.42401885986328,-122.6767578125,"2026-07-15T00:00:00Z","rtofs:Y379,X441",3353.683751977269,0,-0.019999999552965164,-0.23999999463558197,0.016213523223996162,-0.22574883699417114,0.24083188619283363
"san-francisco","shelf","2026-07-15T00:00:00Z",37.42401885986328,-122.61428833007812,"2026-07-15T00:00:00Z","rtofs:Y379,X441",2424.847916034525,0,0.019999999552965164,-0.27000001072883606,0.016213523223996162,-0.22574883699417114,0.2707397380801167
"san-francisco","shelf","2026-07-15T00:00:00Z",37.42401885986328,-122.55182647705078,"2026-07-15T00:00:00Z","rtofs:Y379,X442",1116.5896009249282,0,-0.029999999329447746,-0.23999999463558197,0.015036415308713913,-0.12927132844924927,0.24186772704279136
"san-francisco","shelf","2026-07-15T00:00:00Z",37.42401885986328,-122.4893569946289,"2026-07-15T00:00:00Z","rtofs:Y379,X443",1184.8759701464396,0,-0.03999999910593033,-0.23999999463558197,-0.0011087432503700256,-0.07016931474208832,0.24331049577351527
"san-francisco","shelf","2026-07-15T00:00:00Z",37.47795867919922,-123.30140686035156,"2026-07-15T00:00:00Z","rtofs:Y380,X433",1898.8566766831168,0,-0.10999999940395355,-0.12999999523162842,0.044764209538698196,-0.14472177624702454,0.170293859634143
"san-francisco","shelf","2026-07-15T00:00:00Z",37.47795867919922,-123.23894500732422,"2026-07-15T00:00:00Z","rtofs:Y380,X434",3447.735869535009,0,-0.11999999731779099,-0.20000000298023224,0.021166447550058365,-0.06399761140346527,0.23323807696935495
"san-francisco","shelf","2026-07-15T00:00:00Z",37.47795867919922,-123.17647552490234,"2026-07-15T00:00:00Z","rtofs:Y380,X434",2082.88821726798,0,-0.10999999940395355,-0.23000000417232513,0.021166447550058365,-0.06399761140346527,0.25495097918646903
"san-francisco","shelf","2026-07-15T00:00:00Z",37.47795867919922,-123.114013671875,"2026-07-15T00:00:00Z","rtofs:Y380,X435",570.7484242899152,0,-0.11999999731779099,-0.23999999463558197,0.005629977211356163,0.004383206367492676,0.2683281513023731
"san-francisco","shelf","2026-07-15T00:00:00Z",37.47795867919922,-123.05155181884766,"2026-07-15T00:00:00Z","rtofs:Y380,X436",1038.861659337301,0,-0.09000000357627869,-0.20999999344348907,0.01591690629720688,-0.009671010076999664,0.2284731885582981
"san-francisco","shelf","2026-07-15T00:00:00Z",37.47795867919922,-122.98908233642578,"2026-07-15T00:00:00Z","rtofs:Y380,X437",2578.887616592688,0,-0.05000000074505806,-0.20000000298023224,0.0725153312087059,-0.07368015497922897,0.20615528435283612
"san-francisco","shelf","2026-07-15T00:00:00Z",37.47795867919922,-122.92662048339844,"2026-07-15T00:00:00Z","rtofs:Y380,X437",2950.029027931256,0,-0.009999999776482582,-0.20000000298023224,0.0725153312087059,-0.07368015497922897,0.20024984691035982
"san-francisco","shelf","2026-07-15T00:00:00Z",37.47795867919922,-122.86415100097656,"2026-07-15T00:00:00Z","rtofs:Y380,X438",1415.733216357324,0,0.029999999329447746,-0.2800000011920929,0.06320541352033615,-0.15514102578163147,0.2816025579204473
"san-francisco","shelf","2026-07-15T00:00:00Z",37.47795867919922,-122.80168914794922,"2026-07-15T00:00:00Z","rtofs:Y380,X439",260.99294761407634,0,0.019999999552965164,-0.3199999928474426,0.00267184991389513,-0.21657872200012207,0.3206243836711144
"san-francisco","shelf","2026-07-15T00:00:00Z",37.47795867919922,-122.73921966552734,"2026-07-15T00:00:00Z","rtofs:Y380,X440",1712.3922773049505,0,0,-0.2800000011920929,0.005876113660633564,-0.2293955683708191,0.2800000011920929
"san-francisco","shelf","2026-07-15T00:00:00Z",37.47795867919922,-122.6767578125,"2026-07-15T00:00:00Z","rtofs:Y380,X441",3249.5509186881277,0,0,-0.27000001072883606,0.019549891352653503,-0.18635953962802887,0.27000001072883606
"san-francisco","shelf","2026-07-15T00:00:00Z",37.47795867919922,-122.61428833007812,"2026-07-15T00:00:00Z","rtofs:Y380,X441",2280.503152039166,0,0.009999999776482582,-0.25999999046325684,0.019549891352653503,-0.18635953962802887,0.2601922270868661
"san-francisco","shelf","2026-07-15T00:00:00Z",37.47795867919922,-122.55182647705078,"2026-07-15T00:00:00Z","rtofs:Y380,X442",758.18759020796,0,0.009999999776482582,-0.25999999046325684,0.022310269996523857,-0.11170905828475952,0.2601922270868661
"san-francisco","shelf","2026-07-15T00:00:00Z",37.47795867919922,-122.4893569946289,"2026-07-15T00:00:00Z","rtofs:Y380,X443",855.4300579396885,0,-0.009999999776482582,-0.2800000011920929,0.013708813115954399,-0.037417568266391754,0.28017851570579366
"san-francisco","shelf","2026-07-15T00:00:00Z",37.531898498535156,-123.30140686035156,"2026-07-15T00:00:00Z","rtofs:Y381,X433",2275.914815535772,0,-0.07000000029802322,-0.11999999731779099,0.011455574072897434,-0.1288590431213379,0.13892443772782775
"san-francisco","shelf","2026-07-15T00:00:00Z",37.531898498535156,-123.23894500732422,"2026-07-15T00:00:00Z","rtofs:Y381,X434",3667.151546790584,0,-0.09000000357627869,-0.18000000715255737,-0.007805665023624897,-0.061271388083696365,0.20124612597178332
"san-francisco","shelf","2026-07-15T00:00:00Z",37.531898498535156,-123.17647552490234,"2026-07-15T00:00:00Z","rtofs:Y381,X434",2431.3377739843077,0,-0.10000000149011612,-0.1899999976158142,-0.007805665023624897,-0.061271388083696365,0.2147091041200457
"san-francisco","shelf","2026-07-15T00:00:00Z",37.531898498535156,-123.114013671875,"2026-07-15T00:00:00Z","rtofs:Y381,X435",1380.2317245792888,0,-0.09000000357627869,-0.23000000417232513,-0.009363168850541115,-0.012511774897575378,0.24698178589321068
"san-francisco","shelf","2026-07-15T00:00:00Z",37.531898498535156,-123.05155181884766,"2026-07-15T00:00:00Z","rtofs:Y381,X436",1630.1335293141456,0,-0.07000000029802322,-0.1899999976158142,0.021546155214309692,-0.03384930640459061,0.20248456517900976
"san-francisco","shelf","2026-07-15T00:00:00Z",37.531898498535156,-122.98908233642578,"2026-07-15T00:00:00Z","rtofs:Y381,X437",2867.055591303737,0,-0.019999999552965164,-0.20999999344348907,0.05086877942085266,-0.08168581128120422,0.21095022452792997
"san-francisco","shelf","2026-07-15T00:00:00Z",37.531898498535156,-122.92662048339844,"2026-07-15T00:00:00Z","rtofs:Y381,X437",3204.4957498528547,0,0.009999999776482582,-0.18000000715255737,0.05086877942085266,-0.08168581128120422,0.1802775709023459
"san-francisco","shelf","2026-07-15T00:00:00Z",37.531898498535156,-122.86415100097656,"2026-07-15T00:00:00Z","rtofs:Y381,X438",1892.339450979034,0,0.019999999552965164,-0.27000001072883606,0.0165898185223341,-0.19287936389446259,0.2707397380801167
"san-francisco","shelf","2026-07-15T00:00:00Z",37.531898498535156,-122.80168914794922,"2026-07-15T00:00:00Z","rtofs:Y381,X439",1283.6697539745235,0,0,-0.28999999165534973,0.009668532758951187,-0.23100052773952484,0.28999999165534973
"san-francisco","shelf","2026-07-15T00:00:00Z",37.531898498535156,-122.73921966552734,"2026-07-15T00:00:00Z","rtofs:Y381,X440",2123.0819726350883,0,-0.009999999776482582,-0.27000001072883606,0.033765263855457306,-0.20910236239433289,0.2701851324353382
"san-francisco","shelf","2026-07-15T00:00:00Z",37.531898498535156,-122.6767578125,"2026-07-15T00:00:00Z","rtofs:Y381,X441",3481.77897538278,0,0.009999999776482582,-0.2800000011920929,0.012973781675100327,-0.1703852117061615,0.28017851570579366
"san-francisco","shelf","2026-07-15T00:00:00Z",37.531898498535156,-122.61428833007812,"2026-07-15T00:00:00Z","rtofs:Y381,X441",2602.3680822401293,0,0.009999999776482582,-0.25999999046325684,0.012973781675100327,-0.1703852117061615,0.2601922270868661
"san-francisco","shelf","2026-07-15T00:00:00Z",37.531898498535156,-122.55182647705078,"2026-07-15T00:00:00Z","rtofs:Y381,X442",1467.5635679533493,0,0.019999999552965164,-0.30000001192092896,-0.006914498750120401,-0.12309163808822632,0.3006659394322479
"san-francisco","shelf","2026-07-15T00:00:00Z",37.585838317871094,-123.30140686035156,"2026-07-15T00:00:00Z","rtofs:Y382,X433",2994.379765150519,0,-0.05999999865889549,-0.07999999821186066,-0.031853511929512024,-0.12269547581672668,0.09999999776482582
"san-francisco","shelf","2026-07-15T00:00:00Z",37.585838317871094,-123.23894500732422,"2026-07-15T00:00:00Z","rtofs:Y382,X434",4149.880405623035,0,-0.07000000029802322,-0.11999999731779099,-0.03223250061273575,-0.07347600162029266,0.13892443772782775
"san-francisco","shelf","2026-07-15T00:00:00Z",37.585838317871094,-123.17647552490234,"2026-07-15T00:00:00Z","rtofs:Y382,X434",3113.964300393967,0,-0.07999999821186066,-0.15000000596046448,-0.03223250061273575,-0.07347600162029266,0.17000000441775606
"san-francisco","shelf","2026-07-15T00:00:00Z",37.585838317871094,-123.114013671875,"2026-07-15T00:00:00Z","rtofs:Y382,X435",2386.7794902293504,0,-0.07999999821186066,-0.1599999964237213,-0.017764633521437645,-0.06805995106697083,0.17888543420158207
"san-francisco","shelf","2026-07-15T00:00:00Z",37.585838317871094,-123.05155181884766,"2026-07-15T00:00:00Z","rtofs:Y382,X436",2539.2573430123994,0,-0.05000000074505806,-0.15000000596046448,0.006525121629238129,-0.09152492880821228,0.15811388889862013
"san-francisco","shelf","2026-07-15T00:00:00Z",37.585838317871094,-122.98908233642578,"2026-07-15T00:00:00Z","rtofs:Y382,X437",3464.353341650103,0,0,-0.1599999964237213,0.00003693625330924988,-0.14800472557544708,0.1599999964237213
"san-francisco","shelf","2026-07-15T00:00:00Z",37.585838317871094,-122.92662048339844,"2026-07-15T00:00:00Z","rtofs:Y382,X437",3747.9733622692625,0,0.019999999552965164,-0.1599999964237213,0.00003693625330924988,-0.14800472557544708,0.1612451513618609
"san-francisco","shelf","2026-07-15T00:00:00Z",37.585838317871094,-122.86415100097656,"2026-07-15T00:00:00Z","rtofs:Y382,X438",2714.772046805737,0,0.029999999329447746,-0.2199999988079071,0.003076830878853798,-0.21908430755138397,0.22203603183998313
"san-francisco","shelf","2026-07-15T00:00:00Z",37.585838317871094,-122.80168914794922,"2026-07-15T00:00:00Z","rtofs:Y382,X439",2332.35710551823,0,0,-0.25,0.061101414263248444,-0.2303992509841919,0.25
"san-francisco","shelf","2026-07-15T00:00:00Z",37.585838317871094,-122.73921966552734,"2026-07-15T00:00:00Z","rtofs:Y382,X440",2880.1141088222876,0,-0.009999999776482582,-0.28999999165534973,0.06980578601360321,-0.20944511890411377,0.2901723542235417
"san-francisco","shelf","2026-07-15T00:00:00Z",37.585838317871094,-122.6767578125,"2026-07-15T00:00:00Z","rtofs:Y382,X441",3987.27698724519,0,0.009999999776482582,-0.2800000011920929,0.03046276792883873,-0.1610216200351715,0.28017851570579366
"san-francisco","shelf","2026-07-15T00:00:00Z",37.585838317871094,-122.61428833007812,"2026-07-15T00:00:00Z","rtofs:Y382,X441",3249.0513627284954,0,0.019999999552965164,-0.25999999046325684,0.03046276792883873,-0.1610216200351715,0.2607680866651674
"san-francisco","shelf","2026-07-15T00:00:00Z",37.585838317871094,-122.55182647705078,"2026-07-15T00:00:00Z","rtofs:Y382,X442",2438.24282281347,0,0.05000000074505806,-0.2800000011920929,0.004110068082809448,-0.12660963833332062,0.2844292543710612
"san-francisco","shelf","2026-07-15T00:00:00Z",37.63977813720703,-123.30140686035156,"2026-07-15T00:00:00Z","rtofs:Y383,X433",3863.641472283614,0,-0.05000000074505806,-0.05000000074505806,-0.06302733719348907,-0.13361060619354248,0.07071067917232597
"san-francisco","shelf","2026-07-15T00:00:00Z",37.63977813720703,-123.23894500732422,"2026-07-15T00:00:00Z","rtofs:Y383,X434",4813.5128949594955,0,-0.05999999865889549,-0.07999999821186066,-0.051487889140844345,-0.11569221317768097,0.09999999776482582
"san-francisco","shelf","2026-07-15T00:00:00Z",37.63977813720703,-123.17647552490234,"2026-07-15T00:00:00Z","rtofs:Y383,X434",3956.897416775208,0,-0.03999999910593033,-0.10999999940395355,-0.051487889140844345,-0.11569221317768097,0.11704699824149362
"san-francisco","shelf","2026-07-15T00:00:00Z",37.63977813720703,-123.114013671875,"2026-07-15T00:00:00Z","rtofs:Y383,X435",3415.15546627357,0,-0.05000000074505806,-0.11999999731779099,-0.015500620007514954,-0.11763054132461548,0.12999999781067556
"san-francisco","shelf","2026-07-15T00:00:00Z",37.63977813720703,-123.05155181884766,"2026-07-15T00:00:00Z","rtofs:Y383,X436",3523.2391454194403,0,-0.019999999552965164,-0.11999999731779099,0.019123345613479614,-0.14561286568641663,0.12165524788675763
"san-francisco","shelf","2026-07-15T00:00:00Z",37.63977813720703,-122.98908233642578,"2026-07-15T00:00:00Z","rtofs:Y383,X437",4237.732088788911,0,0.019999999552965164,-0.12999999523162842,0.028900781646370888,-0.20305182039737701,0.1315294595987607
"san-francisco","shelf","2026-07-15T00:00:00Z",37.63977813720703,-122.92662048339844,"2026-07-15T00:00:00Z","rtofs:Y383,X437",4472.215133810117,0,0.05999999865889549,-0.12999999523162842,0.028900781646370888,-0.20305182039737701,0.143178205741275
"san-francisco","shelf","2026-07-15T00:00:00Z",37.63977813720703,-122.86415100097656,"2026-07-15T00:00:00Z","rtofs:Y383,X438",3651.563978492139,0,0.05999999865889549,-0.17000000178813934,0.07647772133350372,-0.2218993604183197,0.18027756501305103
"san-francisco","shelf","2026-07-15T00:00:00Z",37.63977813720703,-122.80168914794922,"2026-07-15T00:00:00Z","rtofs:Y383,X439",3377.4050894872316,0,0.029999999329447746,-0.23000000417232513,0.11781330406665802,-0.2300560474395752,0.23194827414541472
"san-francisco","shelf","2026-07-15T00:00:00Z",37.63977813720703,-122.73921966552734,"2026-07-15T00:00:00Z","rtofs:Y383,X440",3775.91457988982,0,0.019999999552965164,-0.28999999165534973,0.09393671154975891,-0.21097859740257263,0.29068882871933954
"san-francisco","shelf","2026-07-15T00:00:00Z",37.63977813720703,-122.6767578125,"2026-07-15T00:00:00Z","rtofs:Y383,X441",4674.27673589633,0,0.009999999776482582,-0.3100000023841858,0.05562455579638481,-0.13393548130989075,0.31016125076115625
"san-francisco","shelf","2026-07-15T00:00:00Z",37.63977813720703,-122.61428833007812,"2026-07-15T00:00:00Z","rtofs:Y383,X441",4063.895048143846,0,0.09000000357627869,-0.27000001072883606,0.05562455579638481,-0.13393548130989075,0.28460500072434036
"san-francisco","shelf","2026-07-15T00:00:00Z",37.63977813720703,-122.55182647705078,"2026-07-15T00:00:00Z","rtofs:Y383,X442",3451.2616628746837,0,0.07999999821186066,-0.2800000011920929,0.01771138608455658,-0.102476567029953,0.291204396226207
"san-francisco","shelf","2026-07-15T00:00:00Z",37.693721771240234,-123.30140686035156,"2026-07-15T00:00:00Z","rtofs:Y383,X433",3228.6612249289865,0,-0.05000000074505806,-0.019999999552965164,-0.06302733719348907,-0.13361060619354248,0.05385164859708952
"san-francisco","shelf","2026-07-15T00:00:00Z",37.693721771240234,-123.23894500732422,"2026-07-15T00:00:00Z","rtofs:Y383,X434",4319.773825155076,0,-0.029999999329447746,-0.07999999821186066,-0.051487889140844345,-0.11569221317768097,0.08544003554344165
"san-francisco","shelf","2026-07-15T00:00:00Z",37.693721771240234,-123.17647552490234,"2026-07-15T00:00:00Z","rtofs:Y383,X434",3339.616020353909,0,-0.03999999910593033,-0.10000000149011612,-0.051487889140844345,-0.11569221317768097,0.10770329719417904
"san-francisco","shelf","2026-07-15T00:00:00Z",37.693721771240234,-123.114013671875,"2026-07-15T00:00:00Z","rtofs:Y383,X435",2676.2261713685116,0,-0.029999999329447746,-0.12999999523162842,-0.015500620007514954,-0.11763054132461548,0.133416635844224
"san-francisco","shelf","2026-07-15T00:00:00Z",37.693721771240234,-123.05155181884766,"2026-07-15T00:00:00Z","rtofs:Y383,X436",2812.7511224121677,0,-0.019999999552965164,-0.14000000059604645,0.019123345613479614,-0.14561286568641663,0.1414213567641451
"san-francisco","shelf","2026-07-15T00:00:00Z",37.693721771240234,-122.98908233642578,"2026-07-15T00:00:00Z","rtofs:Y383,X437",3667.79214430652,0,0.029999999329447746,-0.11999999731779099,0.028900781646370888,-0.20305182039737701,0.12369316600377205
"san-francisco","shelf","2026-07-15T00:00:00Z",37.693721771240234,-122.92662048339844,"2026-07-15T00:00:00Z","rtofs:Y383,X437",3936.184738953116,0,0.10000000149011612,-0.10000000149011612,0.028900781646370888,-0.20305182039737701,0.14142135834465194
"san-francisco","shelf","2026-07-15T00:00:00Z",37.693721771240234,-122.86415100097656,"2026-07-15T00:00:00Z","rtofs:Y383,X438",2971.8017009902505,0,0.09000000357627869,-0.11999999731779099,0.07647772133350372,-0.2218993604183197,0.15000000000000005
"san-francisco","shelf","2026-07-15T00:00:00Z",37.693721771240234,-122.80168914794922,"2026-07-15T00:00:00Z","rtofs:Y383,X439",2627.9176363726565,0,0.10000000149011612,-0.1899999976158142,0.11781330406665802,-0.2300560474395752,0.2147091041200457
"san-francisco","shelf","2026-07-15T00:00:00Z",37.693721771240234,-122.73921966552734,"2026-07-15T00:00:00Z","rtofs:Y383,X440",3123.2268128353962,0,0.10000000149011612,-0.25,0.09393671154975891,-0.21097859740257263,0.26925824091014045
"san-francisco","shelf","2026-07-15T00:00:00Z",37.693721771240234,-122.6767578125,"2026-07-15T00:00:00Z","rtofs:Y383,X441",4164.1760673973395,0,0.05999999865889549,-0.3199999928474426,0.05562455579638481,-0.13393548130989075,0.3255764046447942
"san-francisco","shelf","2026-07-15T00:00:00Z",37.693721771240234,-122.61428833007812,"2026-07-15T00:00:00Z","rtofs:Y383,X441",3465.6337700629033,0,0.05000000074505806,-0.30000001192092896,0.05562455579638481,-0.13393548130989075,0.30413813839612963
"san-francisco","nearshore","2026-07-15T00:00:00Z",37.693721771240234,-122.55182647705078,"2026-07-15T00:00:00Z","rtofs:Y383,X442",2722.118035712245,0,0.05000000074505806,-0.3499999940395355,0.01771138608455658,-0.102476567029953,0.3535533847980821
"san-francisco","shelf","2026-07-15T00:00:00Z",37.74766159057617,-123.30140686035156,"2026-07-15T00:00:00Z","rtofs:Y384,X433",2457.8141188381865,0,-0.029999999329447746,-0.019999999552965164,-0.05957777053117752,-0.1655910313129425,0.03605551194873638
"san-francisco","shelf","2026-07-15T00:00:00Z",37.74766159057617,-123.23894500732422,"2026-07-15T00:00:00Z","rtofs:Y384,X434",3776.7741310397164,0,-0.009999999776482582,-0.05000000074505806,-0.021352523937821388,-0.1500585675239563,0.05099019582268202
"san-francisco","shelf","2026-07-15T00:00:00Z",37.74766159057617,-123.17647552490234,"2026-07-15T00:00:00Z","rtofs:Y384,X434",2601.630262414102,0,-0.019999999552965164,-0.07000000029802322,-0.021352523937821388,-0.1500585675239563,0.07280109905655174
"san-francisco","shelf","2026-07-15T00:00:00Z",37.74766159057617,-123.114013671875,"2026-07-15T00:00:00Z","rtofs:Y384,X435",1668.5143760166507,0,-0.05000000074505806,-0.10000000149011612,0.017214689403772354,-0.16867773234844208,0.11180340054098996
"san-francisco","shelf","2026-07-15T00:00:00Z",37.74766159057617,-123.05155181884766,"2026-07-15T00:00:00Z","rtofs:Y384,X436",1879.3982906692122,0,-0.05000000074505806,-0.10000000149011612,0.04994359612464905,-0.19577643275260925,0.11180340054098996
"san-francisco","shelf","2026-07-15T00:00:00Z",37.74766159057617,-122.98908233642578,"2026-07-15T00:00:00Z","rtofs:Y384,X437",3010.7322531657214,0,0,-0.10000000149011612,0.12031889706850052,-0.21192297339439392,0.10000000149011612
"san-francisco","shelf","2026-07-15T00:00:00Z",37.74766159057617,-122.92662048339844,"2026-07-15T00:00:00Z","rtofs:Y384,X437",3331.986427306392,0,0.05000000074505806,-0.10000000149011612,0.12031889706850052,-0.21192297339439392,0.11180340054098996
"san-francisco","shelf","2026-07-15T00:00:00Z",37.74766159057617,-122.86415100097656,"2026-07-15T00:00:00Z","rtofs:Y384,X438",2109.6729578980944,0,0.09000000357627869,-0.12999999523162842,0.1656363606452942,-0.215849369764328,0.15811388112355468
"san-francisco","shelf","2026-07-15T00:00:00Z",37.74766159057617,-122.80168914794922,"2026-07-15T00:00:00Z","rtofs:Y384,X439",1590.0031038443842,0,0.10999999940395355,-0.1599999964237213,0.146257221698761,-0.22294974327087402,0.19416487510479494
"san-francisco","shelf","2026-07-15T00:00:00Z",37.74766159057617,-122.73921966552734,"2026-07-15T00:00:00Z","rtofs:Y384,X440",2317.8009737805273,0,0.10999999940395355,-0.23999999463558197,0.11782226711511612,-0.1883857250213623,0.2640075705239324
"san-francisco","shelf","2026-07-15T00:00:00Z",37.74766159057617,-122.6767578125,"2026-07-15T00:00:00Z","rtofs:Y384,X441",3598.058654515969,0,0.029999999329447746,-0.28999999165534973,0.09049190580844879,-0.09066517651081085,0.2915475863729106
"san-francisco","nearshore","2026-07-15T00:00:00Z",37.74766159057617,-122.61428833007812,"2026-07-15T00:00:00Z","rtofs:Y384,X441",2761.287126932457,0,-0.03999999910593033,-0.3799999952316284,0.09049190580844879,-0.09066517651081085,0.38209945865508904
"san-francisco","nearshore","2026-07-15T00:00:00Z",37.74766159057617,-122.55182647705078,"2026-07-15T00:00:00Z","rtofs:Y384,X442",1741.0596396013834,0,-0.09000000357627869,-0.3499999940395355,0.0357666090130806,-0.052685488015413284,0.36138621510982555
"san-francisco","shelf","2026-07-15T00:00:00Z",37.80160140991211,-123.30140686035156,"2026-07-15T00:00:00Z","rtofs:Y385,X433",1956.9588943455603,0,0,-0.029999999329447746,0.01684914529323578,-0.17995885014533997,0.029999999329447746
"san-francisco","shelf","2026-07-15T00:00:00Z",37.80160140991211,-123.23894500732422,"2026-07-15T00:00:00Z","rtofs:Y385,X434",3469.8472680688733,0,0,-0.05000000074505806,0.04512403532862663,-0.1917119175195694,0.05000000074505806
"san-francisco","shelf","2026-07-15T00:00:00Z",37.80160140991211,-123.17647552490234,"2026-07-15T00:00:00Z","rtofs:Y385,X434",2134.51768750347,0,-0.03999999910593033,-0.05999999865889549,0.04512403532862663,-0.1917119175195694,0.07211102389747276
"san-francisco","shelf","2026-07-15T00:00:00Z",37.80160140991211,-123.114013671875,"2026-07-15T00:00:00Z","rtofs:Y385,X435",760.2204381097231,0,-0.07000000029802322,-0.07999999821186066,0.06956100463867188,-0.22185349464416504,0.10630145697788418
"san-francisco","shelf","2026-07-15T00:00:00Z",37.80160140991211,-123.05155181884766,"2026-07-15T00:00:00Z","rtofs:Y385,X436",1151.0639094522676,0,-0.07999999821186066,-0.09000000357627869,0.12810873985290527,-0.22260627150535583,0.12041594727289191
"san-francisco","shelf","2026-07-15T00:00:00Z",37.80160140991211,-122.98908233642578,"2026-07-15T00:00:00Z","rtofs:Y385,X437",2616.975140124346,0,-0.03999999910593033,-0.12999999523162842,0.16820353269577026,-0.20516039431095123,0.13601470026691173
"san-francisco","shelf","2026-07-15T00:00:00Z",37.80160140991211,-122.92662048339844,"2026-07-15T00:00:00Z","rtofs:Y385,X437",2980.429053380318,0,0.009999999776482582,-0.12999999523162842,0.16820353269577026,-0.20516039431095123,0.1303840433325837
"san-francisco","shelf","2026-07-15T00:00:00Z",37.80160140991211,-122.86415100097656,"2026-07-15T00:00:00Z","rtofs:Y385,X438",1497.3562325005728,0,0.05999999865889549,-0.14000000059604645,0.1504068374633789,-0.19910715520381927,0.15231546213684435
"san-francisco","nearshore","2026-07-15T00:00:00Z",37.80160140991211,-122.80168914794922,"2026-07-15T00:00:00Z","rtofs:Y385,X439",567.8995032766677,0,0.09000000357627869,-0.12999999523162842,0.10273037850856781,-0.18548962473869324,0.15811388112355468
"san-francisco","nearshore","2026-07-15T00:00:00Z",37.80160140991211,-122.73921966552734,"2026-07-15T00:00:00Z","rtofs:Y385,X440",1778.228885725648,0,0.12999999523162842,-0.20999999344348907,0.08173857629299164,-0.15079867839813232,0.24698177261994228
"san-francisco","nearshore","2026-07-15T00:00:00Z",37.80160140991211,-122.6767578125,"2026-07-15T00:00:00Z","rtofs:Y385,X441",3274.741247179174,0,-0.03999999910593033,-0.33000001311302185,0.08285964280366898,-0.052371636033058167,0.3324154156820484
"san-francisco","nearshore","2026-07-15T00:00:00Z",37.80160140991211,-122.61428833007812,"2026-07-15T00:00:00Z","rtofs:Y385,X441",2326.1634887873906,0,-0.11999999731779099,-0.4300000071525574,0.08285964280366898,-0.052371636033058167,0.4464302918793361
"san-francisco","nearshore","2026-07-15T00:00:00Z",37.80160140991211,-122.55182647705078,"2026-07-15T00:00:00Z","rtofs:Y385,X442",908.2356007551167,0,-0.18000000715255737,-0.15000000596046448,0.0408966951072216,-0.01087696198374033,0.2343074995877428
"san-francisco","shelf","2026-07-15T00:00:00Z",37.85554122924805,-123.30140686035156,"2026-07-15T00:00:00Z","rtofs:Y386,X433",1937.03381484685,0,0.03999999910593033,-0.05000000074505806,0.05971502885222435,-0.19590157270431519,0.0640312423976002
"san-francisco","shelf","2026-07-15T00:00:00Z",37.85554122924805,-123.23894500732422,"2026-07-15T00:00:00Z","rtofs:Y386,X434",3456.7658119811445,0,0.019999999552965164,-0.03999999910593033,0.07556149363517761,-0.23028169572353363,0.04472135855039552
"san-francisco","shelf","2026-07-15T00:00:00Z",37.85554122924805,-123.17647552490234,"2026-07-15T00:00:00Z","rtofs:Y386,X434",2115.992765192519,0,-0.03999999910593033,-0.03999999910593033,0.07556149363517761,-0.23028169572353363,0.05656854123051835
"san-francisco","shelf","2026-07-15T00:00:00Z",37.85554122924805,-123.114013671875,"2026-07-15T00:00:00Z","rtofs:Y386,X435",710.988456411906,0,-0.07000000029802322,-0.05000000074505806,0.08638308942317963,-0.21801677346229553,0.08602325334599394
"san-francisco","nearshore","2026-07-15T00:00:00Z",37.85554122924805,-123.05155181884766,"2026-07-15T00:00:00Z","rtofs:Y386,X436",1118.6298590942715,0,-0.07000000029802322,-0.05000000074505806,0.05450564622879028,-0.19143146276474,0.08602325334599394
"san-francisco","nearshore","2026-07-15T00:00:00Z",37.85554122924805,-122.98908233642578,"2026-07-15T00:00:00Z","rtofs:Y386,X437",2601.1886816946153,0,-0.019999999552965164,-0.07000000029802322,0.01988864690065384,-0.18877479434013367,0.07280109905655174
"san-francisco","nearshore","2026-07-15T00:00:00Z",37.85554122924805,-122.92662048339844,"2026-07-15T00:00:00Z","rtofs:Y386,X437",2966.0334235033415,0,-0.019999999552965164,-0.11999999731779099,0.01988864690065384,-0.18877479434013367,0.12165524788675763
"san-francisco","nearshore","2026-07-15T00:00:00Z",37.85554122924805,-122.86415100097656,"2026-07-15T00:00:00Z","rtofs:Y386,X438",1472.0752952139037,0,0,-0.1599999964237213,0.026446348056197166,-0.1582004427909851,0.1599999964237213
"san-francisco","nearshore","2026-07-15T00:00:00Z",37.85554122924805,-122.80168914794922,"2026-07-15T00:00:00Z","rtofs:Y386,X439",500.48421039864587,0,0.07000000029802322,-0.10999999940395355,0.04215594008564949,-0.12149368226528168,0.13038404776119292
"san-francisco","nearshore","2026-07-15T00:00:00Z",37.85554122924805,-122.73921966552734,"2026-07-15T00:00:00Z","rtofs:Y386,X440",1756.578696288569,0,0.07000000029802322,-0.009999999776482582,0.04185868427157402,-0.066352479159832,0.07071067838207255
"san-francisco","nearshore","2026-07-15T00:00:00Z",37.85554122924805,-122.6767578125,"2026-07-15T00:00:00Z","rtofs:Y386,X441",3261.1972046308842,0,-0.05000000074505806,-0.12999999523162842,0.018156852573156357,-0.01943971961736679,0.13928387858876282
"san-francisco","nearshore","2026-07-15T00:00:00Z",37.85554122924805,-122.61428833007812,"2026-07-15T00:00:00Z","rtofs:Y386,X441",2308.882910720971,0,-0.20000000298023224,-0.3499999940395355,0.018156852573156357,-0.01943971961736679,0.4031128837184043
"san-francisco","shelf","2026-07-15T00:00:00Z",37.909481048583984,-123.30140686035156,"2026-07-15T00:00:00Z","rtofs:Y387,X433",2402.3956873463867,0,0,-0.05999999865889549,0.05033339187502861,-0.2175351083278656,0.05999999865889549
"san-francisco","shelf","2026-07-15T00:00:00Z",37.909481048583984,-123.23894500732422,"2026-07-15T00:00:00Z","rtofs:Y387,X434",3735.7211264226466,0,0.029999999329447746,-0.03999999910593033,0.06563469767570496,-0.21087832748889923,0.04999999888241291
"san-francisco","shelf","2026-07-15T00:00:00Z",37.909481048583984,-123.17647552490234,"2026-07-15T00:00:00Z","rtofs:Y387,X434",2548.6620242952677,0,-0.029999999329447746,-0.03999999910593033,0.06563469767570496,-0.21087832748889923,0.04999999888241291
"san-francisco","nearshore","2026-07-15T00:00:00Z",37.909481048583984,-123.114013671875,"2026-07-15T00:00:00Z","rtofs:Y387,X435",1590.6185626498207,0,-0.05999999865889549,-0.029999999329447746,0.032181911170482635,-0.16211068630218506,0.06708203782559327
"san-francisco","nearshore","2026-07-15T00:00:00Z",37.909481048583984,-123.05155181884766,"2026-07-15T00:00:00Z","rtofs:Y387,X436",1809.616177284578,0,-0.03999999910593033,-0.029999999329447746,-0.021424051374197006,-0.12740570306777954,0.04999999888241291
"san-francisco","nearshore","2026-07-15T00:00:00Z",37.909481048583984,-122.98908233642578,"2026-07-15T00:00:00Z","rtofs:Y387,X437",2963.2413327365375,0,0.03999999910593033,-0.019999999552965164,-0.022314053028821945,-0.08797105401754379,0.04472135855039552
"san-francisco","nearshore","2026-07-15T00:00:00Z",37.909481048583984,-122.92662048339844,"2026-07-15T00:00:00Z","rtofs:Y387,X437",3287.665438259758,0,0.10000000149011612,0.019999999552965164,-0.022314053028821945,-0.08797105401754379,0.10198039164536404
"san-francisco","nearshore","2026-07-15T00:00:00Z",37.909481048583984,-122.86415100097656,"2026-07-15T00:00:00Z","rtofs:Y387,X438",2046.6873026189855,0,0,-0.12999999523162842,0.035284578800201416,-0.0688064768910408,0.12999999523162842
"san-francisco","nearshore","2026-07-15T00:00:00Z",37.909481048583984,-122.80168914794922,"2026-07-15T00:00:00Z","rtofs:Y387,X439",1508.4602798575825,0,-0.10000000149011612,-0.03999999910593033,0.03396359831094742,-0.04322865605354309,0.10770329719417904
"san-francisco","shelf","2026-07-15T00:00:00Z",37.96342086791992,-123.30140686035156,"2026-07-15T00:00:00Z","rtofs:Y388,X433",3138.6323854656007,0,-0.07999999821186066,0,0.0935605838894844,-0.20985962450504303,0.07999999821186066
"san-francisco","shelf","2026-07-15T00:00:00Z",37.96342086791992,-123.23894500732422,"2026-07-15T00:00:00Z","rtofs:Y388,X434",4245.244055655699,0,0.009999999776482582,-0.05000000074505806,0.10828006267547607,-0.1774258315563202,0.05099019582268202
"san-francisco","shelf","2026-07-15T00:00:00Z",37.96342086791992,-123.17647552490234,"2026-07-15T00:00:00Z","rtofs:Y388,X434",3251.7739685421802,0,-0.019999999552965164,-0.009999999776482582,0.10828006267547607,-0.1774258315563202,0.02236067927519776
"san-francisco","nearshore","2026-07-15T00:00:00Z",37.96342086791992,-123.114013671875,"2026-07-15T00:00:00Z","rtofs:Y388,X435",2571.912470819552,0,-0.03999999910593033,0.009999999776482582,0.10076597332954407,-0.11636694520711899,0.041231055334590684
"san-francisco","nearshore","2026-07-15T00:00:00Z",37.96342086791992,-123.05155181884766,"2026-07-15T00:00:00Z","rtofs:Y388,X436",2712.5987717006255,0,-0.05000000074505806,0.009999999776482582,0.04656282067298889,-0.07380083948373795,0.05099019582268202
"san-francisco","shelf","2026-07-15T00:00:00Z",38.01736068725586,-123.30140686035156,"2026-07-15T00:00:00Z","rtofs:Y388,X433",3952.0296337769482,0,-0.05000000074505806,-0.03999999910593033,0.0935605838894844,-0.20985962450504303,0.0640312423976002
"san-francisco","shelf","2026-07-15T00:00:00Z",38.01736068725586,-123.23894500732422,"2026-07-15T00:00:00Z","rtofs:Y388,X434",4876.844934920424,0,-0.009999999776482582,-0.019999999552965164,0.10828006267547607,-0.1774258315563202,0.02236067927519776
"san-francisco","shelf","2026-07-15T00:00:00Z",38.01736068725586,-123.17647552490234,"2026-07-15T00:00:00Z","rtofs:Y388,X434",4042.403680364355,0,0,0.029999999329447746,0.10828006267547607,-0.1774258315563202,0.029999999329447746
"san-francisco","nearshore","2026-07-15T00:00:00Z",38.01736068725586,-123.114013671875,"2026-07-15T00:00:00Z","rtofs:Y388,X435",3519.1813422173636,0,0.009999999776482582,0.029999999329447746,0.10076597332954407,-0.11636694520711899,0.03162277589485966
"san-francisco","nearshore","2026-07-15T00:00:00Z",38.01736068725586,-123.05155181884766,"2026-07-15T00:00:00Z","rtofs:Y388,X436",3623.1959972234504,0,0,0.029999999329447746,0.04656282067298889,-0.07380083948373795,0.029999999329447746
"san-francisco","shelf","2026-07-15T00:00:00Z",38.0713005065918,-123.30140686035156,"2026-07-15T00:00:00Z","rtofs:Y389,X433",3098.6547818580248,0,-0.03999999910593033,-0.07999999821186066,0.1577529013156891,-0.19454315304756165,0.08944271710079103
"san-francisco","shelf","2026-07-15T00:00:00Z",38.0713005065918,-123.23894500732422,"2026-07-15T00:00:00Z","rtofs:Y389,X434",4213.515517303576,0,0.009999999776482582,-0.03999999910593033,0.1512031853199005,-0.15128277242183685,0.041231055334590684
"san-francisco","shelf","2026-07-15T00:00:00Z",38.0713005065918,-123.17647552490234,"2026-07-15T00:00:00Z","rtofs:Y389,X434",3212.9422764028086,0,0.029999999329447746,0.019999999552965164,0.1512031853199005,-0.15128277242183685,0.03605551194873638
"san-francisco","nearshore","2026-07-15T00:00:00Z",38.0713005065918,-123.114013671875,"2026-07-15T00:00:00Z","rtofs:Y389,X435",2524.464296217892,0,0.05000000074505806,0.029999999329447746,0.14204907417297363,-0.09250214695930481,0.058309519242338737
"san-francisco","nearshore","2026-07-15T00:00:00Z",38.0713005065918,-123.05155181884766,"2026-07-15T00:00:00Z","rtofs:Y389,X436",2667.329496086101,0,0.05000000074505806,0.029999999329447746,0.06835618615150452,-0.03655055910348892,0.058309519242338737
"san-francisco","shelf","2026-07-15T00:00:00Z",38.125240325927734,-123.30140686035156,"2026-07-15T00:00:00Z","rtofs:Y390,X433",2375.953252844315,0,-0.029999999329447746,-0.11999999731779099,0.19176851212978363,-0.1869828701019287,0.12369316600377205
"san-francisco","shelf","2026-07-15T00:00:00Z",38.125240325927734,-123.23894500732422,"2026-07-15T00:00:00Z","rtofs:Y390,X434",3712.704996214332,0,0.029999999329447746,-0.07000000029802322,0.18099531531333923,-0.12535744905471802,0.07615773106842218
"san-francisco","shelf","2026-07-15T00:00:00Z",38.125240325927734,-123.17647552490234,"2026-07-15T00:00:00Z","rtofs:Y390,X434",2522.962103117173,0,0.05999999865889549,-0.019999999552965164,0.18099531531333923,-0.12535744905471802,0.06324555178971931
"san-francisco","nearshore","2026-07-15T00:00:00Z",38.125240325927734,-123.114013671875,"2026-07-15T00:00:00Z","rtofs:Y390,X435",1556.1400752946097,0,0.07999999821186066,0.009999999776482582,0.16359984874725342,-0.05698713660240173,0.08062257568093045
"san-francisco","nearshore","2026-07-15T00:00:00Z",38.125240325927734,-123.05155181884766,"2026-07-15T00:00:00Z","rtofs:Y390,X436",1778.2331984447715,0,0.11999999731779099,0.019999999552965164,0.07670300453901291,0.00785660557448864,0.12165524788675763
"san-francisco","shelf","2026-07-15T00:00:00Z",38.17918014526367,-123.30140686035156,"2026-07-15T00:00:00Z","rtofs:Y391,X433",1926.1081442243506,0,-0.029999999329447746,-0.1599999964237213,0.17916816473007202,-0.18861818313598633,0.1627882023223971
"san-francisco","shelf","2026-07-15T00:00:00Z",38.17918014526367,-123.23894500732422,"2026-07-15T00:00:00Z","rtofs:Y391,X434",3440.3326883030113,0,0.029999999329447746,-0.09000000357627869,0.16723649203777313,-0.09716612845659256,0.09486833298576001
"san-francisco","shelf","2026-07-15T00:00:00Z",38.17918014526367,-123.17647552490234,"2026-07-15T00:00:00Z","rtofs:Y391,X434",2104.5008200567518,0,0.07999999821186066,-0.05000000074505806,0.16723649203777313,-0.09716612845659256,0.0943398101991069
"san-francisco","nearshore","2026-07-15T00:00:00Z",38.17918014526367,-123.114013671875,"2026-07-15T00:00:00Z","rtofs:Y391,X435",701.0496651077676,0,0.09000000357627869,-0.019999999552965164,0.13776305317878723,-0.016549233347177505,0.09219544796707038
"san-francisco","nearshore","2026-07-15T00:00:00Z",38.17918014526367,-123.05155181884766,"2026-07-15T00:00:00Z","rtofs:Y391,X436",1109.426259502976,0,0.11999999731779099,-0.009999999776482582,0.0593150332570076,0.027983535081148148,0.12041594309641682
"san-francisco","shelf","2026-07-15T00:00:00Z",38.23311996459961,-123.30140686035156,"2026-07-15T00:00:00Z","rtofs:Y392,X433",1939.5746801660005,0,0.019999999552965164,-0.20999999344348907,0.14417019486427307,-0.17223069071769714,0.21095022452792997
"san-francisco","shelf","2026-07-15T00:00:00Z",38.23311996459961,-123.23894500732422,"2026-07-15T00:00:00Z","rtofs:Y392,X434",3446.0003037643482,0,0.05000000074505806,-0.12999999523162842,0.11375220119953156,-0.0465548075735569,0.13928387858876282
"san-francisco","nearshore","2026-07-15T00:00:00Z",38.23311996459961,-123.17647552490234,"2026-07-15T00:00:00Z","rtofs:Y392,X434",2116.560475911167,0,0.05999999865889549,-0.07000000029802322,0.11375220119953156,-0.0465548075735569,0.09219544392642573
"san-francisco","nearshore","2026-07-15T00:00:00Z",38.23311996459961,-123.114013671875,"2026-07-15T00:00:00Z","rtofs:Y392,X435",740.7347903969477,0,0.05000000074505806,-0.05000000074505806,0.060758501291275024,0.033288635313510895,0.07071067917232597
"san-francisco","nearshore","2026-07-15T00:00:00Z",38.23311996459961,-123.05155181884766,"2026-07-15T00:00:00Z","rtofs:Y392,X436",1134.3979131703184,0,0.07999999821186066,-0.03999999910593033,0.014353591948747635,0.014263195917010307,0.08944271710079103
"san-francisco","shelf","2026-07-15T00:00:00Z",38.28705978393555,-123.30140686035156,"2026-07-15T00:00:00Z","rtofs:Y393,X433",2400.9855781176516,0,0.05999999865889549,-0.23999999463558197,0.10870230942964554,-0.1282542198896408,0.2473863320075441
"san-francisco","shelf","2026-07-15T00:00:00Z",38.28705978393555,-123.23894500732422,"2026-07-15T00:00:00Z","rtofs:Y393,X434",3723.5293884527096,0,0.03999999910593033,-0.1599999964237213,0.0747351124882698,0.014467541128396988,0.16492422133836274
"san-francisco","nearshore","2026-07-15T00:00:00Z",38.28705978393555,-123.17647552490234,"2026-07-15T00:00:00Z","rtofs:Y393,X434",2545.8706169197553,0,0.05000000074505806,-0.07000000029802322,0.0747351124882698,0.014467541128396988,0.08602325334599394
"san-francisco","nearshore","2026-07-15T00:00:00Z",38.28705978393555,-123.114013671875,"2026-07-15T00:00:00Z","rtofs:Y393,X435",1598.9465543463589,0,0.03999999910593033,-0.05999999865889549,0.031175024807453156,0.04523807764053345,0.07211102389747276
"san-francisco","shelf","2026-07-15T06:00:00Z",37.20825958251953,-123.30140686035156,"2026-07-15T06:00:00Z","rtofs:Y376,X433",2697.3388647485094,0,-0.14000000059604645,0.009999999776482582,-0.06816208362579346,-0.1492316871881485,0.14035668905478876
"san-francisco","shelf","2026-07-15T06:00:00Z",37.20825958251953,-123.23894500732422,"2026-07-15T06:00:00Z","rtofs:Y376,X434",3951.5653296348237,0,-0.20999999344348907,0,-0.06619155406951904,-0.05471775308251381,0.20999999344348907
"san-francisco","shelf","2026-07-15T06:00:00Z",37.20825958251953,-123.17647552490234,"2026-07-15T06:00:00Z","rtofs:Y376,X434",2830.81900609734,0,-0.23000000417232513,0.009999999776482582,-0.06619155406951904,-0.05471775308251381,0.2302172928231049
"san-francisco","shelf","2026-07-15T06:00:00Z",37.20825958251953,-123.114013671875,"2026-07-15T06:00:00Z","rtofs:Y376,X435",1993.178374601432,0,-0.23000000417232513,0.029999999329447746,-0.07891231775283813,0.009680978953838348,0.23194827414541472
"san-francisco","shelf","2026-07-15T06:00:00Z",37.20825958251953,-123.05155181884766,"2026-07-15T06:00:00Z","rtofs:Y376,X436",2175.2051737596553,0,-0.2199999988079071,0.10000000149011612,-0.13274487853050232,-0.007028244435787201,0.24166091900326447
"san-francisco","shelf","2026-07-15T06:00:00Z",37.20825958251953,-122.98908233642578,"2026-07-15T06:00:00Z","rtofs:Y376,X437",3215.8933869443604,0,-0.23999999463558197,0.14000000059604645,-0.18972867727279663,-0.07484273612499237,0.2778488754556555
"san-francisco","shelf","2026-07-15T06:00:00Z",37.20825958251953,-122.92662048339844,"2026-07-15T06:00:00Z","rtofs:Y376,X437",3522.5492840946768,0,-0.25999999046325684,0.12999999523162842,-0.18972867727279663,-0.07484273612499237,0.29068882641256966
"san-francisco","shelf","2026-07-15T06:00:00Z",37.20825958251953,-122.86415100097656,"2026-07-15T06:00:00Z","rtofs:Y376,X438",2379.7193428623336,0,-0.25,0.09000000357627869,-0.20904535055160522,-0.13454566895961761,0.2657066063230837
"san-francisco","shelf","2026-07-15T06:00:00Z",37.20825958251953,-122.80168914794922,"2026-07-15T06:00:00Z","rtofs:Y376,X439",1926.9973999436404,0,-0.23000000417232513,0.05999999865889549,-0.20414671301841736,-0.1477929949760437,0.237697290178784
"san-francisco","shelf","2026-07-15T06:00:00Z",37.20825958251953,-122.73921966552734,"2026-07-15T06:00:00Z","rtofs:Y376,X440",2568.569832417033,0,-0.15000000596046448,0.009999999776482582,-0.22710762917995453,-0.13090364634990692,0.15033296971612395
"san-francisco","shelf","2026-07-15T06:00:00Z",37.20825958251953,-122.6767578125,"2026-07-15T06:00:00Z","rtofs:Y376,X441",3778.6598218127283,0,-0.11999999731779099,-0.009999999776482582,-0.24317142367362976,-0.0953235849738121,0.12041594309641682
"san-francisco","shelf","2026-07-15T06:00:00Z",37.20825958251953,-122.61428833007812,"2026-07-15T06:00:00Z","rtofs:Y376,X441",2980.242826585728,0,-0.03999999910593033,-0.05000000074505806,-0.24317142367362976,-0.0953235849738121,0.0640312423976002
"san-francisco","nearshore","2026-07-15T06:00:00Z",37.20825958251953,-122.55182647705078,"2026-07-15T06:00:00Z","rtofs:Y376,X442",2055.1397686807168,0,0.009999999776482582,-0.05000000074505806,-0.18339534103870392,-0.06645500659942627,0.05099019582268202
"san-francisco","nearshore","2026-07-15T06:00:00Z",37.20825958251953,-122.4893569946289,"2026-07-15T06:00:00Z","rtofs:Y376,X443",2093.229733801782,0,0.05999999865889549,-0.03999999910593033,-0.0625709518790245,-0.0687427967786789,0.07211102389747276
"san-francisco","shelf","2026-07-15T06:00:00Z",37.26219940185547,-123.30140686035156,"2026-07-15T06:00:00Z","rtofs:Y377,X433",3549.5582117697086,0,-0.17000000178813934,0.009999999776482582,-0.04201202094554901,-0.17210519313812256,0.1702938654311923
"san-francisco","shelf","2026-07-15T06:00:00Z",37.26219940185547,-123.23894500732422,"2026-07-15T06:00:00Z","rtofs:Y377,X434",4574.449690638424,0,-0.20999999344348907,0.029999999329447746,-0.05234276503324509,-0.06899777799844742,0.21213202777051918
"san-francisco","shelf","2026-07-15T06:00:00Z",37.26219940185547,-123.17647552490234,"2026-07-15T06:00:00Z","rtofs:Y377,X434",3651.86418561007,0,-0.20999999344348907,0.019999999552965164,-0.05234276503324509,-0.06899777799844742,0.21095022452792997
"san-francisco","shelf","2026-07-15T06:00:00Z",37.26219940185547,-123.114013671875,"2026-07-15T06:00:00Z","rtofs:Y377,X435",3049.8585960121286,0,-0.23000000417232513,0.05999999865889549,-0.0513799749314785,0.025282910093665123,0.237697290178784
"san-francisco","shelf","2026-07-15T06:00:00Z",37.26219940185547,-123.05155181884766,"2026-07-15T06:00:00Z","rtofs:Y377,X436",3171.6260308266874,0,-0.25,0.10999999940395355,-0.08199156820774078,0.02936743199825287,0.27313000543490235
"san-francisco","shelf","2026-07-15T06:00:00Z",37.26219940185547,-122.98908233642578,"2026-07-15T06:00:00Z","rtofs:Y377,X437",3957.387375638329,0,-0.27000001072883606,0.15000000596046448,-0.13089975714683533,-0.0401032455265522,0.30886891650295756
"san-francisco","shelf","2026-07-15T06:00:00Z",37.26219940185547,-122.92662048339844,"2026-07-15T06:00:00Z","rtofs:Y377,X437",4209.997087255292,0,-0.25,0.11999999731779099,-0.13089975714683533,-0.0401032455265522,0.27730849131656576
"san-francisco","shelf","2026-07-15T06:00:00Z",37.26219940185547,-122.86415100097656,"2026-07-15T06:00:00Z","rtofs:Y377,X438",3315.012145441805,0,-0.23999999463558197,0.07999999821186066,-0.13775897026062012,-0.10615171492099762,0.25298220715887726
"san-francisco","shelf","2026-07-15T06:00:00Z",37.26219940185547,-122.80168914794922,"2026-07-15T06:00:00Z","rtofs:Y377,X439",3007.091785003914,0,-0.20000000298023224,0.029999999329447746,-0.12469912320375443,-0.12638822197914124,0.2022374870093568
"san-francisco","shelf","2026-07-15T06:00:00Z",37.26219940185547,-122.73921966552734,"2026-07-15T06:00:00Z","rtofs:Y377,X440",3452.8734431591915,0,-0.23000000417232513,0.05000000074505806,-0.1697450578212738,-0.09296835958957672,0.23537205015416635
"san-francisco","shelf","2026-07-15T06:00:00Z",37.26219940185547,-122.6767578125,"2026-07-15T06:00:00Z","rtofs:Y377,X441",4426.180736017494,0,-0.17000000178813934,0.009999999776482582,-0.20327314734458923,-0.049974698573350906,0.1702938654311923
"san-francisco","shelf","2026-07-15T06:00:00Z",37.26219940185547,-122.61428833007812,"2026-07-15T06:00:00Z","rtofs:Y377,X441",3768.6959215348293,0,-0.10000000149011612,-0.029999999329447746,-0.20327314734458923,-0.049974698573350906,0.10440306632369613
"san-francisco","nearshore","2026-07-15T06:00:00Z",37.26219940185547,-122.55182647705078,"2026-07-15T06:00:00Z","rtofs:Y377,X442",3090.644868707531,0,-0.09000000357627869,-0.03999999910593033,-0.15911099314689636,-0.04003870487213135,0.09848858092288976
"san-francisco","nearshore","2026-07-15T06:00:00Z",37.26219940185547,-122.4893569946289,"2026-07-15T06:00:00Z","rtofs:Y377,X443",3116.0633070806184,0,-0.05999999865889549,-0.05999999865889549,-0.06127462536096573,-0.06773366034030914,0.08485281184577753
"san-francisco","shelf","2026-07-15T06:00:00Z",37.316139221191406,-123.30140686035156,"2026-07-15T06:00:00Z","rtofs:Y377,X433",3541.303213600224,0,-0.18000000715255737,-0.009999999776482582,-0.04201202094554901,-0.17210519313812256,0.1802775709023459
"san-francisco","shelf","2026-07-15T06:00:00Z",37.316139221191406,-123.23894500732422,"2026-07-15T06:00:00Z","rtofs:Y377,X434",4567.394009258163,0,-0.20000000298023224,0,-0.05234276503324509,-0.06899777799844742,0.20000000298023224
"san-francisco","shelf","2026-07-15T06:00:00Z",37.316139221191406,-123.17647552490234,"2026-07-15T06:00:00Z","rtofs:Y377,X434",3643.768516281747,0,-0.2199999988079071,0.019999999552965164,-0.05234276503324509,-0.06899777799844742,0.22090721911607536
"san-francisco","shelf","2026-07-15T06:00:00Z",37.316139221191406,-123.114013671875,"2026-07-15T06:00:00Z","rtofs:Y377,X435",3040.635736573913,0,-0.20999999344348907,0.05000000074505806,-0.0513799749314785,0.025282910093665123,0.2158703252435852
"san-francisco","shelf","2026-07-15T06:00:00Z",37.316139221191406,-123.05155181884766,"2026-07-15T06:00:00Z","rtofs:Y377,X436",3162.672445891274,0,-0.20999999344348907,0.07000000029802322,-0.08199156820774078,0.02936743199825287,0.2213594300859774
"san-francisco","shelf","2026-07-15T06:00:00Z",37.316139221191406,-122.98908233642578,"2026-07-15T06:00:00Z","rtofs:Y377,X437",3949.7070485674344,0,-0.23999999463558197,0.14000000059604645,-0.13089975714683533,-0.0401032455265522,0.2778488754556555
"san-francisco","shelf","2026-07-15T06:00:00Z",37.316139221191406,-122.92662048339844,"2026-07-15T06:00:00Z","rtofs:Y377,X437",4202.6025108883705,0,-0.23000000417232513,0.11999999731779099,-0.13089975714683533,-0.0401032455265522,0.2594224378798785
"san-francisco","shelf","2026-07-15T06:00:00Z",37.316139221191406,-122.86415100097656,"2026-07-15T06:00:00Z","rtofs:Y377,X438",3306.3460654711607,0,-0.2199999988079071,0.07000000029802322,-0.13775897026062012,-0.10615171492099762,0.2308679265666896
"san-francisco","shelf","2026-07-15T06:00:00Z",37.316139221191406,-122.80168914794922,"2026-07-15T06:00:00Z","rtofs:Y377,X439",2997.7683141958137,0,-0.23999999463558197,0.07999999821186066,-0.12469912320375443,-0.12638822197914124,0.25298220715887726
"san-francisco","shelf","2026-07-15T06:00:00Z",37.316139221191406,-122.73921966552734,"2026-07-15T06:00:00Z","rtofs:Y377,X440",3444.457163408318,0,-0.25999999046325684,0.07999999821186066,-0.1697450578212738,-0.09296835958957672,0.27202940053382346
"san-francisco","shelf","2026-07-15T06:00:00Z",37.316139221191406,-122.6767578125,"2026-07-15T06:00:00Z","rtofs:Y377,X441",4418.996530288414,0,-0.25999999046325684,0.05000000074505806,-0.20327314734458923,-0.049974698573350906,0.26476403667303355
"san-francisco","shelf","2026-07-15T06:00:00Z",37.316139221191406,-122.61428833007812,"2026-07-15T06:00:00Z","rtofs:Y377,X441",3760.7691533835523,0,-0.20000000298023224,-0.009999999776482582,-0.20327314734458923,-0.049974698573350906,0.20024984691035982
"san-francisco","nearshore","2026-07-15T06:00:00Z",37.316139221191406,-122.55182647705078,"2026-07-15T06:00:00Z","rtofs:Y377,X442",3081.514960317883,0,-0.12999999523162842,-0.05000000074505806,-0.15911099314689636,-0.04003870487213135,0.13928387858876282
"san-francisco","nearshore","2026-07-15T06:00:00Z",37.316139221191406,-122.4893569946289,"2026-07-15T06:00:00Z","rtofs:Y377,X443",3106.9898969417986,0,-0.23000000417232513,-0.07999999821186066,-0.06127462536096573,-0.06773366034030914,0.2435159165910255
"san-francisco","shelf","2026-07-15T06:00:00Z",37.370079040527344,-123.30140686035156,"2026-07-15T06:00:00Z","rtofs:Y378,X433",2692.0693971116543,0,-0.23000000417232513,-0.019999999552965164,-0.04541102424263954,-0.19648057222366333,0.2308679317302171
"san-francisco","shelf","2026-07-15T06:00:00Z",37.370079040527344,-123.23894500732422,"2026-07-15T06:00:00Z","rtofs:Y378,X434",3943.9177647887777,0,-0.23000000417232513,-0.019999999552965164,-0.04752806946635246,-0.09154495596885681,0.2308679317302171
"san-francisco","shelf","2026-07-15T06:00:00Z",37.370079040527344,-123.17647552490234,"2026-07-15T06:00:00Z","rtofs:Y378,X434",2825.297684273148,0,-0.23000000417232513,-0.019999999552965164,-0.04752806946635246,-0.09154495596885681,0.2308679317302171
"san-francisco","shelf","2026-07-15T06:00:00Z",37.370079040527344,-123.114013671875,"2026-07-15T06:00:00Z","rtofs:Y378,X435",1989.2278981619274,0,-0.20000000298023224,-0.009999999776482582,-0.030473455786705017,0.03060077130794525,0.20024984691035982
"san-francisco","shelf","2026-07-15T06:00:00Z",37.370079040527344,-123.05155181884766,"2026-07-15T06:00:00Z","rtofs:Y378,X436",2170.9157570184816,0,-0.20999999344348907,0.03999999910593033,-0.051086023449897766,0.057758625596761703,0.2137755766563147
"san-francisco","shelf","2026-07-15T06:00:00Z",37.370079040527344,-122.98908233642578,"2026-07-15T06:00:00Z","rtofs:Y378,X437",3209.6434732003695,0,-0.2199999988079071,0.09000000357627869,-0.08599328249692917,0.005825817584991455,0.23769728673085289
"san-francisco","shelf","2026-07-15T06:00:00Z",37.370079040527344,-122.92662048339844,"2026-07-15T06:00:00Z","rtofs:Y378,X437",3515.717507424222,0,-0.20000000298023224,0.09000000357627869,-0.08599328249692917,0.005825817584991455,0.2193171261799294
"san-francisco","shelf","2026-07-15T06:00:00Z",37.370079040527344,-122.86415100097656,"2026-07-15T06:00:00Z","rtofs:Y378,X438",2375.0472078021103,0,-0.23999999463558197,0.10000000149011612,-0.09361358731985092,-0.07504133880138397,0.2599999956213511
"san-francisco","shelf","2026-07-15T06:00:00Z",37.370079040527344,-122.80168914794922,"2026-07-15T06:00:00Z","rtofs:Y378,X439",1923.1696657615282,0,-0.27000001072883606,0.09000000357627869,-0.08950279653072357,-0.10341893136501312,0.28460500072434036
"san-francisco","shelf","2026-07-15T06:00:00Z",37.370079040527344,-122.73921966552734,"2026-07-15T06:00:00Z","rtofs:Y378,X440",2563.5429016773755,0,-0.30000001192092896,0.07999999821186066,-0.1251235157251358,-0.07539033144712448,0.3104835049828819
"san-francisco","shelf","2026-07-15T06:00:00Z",37.370079040527344,-122.6767578125,"2026-07-15T06:00:00Z","rtofs:Y378,X441",3771.3412518847576,0,-0.2800000011920929,0.029999999329447746,-0.1603681445121765,-0.04537704214453697,0.2816025579204473
"san-francisco","shelf","2026-07-15T06:00:00Z",37.370079040527344,-122.61428833007812,"2026-07-15T06:00:00Z","rtofs:Y378,X441",2974.4391055714977,0,-0.20999999344348907,-0.03999999910593033,-0.1603681445121765,-0.04537704214453697,0.2137755766563147
"san-francisco","shelf","2026-07-15T06:00:00Z",37.370079040527344,-122.55182647705078,"2026-07-15T06:00:00Z","rtofs:Y378,X442",2051.0741256172328,0,-0.1599999964237213,-0.07000000029802322,-0.13686178624629974,-0.03474742919206619,0.1746424888087492
"san-francisco","nearshore","2026-07-15T06:00:00Z",37.370079040527344,-122.4893569946289,"2026-07-15T06:00:00Z","rtofs:Y378,X443",2089.093182997537,0,-0.1899999976158142,-0.10000000149011612,-0.05278152972459793,-0.05743802338838577,0.2147091041200457
"san-francisco","shelf","2026-07-15T06:00:00Z",37.42401885986328,-123.30140686035156,"2026-07-15T06:00:00Z","rtofs:Y379,X433",2069.3822961263845,0,-0.23000000417232513,-0.05999999865889549,-0.038265060633420944,-0.20987559854984283,0.237697290178784
"san-francisco","shelf","2026-07-15T06:00:00Z",37.42401885986328,-123.23894500732422,"2026-07-15T06:00:00Z","rtofs:Y379,X434",3546.347674871507,0,-0.23999999463558197,-0.05999999865889549,-0.047205209732055664,-0.09691347926855087,0.2473863320075441
"san-francisco","shelf","2026-07-15T06:00:00Z",37.42401885986328,-123.17647552490234,"2026-07-15T06:00:00Z","rtofs:Y379,X434",2239.7011353156977,0,-0.23000000417232513,-0.07000000029802322,-0.047205209732055664,-0.09691347926855087,0.24041630968175354
"san-francisco","shelf","2026-07-15T06:00:00Z",37.42401885986328,-123.114013671875,"2026-07-15T06:00:00Z","rtofs:Y379,X435",998.6422087722104,0,-0.2199999988079071,-0.03999999910593033,-0.03393297642469406,0.004990730434656143,0.2236067964171786
"san-francisco","shelf","2026-07-15T06:00:00Z",37.42401885986328,-123.05155181884766,"2026-07-15T06:00:00Z","rtofs:Y379,X436",1323.6124936385681,0,-0.20999999344348907,-0.019999999552965164,-0.04126757010817528,0.05278206244111061,0.21095022452792997
"san-francisco","shelf","2026-07-15T06:00:00Z",37.42401885986328,-122.98908233642578,"2026-07-15T06:00:00Z","rtofs:Y379,X437",2707.7910830927813,0,-0.20000000298023224,0.029999999329447746,-0.05769851431250572,0.013929739594459534,0.2022374870093568
"san-francisco","shelf","2026-07-15T06:00:00Z",37.42401885986328,-122.92662048339844,"2026-07-15T06:00:00Z","rtofs:Y379,X437",3063.881023278817,0,-0.23000000417232513,0.05000000074505806,-0.05769851431250572,0.013929739594459534,0.23537205015416635
"san-francisco","shelf","2026-07-15T06:00:00Z",37.42401885986328,-122.86415100097656,"2026-07-15T06:00:00Z","rtofs:Y379,X438",1636.603385122116,0,-0.27000001072883606,0.07999999821186066,-0.06476971507072449,-0.06694899499416351,0.28160256658537275
"san-francisco","shelf","2026-07-15T06:00:00Z",37.42401885986328,-122.80168914794922,"2026-07-15T06:00:00Z","rtofs:Y379,X439",859.7935660082884,0,-0.27000001072883606,0.05999999865889549,-0.08098533749580383,-0.07664035260677338,0.2765863439012112
"san-francisco","shelf","2026-07-15T06:00:00Z",37.42401885986328,-122.73921966552734,"2026-07-15T06:00:00Z","rtofs:Y379,X440",1899.4513981468997,0,-0.2800000011920929,0.07000000029802322,-0.1298448145389557,-0.04881707951426506,0.2886173950220175
"san-francisco","shelf","2026-07-15T06:00:00Z",37.42401885986328,-122.6767578125,"2026-07-15T06:00:00Z","rtofs:Y379,X441",3353.683751977269,0,-0.25,0,-0.1436254233121872,-0.05788912624120712,0.25
"san-francisco","shelf","2026-07-15T06:00:00Z",37.42401885986328,-122.61428833007812,"2026-07-15T06:00:00Z","rtofs:Y379,X441",2424.847916034525,0,-0.17000000178813934,-0.07999999821186066,-0.1436254233121872,-0.05788912624120712,0.18788294313711684
"san-francisco","shelf","2026-07-15T06:00:00Z",37.42401885986328,-122.55182647705078,"2026-07-15T06:00:00Z","rtofs:Y379,X442",1116.5896009249282,0,-0.1599999964237213,-0.07999999821186066,-0.11840647459030151,-0.05736837536096573,0.17888543420158207
"san-francisco","shelf","2026-07-15T06:00:00Z",37.42401885986328,-122.4893569946289,"2026-07-15T06:00:00Z","rtofs:Y379,X443",1184.8759701464396,0,-0.07000000029802322,-0.10999999940395355,-0.04998883232474327,-0.05956472456455231,0.13038404776119292
"san-francisco","shelf","2026-07-15T06:00:00Z",37.47795867919922,-123.30140686035156,"2026-07-15T06:00:00Z","rtofs:Y380,X433",1898.8566766831168,0,-0.2199999988079071,-0.07999999821186066,-0.03626525029540062,-0.2059231698513031,0.23409399648298723
"san-francisco","shelf","2026-07-15T06:00:00Z",37.47795867919922,-123.23894500732422,"2026-07-15T06:00:00Z","rtofs:Y380,X434",3447.735869535009,0,-0.23000000417232513,-0.10000000149011612,-0.05514977127313614,-0.10488644242286682,0.2507987285001517
"san-francisco","shelf","2026-07-15T06:00:00Z",37.47795867919922,-123.17647552490234,"2026-07-15T06:00:00Z","rtofs:Y380,X434",2082.88821726798,0,-0.2199999988079071,-0.12999999523162842,-0.05514977127313614,-0.10488644242286682,0.255538643331498
"san-francisco","shelf","2026-07-15T06:00:00Z",37.47795867919922,-123.114013671875,"2026-07-15T06:00:00Z","rtofs:Y380,X435",570.7484242899152,0,-0.20999999344348907,-0.10999999940395355,-0.048816658556461334,-0.024877730756998062,0.2370653857380601
"san-francisco","shelf","2026-07-15T06:00:00Z",37.47795867919922,-123.05155181884766,"2026-07-15T06:00:00Z","rtofs:Y380,X436",1038.861659337301,0,-0.20999999344348907,-0.07999999821186066,-0.049453362822532654,0.028522279113531113,0.22472204377889404
"san-francisco","shelf","2026-07-15T06:00:00Z",37.47795867919922,-122.98908233642578,"2026-07-15T06:00:00Z","rtofs:Y380,X437",2578.887616592688,0,-0.23000000417232513,-0.029999999329447746,-0.06817355751991272,-0.014894507825374603,0.23194827414541472
"san-francisco","shelf","2026-07-15T06:00:00Z",37.47795867919922,-122.92662048339844,"2026-07-15T06:00:00Z","rtofs:Y380,X437",2950.029027931256,0,-0.23999999463558197,0,-0.06817355751991272,-0.014894507825374603,0.23999999463558197
"san-francisco","shelf","2026-07-15T06:00:00Z",37.47795867919922,-122.86415100097656,"2026-07-15T06:00:00Z","rtofs:Y380,X438",1415.733216357324,0,-0.27000001072883606,0.03999999910593033,-0.0651620402932167,-0.0532367043197155,0.2729468917611007
"san-francisco","shelf","2026-07-15T06:00:00Z",37.47795867919922,-122.80168914794922,"2026-07-15T06:00:00Z","rtofs:Y380,X439",260.99294761407634,0,-0.25,0.009999999776482582,-0.08954770863056183,-0.04634052887558937,0.2501999200550025
"san-francisco","shelf","2026-07-15T06:00:00Z",37.47795867919922,-122.73921966552734,"2026-07-15T06:00:00Z","rtofs:Y380,X440",1712.3922773049505,0,-0.23999999463558197,0,-0.14374297857284546,-0.04954780638217926,0.23999999463558197
"san-francisco","shelf","2026-07-15T06:00:00Z",37.47795867919922,-122.6767578125,"2026-07-15T06:00:00Z","rtofs:Y380,X441",3249.5509186881277,0,-0.14000000059604645,-0.15000000596046448,-0.11502106487751007,-0.06085395812988281,0.20518285005095427
"san-francisco","shelf","2026-07-15T06:00:00Z",37.47795867919922,-122.61428833007812,"2026-07-15T06:00:00Z","rtofs:Y380,X441",2280.503152039166,0,-0.23999999463558197,-0.09000000357627869,-0.11502106487751007,-0.06085395812988281,0.2563201085923802
"san-francisco","shelf","2026-07-15T06:00:00Z",37.47795867919922,-122.55182647705078,"2026-07-15T06:00:00Z","rtofs:Y380,X442",758.18759020796,0,-0.23999999463558197,-0.07999999821186066,-0.03695635497570038,-0.09454494714736938,0.25298220715887726
"san-francisco","shelf","2026-07-15T06:00:00Z",37.531898498535156,-123.30140686035156,"2026-07-15T06:00:00Z","rtofs:Y381,X433",2275.914815535772,0,-0.20999999344348907,-0.07999999821186066,-0.06010039523243904,-0.18195417523384094,0.22472204377889404
"san-francisco","shelf","2026-07-15T06:00:00Z",37.531898498535156,-123.23894500732422,"2026-07-15T06:00:00Z","rtofs:Y381,X434",3667.151546790584,0,-0.20999999344348907,-0.14000000059604645,-0.08535803854465485,-0.10204984992742538,0.2523885841577595
"san-francisco","shelf","2026-07-15T06:00:00Z",37.531898498535156,-123.17647552490234,"2026-07-15T06:00:00Z","rtofs:Y381,X434",2431.3377739843077,0,-0.1899999976158142,-0.1599999964237213,-0.08535803854465485,-0.10204984992742538,0.24839484284018506
"san-francisco","shelf","2026-07-15T06:00:00Z",37.531898498535156,-123.114013671875,"2026-07-15T06:00:00Z","rtofs:Y381,X435",1380.2317245792888,0,-0.18000000715255737,-0.17000000178813934,-0.0708673968911171,-0.02631320431828499,0.24758837449058083
"san-francisco","shelf","2026-07-15T06:00:00Z",37.531898498535156,-123.05155181884766,"2026-07-15T06:00:00Z","rtofs:Y381,X436",1630.1335293141456,0,-0.18000000715255737,-0.15000000596046448,-0.06470737606287003,0.006751120090484619,0.2343074995877428
"san-francisco","shelf","2026-07-15T06:00:00Z",37.531898498535156,-122.98908233642578,"2026-07-15T06:00:00Z","rtofs:Y381,X437",2867.055591303737,0,-0.20999999344348907,-0.10999999940395355,-0.07737430185079575,-0.04589386284351349,0.2370653857380601
"san-francisco","shelf","2026-07-15T06:00:00Z",37.531898498535156,-122.92662048339844,"2026-07-15T06:00:00Z","rtofs:Y381,X437",3204.4957498528547,0,-0.23000000417232513,-0.10000000149011612,-0.07737430185079575,-0.04589386284351349,0.2507987285001517
"san-francisco","shelf","2026-07-15T06:00:00Z",37.531898498535156,-122.86415100097656,"2026-07-15T06:00:00Z","rtofs:Y381,X438",1892.339450979034,0,-0.10000000149011612,-0.07999999821186066,-0.09108763933181763,-0.029068302363157272,0.1280624847952004
"san-francisco","shelf","2026-07-15T06:00:00Z",37.531898498535156,-122.80168914794922,"2026-07-15T06:00:00Z","rtofs:Y381,X439",1283.6697539745235,0,-0.07000000029802322,-0.18000000715255737,-0.1437080353498459,-0.04804619029164314,0.19313208593251396
"san-francisco","shelf","2026-07-15T06:00:00Z",37.531898498535156,-122.73921966552734,"2026-07-15T06:00:00Z","rtofs:Y381,X440",2123.0819726350883,0,-0.09000000357627869,-0.2199999988079071,-0.17100363969802856,-0.06580106168985367,0.23769728673085289
"san-francisco","shelf","2026-07-15T06:00:00Z",37.531898498535156,-122.6767578125,"2026-07-15T06:00:00Z","rtofs:Y381,X441",3481.77897538278,0,-0.18000000715255737,-0.11999999731779099,-0.11828894168138504,-0.06351833045482635,0.21633308099130505
"san-francisco","shelf","2026-07-15T06:00:00Z",37.531898498535156,-122.61428833007812,"2026-07-15T06:00:00Z","rtofs:Y381,X441",2602.3680822401293,0,-0.25999999046325684,-0.05000000074505806,-0.11828894168138504,-0.06351833045482635,0.26476403667303355
"san-francisco","shelf","2026-07-15T06:00:00Z",37.531898498535156,-122.55182647705078,"2026-07-15T06:00:00Z","rtofs:Y381,X442",1467.5635679533493,0,-0.25,-0.029999999329447746,-0.039951905608177185,-0.10841500014066696,0.25179356616039034
"san-francisco","shelf","2026-07-15T06:00:00Z",37.585838317871094,-123.30140686035156,"2026-07-15T06:00:00Z","rtofs:Y382,X433",2994.379765150519,0,-0.1599999964237213,-0.10999999940395355,-0.10709661990404129,-0.15478268265724182,0.19416487510479494
"san-francisco","shelf","2026-07-15T06:00:00Z",37.585838317871094,-123.23894500732422,"2026-07-15T06:00:00Z","rtofs:Y382,X434",4149.880405623035,0,-0.1599999964237213,-0.12999999523162842,-0.1168091893196106,-0.08158423751592636,0.20615527549838314
"san-francisco","shelf","2026-07-15T06:00:00Z",37.585838317871094,-123.17647552490234,"2026-07-15T06:00:00Z","rtofs:Y382,X434",3113.964300393967,0,-0.12999999523162842,-0.1599999964237213,-0.1168091893196106,-0.08158423751592636,0.20615527549838314
"san-francisco","shelf","2026-07-15T06:00:00Z",37.585838317871094,-123.114013671875,"2026-07-15T06:00:00Z","rtofs:Y382,X435",2386.7794902293504,0,-0.12999999523162842,-0.17000000178813934,-0.09965500235557556,-0.04401322081685066,0.21400934411420167
"san-francisco","shelf","2026-07-15T06:00:00Z",37.585838317871094,-123.05155181884766,"2026-07-15T06:00:00Z","rtofs:Y382,X436",2539.2573430123994,0,-0.14000000059604645,-0.18000000715255737,-0.11548759788274765,-0.04869791120290756,0.22803509103165176
"san-francisco","shelf","2026-07-15T06:00:00Z",37.585838317871094,-122.98908233642578,"2026-07-15T06:00:00Z","rtofs:Y382,X437",3464.353341650103,0,-0.17000000178813934,-0.1599999964237213,-0.09647060930728912,-0.04909440502524376,0.233452349449643
"san-francisco","shelf","2026-07-15T06:00:00Z",37.585838317871094,-122.92662048339844,"2026-07-15T06:00:00Z","rtofs:Y382,X437",3747.9733622692625,0,-0.17000000178813934,-0.14000000059604645,-0.09647060930728912,-0.04909440502524376,0.2202271572146823
"san-francisco","shelf","2026-07-15T06:00:00Z",37.585838317871094,-122.86415100097656,"2026-07-15T06:00:00Z","rtofs:Y382,X438",2714.772046805737,0,-0.09000000357627869,-0.09000000357627869,-0.1147649884223938,-0.06400787085294724,0.1272792256712004
"san-francisco","shelf","2026-07-15T06:00:00Z",37.585838317871094,-122.80168914794922,"2026-07-15T06:00:00Z","rtofs:Y382,X439",2332.35710551823,0,-0.07999999821186066,-0.1899999976158142,-0.17178875207901,-0.1017213761806488,0.20615527838963307
"san-francisco","shelf","2026-07-15T06:00:00Z",37.585838317871094,-122.73921966552734,"2026-07-15T06:00:00Z","rtofs:Y382,X440",2880.1141088222876,0,-0.05000000074505806,-0.23999999463558197,-0.14703157544136047,-0.0835801437497139,0.2451530083429228
"san-francisco","shelf","2026-07-15T06:00:00Z",37.585838317871094,-122.6767578125,"2026-07-15T06:00:00Z","rtofs:Y382,X441",3987.27698724519,0,-0.10999999940395355,-0.12999999523162842,-0.09920299798250198,-0.06142226234078407,0.170293859634143
"san-francisco","shelf","2026-07-15T06:00:00Z",37.585838317871094,-122.61428833007812,"2026-07-15T06:00:00Z","rtofs:Y382,X441",3249.0513627284954,0,-0.17000000178813934,-0.05999999865889549,-0.09920299798250198,-0.06142226234078407,0.18027756501305103
"san-francisco","shelf","2026-07-15T06:00:00Z",37.585838317871094,-122.55182647705078,"2026-07-15T06:00:00Z","rtofs:Y382,X442",2438.24282281347,0,-0.1599999964237213,-0.029999999329447746,-0.03793583810329437,-0.09186606109142303,0.1627882023223971
"san-francisco","shelf","2026-07-15T06:00:00Z",37.63977813720703,-123.30140686035156,"2026-07-15T06:00:00Z","rtofs:Y383,X433",3863.641472283614,0,-0.10999999940395355,-0.09000000357627869,-0.15200600028038025,-0.13465431332588196,0.1421267058388393
"san-francisco","shelf","2026-07-15T06:00:00Z",37.63977813720703,-123.23894500732422,"2026-07-15T06:00:00Z","rtofs:Y383,X434",4813.5128949594955,0,-0.10000000149011612,-0.11999999731779099,-0.1496199071407318,-0.08782726526260376,0.15620499241155217
"san-francisco","shelf","2026-07-15T06:00:00Z",37.63977813720703,-123.17647552490234,"2026-07-15T06:00:00Z","rtofs:Y383,X434",3956.897416775208,0,-0.05000000074505806,-0.1599999964237213,-0.1496199071407318,-0.08782726526260376,0.16763054295114788
"san-francisco","shelf","2026-07-15T06:00:00Z",37.63977813720703,-123.114013671875,"2026-07-15T06:00:00Z","rtofs:Y383,X435",3415.15546627357,0,-0.05000000074505806,-0.17000000178813934,-0.13567247986793518,-0.09109785407781601,0.177200453392403
"san-francisco","shelf","2026-07-15T06:00:00Z",37.63977813720703,-123.05155181884766,"2026-07-15T06:00:00Z","rtofs:Y383,X436",3523.2391454194403,0,-0.07000000029802322,-0.18000000715255737,-0.10152231901884079,-0.09264680743217468,0.19313208593251396
"san-francisco","shelf","2026-07-15T06:00:00Z",37.63977813720703,-122.98908233642578,"2026-07-15T06:00:00Z","rtofs:Y383,X437",4237.732088788911,0,-0.09000000357627869,-0.17000000178813934,-0.09315046668052673,-0.0877632200717926,0.1923538438703463
"san-francisco","shelf","2026-07-15T06:00:00Z",37.63977813720703,-122.92662048339844,"2026-07-15T06:00:00Z","rtofs:Y383,X437",4472.215133810117,0,-0.07999999821186066,-0.15000000596046448,-0.09315046668052673,-0.0877632200717926,0.17000000441775606
"san-francisco","shelf","2026-07-15T06:00:00Z",37.63977813720703,-122.86415100097656,"2026-07-15T06:00:00Z","rtofs:Y383,X438",3651.563978492139,0,-0.029999999329447746,-0.17000000178813934,-0.12175756692886353,-0.1354008913040161,0.17262676666071874
"san-francisco","shelf","2026-07-15T06:00:00Z",37.63977813720703,-122.80168914794922,"2026-07-15T06:00:00Z","rtofs:Y383,X439",3377.4050894872316,0,-0.03999999910593033,-0.2199999988079071,-0.11595468968153,-0.15825045108795166,0.2236067964171786
"san-francisco","shelf","2026-07-15T06:00:00Z",37.63977813720703,-122.73921966552734,"2026-07-15T06:00:00Z","rtofs:Y383,X440",3775.91457988982,0,-0.019999999552965164,-0.25,-0.09484284371137619,-0.12209924310445786,0.25079872404404013
"san-francisco","shelf","2026-07-15T06:00:00Z",37.63977813720703,-122.6767578125,"2026-07-15T06:00:00Z","rtofs:Y383,X441",4674.27673589633,0,-0.05000000074505806,-0.17000000178813934,-0.0697985291481018,-0.060877565294504166,0.177200453392403
"san-francisco","shelf","2026-07-15T06:00:00Z",37.63977813720703,-122.61428833007812,"2026-07-15T06:00:00Z","rtofs:Y383,X441",4063.895048143846,0,-0.07999999821186066,-0.05999999865889549,-0.0697985291481018,-0.060877565294504166,0.09999999776482582
"san-francisco","shelf","2026-07-15T06:00:00Z",37.63977813720703,-122.55182647705078,"2026-07-15T06:00:00Z","rtofs:Y383,X442",3451.2616628746837,0,-0.09000000357627869,-0.009999999776482582,-0.025778165087103844,-0.0645102933049202,0.09055385491109601
"san-francisco","shelf","2026-07-15T06:00:00Z",37.693721771240234,-123.30140686035156,"2026-07-15T06:00:00Z","rtofs:Y383,X433",3228.6612249289865,0,-0.05000000074505806,-0.10000000149011612,-0.15200600028038025,-0.13465431332588196,0.11180340054098996
"san-francisco","shelf","2026-07-15T06:00:00Z",37.693721771240234,-123.23894500732422,"2026-07-15T06:00:00Z","rtofs:Y383,X434",4319.773825155076,0,-0.03999999910593033,-0.12999999523162842,-0.1496199071407318,-0.08782726526260376,0.13601470026691173
"san-francisco","shelf","2026-07-15T06:00:00Z",37.693721771240234,-123.17647552490234,"2026-07-15T06:00:00Z","rtofs:Y383,X434",3339.616020353909,0,-0.019999999552965164,-0.1599999964237213,-0.1496199071407318,-0.08782726526260376,0.1612451513618609
"san-francisco","shelf","2026-07-15T06:00:00Z",37.693721771240234,-123.114013671875,"2026-07-15T06:00:00Z","rtofs:Y383,X435",2676.2261713685116,0,0.009999999776482582,-0.20000000298023224,-0.13567247986793518,-0.09109785407781601,0.20024984691035982
"san-francisco","shelf","2026-07-15T06:00:00Z",37.693721771240234,-123.05155181884766,"2026-07-15T06:00:00Z","rtofs:Y383,X436",2812.7511224121677,0,-0.009999999776482582,-0.20999999344348907,-0.10152231901884079,-0.09264680743217468,0.2102379538565649
"san-francisco","shelf","2026-07-15T06:00:00Z",37.693721771240234,-122.98908233642578,"2026-07-15T06:00:00Z","rtofs:Y383,X437",3667.79214430652,0,-0.029999999329447746,-0.20999999344348907,-0.09315046668052673,-0.0877632200717926,0.21213202777051918
"san-francisco","shelf","2026-07-15T06:00:00Z",37.693721771240234,-122.92662048339844,"2026-07-15T06:00:00Z","rtofs:Y383,X437",3936.184738953116,0,0,-0.17000000178813934,-0.09315046668052673,-0.0877632200717926,0.17000000178813934
"san-francisco","shelf","2026-07-15T06:00:00Z",37.693721771240234,-122.86415100097656,"2026-07-15T06:00:00Z","rtofs:Y383,X438",2971.8017009902505,0,0.009999999776482582,-0.18000000715255737,-0.12175756692886353,-0.1354008913040161,0.1802775709023459
"san-francisco","shelf","2026-07-15T06:00:00Z",37.693721771240234,-122.80168914794922,"2026-07-15T06:00:00Z","rtofs:Y383,X439",2627.9176363726565,0,0,-0.20000000298023224,-0.11595468968153,-0.15825045108795166,0.20000000298023224
"san-francisco","shelf","2026-07-15T06:00:00Z",37.693721771240234,-122.73921966552734,"2026-07-15T06:00:00Z","rtofs:Y383,X440",3123.2268128353962,0,0,-0.23000000417232513,-0.09484284371137619,-0.12209924310445786,0.23000000417232513
"san-francisco","shelf","2026-07-15T06:00:00Z",37.693721771240234,-122.6767578125,"2026-07-15T06:00:00Z","rtofs:Y383,X441",4164.1760673973395,0,-0.009999999776482582,-0.17000000178813934,-0.0697985291481018,-0.060877565294504166,0.1702938654311923
"san-francisco","shelf","2026-07-15T06:00:00Z",37.693721771240234,-122.61428833007812,"2026-07-15T06:00:00Z","rtofs:Y383,X441",3465.6337700629033,0,-0.029999999329447746,0.019999999552965164,-0.0697985291481018,-0.060877565294504166,0.03605551194873638
"san-francisco","nearshore","2026-07-15T06:00:00Z",37.693721771240234,-122.55182647705078,"2026-07-15T06:00:00Z","rtofs:Y383,X442",2722.118035712245,0,-0.07000000029802322,0.11999999731779099,-0.025778165087103844,-0.0645102933049202,0.13892443772782775
"san-francisco","shelf","2026-07-15T06:00:00Z",37.74766159057617,-123.30140686035156,"2026-07-15T06:00:00Z","rtofs:Y384,X433",2457.8141188381865,0,0,-0.10000000149011612,-0.15851691365242004,-0.14656950533390045,0.10000000149011612
"san-francisco","shelf","2026-07-15T06:00:00Z",37.74766159057617,-123.23894500732422,"2026-07-15T06:00:00Z","rtofs:Y384,X434",3776.7741310397164,0,-0.009999999776482582,-0.12999999523162842,-0.14144372940063477,-0.13851118087768555,0.1303840433325837
"san-francisco","shelf","2026-07-15T06:00:00Z",37.74766159057617,-123.17647552490234,"2026-07-15T06:00:00Z","rtofs:Y384,X434",2601.630262414102,0,0.019999999552965164,-0.18000000715255737,-0.14144372940063477,-0.13851118087768555,0.18110770982219201
"san-francisco","shelf","2026-07-15T06:00:00Z",37.74766159057617,-123.114013671875,"2026-07-15T06:00:00Z","rtofs:Y384,X435",1668.5143760166507,0,0.009999999776482582,-0.2199999988079071,-0.09940311312675476,-0.12386469542980194,0.22022715425443967
"san-francisco","shelf","2026-07-15T06:00:00Z",37.74766159057617,-123.05155181884766,"2026-07-15T06:00:00Z","rtofs:Y384,X436",1879.3982906692122,0,-0.009999999776482582,-0.23000000417232513,-0.06670263409614563,-0.12684085965156555,0.2302172928231049
"san-francisco","shelf","2026-07-15T06:00:00Z",37.74766159057617,-122.98908233642578,"2026-07-15T06:00:00Z","rtofs:Y384,X437",3010.7322531657214,0,-0.009999999776482582,-0.23999999463558197,-0.0686725601553917,-0.163004070520401,0.24020823762021365
"san-francisco","shelf","2026-07-15T06:00:00Z",37.74766159057617,-122.92662048339844,"2026-07-15T06:00:00Z","rtofs:Y384,X437",3331.986427306392,0,0.029999999329447746,-0.1599999964237213,-0.0686725601553917,-0.163004070520401,0.1627882023223971
"san-francisco","shelf","2026-07-15T06:00:00Z",37.74766159057617,-122.86415100097656,"2026-07-15T06:00:00Z","rtofs:Y384,X438",2109.6729578980944,0,0.029999999329447746,-0.18000000715255737,-0.04968367516994476,-0.17576321959495544,0.18248288285394762
"san-francisco","shelf","2026-07-15T06:00:00Z",37.74766159057617,-122.80168914794922,"2026-07-15T06:00:00Z","rtofs:Y384,X439",1590.0031038443842,0,0.029999999329447746,-0.1899999976158142,-0.03918937221169472,-0.19142699241638184,0.19235383815712198
"san-francisco","shelf","2026-07-15T06:00:00Z",37.74766159057617,-122.73921966552734,"2026-07-15T06:00:00Z","rtofs:Y384,X440",2317.8009737805273,0,0.05000000074505806,-0.1899999976158142,-0.04329349473118782,-0.159368097782135,0.19646882492781192
"san-francisco","shelf","2026-07-15T06:00:00Z",37.74766159057617,-122.6767578125,"2026-07-15T06:00:00Z","rtofs:Y384,X441",3598.058654515969,0,0.07999999821186066,0,-0.027084726840257645,-0.0640994980931282,0.07999999821186066
"san-francisco","nearshore","2026-07-15T06:00:00Z",37.74766159057617,-122.61428833007812,"2026-07-15T06:00:00Z","rtofs:Y384,X441",2761.287126932457,0,0.10000000149011612,0.20999999344348907,-0.027084726840257645,-0.0640994980931282,0.23259406171329627
"san-francisco","nearshore","2026-07-15T06:00:00Z",37.74766159057617,-122.55182647705078,"2026-07-15T06:00:00Z","rtofs:Y384,X442",1741.0596396013834,0,0.11999999731779099,0.20999999344348907,-0.00839789304882288,-0.02666628360748291,0.24186772542556248
"san-francisco","shelf","2026-07-15T06:00:00Z",37.80160140991211,-123.30140686035156,"2026-07-15T06:00:00Z","rtofs:Y385,X433",1956.9588943455603,0,0.07000000029802322,-0.10000000149011612,-0.10934170335531235,-0.1768888682126999,0.12206555754899281
"san-francisco","shelf","2026-07-15T06:00:00Z",37.80160140991211,-123.23894500732422,"2026-07-15T06:00:00Z","rtofs:Y385,X434",3469.8472680688733,0,0.03999999910593033,-0.12999999523162842,-0.07235074043273926,-0.17045392096042633,0.13601470026691173
"san-francisco","shelf","2026-07-15T06:00:00Z",37.80160140991211,-123.17647552490234,"2026-07-15T06:00:00Z","rtofs:Y385,X434",2134.51768750347,0,0.05000000074505806,-0.1899999976158142,-0.07235074043273926,-0.17045392096042633,0.19646882492781192
"san-francisco","shelf","2026-07-15T06:00:00Z",37.80160140991211,-123.114013671875,"2026-07-15T06:00:00Z","rtofs:Y385,X435",760.2204381097231,0,0.019999999552965164,-0.20999999344348907,-0.04856912046670914,-0.15870210528373718,0.21095022452792997
"san-francisco","shelf","2026-07-15T06:00:00Z",37.80160140991211,-123.05155181884766,"2026-07-15T06:00:00Z","rtofs:Y385,X436",1151.0639094522676,0,-0.03999999910593033,-0.2199999988079071,-0.04783838987350464,-0.17636173963546753,0.2236067964171786
"san-francisco","shelf","2026-07-15T06:00:00Z",37.80160140991211,-122.98908233642578,"2026-07-15T06:00:00Z","rtofs:Y385,X437",2616.975140124346,0,-0.029999999329447746,-0.2199999988079071,-0.028583381325006485,-0.1791074126958847,0.22203603183998313
"san-francisco","shelf","2026-07-15T06:00:00Z",37.80160140991211,-122.92662048339844,"2026-07-15T06:00:00Z","rtofs:Y385,X437",2980.429053380318,0,0.03999999910593033,-0.15000000596046448,-0.028583381325006485,-0.1791074126958847,0.15524175249144095
"san-francisco","shelf","2026-07-15T06:00:00Z",37.80160140991211,-122.86415100097656,"2026-07-15T06:00:00Z","rtofs:Y385,X438",1497.3562325005728,0,0.07000000029802322,-0.23999999463558197,-0.015050170943140984,-0.1748695969581604,0.24999999493360522
"san-francisco","nearshore","2026-07-15T06:00:00Z",37.80160140991211,-122.80168914794922,"2026-07-15T06:00:00Z","rtofs:Y385,X439",567.8995032766677,0,0.07000000029802322,-0.23000000417232513,-0.03357411548495293,-0.18694934248924255,0.24041630968175354
"san-francisco","nearshore","2026-07-15T06:00:00Z",37.80160140991211,-122.73921966552734,"2026-07-15T06:00:00Z","rtofs:Y385,X440",1778.228885725648,0,0.07000000029802322,-0.05000000074505806,-0.03056131675839424,-0.1522776484489441,0.08602325334599394
"san-francisco","nearshore","2026-07-15T06:00:00Z",37.80160140991211,-122.6767578125,"2026-07-15T06:00:00Z","rtofs:Y385,X441",3274.741247179174,0,0.17000000178813934,0.17000000178813934,-0.008810139261186123,-0.0495704784989357,0.24041630813223708
"san-francisco","nearshore","2026-07-15T06:00:00Z",37.80160140991211,-122.61428833007812,"2026-07-15T06:00:00Z","rtofs:Y385,X441",2326.1634887873906,0,0.2199999988079071,0.36000001430511475,-0.008810139261186123,-0.0495704784989357,0.4219004737792575
"san-francisco","nearshore","2026-07-15T06:00:00Z",37.80160140991211,-122.55182647705078,"2026-07-15T06:00:00Z","rtofs:Y385,X442",908.2356007551167,0,0.25999999046325684,0.38999998569488525,-0.0012123954948037863,-0.0015579129103571177,0.4687216486177104
"san-francisco","shelf","2026-07-15T06:00:00Z",37.85554122924805,-123.30140686035156,"2026-07-15T06:00:00Z","rtofs:Y386,X433",1937.03381484685,0,0.07999999821186066,-0.10000000149011612,-0.04670221358537674,-0.20028184354305267,0.1280624847952004
"san-francisco","shelf","2026-07-15T06:00:00Z",37.85554122924805,-123.23894500732422,"2026-07-15T06:00:00Z","rtofs:Y386,X434",3456.7658119811445,0,0.10000000149011612,-0.12999999523162842,-0.029307397082448006,-0.1932670623064041,0.16401219179758142
"san-francisco","shelf","2026-07-15T06:00:00Z",37.85554122924805,-123.17647552490234,"2026-07-15T06:00:00Z","rtofs:Y386,X434",2115.992765192519,0,0.10000000149011612,-0.17000000178813934,-0.029307397082448006,-0.1932670623064041,0.19723083152993756
"san-francisco","shelf","2026-07-15T06:00:00Z",37.85554122924805,-123.114013671875,"2026-07-15T06:00:00Z","rtofs:Y386,X435",710.988456411906,0,0,-0.1599999964237213,-0.03800853341817856,-0.1911982297897339,0.1599999964237213
"san-francisco","nearshore","2026-07-15T06:00:00Z",37.85554122924805,-123.05155181884766,"2026-07-15T06:00:00Z","rtofs:Y386,X436",1118.6298590942715,0,-0.05000000074505806,-0.18000000715255737,-0.05069277063012123,-0.18132197856903076,0.1868154240137214
"san-francisco","nearshore","2026-07-15T06:00:00Z",37.85554122924805,-122.98908233642578,"2026-07-15T06:00:00Z","rtofs:Y386,X437",2601.1886816946153,0,-0.07999999821186066,-0.20000000298023224,-0.056002091616392136,-0.17255114018917084,0.21540659438835807
"san-francisco","nearshore","2026-07-15T06:00:00Z",37.85554122924805,-122.92662048339844,"2026-07-15T06:00:00Z","rtofs:Y386,X437",2966.0334235033415,0,0.03999999910593033,-0.12999999523162842,-0.056002091616392136,-0.17255114018917084,0.13601470026691173
"san-francisco","nearshore","2026-07-15T06:00:00Z",37.85554122924805,-122.86415100097656,"2026-07-15T06:00:00Z","rtofs:Y386,X438",1472.0752952139037,0,0.09000000357627869,-0.10999999940395355,-0.06892144680023193,-0.17617276310920715,0.1421267058388393
"san-francisco","nearshore","2026-07-15T06:00:00Z",37.85554122924805,-122.80168914794922,"2026-07-15T06:00:00Z","rtofs:Y386,X439",500.48421039864587,0,0.10000000149011612,0.12999999523162842,-0.07866634428501129,-0.15249592065811157,0.16401219179758142
"san-francisco","nearshore","2026-07-15T06:00:00Z",37.85554122924805,-122.73921966552734,"2026-07-15T06:00:00Z","rtofs:Y386,X440",1756.578696288569,0,0.10999999940395355,0.1599999964237213,-0.04416878893971443,-0.0666516125202179,0.19416487510479494
"san-francisco","nearshore","2026-07-15T06:00:00Z",37.85554122924805,-122.6767578125,"2026-07-15T06:00:00Z","rtofs:Y386,X441",3261.1972046308842,0,0.2199999988079071,0.2800000011920929,-0.006531920284032822,-0.016907455399632454,0.356089876496161
"san-francisco","nearshore","2026-07-15T06:00:00Z",37.85554122924805,-122.61428833007812,"2026-07-15T06:00:00Z","rtofs:Y386,X441",2308.882910720971,0,0.28999999165534973,0.36000001430511475,-0.006531920284032822,-0.016907455399632454,0.46227697915836746
"san-francisco","shelf","2026-07-15T06:00:00Z",37.909481048583984,-123.30140686035156,"2026-07-15T06:00:00Z","rtofs:Y387,X433",2402.3956873463867,0,0.09000000357627869,-0.09000000357627869,-0.014393551275134087,-0.22302815318107605,0.1272792256712004
"san-francisco","shelf","2026-07-15T06:00:00Z",37.909481048583984,-123.23894500732422,"2026-07-15T06:00:00Z","rtofs:Y387,X434",3735.7211264226466,0,0.14000000059604645,-0.14000000059604645,-0.027131756767630577,-0.21492326259613037,0.1979898995751703
"san-francisco","shelf","2026-07-15T06:00:00Z",37.909481048583984,-123.17647552490234,"2026-07-15T06:00:00Z","rtofs:Y387,X434",2548.6620242952677,0,0.05000000074505806,-0.11999999731779099,-0.027131756767630577,-0.21492326259613037,0.12999999781067556
"san-francisco","nearshore","2026-07-15T06:00:00Z",37.909481048583984,-123.114013671875,"2026-07-15T06:00:00Z","rtofs:Y387,X435",1590.6185626498207,0,0.03999999910593033,-0.10999999940395355,-0.04570534825325012,-0.18033245205879211,0.11704699824149362
"san-francisco","nearshore","2026-07-15T06:00:00Z",37.909481048583984,-123.05155181884766,"2026-07-15T06:00:00Z","rtofs:Y387,X436",1809.616177284578,0,0,-0.11999999731779099,-0.05176107585430145,-0.1453285813331604,0.11999999731779099
"san-francisco","nearshore","2026-07-15T06:00:00Z",37.909481048583984,-122.98908233642578,"2026-07-15T06:00:00Z","rtofs:Y387,X437",2963.2413327365375,0,-0.009999999776482582,-0.12999999523162842,-0.03338290750980377,-0.08564657717943192,0.1303840433325837
"san-francisco","nearshore","2026-07-15T06:00:00Z",37.909481048583984,-122.92662048339844,"2026-07-15T06:00:00Z","rtofs:Y387,X437",3287.665438259758,0,-0.029999999329447746,-0.14000000059604645,-0.03338290750980377,-0.08564657717943192,0.143178211075079
"san-francisco","nearshore","2026-07-15T06:00:00Z",37.909481048583984,-122.86415100097656,"2026-07-15T06:00:00Z","rtofs:Y387,X438",2046.6873026189855,0,0.11999999731779099,-0.05000000074505806,-0.012872830033302307,-0.09262054413557053,0.12999999781067556
"san-francisco","nearshore","2026-07-15T06:00:00Z",37.909481048583984,-122.80168914794922,"2026-07-15T06:00:00Z","rtofs:Y387,X439",1508.4602798575825,0,0.11999999731779099,0,-0.0025003645569086075,-0.06677054613828659,0.11999999731779099
"san-francisco","shelf","2026-07-15T06:00:00Z",37.96342086791992,-123.30140686035156,"2026-07-15T06:00:00Z","rtofs:Y388,X433",3138.6323854656007,0,0.10999999940395355,-0.10999999940395355,0.012932861223816872,-0.2567369341850281,0.1555634910181035
"san-francisco","shelf","2026-07-15T06:00:00Z",37.96342086791992,-123.23894500732422,"2026-07-15T06:00:00Z","rtofs:Y388,X434",4245.244055655699,0,0.09000000357627869,-0.10000000149011612,0.02412460371851921,-0.22594569623470306,0.13453624397073602
"san-francisco","shelf","2026-07-15T06:00:00Z",37.96342086791992,-123.17647552490234,"2026-07-15T06:00:00Z","rtofs:Y388,X434",3251.7739685421802,0,0.05999999865889549,-0.07999999821186066,0.02412460371851921,-0.22594569623470306,0.09999999776482582
"san-francisco","nearshore","2026-07-15T06:00:00Z",37.96342086791992,-123.114013671875,"2026-07-15T06:00:00Z","rtofs:Y388,X435",2571.912470819552,0,0,-0.07999999821186066,0.01588534563779831,-0.1680164933204651,0.07999999821186066
"san-francisco","nearshore","2026-07-15T06:00:00Z",37.96342086791992,-123.05155181884766,"2026-07-15T06:00:00Z","rtofs:Y388,X436",2712.5987717006255,0,-0.029999999329447746,-0.09000000357627869,0.0034276414662599564,-0.12183821201324463,0.09486833298576001
"san-francisco","shelf","2026-07-15T06:00:00Z",38.01736068725586,-123.30140686035156,"2026-07-15T06:00:00Z","rtofs:Y388,X433",3952.0296337769482,0,0.07999999821186066,-0.09000000357627869,0.012932861223816872,-0.2567369341850281,0.12041594727289191
"san-francisco","shelf","2026-07-15T06:00:00Z",38.01736068725586,-123.23894500732422,"2026-07-15T06:00:00Z","rtofs:Y388,X434",4876.844934920424,0,0.05999999865889549,-0.07000000029802322,0.02412460371851921,-0.22594569623470306,0.09219544392642573
"san-francisco","shelf","2026-07-15T06:00:00Z",38.01736068725586,-123.17647552490234,"2026-07-15T06:00:00Z","rtofs:Y388,X434",4042.403680364355,0,0.03999999910593033,-0.03999999910593033,0.02412460371851921,-0.22594569623470306,0.05656854123051835
"san-francisco","nearshore","2026-07-15T06:00:00Z",38.01736068725586,-123.114013671875,"2026-07-15T06:00:00Z","rtofs:Y388,X435",3519.1813422173636,0,0.009999999776482582,-0.05000000074505806,0.01588534563779831,-0.1680164933204651,0.05099019582268202
"san-francisco","nearshore","2026-07-15T06:00:00Z",38.01736068725586,-123.05155181884766,"2026-07-15T06:00:00Z","rtofs:Y388,X436",3623.1959972234504,0,0.009999999776482582,-0.05999999865889549,0.0034276414662599564,-0.12183821201324463,0.06082762394337882
"san-francisco","shelf","2026-07-15T06:00:00Z",38.0713005065918,-123.30140686035156,"2026-07-15T06:00:00Z","rtofs:Y389,X433",3098.6547818580248,0,0.019999999552965164,-0.09000000357627869,0.06135716661810875,-0.28681620955467224,0.09219544796707038
"san-francisco","shelf","2026-07-15T06:00:00Z",38.0713005065918,-123.23894500732422,"2026-07-15T06:00:00Z","rtofs:Y389,X434",4213.515517303576,0,0.019999999552965164,-0.05999999865889549,0.07869960367679596,-0.23517857491970062,0.06324555178971931
"san-francisco","shelf","2026-07-15T06:00:00Z",38.0713005065918,-123.17647552490234,"2026-07-15T06:00:00Z","rtofs:Y389,X434",3212.9422764028086,0,0.019999999552965164,-0.009999999776482582,0.07869960367679596,-0.23517857491970062,0.02236067927519776
"san-francisco","nearshore","2026-07-15T06:00:00Z",38.0713005065918,-123.114013671875,"2026-07-15T06:00:00Z","rtofs:Y389,X435",2524.464296217892,0,0.009999999776482582,-0.03999999910593033,0.052655160427093506,-0.16334620118141174,0.041231055334590684
"san-francisco","nearshore","2026-07-15T06:00:00Z",38.0713005065918,-123.05155181884766,"2026-07-15T06:00:00Z","rtofs:Y389,X436",2667.329496086101,0,0,-0.029999999329447746,0.016424531117081642,-0.09566690027713776,0.029999999329447746
"san-francisco","shelf","2026-07-15T06:00:00Z",38.125240325927734,-123.30140686035156,"2026-07-15T06:00:00Z","rtofs:Y390,X433",2375.953252844315,0,-0.03999999910593033,-0.10999999940395355,0.09251823276281357,-0.31094664335250854,0.11704699824149362
"san-francisco","shelf","2026-07-15T06:00:00Z",38.125240325927734,-123.23894500732422,"2026-07-15T06:00:00Z","rtofs:Y390,X434",3712.704996214332,0,-0.03999999910593033,-0.03999999910593033,0.10515183210372925,-0.23674365878105164,0.05656854123051835
"san-francisco","shelf","2026-07-15T06:00:00Z",38.125240325927734,-123.17647552490234,"2026-07-15T06:00:00Z","rtofs:Y390,X434",2522.962103117173,0,-0.019999999552965164,0,0.10515183210372925,-0.23674365878105164,0.019999999552965164
"san-francisco","nearshore","2026-07-15T06:00:00Z",38.125240325927734,-123.114013671875,"2026-07-15T06:00:00Z","rtofs:Y390,X435",1556.1400752946097,0,0.009999999776482582,0,0.0658700093626976,-0.14128568768501282,0.009999999776482582
"san-francisco","nearshore","2026-07-15T06:00:00Z",38.125240325927734,-123.05155181884766,"2026-07-15T06:00:00Z","rtofs:Y390,X436",1778.2331984447715,0,0.009999999776482582,0,0.018685100600123405,-0.04396979138255119,0.009999999776482582
"san-francisco","shelf","2026-07-15T06:00:00Z",38.17918014526367,-123.30140686035156,"2026-07-15T06:00:00Z","rtofs:Y391,X433",1926.1081442243506,0,-0.09000000357627869,-0.10000000149011612,0.07094677537679672,-0.3285287916660309,0.13453624397073602
"san-francisco","shelf","2026-07-15T06:00:00Z",38.17918014526367,-123.23894500732422,"2026-07-15T06:00:00Z","rtofs:Y391,X434",3440.3326883030113,0,-0.07000000029802322,-0.03999999910593033,0.06575287878513336,-0.21929143369197845,0.08062257729815935
"san-francisco","shelf","2026-07-15T06:00:00Z",38.17918014526367,-123.17647552490234,"2026-07-15T06:00:00Z","rtofs:Y391,X434",2104.5008200567518,0,-0.09000000357627869,0,0.06575287878513336,-0.21929143369197845,0.09000000357627869
"san-francisco","nearshore","2026-07-15T06:00:00Z",38.17918014526367,-123.114013671875,"2026-07-15T06:00:00Z","rtofs:Y391,X435",701.0496651077676,0,-0.07999999821186066,0,0.012809593230485916,-0.10036309063434601,0.07999999821186066
"san-francisco","nearshore","2026-07-15T06:00:00Z",38.17918014526367,-123.05155181884766,"2026-07-15T06:00:00Z","rtofs:Y391,X436",1109.426259502976,0,-0.05000000074505806,0,-0.008425125852227211,-0.008929809555411339,0.05000000074505806
"san-francisco","shelf","2026-07-15T06:00:00Z",38.23311996459961,-123.30140686035156,"2026-07-15T06:00:00Z","rtofs:Y392,X433",1939.5746801660005,0,-0.10000000149011612,-0.07000000029802322,0.030776238068938255,-0.3103469908237457,0.12206555754899281
"san-francisco","shelf","2026-07-15T06:00:00Z",38.23311996459961,-123.23894500732422,"2026-07-15T06:00:00Z","rtofs:Y392,X434",3446.0003037643482,0,-0.09000000357627869,-0.029999999329447746,-0.0016686711460351944,-0.15800276398658752,0.09486833298576001
"san-francisco","nearshore","2026-07-15T06:00:00Z",38.23311996459961,-123.17647552490234,"2026-07-15T06:00:00Z","rtofs:Y392,X434",2116.560475911167,0,-0.10999999940395355,0.009999999776482582,-0.0016686711460351944,-0.15800276398658752,0.11045360955803768
"san-francisco","nearshore","2026-07-15T06:00:00Z",38.23311996459961,-123.114013671875,"2026-07-15T06:00:00Z","rtofs:Y392,X435",740.7347903969477,0,-0.11999999731779099,0.009999999776482582,-0.05184626206755638,-0.03446377068758011,0.12041594309641682
"san-francisco","nearshore","2026-07-15T06:00:00Z",38.23311996459961,-123.05155181884766,"2026-07-15T06:00:00Z","rtofs:Y392,X436",1134.3979131703184,0,-0.10000000149011612,0,-0.03337450698018074,0.0012139137834310532,0.10000000149011612
"san-francisco","shelf","2026-07-15T06:00:00Z",38.28705978393555,-123.30140686035156,"2026-07-15T06:00:00Z","rtofs:Y393,X433",2400.9855781176516,0,-0.14000000059604645,-0.03999999910593033,-0.00254879891872406,-0.24375444650650024,0.1456021981131035
"san-francisco","shelf","2026-07-15T06:00:00Z",38.28705978393555,-123.23894500732422,"2026-07-15T06:00:00Z","rtofs:Y393,X434",3723.5293884527096,0,-0.15000000596046448,0.019999999552965164,-0.0211039911955595,-0.0722399353981018,0.15132746535331246
"san-francisco","nearshore","2026-07-15T06:00:00Z",38.28705978393555,-123.17647552490234,"2026-07-15T06:00:00Z","rtofs:Y393,X434",2545.8706169197553,0,-0.1599999964237213,0.029999999329447746,-0.0211039911955595,-0.0722399353981018,0.1627882023223971
"san-francisco","nearshore","2026-07-15T06:00:00Z",38.28705978393555,-123.114013671875,"2026-07-15T06:00:00Z","rtofs:Y393,X435",1598.9465543463589,0,-0.1599999964237213,0.019999999552965164,-0.01937827467918396,0.004467811435461044,0.1612451513618609
"san-francisco","shelf","2026-07-15T12:00:00Z",37.20825958251953,-123.30140686035156,"2026-07-15T12:00:00Z","rtofs:Y376,X433",2697.3388647485094,0,-0.11999999731779099,-0.019999999552965164,-0.05074434354901314,-0.02800883911550045,0.12165524788675763
"san-francisco","shelf","2026-07-15T12:00:00Z",37.20825958251953,-123.23894500732422,"2026-07-15T12:00:00Z","rtofs:Y376,X434",3951.5653296348237,0,-0.12999999523162842,-0.009999999776482582,-0.0772039145231247,0.1466033011674881,0.1303840433325837
"san-francisco","shelf","2026-07-15T12:00:00Z",37.20825958251953,-123.17647552490234,"2026-07-15T12:00:00Z","rtofs:Y376,X434",2830.81900609734,0,-0.11999999731779099,-0.029999999329447746,-0.0772039145231247,0.1466033011674881,0.12369316600377205
"san-francisco","shelf","2026-07-15T12:00:00Z",37.20825958251953,-123.114013671875,"2026-07-15T12:00:00Z","rtofs:Y376,X435",1993.178374601432,0,-0.11999999731779099,-0.009999999776482582,-0.07843628525733948,0.22254091501235962,0.12041594309641682
"san-francisco","shelf","2026-07-15T12:00:00Z",37.20825958251953,-123.05155181884766,"2026-07-15T12:00:00Z","rtofs:Y376,X436",2175.2051737596553,0,-0.12999999523162842,0,-0.10379818081855774,0.2015393227338791,0.12999999523162842
"san-francisco","shelf","2026-07-15T12:00:00Z",37.20825958251953,-122.98908233642578,"2026-07-15T12:00:00Z","rtofs:Y376,X437",3215.8933869443604,0,-0.10999999940395355,0.009999999776482582,-0.1270284503698349,0.16009604930877686,0.11045360955803768
"san-francisco","shelf","2026-07-15T12:00:00Z",37.20825958251953,-122.92662048339844,"2026-07-15T12:00:00Z","rtofs:Y376,X437",3522.5492840946768,0,-0.11999999731779099,0,-0.1270284503698349,0.16009604930877686,0.11999999731779099
"san-francisco","shelf","2026-07-15T12:00:00Z",37.20825958251953,-122.86415100097656,"2026-07-15T12:00:00Z","rtofs:Y376,X438",2379.7193428623336,0,-0.10999999940395355,0.019999999552965164,-0.11495624482631683,0.12032753229141235,0.1118033982085893
"san-francisco","shelf","2026-07-15T12:00:00Z",37.20825958251953,-122.80168914794922,"2026-07-15T12:00:00Z","rtofs:Y376,X439",1926.9973999436404,0,-0.05999999865889549,0,-0.09057050943374634,0.05490073561668396,0.05999999865889549
"san-francisco","shelf","2026-07-15T12:00:00Z",37.20825958251953,-122.73921966552734,"2026-07-15T12:00:00Z","rtofs:Y376,X440",2568.569832417033,0,-0.029999999329447746,-0.019999999552965164,-0.05406014621257782,0.03930927813053131,0.03605551194873638
"san-francisco","shelf","2026-07-15T12:00:00Z",37.20825958251953,-122.6767578125,"2026-07-15T12:00:00Z","rtofs:Y376,X441",3778.6598218127283,0,-0.009999999776482582,-0.07000000029802322,-0.04003716632723808,0.07466312497854233,0.07071067838207255
"san-francisco","shelf","2026-07-15T12:00:00Z",37.20825958251953,-122.61428833007812,"2026-07-15T12:00:00Z","rtofs:Y376,X441",2980.242826585728,0,0.05999999865889549,-0.14000000059604645,-0.04003716632723808,0.07466312497854233,0.15231546213684435
"san-francisco","nearshore","2026-07-15T12:00:00Z",37.20825958251953,-122.55182647705078,"2026-07-15T12:00:00Z","rtofs:Y376,X442",2055.1397686807168,0,0.10000000149011612,-0.17000000178813934,-0.059447821229696274,0.06774289160966873,0.19723083152993756
"san-francisco","nearshore","2026-07-15T12:00:00Z",37.20825958251953,-122.4893569946289,"2026-07-15T12:00:00Z","rtofs:Y376,X443",2093.229733801782,0,0.17000000178813934,-0.14000000059604645,-0.03707277774810791,0.005387699231505394,0.2202271572146823
"san-francisco","shelf","2026-07-15T12:00:00Z",37.26219940185547,-123.30140686035156,"2026-07-15T12:00:00Z","rtofs:Y377,X433",3549.5582117697086,0,-0.15000000596046448,-0.029999999329447746,-0.04472086578607559,-0.035057567059993744,0.1529705911209937
"san-francisco","shelf","2026-07-15T12:00:00Z",37.26219940185547,-123.23894500732422,"2026-07-15T12:00:00Z","rtofs:Y377,X434",4574.449690638424,0,-0.15000000596046448,-0.009999999776482582,-0.048150867223739624,0.12396696954965591,0.15033296971612395
"san-francisco","shelf","2026-07-15T12:00:00Z",37.26219940185547,-123.17647552490234,"2026-07-15T12:00:00Z","rtofs:Y377,X434",3651.86418561007,0,-0.15000000596046448,0.009999999776482582,-0.048150867223739624,0.12396696954965591,0.15033296971612395
"san-francisco","shelf","2026-07-15T12:00:00Z",37.26219940185547,-123.114013671875,"2026-07-15T12:00:00Z","rtofs:Y377,X435",3049.8585960121286,0,-0.15000000596046448,0.029999999329447746,-0.0492364875972271,0.22652120888233185,0.1529705911209937
"san-francisco","shelf","2026-07-15T12:00:00Z",37.26219940185547,-123.05155181884766,"2026-07-15T12:00:00Z","rtofs:Y377,X436",3171.6260308266874,0,-0.15000000596046448,0.03999999910593033,-0.06467492878437042,0.20473895967006683,0.15524175249144095
"san-francisco","shelf","2026-07-15T12:00:00Z",37.26219940185547,-122.98908233642578,"2026-07-15T12:00:00Z","rtofs:Y377,X437",3957.387375638329,0,-0.17000000178813934,0.07000000029802322,-0.07056180387735367,0.16328026354312897,0.1838477648754279
"san-francisco","shelf","2026-07-15T12:00:00Z",37.26219940185547,-122.92662048339844,"2026-07-15T12:00:00Z","rtofs:Y377,X437",4209.997087255292,0,-0.12999999523162842,0.029999999329447746,-0.07056180387735367,0.16328026354312897,0.133416635844224
"san-francisco","shelf","2026-07-15T12:00:00Z",37.26219940185547,-122.86415100097656,"2026-07-15T12:00:00Z","rtofs:Y377,X438",3315.012145441805,0,-0.10000000149011612,0.019999999552965164,-0.0848836898803711,0.10626740753650665,0.10198039164536404
"san-francisco","shelf","2026-07-15T12:00:00Z",37.26219940185547,-122.80168914794922,"2026-07-15T12:00:00Z","rtofs:Y377,X439",3007.091785003914,0,-0.03999999910593033,0.009999999776482582,-0.06677240878343582,0.018099956214427948,0.041231055334590684
"san-francisco","shelf","2026-07-15T12:00:00Z",37.26219940185547,-122.73921966552734,"2026-07-15T12:00:00Z","rtofs:Y377,X440",3452.8734431591915,0,0.019999999552965164,-0.009999999776482582,0.012802861630916595,0.01696442812681198,0.02236067927519776
"san-francisco","shelf","2026-07-15T12:00:00Z",37.26219940185547,-122.6767578125,"2026-07-15T12:00:00Z","rtofs:Y377,X441",4426.180736017494,0,0.05999999865889549,-0.07999999821186066,0.03441273421049118,0.08487428724765778,0.09999999776482582
"san-francisco","shelf","2026-07-15T12:00:00Z",37.26219940185547,-122.61428833007812,"2026-07-15T12:00:00Z","rtofs:Y377,X441",3768.6959215348293,0,0.05000000074505806,-0.10999999940395355,0.03441273421049118,0.08487428724765778,0.12083045950163224
"san-francisco","nearshore","2026-07-15T12:00:00Z",37.26219940185547,-122.55182647705078,"2026-07-15T12:00:00Z","rtofs:Y377,X442",3090.644868707531,0,0.05000000074505806,-0.15000000596046448,-0.011116680689156055,0.0791810005903244,0.15811388889862013
"san-francisco","nearshore","2026-07-15T12:00:00Z",37.26219940185547,-122.4893569946289,"2026-07-15T12:00:00Z","rtofs:Y377,X443",3116.0633070806184,0,0.10999999940395355,-0.1599999964237213,-0.019009508192539215,-0.011109372600913048,0.19416487510479494
"san-francisco","shelf","2026-07-15T12:00:00Z",37.316139221191406,-123.30140686035156,"2026-07-15T12:00:00Z","rtofs:Y377,X433",3541.303213600224,0,-0.20999999344348907,-0.05000000074505806,-0.04472086578607559,-0.035057567059993744,0.2158703252435852
"san-francisco","shelf","2026-07-15T12:00:00Z",37.316139221191406,-123.23894500732422,"2026-07-15T12:00:00Z","rtofs:Y377,X434",4567.394009258163,0,-0.18000000715255737,-0.029999999329447746,-0.048150867223739624,0.12396696954965591,0.18248288285394762
"san-francisco","shelf","2026-07-15T12:00:00Z",37.316139221191406,-123.17647552490234,"2026-07-15T12:00:00Z","rtofs:Y377,X434",3643.768516281747,0,-0.1899999976158142,0,-0.048150867223739624,0.12396696954965591,0.1899999976158142
"san-francisco","shelf","2026-07-15T12:00:00Z",37.316139221191406,-123.114013671875,"2026-07-15T12:00:00Z","rtofs:Y377,X435",3040.635736573913,0,-0.1899999976158142,0.029999999329447746,-0.0492364875972271,0.22652120888233185,0.19235383815712198
"san-francisco","shelf","2026-07-15T12:00:00Z",37.316139221191406,-123.05155181884766,"2026-07-15T12:00:00Z","rtofs:Y377,X436",3162.672445891274,0,-0.17000000178813934,0.03999999910593033,-0.06467492878437042,0.20473895967006683,0.1746424935015582
"san-francisco","shelf","2026-07-15T12:00:00Z",37.316139221191406,-122.98908233642578,"2026-07-15T12:00:00Z","rtofs:Y377,X437",3949.7070485674344,0,-0.1599999964237213,0.07000000029802322,-0.07056180387735367,0.16328026354312897,0.1746424888087492
"san-francisco","shelf","2026-07-15T12:00:00Z",37.316139221191406,-122.92662048339844,"2026-07-15T12:00:00Z","rtofs:Y377,X437",4202.6025108883705,0,-0.11999999731779099,0.03999999910593033,-0.07056180387735367,0.16328026354312897,0.12649110357943863
"san-francisco","shelf","2026-07-15T12:00:00Z",37.316139221191406,-122.86415100097656,"2026-07-15T12:00:00Z","rtofs:Y377,X438",3306.3460654711607,0,-0.07000000029802322,0.019999999552965164,-0.0848836898803711,0.10626740753650665,0.07280109905655174
"san-francisco","shelf","2026-07-15T12:00:00Z",37.316139221191406,-122.80168914794922,"2026-07-15T12:00:00Z","rtofs:Y377,X439",2997.7683141958137,0,-0.029999999329447746,0.03999999910593033,-0.06677240878343582,0.018099956214427948,0.04999999888241291
"san-francisco","shelf","2026-07-15T12:00:00Z",37.316139221191406,-122.73921966552734,"2026-07-15T12:00:00Z","rtofs:Y377,X440",3444.457163408318,0,-0.019999999552965164,0.03999999910593033,0.012802861630916595,0.01696442812681198,0.04472135855039552
"san-francisco","shelf","2026-07-15T12:00:00Z",37.316139221191406,-122.6767578125,"2026-07-15T12:00:00Z","rtofs:Y377,X441",4418.996530288414,0,0.07999999821186066,-0.10000000149011612,0.03441273421049118,0.08487428724765778,0.1280624847952004
"san-francisco","shelf","2026-07-15T12:00:00Z",37.316139221191406,-122.61428833007812,"2026-07-15T12:00:00Z","rtofs:Y377,X441",3760.7691533835523,0,0.009999999776482582,-0.09000000357627869,0.03441273421049118,0.08487428724765778,0.09055385491109601
"san-francisco","nearshore","2026-07-15T12:00:00Z",37.316139221191406,-122.55182647705078,"2026-07-15T12:00:00Z","rtofs:Y377,X442",3081.514960317883,0,-0.12999999523162842,-0.09000000357627869,-0.011116680689156055,0.0791810005903244,0.15811388112355468
"san-francisco","nearshore","2026-07-15T12:00:00Z",37.316139221191406,-122.4893569946289,"2026-07-15T12:00:00Z","rtofs:Y377,X443",3106.9898969417986,0,-0.38999998569488525,-0.07999999821186066,-0.019009508192539215,-0.011109372600913048,0.39812057037524246
"san-francisco","shelf","2026-07-15T12:00:00Z",37.370079040527344,-123.30140686035156,"2026-07-15T12:00:00Z","rtofs:Y378,X433",2692.0693971116543,0,-0.23999999463558197,-0.09000000357627869,-0.037406161427497864,-0.015913452953100204,0.2563201085923802
"san-francisco","shelf","2026-07-15T12:00:00Z",37.370079040527344,-123.23894500732422,"2026-07-15T12:00:00Z","rtofs:Y378,X434",3943.9177647887777,0,-0.25999999046325684,-0.07000000029802322,-0.044809091836214066,0.11022592335939407,0.2692582312253739
"san-francisco","shelf","2026-07-15T12:00:00Z",37.370079040527344,-123.17647552490234,"2026-07-15T12:00:00Z","rtofs:Y378,X434",2825.297684273148,0,-0.25,-0.019999999552965164,-0.044809091836214066,0.11022592335939407,0.25079872404404013
"san-francisco","shelf","2026-07-15T12:00:00Z",37.370079040527344,-123.114013671875,"2026-07-15T12:00:00Z","rtofs:Y378,X435",1989.2278981619274,0,-0.2199999988079071,0.009999999776482582,-0.041589025408029556,0.20494215190410614,0.22022715425443967
"san-francisco","shelf","2026-07-15T12:00:00Z",37.370079040527344,-123.05155181884766,"2026-07-15T12:00:00Z","rtofs:Y378,X436",2170.9157570184816,0,-0.1899999976158142,0.05000000074505806,-0.031621214002370834,0.20468458533287048,0.19646882492781192
"san-francisco","shelf","2026-07-15T12:00:00Z",37.370079040527344,-122.98908233642578,"2026-07-15T12:00:00Z","rtofs:Y378,X437",3209.6434732003695,0,-0.14000000059604645,0.05000000074505806,-0.02979506179690361,0.1548057645559311,0.1486606882850971
"san-francisco","shelf","2026-07-15T12:00:00Z",37.370079040527344,-122.92662048339844,"2026-07-15T12:00:00Z","rtofs:Y378,X437",3515.717507424222,0,-0.10000000149011612,0.029999999329447746,-0.02979506179690361,0.1548057645559311,0.10440306632369613
"san-francisco","shelf","2026-07-15T12:00:00Z",37.370079040527344,-122.86415100097656,"2026-07-15T12:00:00Z","rtofs:Y378,X438",2375.0472078021103,0,-0.07999999821186066,0.029999999329447746,-0.040942978113889694,0.077591672539711,0.08544003554344165
"san-francisco","shelf","2026-07-15T12:00:00Z",37.370079040527344,-122.80168914794922,"2026-07-15T12:00:00Z","rtofs:Y378,X439",1923.1696657615282,0,-0.05000000074505806,0.029999999329447746,0.0004381556063890457,0.012476936914026737,0.058309519242338737
"san-francisco","shelf","2026-07-15T12:00:00Z",37.370079040527344,-122.73921966552734,"2026-07-15T12:00:00Z","rtofs:Y378,X440",2563.5429016773755,0,-0.03999999910593033,0.029999999329447746,0.07352754473686218,0.03309045732021332,0.04999999888241291
"san-francisco","shelf","2026-07-15T12:00:00Z",37.370079040527344,-122.6767578125,"2026-07-15T12:00:00Z","rtofs:Y378,X441",3771.3412518847576,0,-0.03999999910593033,-0.019999999552965164,0.06883977353572845,0.08707033842802048,0.04472135855039552
"san-francisco","shelf","2026-07-15T12:00:00Z",37.370079040527344,-122.61428833007812,"2026-07-15T12:00:00Z","rtofs:Y378,X441",2974.4391055714977,0,-0.019999999552965164,-0.09000000357627869,0.06883977353572845,0.08707033842802048,0.09219544796707038
"san-francisco","shelf","2026-07-15T12:00:00Z",37.370079040527344,-122.55182647705078,"2026-07-15T12:00:00Z","rtofs:Y378,X442",2051.0741256172328,0,-0.07000000029802322,-0.09000000357627869,0.00790560245513916,0.0874711126089096,0.11401754551582588
"san-francisco","nearshore","2026-07-15T12:00:00Z",37.370079040527344,-122.4893569946289,"2026-07-15T12:00:00Z","rtofs:Y378,X443",2089.093182997537,0,-0.23999999463558197,-0.07000000029802322,-0.013578914105892181,-0.006836975924670696,0.24999999493360522
"san-francisco","shelf","2026-07-15T12:00:00Z",37.42401885986328,-123.30140686035156,"2026-07-15T12:00:00Z","rtofs:Y379,X433",2069.3822961263845,0,-0.25999999046325684,-0.10000000149011612,-0.03709094971418381,-0.0027992501854896545,0.27856775717752563
"san-francisco","shelf","2026-07-15T12:00:00Z",37.42401885986328,-123.23894500732422,"2026-07-15T12:00:00Z","rtofs:Y379,X434",3546.347674871507,0,-0.2800000011920929,-0.10000000149011612,-0.07356725633144379,0.09429793059825897,0.2973213765701942
"san-francisco","shelf","2026-07-15T12:00:00Z",37.42401885986328,-123.17647552490234,"2026-07-15T12:00:00Z","rtofs:Y379,X434",2239.7011353156977,0,-0.2800000011920929,-0.07000000029802322,-0.07356725633144379,0.09429793059825897,0.2886173950220175
"san-francisco","shelf","2026-07-15T12:00:00Z",37.42401885986328,-123.114013671875,"2026-07-15T12:00:00Z","rtofs:Y379,X435",998.6422087722104,0,-0.25,-0.03999999910593033,-0.06883111596107483,0.17953717708587646,0.25317977788218876
"san-francisco","shelf","2026-07-15T12:00:00Z",37.42401885986328,-123.05155181884766,"2026-07-15T12:00:00Z","rtofs:Y379,X436",1323.6124936385681,0,-0.20000000298023224,0.009999999776482582,-0.027837354689836502,0.18757617473602295,0.20024984691035982
"san-francisco","shelf","2026-07-15T12:00:00Z",37.42401885986328,-122.98908233642578,"2026-07-15T12:00:00Z","rtofs:Y379,X437",2707.7910830927813,0,-0.15000000596046448,0.05000000074505806,-0.01460444275289774,0.1291501224040985,0.15811388889862013
"san-francisco","shelf","2026-07-15T12:00:00Z",37.42401885986328,-122.92662048339844,"2026-07-15T12:00:00Z","rtofs:Y379,X437",3063.881023278817,0,-0.12999999523162842,0.05999999865889549,-0.01460444275289774,0.1291501224040985,0.143178205741275
"san-francisco","shelf","2026-07-15T12:00:00Z",37.42401885986328,-122.86415100097656,"2026-07-15T12:00:00Z","rtofs:Y379,X438",1636.603385122116,0,-0.10000000149011612,0.029999999329447746,-0.0012996606528759003,0.055024392902851105,0.10440306632369613
"san-francisco","shelf","2026-07-15T12:00:00Z",37.42401885986328,-122.80168914794922,"2026-07-15T12:00:00Z","rtofs:Y379,X439",859.7935660082884,0,-0.12999999523162842,0.029999999329447746,0.04641143977642059,0.01599247381091118,0.133416635844224
"san-francisco","shelf","2026-07-15T12:00:00Z",37.42401885986328,-122.73921966552734,"2026-07-15T12:00:00Z","rtofs:Y379,X440",1899.4513981468997,0,-0.05999999865889549,-0.05999999865889549,0.08512283861637115,0.04355189949274063,0.08485281184577753
"san-francisco","shelf","2026-07-15T12:00:00Z",37.42401885986328,-122.6767578125,"2026-07-15T12:00:00Z","rtofs:Y379,X441",3353.683751977269,0,0,-0.12999999523162842,0.03917049244046211,0.07392057031393051,0.12999999523162842
"san-francisco","shelf","2026-07-15T12:00:00Z",37.42401885986328,-122.61428833007812,"2026-07-15T12:00:00Z","rtofs:Y379,X441",2424.847916034525,0,0.019999999552965164,-0.14000000059604645,0.03917049244046211,0.07392057031393051,0.1414213567641451
"san-francisco","shelf","2026-07-15T12:00:00Z",37.42401885986328,-122.55182647705078,"2026-07-15T12:00:00Z","rtofs:Y379,X442",1116.5896009249282,0,-0.009999999776482582,-0.11999999731779099,-0.03188090771436691,0.05755530297756195,0.12041594309641682
"san-francisco","shelf","2026-07-15T12:00:00Z",37.42401885986328,-122.4893569946289,"2026-07-15T12:00:00Z","rtofs:Y379,X443",1184.8759701464396,0,0.029999999329447746,-0.12999999523162842,-0.030281338840723038,-0.027862347662448883,0.133416635844224
"san-francisco","shelf","2026-07-15T12:00:00Z",37.47795867919922,-123.30140686035156,"2026-07-15T12:00:00Z","rtofs:Y380,X433",1898.8566766831168,0,-0.25,-0.10000000149011612,-0.04831855371594429,0.014959855005145073,0.26925824091014045
"san-francisco","shelf","2026-07-15T12:00:00Z",37.47795867919922,-123.23894500732422,"2026-07-15T12:00:00Z","rtofs:Y380,X434",3447.735869535009,0,-0.27000001072883606,-0.11999999731779099,-0.10707859694957733,0.08784055709838867,0.29546574276866927
"san-francisco","shelf","2026-07-15T12:00:00Z",37.47795867919922,-123.17647552490234,"2026-07-15T12:00:00Z","rtofs:Y380,X434",2082.88821726798,0,-0.2800000011920929,-0.09000000357627869,-0.10707859694957733,0.08784055709838867,0.29410882562633545
"san-francisco","shelf","2026-07-15T12:00:00Z",37.47795867919922,-123.114013671875,"2026-07-15T12:00:00Z","rtofs:Y380,X435",570.7484242899152,0,-0.2800000011920929,-0.05000000074505806,-0.10801919549703598,0.16585764288902283,0.2844292543710612
"san-francisco","shelf","2026-07-15T12:00:00Z",37.47795867919922,-123.05155181884766,"2026-07-15T12:00:00Z","rtofs:Y380,X436",1038.861659337301,0,-0.2199999988079071,-0.009999999776482582,-0.043047040700912476,0.16914238035678864,0.22022715425443967
"san-francisco","shelf","2026-07-15T12:00:00Z",37.47795867919922,-122.98908233642578,"2026-07-15T12:00:00Z","rtofs:Y380,X437",2578.887616592688,0,-0.18000000715255737,0.019999999552965164,0.004731781780719757,0.11227282881736755,0.18110770982219201
"san-francisco","shelf","2026-07-15T12:00:00Z",37.47795867919922,-122.92662048339844,"2026-07-15T12:00:00Z","rtofs:Y380,X437",2950.029027931256,0,-0.1599999964237213,0.03999999910593033,0.004731781780719757,0.11227282881736755,0.16492422133836274
"san-francisco","shelf","2026-07-15T12:00:00Z",37.47795867919922,-122.86415100097656,"2026-07-15T12:00:00Z","rtofs:Y380,X438",1415.733216357324,0,-0.15000000596046448,0.029999999329447746,0.0275224931538105,0.04164324328303337,0.1529705911209937
"san-francisco","shelf","2026-07-15T12:00:00Z",37.47795867919922,-122.80168914794922,"2026-07-15T12:00:00Z","rtofs:Y380,X439",260.99294761407634,0,-0.11999999731779099,-0.029999999329447746,0.050899118185043335,0.034979578107595444,0.12369316600377205
"san-francisco","shelf","2026-07-15T12:00:00Z",37.47795867919922,-122.73921966552734,"2026-07-15T12:00:00Z","rtofs:Y380,X440",1712.3922773049505,0,-0.07000000029802322,-0.10000000149011612,0.06752613186836243,0.06908997893333435,0.12206555754899281
"san-francisco","shelf","2026-07-15T12:00:00Z",37.47795867919922,-122.6767578125,"2026-07-15T12:00:00Z","rtofs:Y380,X441",3249.5509186881277,0,-0.019999999552965164,-0.14000000059604645,0.028649810701608658,0.051863327622413635,0.1414213567641451
"san-francisco","shelf","2026-07-15T12:00:00Z",37.47795867919922,-122.61428833007812,"2026-07-15T12:00:00Z","rtofs:Y380,X441",2280.503152039166,0,-0.029999999329447746,-0.14000000059604645,0.028649810701608658,0.051863327622413635,0.143178211075079
"san-francisco","shelf","2026-07-15T12:00:00Z",37.47795867919922,-122.55182647705078,"2026-07-15T12:00:00Z","rtofs:Y380,X442",758.18759020796,0,-0.019999999552965164,-0.15000000596046448,0.0032325834035873413,-0.002139553427696228,0.15132746535331246
"san-francisco","shelf","2026-07-15T12:00:00Z",37.47795867919922,-122.4893569946289,"2026-07-15T12:00:00Z","rtofs:Y380,X443",855.4300579396885,0,-0.03999999910593033,-0.12999999523162842,0.004618997685611248,-0.024173274636268616,0.13601470026691173
"san-francisco","shelf","2026-07-15T12:00:00Z",37.531898498535156,-123.30140686035156,"2026-07-15T12:00:00Z","rtofs:Y381,X433",2275.914815535772,0,-0.2199999988079071,-0.09000000357627869,-0.07971744984388351,0.04152846708893776,0.23769728673085289
"san-francisco","shelf","2026-07-15T12:00:00Z",37.531898498535156,-123.23894500732422,"2026-07-15T12:00:00Z","rtofs:Y381,X434",3667.151546790584,0,-0.25,-0.10999999940395355,-0.13005295395851135,0.09416695684194565,0.27313000543490235
"san-francisco","shelf","2026-07-15T12:00:00Z",37.531898498535156,-123.17647552490234,"2026-07-15T12:00:00Z","rtofs:Y381,X434",2431.3377739843077,0,-0.25999999046325684,-0.10000000149011612,-0.13005295395851135,0.09416695684194565,0.27856775717752563
"san-francisco","shelf","2026-07-15T12:00:00Z",37.531898498535156,-123.114013671875,"2026-07-15T12:00:00Z","rtofs:Y381,X435",1380.2317245792888,0,-0.25999999046325684,-0.09000000357627869,-0.12625375390052795,0.1391053944826126,0.2751363220017012
"san-francisco","shelf","2026-07-15T12:00:00Z",37.531898498535156,-123.05155181884766,"2026-07-15T12:00:00Z","rtofs:Y381,X436",1630.1335293141456,0,-0.23999999463558197,-0.05999999865889549,-0.06854449957609177,0.14047619700431824,0.2473863320075441
"san-francisco","shelf","2026-07-15T12:00:00Z",37.531898498535156,-122.98908233642578,"2026-07-15T12:00:00Z","rtofs:Y381,X437",2867.055591303737,0,-0.20999999344348907,-0.029999999329447746,-0.014282690361142159,0.11392748355865479,0.21213202777051918
"san-francisco","shelf","2026-07-15T12:00:00Z",37.531898498535156,-122.92662048339844,"2026-07-15T12:00:00Z","rtofs:Y381,X437",3204.4957498528547,0,-0.18000000715255737,-0.019999999552965164,-0.014282690361142159,0.11392748355865479,0.18110770982219201
"san-francisco","shelf","2026-07-15T12:00:00Z",37.531898498535156,-122.86415100097656,"2026-07-15T12:00:00Z","rtofs:Y381,X438",1892.339450979034,0,-0.15000000596046448,-0.019999999552965164,0.02308078482747078,0.05274423211812973,0.15132746535331246
"san-francisco","shelf","2026-07-15T12:00:00Z",37.531898498535156,-122.80168914794922,"2026-07-15T12:00:00Z","rtofs:Y381,X439",1283.6697539745235,0,-0.12999999523162842,-0.07000000029802322,0.03841942921280861,0.07412227988243103,0.1476482265452134
"san-francisco","shelf","2026-07-15T12:00:00Z",37.531898498535156,-122.73921966552734,"2026-07-15T12:00:00Z","rtofs:Y381,X440",2123.0819726350883,0,-0.10000000149011612,-0.11999999731779099,0.018478289246559143,0.08972271531820297,0.15620499241155217
"san-francisco","shelf","2026-07-15T12:00:00Z",37.531898498535156,-122.6767578125,"2026-07-15T12:00:00Z","rtofs:Y381,X441",3481.77897538278,0,-0.07000000029802322,-0.1599999964237213,-0.01994081772863865,0.040970273315906525,0.1746424888087492
"san-francisco","shelf","2026-07-15T12:00:00Z",37.531898498535156,-122.61428833007812,"2026-07-15T12:00:00Z","rtofs:Y381,X441",2602.3680822401293,0,-0.05999999865889549,-0.17000000178813934,-0.01994081772863865,0.040970273315906525,0.18027756501305103
"san-francisco","shelf","2026-07-15T12:00:00Z",37.531898498535156,-122.55182647705078,"2026-07-15T12:00:00Z","rtofs:Y381,X442",1467.5635679533493,0,-0.05999999865889549,-0.17000000178813934,-0.015022123232483864,-0.032745495438575745,0.18027756501305103
"san-francisco","shelf","2026-07-15T12:00:00Z",37.585838317871094,-123.30140686035156,"2026-07-15T12:00:00Z","rtofs:Y382,X433",2994.379765150519,0,-0.18000000715255737,-0.07000000029802322,-0.1378607451915741,0.05524306744337082,0.19313208593251396
"san-francisco","shelf","2026-07-15T12:00:00Z",37.585838317871094,-123.23894500732422,"2026-07-15T12:00:00Z","rtofs:Y382,X434",4149.880405623035,0,-0.2199999988079071,-0.10000000149011612,-0.1698632687330246,0.0902116522192955,0.24166091900326447
"san-francisco","shelf","2026-07-15T12:00:00Z",37.585838317871094,-123.17647552490234,"2026-07-15T12:00:00Z","rtofs:Y382,X434",3113.964300393967,0,-0.2199999988079071,-0.10999999940395355,-0.1698632687330246,0.0902116522192955,0.24596747619217652
"san-francisco","shelf","2026-07-15T12:00:00Z",37.585838317871094,-123.114013671875,"2026-07-15T12:00:00Z","rtofs:Y382,X435",2386.7794902293504,0,-0.2199999988079071,-0.10999999940395355,-0.1405676305294037,0.11772844195365906,0.24596747619217652
"san-francisco","shelf","2026-07-15T12:00:00Z",37.585838317871094,-123.05155181884766,"2026-07-15T12:00:00Z","rtofs:Y382,X436",2539.2573430123994,0,-0.23000000417232513,-0.10999999940395355,-0.07090145349502563,0.11644552648067474,0.25495097918646903
"san-francisco","shelf","2026-07-15T12:00:00Z",37.585838317871094,-122.98908233642578,"2026-07-15T12:00:00Z","rtofs:Y382,X437",3464.353341650103,0,-0.20999999344348907,-0.11999999731779099,-0.0511147603392601,0.08649274706840515,0.24186772542556248
"san-francisco","shelf","2026-07-15T12:00:00Z",37.585838317871094,-122.92662048339844,"2026-07-15T12:00:00Z","rtofs:Y382,X437",3747.9733622692625,0,-0.17000000178813934,-0.10999999940395355,-0.0511147603392601,0.08649274706840515,0.2024845684906313
"san-francisco","shelf","2026-07-15T12:00:00Z",37.585838317871094,-122.86415100097656,"2026-07-15T12:00:00Z","rtofs:Y382,X438",2714.772046805737,0,-0.15000000596046448,-0.09000000357627869,-0.03119531273841858,0.08682827651500702,0.17492856379639532
"san-francisco","shelf","2026-07-15T12:00:00Z",37.585838317871094,-122.80168914794922,"2026-07-15T12:00:00Z","rtofs:Y382,X439",2332.35710551823,0,-0.1599999964237213,-0.09000000357627869,-0.00961889699101448,0.09959099441766739,0.18357559614317207
"san-francisco","shelf","2026-07-15T12:00:00Z",37.585838317871094,-122.73921966552734,"2026-07-15T12:00:00Z","rtofs:Y382,X440",2880.1141088222876,0,-0.1599999964237213,-0.10999999940395355,-0.0129556218162179,0.08729395270347595,0.19416487510479494
"san-francisco","shelf","2026-07-15T12:00:00Z",37.585838317871094,-122.6767578125,"2026-07-15T12:00:00Z","rtofs:Y382,X441",3987.27698724519,0,-0.11999999731779099,-0.15000000596046448,-0.008736841380596161,0.049119673669338226,0.19209373010176367
"san-francisco","shelf","2026-07-15T12:00:00Z",37.585838317871094,-122.61428833007812,"2026-07-15T12:00:00Z","rtofs:Y382,X441",3249.0513627284954,0,-0.11999999731779099,-0.1599999964237213,-0.008736841380596161,0.049119673669338226,0.19999999552965164
"san-francisco","shelf","2026-07-15T12:00:00Z",37.585838317871094,-122.55182647705078,"2026-07-15T12:00:00Z","rtofs:Y382,X442",2438.24282281347,0,-0.11999999731779099,-0.1599999964237213,-0.003499814309179783,-0.027151579037308693,0.19999999552965164
"san-francisco","shelf","2026-07-15T12:00:00Z",37.63977813720703,-123.30140686035156,"2026-07-15T12:00:00Z","rtofs:Y383,X433",3863.641472283614,0,-0.14000000059604645,-0.09000000357627869,-0.1821804940700531,0.060271307826042175,0.1664331722062137
"san-francisco","shelf","2026-07-15T12:00:00Z",37.63977813720703,-123.23894500732422,"2026-07-15T12:00:00Z","rtofs:Y383,X434",4813.5128949594955,0,-0.1599999964237213,-0.14000000059604645,-0.17680148780345917,0.07293972373008728,0.21260291395576836
"san-francisco","shelf","2026-07-15T12:00:00Z",37.63977813720703,-123.17647552490234,"2026-07-15T12:00:00Z","rtofs:Y383,X434",3956.897416775208,0,-0.17000000178813934,-0.15000000596046448,-0.17680148780345917,0.07293972373008728,0.22671568625947955
"san-francisco","shelf","2026-07-15T12:00:00Z",37.63977813720703,-123.114013671875,"2026-07-15T12:00:00Z","rtofs:Y383,X435",3415.15546627357,0,-0.17000000178813934,-0.15000000596046448,-0.12914606928825378,0.10109905898571014,0.22671568625947955
"san-francisco","shelf","2026-07-15T12:00:00Z",37.63977813720703,-123.05155181884766,"2026-07-15T12:00:00Z","rtofs:Y383,X436",3523.2391454194403,0,-0.17000000178813934,-0.1599999964237213,-0.09812776744365692,0.08591732382774353,0.233452349449643
"san-francisco","shelf","2026-07-15T12:00:00Z",37.63977813720703,-122.98908233642578,"2026-07-15T12:00:00Z","rtofs:Y383,X437",4237.732088788911,0,-0.17000000178813934,-0.17000000178813934,-0.07721447944641113,0.06141789257526398,0.24041630813223708
"san-francisco","shelf","2026-07-15T12:00:00Z",37.63977813720703,-122.92662048339844,"2026-07-15T12:00:00Z","rtofs:Y383,X437",4472.215133810117,0,-0.14000000059604645,-0.15000000596046448,-0.07721447944641113,0.06141789257526398,0.20518285005095427
"san-francisco","shelf","2026-07-15T12:00:00Z",37.63977813720703,-122.86415100097656,"2026-07-15T12:00:00Z","rtofs:Y383,X438",3651.563978492139,0,-0.15000000596046448,-0.11999999731779099,-0.059184446930885315,0.07664665579795837,0.19209373010176367
"san-francisco","shelf","2026-07-15T12:00:00Z",37.63977813720703,-122.80168914794922,"2026-07-15T12:00:00Z","rtofs:Y383,X439",3377.4050894872316,0,-0.1899999976158142,-0.10999999940395355,-0.061720214784145355,0.06423304975032806,0.21954498163902353
"san-francisco","shelf","2026-07-15T12:00:00Z",37.63977813720703,-122.73921966552734,"2026-07-15T12:00:00Z","rtofs:Y383,X440",3775.91457988982,0,-0.1899999976158142,-0.14000000059604645,-0.031295936554670334,0.06764063239097595,0.23600847285829044
"san-francisco","shelf","2026-07-15T12:00:00Z",37.63977813720703,-122.6767578125,"2026-07-15T12:00:00Z","rtofs:Y383,X441",4674.27673589633,0,-0.20999999344348907,-0.17000000178813934,-0.003255944699048996,0.057712651789188385,0.27018511775120563
"san-francisco","shelf","2026-07-15T12:00:00Z",37.63977813720703,-122.61428833007812,"2026-07-15T12:00:00Z","rtofs:Y383,X441",4063.895048143846,0,-0.25,-0.18000000715255737,-0.003255944699048996,0.057712651789188385,0.3080584401942604
"san-francisco","shelf","2026-07-15T12:00:00Z",37.63977813720703,-122.55182647705078,"2026-07-15T12:00:00Z","rtofs:Y383,X442",3451.2616628746837,0,-0.2199999988079071,-0.20999999344348907,-0.00013799872249364853,-0.01088861282914877,0.30413812112549227
"san-francisco","shelf","2026-07-15T12:00:00Z",37.693721771240234,-123.30140686035156,"2026-07-15T12:00:00Z","rtofs:Y383,X433",3228.6612249289865,0,-0.15000000596046448,-0.10999999940395355,-0.1821804940700531,0.060271307826042175,0.1860107568314509
"san-francisco","shelf","2026-07-15T12:00:00Z",37.693721771240234,-123.23894500732422,"2026-07-15T12:00:00Z","rtofs:Y383,X434",4319.773825155076,0,-0.14000000059604645,-0.17000000178813934,-0.17680148780345917,0.07293972373008728,0.2202271572146823
"san-francisco","shelf","2026-07-15T12:00:00Z",37.693721771240234,-123.17647552490234,"2026-07-15T12:00:00Z","rtofs:Y383,X434",3339.616020353909,0,-0.12999999523162842,-0.1899999976158142,-0.17680148780345917,0.07293972373008728,0.2302172840041182
"san-francisco","shelf","2026-07-15T12:00:00Z",37.693721771240234,-123.114013671875,"2026-07-15T12:00:00Z","rtofs:Y383,X435",2676.2261713685116,0,-0.09000000357627869,-0.1899999976158142,-0.12914606928825378,0.10109905898571014,0.21023795979256357
"san-francisco","shelf","2026-07-15T12:00:00Z",37.693721771240234,-123.05155181884766,"2026-07-15T12:00:00Z","rtofs:Y383,X436",2812.7511224121677,0,-0.07999999821186066,-0.18000000715255737,-0.09812776744365692,0.08591732382774353,0.1969771618457795
"san-francisco","shelf","2026-07-15T12:00:00Z",37.693721771240234,-122.98908233642578,"2026-07-15T12:00:00Z","rtofs:Y383,X437",3667.79214430652,0,-0.09000000357627869,-0.18000000715255737,-0.07721447944641113,0.06141789257526398,0.20124612597178332
"san-francisco","shelf","2026-07-15T12:00:00Z",37.693721771240234,-122.92662048339844,"2026-07-15T12:00:00Z","rtofs:Y383,X437",3936.184738953116,0,-0.11999999731779099,-0.14000000059604645,-0.07721447944641113,0.06141789257526398,0.18439088785285146
"san-francisco","shelf","2026-07-15T12:00:00Z",37.693721771240234,-122.86415100097656,"2026-07-15T12:00:00Z","rtofs:Y383,X438",2971.8017009902505,0,-0.1599999964237213,-0.10999999940395355,-0.059184446930885315,0.07664665579795837,0.19416487510479494
"san-francisco","shelf","2026-07-15T12:00:00Z",37.693721771240234,-122.80168914794922,"2026-07-15T12:00:00Z","rtofs:Y383,X439",2627.9176363726565,0,-0.20000000298023224,-0.12999999523162842,-0.061720214784145355,0.06423304975032806,0.23853720873758105
"san-francisco","shelf","2026-07-15T12:00:00Z",37.693721771240234,-122.73921966552734,"2026-07-15T12:00:00Z","rtofs:Y383,X440",3123.2268128353962,0,-0.23999999463558197,-0.20000000298023224,-0.031295936554670334,0.06764063239097595,0.31240998482310434
"san-francisco","shelf","2026-07-15T12:00:00Z",37.693721771240234,-122.6767578125,"2026-07-15T12:00:00Z","rtofs:Y383,X441",4164.1760673973395,0,-0.3199999928474426,-0.2199999988079071,-0.003255944699048996,0.057712651789188385,0.3883297502095899
"san-francisco","shelf","2026-07-15T12:00:00Z",37.693721771240234,-122.61428833007812,"2026-07-15T12:00:00Z","rtofs:Y383,X441",3465.6337700629033,0,-0.3100000023841858,-0.27000001072883606,-0.003255944699048996,0.057712651789188385,0.41109610466625296
"san-francisco","nearshore","2026-07-15T12:00:00Z",37.693721771240234,-122.55182647705078,"2026-07-15T12:00:00Z","rtofs:Y383,X442",2722.118035712245,0,-0.28999999165534973,-0.28999999165534973,-0.00013799872249364853,-0.01088861282914877,0.41012192128708
"san-francisco","shelf","2026-07-15T12:00:00Z",37.74766159057617,-123.30140686035156,"2026-07-15T12:00:00Z","rtofs:Y384,X433",2457.8141188381865,0,-0.1599999964237213,-0.12999999523162842,-0.1942238211631775,0.03888225927948952,0.20615527549838314
"san-francisco","shelf","2026-07-15T12:00:00Z",37.74766159057617,-123.23894500732422,"2026-07-15T12:00:00Z","rtofs:Y384,X434",3776.7741310397164,0,-0.15000000596046448,-0.1899999976158142,-0.16145262122154236,0.040816329419612885,0.24207437056026562
"san-francisco","shelf","2026-07-15T12:00:00Z",37.74766159057617,-123.17647552490234,"2026-07-15T12:00:00Z","rtofs:Y384,X434",2601.630262414102,0,-0.09000000357627869,-0.2199999988079071,-0.16145262122154236,0.040816329419612885,0.23769728673085289
"san-francisco","shelf","2026-07-15T12:00:00Z",37.74766159057617,-123.114013671875,"2026-07-15T12:00:00Z","rtofs:Y384,X435",1668.5143760166507,0,-0.05000000074505806,-0.20999999344348907,-0.1089758574962616,0.049298014491796494,0.2158703252435852
"san-francisco","shelf","2026-07-15T12:00:00Z",37.74766159057617,-123.05155181884766,"2026-07-15T12:00:00Z","rtofs:Y384,X436",1879.3982906692122,0,-0.029999999329447746,-0.1599999964237213,-0.07596174627542496,0.04608815535902977,0.1627882023223971
"san-francisco","shelf","2026-07-15T12:00:00Z",37.74766159057617,-122.98908233642578,"2026-07-15T12:00:00Z","rtofs:Y384,X437",3010.7322531657214,0,-0.019999999552965164,-0.14000000059604645,-0.051794156432151794,0.050881702452898026,0.1414213567641451
"san-francisco","shelf","2026-07-15T12:00:00Z",37.74766159057617,-122.92662048339844,"2026-07-15T12:00:00Z","rtofs:Y384,X437",3331.986427306392,0,-0.10999999940395355,-0.07999999821186066,-0.051794156432151794,0.050881702452898026,0.1360147035535772
"san-francisco","shelf","2026-07-15T12:00:00Z",37.74766159057617,-122.86415100097656,"2026-07-15T12:00:00Z","rtofs:Y384,X438",2109.6729578980944,0,-0.15000000596046448,-0.07999999821186066,-0.05873872712254524,0.024959243834018707,0.17000000441775606
"san-francisco","shelf","2026-07-15T12:00:00Z",37.74766159057617,-122.80168914794922,"2026-07-15T12:00:00Z","rtofs:Y384,X439",1590.0031038443842,0,-0.20000000298023224,-0.12999999523162842,-0.056831568479537964,0.009499546140432358,0.23853720873758105
"san-francisco","shelf","2026-07-15T12:00:00Z",37.74766159057617,-122.73921966552734,"2026-07-15T12:00:00Z","rtofs:Y384,X440",2317.8009737805273,0,-0.30000001192092896,-0.2199999988079071,-0.02621205896139145,0.033052340149879456,0.3720215136629018
"san-francisco","shelf","2026-07-15T12:00:00Z",37.74766159057617,-122.6767578125,"2026-07-15T12:00:00Z","rtofs:Y384,X441",3598.058654515969,0,-0.3799999952316284,-0.28999999165534973,-0.002880222164094448,0.05616022273898125,0.47801672725558514
"san-francisco","nearshore","2026-07-15T12:00:00Z",37.74766159057617,-122.61428833007812,"2026-07-15T12:00:00Z","rtofs:Y384,X441",2761.287126932457,0,-0.41999998688697815,-0.4000000059604645,-0.002880222164094448,0.05616022273898125,0.5799999946150287
"san-francisco","nearshore","2026-07-15T12:00:00Z",37.74766159057617,-122.55182647705078,"2026-07-15T12:00:00Z","rtofs:Y384,X442",1741.0596396013834,0,-0.4300000071525574,-0.4000000059604645,0.001100635272450745,0.024605046957731247,0.5872818836977445
"san-francisco","shelf","2026-07-15T12:00:00Z",37.80160140991211,-123.30140686035156,"2026-07-15T12:00:00Z","rtofs:Y385,X433",1956.9588943455603,0,-0.20999999344348907,-0.14000000059604645,-0.1559625118970871,-0.007820889353752136,0.2523885841577595
"san-francisco","shelf","2026-07-15T12:00:00Z",37.80160140991211,-123.23894500732422,"2026-07-15T12:00:00Z","rtofs:Y385,X434",3469.8472680688733,0,-0.1599999964237213,-0.20999999344348907,-0.11079339683055878,0.005006048828363419,0.2640075682662455
"san-francisco","shelf","2026-07-15T12:00:00Z",37.80160140991211,-123.17647552490234,"2026-07-15T12:00:00Z","rtofs:Y385,X434",2134.51768750347,0,-0.07999999821186066,-0.23999999463558197,-0.11079339683055878,0.005006048828363419,0.25298220715887726
"san-francisco","shelf","2026-07-15T12:00:00Z",37.80160140991211,-123.114013671875,"2026-07-15T12:00:00Z","rtofs:Y385,X435",760.2204381097231,0,-0.019999999552965164,-0.25,-0.055313386023044586,0.007617738097906113,0.25079872404404013
"san-francisco","shelf","2026-07-15T12:00:00Z",37.80160140991211,-123.05155181884766,"2026-07-15T12:00:00Z","rtofs:Y385,X436",1151.0639094522676,0,-0.009999999776482582,-0.20000000298023224,-0.0333835706114769,0.014272298663854599,0.20024984691035982
"san-francisco","shelf","2026-07-15T12:00:00Z",37.80160140991211,-122.98908233642578,"2026-07-15T12:00:00Z","rtofs:Y385,X437",2616.975140124346,0,0,-0.12999999523162842,-0.039232946932315826,-0.0002500005066394806,0.12999999523162842
"san-francisco","shelf","2026-07-15T12:00:00Z",37.80160140991211,-122.92662048339844,"2026-07-15T12:00:00Z","rtofs:Y385,X437",2980.429053380318,0,-0.03999999910593033,-0.05000000074505806,-0.039232946932315826,-0.0002500005066394806,0.0640312423976002
"san-francisco","shelf","2026-07-15T12:00:00Z",37.80160140991211,-122.86415100097656,"2026-07-15T12:00:00Z","rtofs:Y385,X438",1497.3562325005728,0,-0.09000000357627869,-0.09000000357627869,-0.04803001880645752,-0.011255298741161823,0.1272792256712004
"san-francisco","nearshore","2026-07-15T12:00:00Z",37.80160140991211,-122.80168914794922,"2026-07-15T12:00:00Z","rtofs:Y385,X439",567.8995032766677,0,-0.1599999964237213,-0.11999999731779099,-0.04850345104932785,-0.011188718490302563,0.19999999552965164
"san-francisco","nearshore","2026-07-15T12:00:00Z",37.80160140991211,-122.73921966552734,"2026-07-15T12:00:00Z","rtofs:Y385,X440",1778.228885725648,0,-0.28999999165534973,-0.2199999988079071,-0.036287445574998856,0.002691814675927162,0.3640054870954311
"san-francisco","nearshore","2026-07-15T12:00:00Z",37.80160140991211,-122.6767578125,"2026-07-15T12:00:00Z","rtofs:Y385,X441",3274.741247179174,0,-0.44999998807907104,-0.23999999463558197,-0.016865137964487076,0.03959181159734726,0.5099999869571012
"san-francisco","nearshore","2026-07-15T12:00:00Z",37.80160140991211,-122.61428833007812,"2026-07-15T12:00:00Z","rtofs:Y385,X441",2326.1634887873906,0,-0.5199999809265137,-0.46000000834465027,-0.016865137964487076,0.03959181159734726,0.6942621895513632
"san-francisco","nearshore","2026-07-15T12:00:00Z",37.80160140991211,-122.55182647705078,"2026-07-15T12:00:00Z","rtofs:Y385,X442",908.2356007551167,0,-0.5099999904632568,-0.17000000178813934,-0.005454179830849171,0.02328413538634777,0.5375871937467348
"san-francisco","shelf","2026-07-15T12:00:00Z",37.85554122924805,-123.30140686035156,"2026-07-15T12:00:00Z","rtofs:Y386,X433",1937.03381484685,0,-0.18000000715255737,-0.15000000596046448,-0.0997518002986908,-0.041447464376688004,0.2343074995877428
"san-francisco","shelf","2026-07-15T12:00:00Z",37.85554122924805,-123.23894500732422,"2026-07-15T12:00:00Z","rtofs:Y386,X434",3456.7658119811445,0,-0.10999999940395355,-0.1899999976158142,-0.06263256072998047,-0.02555553987622261,0.21954498163902353
"san-francisco","shelf","2026-07-15T12:00:00Z",37.85554122924805,-123.17647552490234,"2026-07-15T12:00:00Z","rtofs:Y386,X434",2115.992765192519,0,-0.029999999329447746,-0.23999999463558197,-0.06263256072998047,-0.02555553987622261,0.24186772704279136
"san-francisco","shelf","2026-07-15T12:00:00Z",37.85554122924805,-123.114013671875,"2026-07-15T12:00:00Z","rtofs:Y386,X435",710.988456411906,0,-0.029999999329447746,-0.25,-0.05186983197927475,-0.020334184169769287,0.25179356616039034
"san-francisco","nearshore","2026-07-15T12:00:00Z",37.85554122924805,-123.05155181884766,"2026-07-15T12:00:00Z","rtofs:Y386,X436",1118.6298590942715,0,-0.029999999329447746,-0.20999999344348907,-0.07716835290193558,-0.0404869019985199,0.21213202777051918
"san-francisco","nearshore","2026-07-15T12:00:00Z",37.85554122924805,-122.98908233642578,"2026-07-15T12:00:00Z","rtofs:Y386,X437",2601.1886816946153,0,0.009999999776482582,-0.11999999731779099,-0.09405134618282318,-0.05261983722448349,0.12041594309641682
"san-francisco","nearshore","2026-07-15T12:00:00Z",37.85554122924805,-122.92662048339844,"2026-07-15T12:00:00Z","rtofs:Y386,X437",2966.0334235033415,0,0.009999999776482582,-0.019999999552965164,-0.09405134618282318,-0.05261983722448349,0.02236067927519776
"san-francisco","nearshore","2026-07-15T12:00:00Z",37.85554122924805,-122.86415100097656,"2026-07-15T12:00:00Z","rtofs:Y386,X438",1472.0752952139037,0,-0.019999999552965164,-0.05999999865889549,-0.09377226233482361,-0.033327069133520126,0.06324555178971931
"san-francisco","nearshore","2026-07-15T12:00:00Z",37.85554122924805,-122.80168914794922,"2026-07-15T12:00:00Z","rtofs:Y386,X439",500.48421039864587,0,-0.10999999940395355,-0.05999999865889549,-0.09293738007545471,-0.012962502427399158,0.1252996396959594
"san-francisco","nearshore","2026-07-15T12:00:00Z",37.85554122924805,-122.73921966552734,"2026-07-15T12:00:00Z","rtofs:Y386,X440",1756.578696288569,0,-0.23000000417232513,-0.10000000149011612,-0.06893516331911087,-0.003255158197134733,0.2507987285001517
"san-francisco","nearshore","2026-07-15T12:00:00Z",37.85554122924805,-122.6767578125,"2026-07-15T12:00:00Z","rtofs:Y386,X441",3261.1972046308842,0,-0.41999998688697815,-0.07000000029802322,-0.022562989965081215,0.013618428260087967,0.425793364235265
"san-francisco","nearshore","2026-07-15T12:00:00Z",37.85554122924805,-122.61428833007812,"2026-07-15T12:00:00Z","rtofs:Y386,X441",2308.882910720971,0,-0.5299999713897705,-0.30000001192092896,-0.022562989965081215,0.013618428260087967,0.6090155801173851
"san-francisco","shelf","2026-07-15T12:00:00Z",37.909481048583984,-123.30140686035156,"2026-07-15T12:00:00Z","rtofs:Y387,X433",2402.3956873463867,0,-0.09000000357627869,-0.15000000596046448,-0.0797191858291626,-0.05779218301177025,0.17492856379639532
"san-francisco","shelf","2026-07-15T12:00:00Z",37.909481048583984,-123.23894500732422,"2026-07-15T12:00:00Z","rtofs:Y387,X434",3735.7211264226466,0,-0.029999999329447746,-0.20000000298023224,-0.07237421721220016,-0.04857425019145012,0.2022374870093568
"san-francisco","shelf","2026-07-15T12:00:00Z",37.909481048583984,-123.17647552490234,"2026-07-15T12:00:00Z","rtofs:Y387,X434",2548.6620242952677,0,-0.009999999776482582,-0.23999999463558197,-0.07237421721220016,-0.04857425019145012,0.24020823762021365
"san-francisco","nearshore","2026-07-15T12:00:00Z",37.909481048583984,-123.114013671875,"2026-07-15T12:00:00Z","rtofs:Y387,X435",1590.6185626498207,0,-0.019999999552965164,-0.25,-0.08692334592342377,-0.02834995836019516,0.25079872404404013
"san-francisco","nearshore","2026-07-15T12:00:00Z",37.909481048583984,-123.05155181884766,"2026-07-15T12:00:00Z","rtofs:Y387,X436",1809.616177284578,0,-0.07999999821186066,-0.25999999046325684,-0.07828868925571442,-0.05460803210735321,0.27202940053382346
"san-francisco","nearshore","2026-07-15T12:00:00Z",37.909481048583984,-122.98908233642578,"2026-07-15T12:00:00Z","rtofs:Y387,X437",2963.2413327365375,0,-0.12999999523162842,-0.25,-0.05039970576763153,-0.03489362448453903,0.28178005387220617
"san-francisco","nearshore","2026-07-15T12:00:00Z",37.909481048583984,-122.92662048339844,"2026-07-15T12:00:00Z","rtofs:Y387,X437",3287.665438259758,0,0.029999999329447746,-0.05000000074505806,-0.05039970576763153,-0.03489362448453903,0.058309519242338737
"san-francisco","nearshore","2026-07-15T12:00:00Z",37.909481048583984,-122.86415100097656,"2026-07-15T12:00:00Z","rtofs:Y387,X438",2046.6873026189855,0,0.03999999910593033,-0.009999999776482582,-0.04507619887590408,-0.02062237448990345,0.041231055334590684
"san-francisco","nearshore","2026-07-15T12:00:00Z",37.909481048583984,-122.80168914794922,"2026-07-15T12:00:00Z","rtofs:Y387,X439",1508.4602798575825,0,-0.019999999552965164,0.019999999552965164,-0.025673309341073036,-0.007611874490976334,0.028284270615259174
"san-francisco","shelf","2026-07-15T12:00:00Z",37.96342086791992,-123.30140686035156,"2026-07-15T12:00:00Z","rtofs:Y388,X433",3138.6323854656007,0,0.029999999329447746,-0.1899999976158142,-0.05912535637617111,-0.07024868577718735,0.19235383815712198
"san-francisco","shelf","2026-07-15T12:00:00Z",37.96342086791992,-123.23894500732422,"2026-07-15T12:00:00Z","rtofs:Y388,X434",4245.244055655699,0,0.03999999910593033,-0.1899999976158142,-0.05553741008043289,-0.06544771045446396,0.19416487587224376
"san-francisco","shelf","2026-07-15T12:00:00Z",37.96342086791992,-123.17647552490234,"2026-07-15T12:00:00Z","rtofs:Y388,X434",3251.7739685421802,0,0,-0.23000000417232513,-0.05553741008043289,-0.06544771045446396,0.23000000417232513
"san-francisco","nearshore","2026-07-15T12:00:00Z",37.96342086791992,-123.114013671875,"2026-07-15T12:00:00Z","rtofs:Y388,X435",2571.912470819552,0,-0.05000000074505806,-0.25999999046325684,-0.0536675751209259,-0.014412056654691696,0.26476403667303355
"san-francisco","nearshore","2026-07-15T12:00:00Z",37.96342086791992,-123.05155181884766,"2026-07-15T12:00:00Z","rtofs:Y388,X436",2712.5987717006255,0,-0.10999999940395355,-0.30000001192092896,-0.026781275868415833,-0.03334818780422211,0.31953091716049525
"san-francisco","shelf","2026-07-15T12:00:00Z",38.01736068725586,-123.30140686035156,"2026-07-15T12:00:00Z","rtofs:Y388,X433",3952.0296337769482,0,0.09000000357627869,-0.20000000298023224,-0.05912535637617111,-0.07024868577718735,0.2193171261799294
"san-francisco","shelf","2026-07-15T12:00:00Z",38.01736068725586,-123.23894500732422,"2026-07-15T12:00:00Z","rtofs:Y388,X434",4876.844934920424,0,0.05000000074505806,-0.15000000596046448,-0.05553741008043289,-0.06544771045446396,0.15811388889862013
"san-francisco","shelf","2026-07-15T12:00:00Z",38.01736068725586,-123.17647552490234,"2026-07-15T12:00:00Z","rtofs:Y388,X434",4042.403680364355,0,-0.009999999776482582,-0.1899999976158142,-0.05553741008043289,-0.06544771045446396,0.19026297351176624
"san-francisco","nearshore","2026-07-15T12:00:00Z",38.01736068725586,-123.114013671875,"2026-07-15T12:00:00Z","rtofs:Y388,X435",3519.1813422173636,0,-0.07000000029802322,-0.25,-0.0536675751209259,-0.014412056654691696,0.2596150997952994
"san-francisco","nearshore","2026-07-15T12:00:00Z",38.01736068725586,-123.05155181884766,"2026-07-15T12:00:00Z","rtofs:Y388,X436",3623.1959972234504,0,-0.10000000149011612,-0.28999999165534973,-0.026781275868415833,-0.03334818780422211,0.30675722560051644
"san-francisco","shelf","2026-07-15T12:00:00Z",38.0713005065918,-123.30140686035156,"2026-07-15T12:00:00Z","rtofs:Y389,X433",3098.6547818580248,0,0.07999999821186066,-0.17000000178813934,-0.04577656090259552,-0.08822382986545563,0.18788294313711684
"san-francisco","shelf","2026-07-15T12:00:00Z",38.0713005065918,-123.23894500732422,"2026-07-15T12:00:00Z","rtofs:Y389,X434",4213.515517303576,0,0.03999999910593033,-0.11999999731779099,-0.03603164106607437,-0.06910601258277893,0.12649110357943863
"san-francisco","shelf","2026-07-15T12:00:00Z",38.0713005065918,-123.17647552490234,"2026-07-15T12:00:00Z","rtofs:Y389,X434",3212.9422764028086,0,-0.009999999776482582,-0.14000000059604645,-0.03603164106607437,-0.06910601258277893,0.14035668905478876
"san-francisco","nearshore","2026-07-15T12:00:00Z",38.0713005065918,-123.114013671875,"2026-07-15T12:00:00Z","rtofs:Y389,X435",2524.464296217892,0,-0.07000000029802322,-0.20999999344348907,-0.039007220417261124,-0.0022002384066581726,0.2213594300859774
"san-francisco","nearshore","2026-07-15T12:00:00Z",38.0713005065918,-123.05155181884766,"2026-07-15T12:00:00Z","rtofs:Y389,X436",2667.329496086101,0,-0.10000000149011612,-0.20999999344348907,-0.0252847783267498,-0.008569017052650452,0.23259406171329627
"san-francisco","shelf","2026-07-15T12:00:00Z",38.125240325927734,-123.30140686035156,"2026-07-15T12:00:00Z","rtofs:Y390,X433",2375.953252844315,0,0.03999999910593033,-0.15000000596046448,-0.0378362238407135,-0.0997488722205162,0.15524175249144095
"san-francisco","shelf","2026-07-15T12:00:00Z",38.125240325927734,-123.23894500732422,"2026-07-15T12:00:00Z","rtofs:Y390,X434",3712.704996214332,0,0.019999999552965164,-0.10000000149011612,-0.02184498868882656,-0.04413335770368576,0.10198039164536404
"san-francisco","shelf","2026-07-15T12:00:00Z",38.125240325927734,-123.17647552490234,"2026-07-15T12:00:00Z","rtofs:Y390,X434",2522.962103117173,0,-0.009999999776482582,-0.10999999940395355,-0.02184498868882656,-0.04413335770368576,0.11045360955803768
"san-francisco","nearshore","2026-07-15T12:00:00Z",38.125240325927734,-123.114013671875,"2026-07-15T12:00:00Z","rtofs:Y390,X435",1556.1400752946097,0,-0.05000000074505806,-0.15000000596046448,-0.04006883129477501,0.04025508090853691,0.15811388889862013
"san-francisco","nearshore","2026-07-15T12:00:00Z",38.125240325927734,-123.05155181884766,"2026-07-15T12:00:00Z","rtofs:Y390,X436",1778.2331984447715,0,-0.05999999865889549,-0.15000000596046448,-0.030177537351846695,0.04279664158821106,0.1615549492501138
"san-francisco","shelf","2026-07-15T12:00:00Z",38.17918014526367,-123.30140686035156,"2026-07-15T12:00:00Z","rtofs:Y391,X433",1926.1081442243506,0,-0.009999999776482582,-0.14000000059604645,-0.057996198534965515,-0.09678219258785248,0.14035668905478876
"san-francisco","shelf","2026-07-15T12:00:00Z",38.17918014526367,-123.23894500732422,"2026-07-15T12:00:00Z","rtofs:Y391,X434",3440.3326883030113,0,-0.009999999776482582,-0.10999999940395355,-0.06788194179534912,0.005579495802521706,0.11045360955803768
"san-francisco","shelf","2026-07-15T12:00:00Z",38.17918014526367,-123.17647552490234,"2026-07-15T12:00:00Z","rtofs:Y391,X434",2104.5008200567518,0,0,-0.09000000357627869,-0.06788194179534912,0.005579495802521706,0.09000000357627869
"san-francisco","nearshore","2026-07-15T12:00:00Z",38.17918014526367,-123.114013671875,"2026-07-15T12:00:00Z","rtofs:Y391,X435",701.0496651077676,0,0,-0.10000000149011612,-0.0935179591178894,0.10222199559211731,0.10000000149011612
"san-francisco","nearshore","2026-07-15T12:00:00Z",38.17918014526367,-123.05155181884766,"2026-07-15T12:00:00Z","rtofs:Y391,X436",1109.426259502976,0,0.019999999552965164,-0.10000000149011612,-0.05325402319431305,0.07533426582813263,0.10198039164536404
"san-francisco","shelf","2026-07-15T12:00:00Z",38.23311996459961,-123.30140686035156,"2026-07-15T12:00:00Z","rtofs:Y392,X433",1939.5746801660005,0,-0.009999999776482582,-0.15000000596046448,-0.09449157118797302,-0.06821148097515106,0.15033296971612395
"san-francisco","shelf","2026-07-15T12:00:00Z",38.23311996459961,-123.23894500732422,"2026-07-15T12:00:00Z","rtofs:Y392,X434",3446.0003037643482,0,-0.019999999552965164,-0.10000000149011612,-0.13686111569404602,0.07221882045269012,0.10198039164536404
"san-francisco","nearshore","2026-07-15T12:00:00Z",38.23311996459961,-123.17647552490234,"2026-07-15T12:00:00Z","rtofs:Y392,X434",2116.560475911167,0,-0.019999999552965164,-0.10000000149011612,-0.13686111569404602,0.07221882045269012,0.10198039164536404
"san-francisco","nearshore","2026-07-15T12:00:00Z",38.23311996459961,-123.114013671875,"2026-07-15T12:00:00Z","rtofs:Y392,X435",740.7347903969477,0,-0.009999999776482582,-0.10000000149011612,-0.1517946422100067,0.14249977469444275,0.10049875767168905
"san-francisco","nearshore","2026-07-15T12:00:00Z",38.23311996459961,-123.05155181884766,"2026-07-15T12:00:00Z","rtofs:Y392,X436",1134.3979131703184,0,-0.019999999552965164,-0.10999999940395355,-0.07220324873924255,0.03935711458325386,0.1118033982085893
"san-francisco","shelf","2026-07-15T12:00:00Z",38.28705978393555,-123.30140686035156,"2026-07-15T12:00:00Z","rtofs:Y393,X433",2400.9855781176516,0,-0.009999999776482582,-0.10999999940395355,-0.11957161128520966,-0.019251713529229164,0.11045360955803768
"san-francisco","shelf","2026-07-15T12:00:00Z",38.28705978393555,-123.23894500732422,"2026-07-15T12:00:00Z","rtofs:Y393,X434",3723.5293884527096,0,-0.029999999329447746,-0.07000000029802322,-0.15063916146755219,0.12084735929965973,0.07615773106842218
"san-francisco","nearshore","2026-07-15T12:00:00Z",38.28705978393555,-123.17647552490234,"2026-07-15T12:00:00Z","rtofs:Y393,X434",2545.8706169197553,0,-0.03999999910593033,-0.07999999821186066,-0.15063916146755219,0.12084735929965973,0.08944271710079103
"san-francisco","nearshore","2026-07-15T12:00:00Z",38.28705978393555,-123.114013671875,"2026-07-15T12:00:00Z","rtofs:Y393,X435",1598.9465543463589,0,-0.029999999329447746,-0.09000000357627869,-0.07835017144680023,0.11617791652679443,0.09486833298576001
"san-francisco","shelf","2026-07-15T18:00:00Z",37.20825958251953,-123.30140686035156,"2026-07-15T18:00:00Z","rtofs:Y376,X433",2697.3388647485094,0,-0.12999999523162842,0.009999999776482582,0.04372914135456085,-0.09295815229415894,0.1303840433325837
"san-francisco","shelf","2026-07-15T18:00:00Z",37.20825958251953,-123.23894500732422,"2026-07-15T18:00:00Z","rtofs:Y376,X434",3951.5653296348237,0,-0.14000000059604645,0.05000000074505806,0.07915043830871582,0.006431114859879017,0.1486606882850971
"san-francisco","shelf","2026-07-15T18:00:00Z",37.20825958251953,-123.17647552490234,"2026-07-15T18:00:00Z","rtofs:Y376,X434",2830.81900609734,0,-0.11999999731779099,0.09000000357627869,0.07915043830871582,0.006431114859879017,0.15000000000000005
"san-francisco","shelf","2026-07-15T18:00:00Z",37.20825958251953,-123.114013671875,"2026-07-15T18:00:00Z","rtofs:Y376,X435",1993.178374601432,0,-0.09000000357627869,0.11999999731779099,0.1052175909280777,0.0007754452526569366,0.15000000000000005
"san-francisco","shelf","2026-07-15T18:00:00Z",37.20825958251953,-123.05155181884766,"2026-07-15T18:00:00Z","rtofs:Y376,X436",2175.2051737596553,0,-0.05999999865889549,0.15000000596046448,0.10203994810581207,-0.043000057339668274,0.1615549492501138
"san-francisco","shelf","2026-07-15T18:00:00Z",37.20825958251953,-122.98908233642578,"2026-07-15T18:00:00Z","rtofs:Y376,X437",3215.8933869443604,0,-0.05000000074505806,0.15000000596046448,0.0589173249900341,-0.08685468882322311,0.15811388889862013
"san-francisco","shelf","2026-07-15T18:00:00Z",37.20825958251953,-122.92662048339844,"2026-07-15T18:00:00Z","rtofs:Y376,X437",3522.5492840946768,0,-0.07999999821186066,0.14000000059604645,0.0589173249900341,-0.08685468882322311,0.1612451545963187
"san-francisco","shelf","2026-07-15T18:00:00Z",37.20825958251953,-122.86415100097656,"2026-07-15T18:00:00Z","rtofs:Y376,X438",2379.7193428623336,0,-0.05999999865889549,0.12999999523162842,0.023440085351467133,-0.15647608041763306,0.143178205741275
"san-francisco","shelf","2026-07-15T18:00:00Z",37.20825958251953,-122.80168914794922,"2026-07-15T18:00:00Z","rtofs:Y376,X439",1926.9973999436404,0,-0.05999999865889549,0.12999999523162842,0.017909351736307144,-0.19364315271377563,0.143178205741275
"san-francisco","shelf","2026-07-15T18:00:00Z",37.20825958251953,-122.73921966552734,"2026-07-15T18:00:00Z","rtofs:Y376,X440",2568.569832417033,0,0.009999999776482582,0.09000000357627869,0.01637299917638302,-0.20869261026382446,0.09055385491109601
"san-francisco","shelf","2026-07-15T18:00:00Z",37.20825958251953,-122.6767578125,"2026-07-15T18:00:00Z","rtofs:Y376,X441",3778.6598218127283,0,0.009999999776482582,0.03999999910593033,0.026563789695501328,-0.19167372584342957,0.041231055334590684
"san-francisco","shelf","2026-07-15T18:00:00Z",37.20825958251953,-122.61428833007812,"2026-07-15T18:00:00Z","rtofs:Y376,X441",2980.242826585728,0,0.05999999865889549,-0.029999999329447746,0.026563789695501328,-0.19167372584342957,0.06708203782559327
"san-francisco","nearshore","2026-07-15T18:00:00Z",37.20825958251953,-122.55182647705078,"2026-07-15T18:00:00Z","rtofs:Y376,X442",2055.1397686807168,0,0.10000000149011612,-0.07000000029802322,-0.008662303909659386,-0.11601131409406662,0.12206555754899281
"san-francisco","nearshore","2026-07-15T18:00:00Z",37.20825958251953,-122.4893569946289,"2026-07-15T18:00:00Z","rtofs:Y376,X443",2093.229733801782,0,0.1599999964237213,-0.05999999865889549,-0.02629687637090683,-0.0705176591873169,0.1708800710868833
"san-francisco","shelf","2026-07-15T18:00:00Z",37.26219940185547,-123.30140686035156,"2026-07-15T18:00:00Z","rtofs:Y377,X433",3549.5582117697086,0,-0.14000000059604645,0.019999999552965164,0.05204196274280548,-0.0833660364151001,0.1414213567641451
"san-francisco","shelf","2026-07-15T18:00:00Z",37.26219940185547,-123.23894500732422,"2026-07-15T18:00:00Z","rtofs:Y377,X434",4574.449690638424,0,-0.17000000178813934,0.05999999865889549,0.06832998245954514,0.030564244836568832,0.18027756501305103
"san-francisco","shelf","2026-07-15T18:00:00Z",37.26219940185547,-123.17647552490234,"2026-07-15T18:00:00Z","rtofs:Y377,X434",3651.86418561007,0,-0.18000000715255737,0.07999999821186066,0.06832998245954514,0.030564244836568832,0.1969771618457795
"san-francisco","shelf","2026-07-15T18:00:00Z",37.26219940185547,-123.114013671875,"2026-07-15T18:00:00Z","rtofs:Y377,X435",3049.8585960121286,0,-0.14000000059604645,0.11999999731779099,0.09824162721633911,0.047439321875572205,0.18439088785285146
"san-francisco","shelf","2026-07-15T18:00:00Z",37.26219940185547,-123.05155181884766,"2026-07-15T18:00:00Z","rtofs:Y377,X436",3171.6260308266874,0,-0.09000000357627869,0.1599999964237213,0.10675238072872162,-0.008386604487895966,0.18357559614317207
"san-francisco","shelf","2026-07-15T18:00:00Z",37.26219940185547,-122.98908233642578,"2026-07-15T18:00:00Z","rtofs:Y377,X437",3957.387375638329,0,-0.05999999865889549,0.15000000596046448,0.07183976471424103,-0.07316681742668152,0.1615549492501138
"san-francisco","shelf","2026-07-15T18:00:00Z",37.26219940185547,-122.92662048339844,"2026-07-15T18:00:00Z","rtofs:Y377,X437",4209.997087255292,0,-0.07000000029802322,0.15000000596046448,0.07183976471424103,-0.07316681742668152,0.1655294590997706
"san-francisco","shelf","2026-07-15T18:00:00Z",37.26219940185547,-122.86415100097656,"2026-07-15T18:00:00Z","rtofs:Y377,X438",3315.012145441805,0,-0.05999999865889549,0.11999999731779099,0.06604476273059845,-0.14130116999149323,0.13416407565118654
"san-francisco","shelf","2026-07-15T18:00:00Z",37.26219940185547,-122.80168914794922,"2026-07-15T18:00:00Z","rtofs:Y377,X439",3007.091785003914,0,-0.05000000074505806,0.10999999940395355,0.06579936295747757,-0.171739399433136,0.12083045950163224
"san-francisco","shelf","2026-07-15T18:00:00Z",37.26219940185547,-122.73921966552734,"2026-07-15T18:00:00Z","rtofs:Y377,X440",3452.8734431591915,0,-0.019999999552965164,0.07999999821186066,0.027734659612178802,-0.21026304364204407,0.08246211066918137
"san-francisco","shelf","2026-07-15T18:00:00Z",37.26219940185547,-122.6767578125,"2026-07-15T18:00:00Z","rtofs:Y377,X441",4426.180736017494,0,0.029999999329447746,0.009999999776482582,0.03060106933116913,-0.21836668252944946,0.03162277589485966
"san-francisco","shelf","2026-07-15T18:00:00Z",37.26219940185547,-122.61428833007812,"2026-07-15T18:00:00Z","rtofs:Y377,X441",3768.6959215348293,0,0.05999999865889549,-0.03999999910593033,0.03060106933116913,-0.21836668252944946,0.07211102389747276
"san-francisco","nearshore","2026-07-15T18:00:00Z",37.26219940185547,-122.55182647705078,"2026-07-15T18:00:00Z","rtofs:Y377,X442",3090.644868707531,0,0.03999999910593033,-0.03999999910593033,0.01808829978108406,-0.13621965050697327,0.05656854123051835
"san-francisco","nearshore","2026-07-15T18:00:00Z",37.26219940185547,-122.4893569946289,"2026-07-15T18:00:00Z","rtofs:Y377,X443",3116.0633070806184,0,0.09000000357627869,-0.03999999910593033,-0.00966602098196745,-0.08062469959259033,0.09848858092288976
"san-francisco","shelf","2026-07-15T18:00:00Z",37.316139221191406,-123.30140686035156,"2026-07-15T18:00:00Z","rtofs:Y377,X433",3541.303213600224,0,-0.1599999964237213,0.03999999910593033,0.05204196274280548,-0.0833660364151001,0.16492422133836274
"san-francisco","shelf","2026-07-15T18:00:00Z",37.316139221191406,-123.23894500732422,"2026-07-15T18:00:00Z","rtofs:Y377,X434",4567.394009258163,0,-0.17000000178813934,0.05999999865889549,0.06832998245954514,0.030564244836568832,0.18027756501305103
"san-francisco","shelf","2026-07-15T18:00:00Z",37.316139221191406,-123.17647552490234,"2026-07-15T18:00:00Z","rtofs:Y377,X434",3643.768516281747,0,-0.17000000178813934,0.07999999821186066,0.06832998245954514,0.030564244836568832,0.18788294313711684
"san-francisco","shelf","2026-07-15T18:00:00Z",37.316139221191406,-123.114013671875,"2026-07-15T18:00:00Z","rtofs:Y377,X435",3040.635736573913,0,-0.10000000149011612,0.10999999940395355,0.09824162721633911,0.047439321875572205,0.148660688034507
"san-francisco","shelf","2026-07-15T18:00:00Z",37.316139221191406,-123.05155181884766,"2026-07-15T18:00:00Z","rtofs:Y377,X436",3162.672445891274,0,-0.029999999329447746,0.14000000059604645,0.10675238072872162,-0.008386604487895966,0.143178211075079
"san-francisco","shelf","2026-07-15T18:00:00Z",37.316139221191406,-122.98908233642578,"2026-07-15T18:00:00Z","rtofs:Y377,X437",3949.7070485674344,0,-0.009999999776482582,0.14000000059604645,0.07183976471424103,-0.07316681742668152,0.14035668905478876
"san-francisco","shelf","2026-07-15T18:00:00Z",37.316139221191406,-122.92662048339844,"2026-07-15T18:00:00Z","rtofs:Y377,X437",4202.6025108883705,0,-0.019999999552965164,0.11999999731779099,0.07183976471424103,-0.07316681742668152,0.12165524788675763
"san-francisco","shelf","2026-07-15T18:00:00Z",37.316139221191406,-122.86415100097656,"2026-07-15T18:00:00Z","rtofs:Y377,X438",3306.3460654711607,0,-0.05000000074505806,0.10000000149011612,0.06604476273059845,-0.14130116999149323,0.11180340054098996
"san-francisco","shelf","2026-07-15T18:00:00Z",37.316139221191406,-122.80168914794922,"2026-07-15T18:00:00Z","rtofs:Y377,X439",2997.7683141958137,0,-0.07999999821186066,0.10000000149011612,0.06579936295747757,-0.171739399433136,0.1280624847952004
"san-francisco","shelf","2026-07-15T18:00:00Z",37.316139221191406,-122.73921966552734,"2026-07-15T18:00:00Z","rtofs:Y377,X440",3444.457163408318,0,-0.05000000074505806,0.07999999821186066,0.027734659612178802,-0.21026304364204407,0.0943398101991069
"san-francisco","shelf","2026-07-15T18:00:00Z",37.316139221191406,-122.6767578125,"2026-07-15T18:00:00Z","rtofs:Y377,X441",4418.996530288414,0,-0.029999999329447746,0.03999999910593033,0.03060106933116913,-0.21836668252944946,0.04999999888241291
"san-francisco","shelf","2026-07-15T18:00:00Z",37.316139221191406,-122.61428833007812,"2026-07-15T18:00:00Z","rtofs:Y377,X441",3760.7691533835523,0,0,0.009999999776482582,0.03060106933116913,-0.21836668252944946,0.009999999776482582
"san-francisco","nearshore","2026-07-15T18:00:00Z",37.316139221191406,-122.55182647705078,"2026-07-15T18:00:00Z","rtofs:Y377,X442",3081.514960317883,0,-0.009999999776482582,-0.029999999329447746,0.01808829978108406,-0.13621965050697327,0.03162277589485966
"san-francisco","shelf","2026-07-15T18:00:00Z",37.370079040527344,-123.30140686035156,"2026-07-15T18:00:00Z","rtofs:Y378,X433",2692.0693971116543,0,-0.18000000715255737,0.05000000074505806,0.07296068966388702,-0.09692211449146271,0.1868154240137214
"san-francisco","shelf","2026-07-15T18:00:00Z",37.370079040527344,-123.23894500732422,"2026-07-15T18:00:00Z","rtofs:Y378,X434",3943.9177647887777,0,-0.1599999964237213,0.05000000074505806,0.07664954662322998,0.016161508858203888,0.16763054295114788
"san-francisco","shelf","2026-07-15T18:00:00Z",37.370079040527344,-123.17647552490234,"2026-07-15T18:00:00Z","rtofs:Y378,X434",2825.297684273148,0,-0.12999999523162842,0.07999999821186066,0.07664954662322998,0.016161508858203888,0.15264337022655494
"san-francisco","shelf","2026-07-15T18:00:00Z",37.370079040527344,-123.114013671875,"2026-07-15T18:00:00Z","rtofs:Y378,X435",1989.2278981619274,0,-0.07000000029802322,0.10000000149011612,0.10138215124607086,0.07874476909637451,0.12206555754899281
"san-francisco","shelf","2026-07-15T18:00:00Z",37.370079040527344,-123.05155181884766,"2026-07-15T18:00:00Z","rtofs:Y378,X436",2170.9157570184816,0,0.009999999776482582,0.10999999940395355,0.10815142840147018,0.016368728131055832,0.11045360955803768
"san-francisco","shelf","2026-07-15T18:00:00Z",37.370079040527344,-122.98908233642578,"2026-07-15T18:00:00Z","rtofs:Y378,X437",3209.6434732003695,0,0.029999999329447746,0.11999999731779099,0.10099245607852936,-0.06271761655807495,0.12369316600377205
"san-francisco","shelf","2026-07-15T18:00:00Z",37.370079040527344,-122.92662048339844,"2026-07-15T18:00:00Z","rtofs:Y378,X437",3515.717507424222,0,0.009999999776482582,0.10000000149011612,0.10099245607852936,-0.06271761655807495,0.10049875767168905
"san-francisco","shelf","2026-07-15T18:00:00Z",37.370079040527344,-122.86415100097656,"2026-07-15T18:00:00Z","rtofs:Y378,X438",2375.0472078021103,0,-0.019999999552965164,0.05999999865889549,0.12577974796295166,-0.12256826460361481,0.06324555178971931
"san-francisco","shelf","2026-07-15T18:00:00Z",37.370079040527344,-122.80168914794922,"2026-07-15T18:00:00Z","rtofs:Y378,X439",1923.1696657615282,0,-0.07000000029802322,0.07999999821186066,0.09996923059225082,-0.17113366723060608,0.10630145697788418
"san-francisco","shelf","2026-07-15T18:00:00Z",37.370079040527344,-122.73921966552734,"2026-07-15T18:00:00Z","rtofs:Y378,X440",2563.5429016773755,0,-0.05999999865889549,0.10000000149011612,0.0482318252325058,-0.2276245653629303,0.11661903848467747
"san-francisco","shelf","2026-07-15T18:00:00Z",37.370079040527344,-122.6767578125,"2026-07-15T18:00:00Z","rtofs:Y378,X441",3771.3412518847576,0,-0.03999999910593033,0.03999999910593033,0.06901796162128448,-0.20727971196174622,0.05656854123051835
"san-francisco","shelf","2026-07-15T18:00:00Z",37.370079040527344,-122.61428833007812,"2026-07-15T18:00:00Z","rtofs:Y378,X441",2974.4391055714977,0,-0.009999999776482582,0.019999999552965164,0.06901796162128448,-0.20727971196174622,0.02236067927519776
"san-francisco","shelf","2026-07-15T18:00:00Z",37.370079040527344,-122.55182647705078,"2026-07-15T18:00:00Z","rtofs:Y378,X442",2051.0741256172328,0,-0.009999999776482582,0.009999999776482582,0.05683022364974022,-0.11189789324998856,0.014142135307629587
"san-francisco","nearshore","2026-07-15T18:00:00Z",37.370079040527344,-122.4893569946289,"2026-07-15T18:00:00Z","rtofs:Y378,X443",2089.093182997537,0,0,0,0.010969114489853382,-0.07034268975257874,0
"san-francisco","shelf","2026-07-15T18:00:00Z",37.42401885986328,-123.30140686035156,"2026-07-15T18:00:00Z","rtofs:Y379,X433",2069.3822961263845,0,-0.18000000715255737,0.029999999329447746,0.08089686930179596,-0.11219839751720428,0.18248288285394762
"san-francisco","shelf","2026-07-15T18:00:00Z",37.42401885986328,-123.23894500732422,"2026-07-15T18:00:00Z","rtofs:Y379,X434",3546.347674871507,0,-0.1899999976158142,0.07999999821186066,0.08134409785270691,-0.004299867898225784,0.20615527838963307
"san-francisco","shelf","2026-07-15T18:00:00Z",37.42401885986328,-123.17647552490234,"2026-07-15T18:00:00Z","rtofs:Y379,X434",2239.7011353156977,0,-0.14000000059604645,0.05999999865889549,0.08134409785270691,-0.004299867898225784,0.15231546213684435
"san-francisco","shelf","2026-07-15T18:00:00Z",37.42401885986328,-123.114013671875,"2026-07-15T18:00:00Z","rtofs:Y379,X435",998.6422087722104,0,-0.05999999865889549,0.09000000357627869,0.0922669917345047,0.0880286693572998,0.10816654049565252
"san-francisco","shelf","2026-07-15T18:00:00Z",37.42401885986328,-123.05155181884766,"2026-07-15T18:00:00Z","rtofs:Y379,X436",1323.6124936385681,0,0,0.10000000149011612,0.08836427330970764,0.0415828675031662,0.10000000149011612
"san-francisco","shelf","2026-07-15T18:00:00Z",37.42401885986328,-122.98908233642578,"2026-07-15T18:00:00Z","rtofs:Y379,X437",2707.7910830927813,0,0.029999999329447746,0.11999999731779099,0.11881299316883087,-0.037294793874025345,0.12369316600377205
"san-francisco","shelf","2026-07-15T18:00:00Z",37.42401885986328,-122.92662048339844,"2026-07-15T18:00:00Z","rtofs:Y379,X437",3063.881023278817,0,0.009999999776482582,0.10000000149011612,0.11881299316883087,-0.037294793874025345,0.10049875767168905
"san-francisco","shelf","2026-07-15T18:00:00Z",37.42401885986328,-122.86415100097656,"2026-07-15T18:00:00Z","rtofs:Y379,X438",1636.603385122116,0,0.019999999552965164,0.019999999552965164,0.16549360752105713,-0.08532112836837769,0.028284270615259174
"san-francisco","shelf","2026-07-15T18:00:00Z",37.42401885986328,-122.80168914794922,"2026-07-15T18:00:00Z","rtofs:Y379,X439",859.7935660082884,0,0.019999999552965164,0.019999999552965164,0.12114512175321579,-0.17591017484664917,0.028284270615259174
"san-francisco","shelf","2026-07-15T18:00:00Z",37.42401885986328,-122.73921966552734,"2026-07-15T18:00:00Z","rtofs:Y379,X440",1899.4513981468997,0,0,0.07000000029802322,0.059501707553863525,-0.20706990361213684,0.07000000029802322
"san-francisco","shelf","2026-07-15T18:00:00Z",37.42401885986328,-122.6767578125,"2026-07-15T18:00:00Z","rtofs:Y379,X441",3353.683751977269,0,0,0.05000000074505806,0.06100668013095856,-0.16817420721054077,0.05000000074505806
"san-francisco","shelf","2026-07-15T18:00:00Z",37.42401885986328,-122.61428833007812,"2026-07-15T18:00:00Z","rtofs:Y379,X441",2424.847916034525,0,0.009999999776482582,0.029999999329447746,0.06100668013095856,-0.16817420721054077,0.03162277589485966
"san-francisco","shelf","2026-07-15T18:00:00Z",37.42401885986328,-122.55182647705078,"2026-07-15T18:00:00Z","rtofs:Y379,X442",1116.5896009249282,0,0.009999999776482582,0.03999999910593033,0.02438194304704666,-0.08017495274543762,0.041231055334590684
"san-francisco","shelf","2026-07-15T18:00:00Z",37.42401885986328,-122.4893569946289,"2026-07-15T18:00:00Z","rtofs:Y379,X443",1184.8759701464396,0,0.05999999865889549,0.009999999776482582,-0.0072658429853618145,-0.06653441488742828,0.06082762394337882
"san-francisco","shelf","2026-07-15T18:00:00Z",37.47795867919922,-123.30140686035156,"2026-07-15T18:00:00Z","rtofs:Y380,X433",1898.8566766831168,0,-0.1899999976158142,0.019999999552965164,0.06757915019989014,-0.10566361993551254,0.19104972932754452
"san-francisco","shelf","2026-07-15T18:00:00Z",37.47795867919922,-123.23894500732422,"2026-07-15T18:00:00Z","rtofs:Y380,X434",3447.735869535009,0,-0.17000000178813934,0.029999999329447746,0.0730728730559349,-0.0012096446007490158,0.17262676666071874
"san-francisco","shelf","2026-07-15T18:00:00Z",37.47795867919922,-123.17647552490234,"2026-07-15T18:00:00Z","rtofs:Y380,X434",2082.88821726798,0,-0.14000000059604645,0.05000000074505806,0.0730728730559349,-0.0012096446007490158,0.1486606882850971
"san-francisco","shelf","2026-07-15T18:00:00Z",37.47795867919922,-123.114013671875,"2026-07-15T18:00:00Z","rtofs:Y380,X435",570.7484242899152,0,-0.07999999821186066,0.07000000029802322,0.0734664797782898,0.08058816939592361,0.10630145697788418
"san-francisco","shelf","2026-07-15T18:00:00Z",37.47795867919922,-123.05155181884766,"2026-07-15T18:00:00Z","rtofs:Y380,X436",1038.861659337301,0,-0.019999999552965164,0.10000000149011612,0.08111199736595154,0.04886804521083832,0.10198039164536404
"san-francisco","shelf","2026-07-15T18:00:00Z",37.47795867919922,-122.98908233642578,"2026-07-15T18:00:00Z","rtofs:Y380,X437",2578.887616592688,0,-0.009999999776482582,0.10000000149011612,0.14277487993240356,-0.020488891750574112,0.10049875767168905
"san-francisco","shelf","2026-07-15T18:00:00Z",37.47795867919922,-122.92662048339844,"2026-07-15T18:00:00Z","rtofs:Y380,X437",2950.029027931256,0,0.009999999776482582,0.07000000029802322,0.14277487993240356,-0.020488891750574112,0.07071067838207255
"san-francisco","shelf","2026-07-15T18:00:00Z",37.47795867919922,-122.86415100097656,"2026-07-15T18:00:00Z","rtofs:Y380,X438",1415.733216357324,0,0.029999999329447746,0.05000000074505806,0.1549586057662964,-0.07622941583395004,0.058309519242338737
"san-francisco","shelf","2026-07-15T18:00:00Z",37.47795867919922,-122.80168914794922,"2026-07-15T18:00:00Z","rtofs:Y380,X439",260.99294761407634,0,0.03999999910593033,0.07000000029802322,0.09967603534460068,-0.1667611300945282,0.08062257729815935
"san-francisco","shelf","2026-07-15T18:00:00Z",37.47795867919922,-122.73921966552734,"2026-07-15T18:00:00Z","rtofs:Y380,X440",1712.3922773049505,0,0.05999999865889549,0,0.06204051524400711,-0.17848972976207733,0.05999999865889549
"san-francisco","shelf","2026-07-15T18:00:00Z",37.47795867919922,-122.6767578125,"2026-07-15T18:00:00Z","rtofs:Y380,X441",3249.5509186881277,0,0.019999999552965164,0.03999999910593033,0.05450558662414551,-0.12483425438404083,0.04472135855039552
"san-francisco","shelf","2026-07-15T18:00:00Z",37.47795867919922,-122.61428833007812,"2026-07-15T18:00:00Z","rtofs:Y380,X441",2280.503152039166,0,-0.019999999552965164,0.09000000357627869,0.05450558662414551,-0.12483425438404083,0.09219544796707038
"san-francisco","shelf","2026-07-15T18:00:00Z",37.47795867919922,-122.55182647705078,"2026-07-15T18:00:00Z","rtofs:Y380,X442",758.18759020796,0,-0.019999999552965164,0.10000000149011612,0.04510924965143204,-0.08064192533493042,0.10198039164536404
"san-francisco","shelf","2026-07-15T18:00:00Z",37.47795867919922,-122.4893569946289,"2026-07-15T18:00:00Z","rtofs:Y380,X443",855.4300579396885,0,-0.019999999552965164,0.10000000149011612,0.018252959474921227,-0.03524349629878998,0.10198039164536404
"san-francisco","shelf","2026-07-15T18:00:00Z",37.531898498535156,-123.30140686035156,"2026-07-15T18:00:00Z","rtofs:Y381,X433",2275.914815535772,0,-0.1599999964237213,0,0.054374635219573975,-0.08141492307186127,0.1599999964237213
"san-francisco","shelf","2026-07-15T18:00:00Z",37.531898498535156,-123.23894500732422,"2026-07-15T18:00:00Z","rtofs:Y381,X434",3667.151546790584,0,-0.1599999964237213,0.029999999329447746,0.05948832631111145,0.011287478730082512,0.1627882023223971
"san-francisco","shelf","2026-07-15T18:00:00Z",37.531898498535156,-123.17647552490234,"2026-07-15T18:00:00Z","rtofs:Y381,X434",2431.3377739843077,0,-0.12999999523162842,0.07000000029802322,0.05948832631111145,0.011287478730082512,0.1476482265452134
"san-francisco","shelf","2026-07-15T18:00:00Z",37.531898498535156,-123.114013671875,"2026-07-15T18:00:00Z","rtofs:Y381,X435",1380.2317245792888,0,-0.10000000149011612,0.07999999821186066,0.05778881162405014,0.06060744822025299,0.1280624847952004
"san-francisco","shelf","2026-07-15T18:00:00Z",37.531898498535156,-123.05155181884766,"2026-07-15T18:00:00Z","rtofs:Y381,X436",1630.1335293141456,0,-0.05000000074505806,0.10000000149011612,0.08947665244340897,0.023168012499809265,0.11180340054098996
"san-francisco","shelf","2026-07-15T18:00:00Z",37.531898498535156,-122.98908233642578,"2026-07-15T18:00:00Z","rtofs:Y381,X437",2867.055591303737,0,-0.029999999329447746,0.10999999940395355,0.14651736617088318,-0.0335150882601738,0.11401754175843577
"san-francisco","shelf","2026-07-15T18:00:00Z",37.531898498535156,-122.92662048339844,"2026-07-15T18:00:00Z","rtofs:Y381,X437",3204.4957498528547,0,0,0.10000000149011612,0.14651736617088318,-0.0335150882601738,0.10000000149011612
"san-francisco","shelf","2026-07-15T18:00:00Z",37.531898498535156,-122.86415100097656,"2026-07-15T18:00:00Z","rtofs:Y381,X438",1892.339450979034,0,0.029999999329447746,0.09000000357627869,0.12848542630672455,-0.09406335651874542,0.09486833298576001
"san-francisco","shelf","2026-07-15T18:00:00Z",37.531898498535156,-122.80168914794922,"2026-07-15T18:00:00Z","rtofs:Y381,X439",1283.6697539745235,0,0.029999999329447746,0.09000000357627869,0.08292177319526672,-0.1449984461069107,0.09486833298576001
"san-francisco","shelf","2026-07-15T18:00:00Z",37.531898498535156,-122.73921966552734,"2026-07-15T18:00:00Z","rtofs:Y381,X440",2123.0819726350883,0,0.029999999329447746,0.07000000029802322,0.07061830908060074,-0.13807062804698944,0.07615773106842218
"san-francisco","shelf","2026-07-15T18:00:00Z",37.531898498535156,-122.6767578125,"2026-07-15T18:00:00Z","rtofs:Y381,X441",3481.77897538278,0,0.019999999552965164,0.10999999940395355,0.04166489467024803,-0.09362420439720154,0.1118033982085893
"san-francisco","shelf","2026-07-15T18:00:00Z",37.531898498535156,-122.61428833007812,"2026-07-15T18:00:00Z","rtofs:Y381,X441",2602.3680822401293,0,0,0.12999999523162842,0.04166489467024803,-0.09362420439720154,0.12999999523162842
"san-francisco","shelf","2026-07-15T18:00:00Z",37.531898498535156,-122.55182647705078,"2026-07-15T18:00:00Z","rtofs:Y381,X442",1467.5635679533493,0,-0.009999999776482582,0.14000000059604645,0.005714826285839081,-0.08304889500141144,0.14035668905478876
"san-francisco","shelf","2026-07-15T18:00:00Z",37.585838317871094,-123.30140686035156,"2026-07-15T18:00:00Z","rtofs:Y382,X433",2994.379765150519,0,-0.11999999731779099,0.009999999776482582,0.03784406930208206,-0.05608535557985306,0.12041594309641682
"san-francisco","shelf","2026-07-15T18:00:00Z",37.585838317871094,-123.23894500732422,"2026-07-15T18:00:00Z","rtofs:Y382,X434",4149.880405623035,0,-0.10999999940395355,0.019999999552965164,0.04034547880291939,0.013922806829214096,0.1118033982085893
"san-francisco","shelf","2026-07-15T18:00:00Z",37.585838317871094,-123.17647552490234,"2026-07-15T18:00:00Z","rtofs:Y382,X434",3113.964300393967,0,-0.09000000357627869,0.07000000029802322,0.04034547880291939,0.013922806829214096,0.11401754551582588
"san-francisco","shelf","2026-07-15T18:00:00Z",37.585838317871094,-123.114013671875,"2026-07-15T18:00:00Z","rtofs:Y382,X435",2386.7794902293504,0,-0.07999999821186066,0.09000000357627869,0.04354999586939812,0.03785404935479164,0.12041594727289191
"san-francisco","shelf","2026-07-15T18:00:00Z",37.585838317871094,-123.05155181884766,"2026-07-15T18:00:00Z","rtofs:Y382,X436",2539.2573430123994,0,-0.05999999865889549,0.11999999731779099,0.08713158220052719,0.010855630040168762,0.13416407565118654
"san-francisco","shelf","2026-07-15T18:00:00Z",37.585838317871094,-122.98908233642578,"2026-07-15T18:00:00Z","rtofs:Y382,X437",3464.353341650103,0,-0.03999999910593033,0.10999999940395355,0.12630406022071838,-0.03386768326163292,0.11704699824149362
"san-francisco","shelf","2026-07-15T18:00:00Z",37.585838317871094,-122.92662048339844,"2026-07-15T18:00:00Z","rtofs:Y382,X437",3747.9733622692625,0,-0.009999999776482582,0.09000000357627869,0.12630406022071838,-0.03386768326163292,0.09055385491109601
"san-francisco","shelf","2026-07-15T18:00:00Z",37.585838317871094,-122.86415100097656,"2026-07-15T18:00:00Z","rtofs:Y382,X438",2714.772046805737,0,0.019999999552965164,0.14000000059604645,0.09808231145143509,-0.09195980429649353,0.1414213567641451
"san-francisco","shelf","2026-07-15T18:00:00Z",37.585838317871094,-122.80168914794922,"2026-07-15T18:00:00Z","rtofs:Y382,X439",2332.35710551823,0,0.03999999910593033,0.14000000059604645,0.09832943230867386,-0.10648922622203827,0.1456021981131035
"san-francisco","shelf","2026-07-15T18:00:00Z",37.585838317871094,-122.73921966552734,"2026-07-15T18:00:00Z","rtofs:Y382,X440",2880.1141088222876,0,0.07000000029802322,0.12999999523162842,0.10960999131202698,-0.09188387542963028,0.1476482265452134
"san-francisco","shelf","2026-07-15T18:00:00Z",37.585838317871094,-122.6767578125,"2026-07-15T18:00:00Z","rtofs:Y382,X441",3987.27698724519,0,0.05999999865889549,0.14000000059604645,0.06934435665607452,-0.07247385382652283,0.15231546213684435
"san-francisco","shelf","2026-07-15T18:00:00Z",37.585838317871094,-122.61428833007812,"2026-07-15T18:00:00Z","rtofs:Y382,X441",3249.0513627284954,0,0.019999999552965164,0.15000000596046448,0.06934435665607452,-0.07247385382652283,0.15132746535331246
"san-francisco","shelf","2026-07-15T18:00:00Z",37.585838317871094,-122.55182647705078,"2026-07-15T18:00:00Z","rtofs:Y382,X442",2438.24282281347,0,0,0.1599999964237213,0.01880200020968914,-0.07032005488872528,0.1599999964237213
"san-francisco","shelf","2026-07-15T18:00:00Z",37.63977813720703,-123.30140686035156,"2026-07-15T18:00:00Z","rtofs:Y383,X433",3863.641472283614,0,-0.07999999821186066,0,0.000004155561327934265,-0.03589252755045891,0.07999999821186066
"san-francisco","shelf","2026-07-15T18:00:00Z",37.63977813720703,-123.23894500732422,"2026-07-15T18:00:00Z","rtofs:Y383,X434",4813.5128949594955,0,-0.07000000029802322,0.05000000074505806,0.027363073080778122,0.01813638210296631,0.08602325334599394
"san-francisco","shelf","2026-07-15T18:00:00Z",37.63977813720703,-123.17647552490234,"2026-07-15T18:00:00Z","rtofs:Y383,X434",3956.897416775208,0,-0.05999999865889549,0.09000000357627869,0.027363073080778122,0.01813638210296631,0.10816654049565252
"san-francisco","shelf","2026-07-15T18:00:00Z",37.63977813720703,-123.114013671875,"2026-07-15T18:00:00Z","rtofs:Y383,X435",3415.15546627357,0,-0.05999999865889549,0.12999999523162842,0.047480206936597824,0.012564975768327713,0.143178205741275
"san-francisco","shelf","2026-07-15T18:00:00Z",37.63977813720703,-123.05155181884766,"2026-07-15T18:00:00Z","rtofs:Y383,X436",3523.2391454194403,0,-0.05999999865889549,0.12999999523162842,0.06926608085632324,0.005461830645799637,0.143178205741275
"san-francisco","shelf","2026-07-15T18:00:00Z",37.63977813720703,-122.98908233642578,"2026-07-15T18:00:00Z","rtofs:Y383,X437",4237.732088788911,0,-0.05000000074505806,0.11999999731779099,0.08159787952899933,-0.03073689714074135,0.12999999781067556
"san-francisco","shelf","2026-07-15T18:00:00Z",37.63977813720703,-122.92662048339844,"2026-07-15T18:00:00Z","rtofs:Y383,X437",4472.215133810117,0,0.009999999776482582,0.10999999940395355,0.08159787952899933,-0.03073689714074135,0.11045360955803768
"san-francisco","shelf","2026-07-15T18:00:00Z",37.63977813720703,-122.86415100097656,"2026-07-15T18:00:00Z","rtofs:Y383,X438",3651.563978492139,0,0.05000000074505806,0.17000000178813934,0.10002420097589493,-0.05549727380275726,0.177200453392403
"san-francisco","shelf","2026-07-15T18:00:00Z",37.63977813720703,-122.80168914794922,"2026-07-15T18:00:00Z","rtofs:Y383,X439",3377.4050894872316,0,0.05999999865889549,0.18000000715255737,0.13346490263938904,-0.060154758393764496,0.18973666597152003
"san-francisco","shelf","2026-07-15T18:00:00Z",37.63977813720703,-122.73921966552734,"2026-07-15T18:00:00Z","rtofs:Y383,X440",3775.91457988982,0,0.07999999821186066,0.1899999976158142,0.12436406314373016,-0.061986468732357025,0.20615527838963307
"san-francisco","shelf","2026-07-15T18:00:00Z",37.63977813720703,-122.6767578125,"2026-07-15T18:00:00Z","rtofs:Y383,X441",4674.27673589633,0,0.07000000029802322,0.17000000178813934,0.0834311693906784,-0.04570214822888374,0.1838477648754279
"san-francisco","shelf","2026-07-15T18:00:00Z",37.63977813720703,-122.61428833007812,"2026-07-15T18:00:00Z","rtofs:Y383,X441",4063.895048143846,0,0.019999999552965164,0.20000000298023224,0.0834311693906784,-0.04570214822888374,0.2009975153433781
"san-francisco","shelf","2026-07-15T18:00:00Z",37.63977813720703,-122.55182647705078,"2026-07-15T18:00:00Z","rtofs:Y383,X442",3451.2616628746837,0,-0.03999999910593033,0.23999999463558197,0.02917078509926796,-0.04868703335523605,0.24331049577351527
"san-francisco","shelf","2026-07-15T18:00:00Z",37.693721771240234,-123.30140686035156,"2026-07-15T18:00:00Z","rtofs:Y383,X433",3228.6612249289865,0,-0.07000000029802322,0.019999999552965164,0.000004155561327934265,-0.03589252755045891,0.07280109905655174
"san-francisco","shelf","2026-07-15T18:00:00Z",37.693721771240234,-123.23894500732422,"2026-07-15T18:00:00Z","rtofs:Y383,X434",4319.773825155076,0,-0.03999999910593033,0.05000000074505806,0.027363073080778122,0.01813638210296631,0.0640312423976002
"san-francisco","shelf","2026-07-15T18:00:00Z",37.693721771240234,-123.17647552490234,"2026-07-15T18:00:00Z","rtofs:Y383,X434",3339.616020353909,0,-0.03999999910593033,0.09000000357627869,0.027363073080778122,0.01813638210296631,0.09848858092288976
"san-francisco","shelf","2026-07-15T18:00:00Z",37.693721771240234,-123.114013671875,"2026-07-15T18:00:00Z","rtofs:Y383,X435",2676.2261713685116,0,-0.05000000074505806,0.10999999940395355,0.047480206936597824,0.012564975768327713,0.12083045950163224
"san-francisco","shelf","2026-07-15T18:00:00Z",37.693721771240234,-123.05155181884766,"2026-07-15T18:00:00Z","rtofs:Y383,X436",2812.7511224121677,0,-0.07000000029802322,0.11999999731779099,0.06926608085632324,0.005461830645799637,0.13892443772782775
"san-francisco","shelf","2026-07-15T18:00:00Z",37.693721771240234,-122.98908233642578,"2026-07-15T18:00:00Z","rtofs:Y383,X437",3667.79214430652,0,-0.05999999865889549,0.10000000149011612,0.08159787952899933,-0.03073689714074135,0.11661903848467747
"san-francisco","shelf","2026-07-15T18:00:00Z",37.693721771240234,-122.92662048339844,"2026-07-15T18:00:00Z","rtofs:Y383,X437",3936.184738953116,0,0.019999999552965164,0.11999999731779099,0.08159787952899933,-0.03073689714074135,0.12165524788675763
"san-francisco","shelf","2026-07-15T18:00:00Z",37.693721771240234,-122.86415100097656,"2026-07-15T18:00:00Z","rtofs:Y383,X438",2971.8017009902505,0,0.05000000074505806,0.18000000715255737,0.10002420097589493,-0.05549727380275726,0.1868154240137214
"san-francisco","shelf","2026-07-15T18:00:00Z",37.693721771240234,-122.80168914794922,"2026-07-15T18:00:00Z","rtofs:Y383,X439",2627.9176363726565,0,0.05999999865889549,0.23000000417232513,0.13346490263938904,-0.060154758393764496,0.237697290178784
"san-francisco","shelf","2026-07-15T18:00:00Z",37.693721771240234,-122.73921966552734,"2026-07-15T18:00:00Z","rtofs:Y383,X440",3123.2268128353962,0,0.09000000357627869,0.25,0.12436406314373016,-0.061986468732357025,0.2657066063230837
"san-francisco","shelf","2026-07-15T18:00:00Z",37.693721771240234,-122.6767578125,"2026-07-15T18:00:00Z","rtofs:Y383,X441",4164.1760673973395,0,0.05999999865889549,0.3100000023841858,0.0834311693906784,-0.04570214822888374,0.31575307016284515
"san-francisco","shelf","2026-07-15T18:00:00Z",37.693721771240234,-122.61428833007812,"2026-07-15T18:00:00Z","rtofs:Y383,X441",3465.6337700629033,0,0.029999999329447746,0.36000001430511475,0.0834311693906784,-0.04570214822888374,0.361247851563784
"san-francisco","nearshore","2026-07-15T18:00:00Z",37.693721771240234,-122.55182647705078,"2026-07-15T18:00:00Z","rtofs:Y383,X442",2722.118035712245,0,-0.019999999552965164,0.4000000059604645,0.02917078509926796,-0.04868703335523605,0.40049969382071965
"san-francisco","shelf","2026-07-15T18:00:00Z",37.74766159057617,-123.30140686035156,"2026-07-15T18:00:00Z","rtofs:Y384,X433",2457.8141188381865,0,-0.029999999329447746,0.029999999329447746,-0.02045443467795849,-0.029864616692066193,0.042426405922888766
"san-francisco","shelf","2026-07-15T18:00:00Z",37.74766159057617,-123.23894500732422,"2026-07-15T18:00:00Z","rtofs:Y384,X434",3776.7741310397164,0,-0.03999999910593033,0.03999999910593033,0.022081516683101654,0.02322956547141075,0.05656854123051835
"san-francisco","shelf","2026-07-15T18:00:00Z",37.74766159057617,-123.17647552490234,"2026-07-15T18:00:00Z","rtofs:Y384,X434",2601.630262414102,0,-0.05000000074505806,0.03999999910593033,0.022081516683101654,0.02322956547141075,0.0640312423976002
"san-francisco","shelf","2026-07-15T18:00:00Z",37.74766159057617,-123.114013671875,"2026-07-15T18:00:00Z","rtofs:Y384,X435",1668.5143760166507,0,-0.07999999821186066,0.03999999910593033,0.05924231559038162,-0.010153152048587799,0.08944271710079103
"san-francisco","shelf","2026-07-15T18:00:00Z",37.74766159057617,-123.05155181884766,"2026-07-15T18:00:00Z","rtofs:Y384,X436",1879.3982906692122,0,-0.07999999821186066,0.03999999910593033,0.08750671148300171,-0.025765232741832733,0.08944271710079103
"san-francisco","shelf","2026-07-15T18:00:00Z",37.74766159057617,-122.98908233642578,"2026-07-15T18:00:00Z","rtofs:Y384,X437",3010.7322531657214,0,-0.07999999821186066,0.009999999776482582,0.12049952149391174,-0.033321820199489594,0.08062257568093045
"san-francisco","shelf","2026-07-15T18:00:00Z",37.74766159057617,-122.92662048339844,"2026-07-15T18:00:00Z","rtofs:Y384,X437",3331.986427306392,0,0,0.07000000029802322,0.12049952149391174,-0.033321820199489594,0.07000000029802322
"san-francisco","shelf","2026-07-15T18:00:00Z",37.74766159057617,-122.86415100097656,"2026-07-15T18:00:00Z","rtofs:Y384,X438",2109.6729578980944,0,0.019999999552965164,0.1899999976158142,0.14072111248970032,-0.025767607614398003,0.19104972932754452
"san-francisco","shelf","2026-07-15T18:00:00Z",37.74766159057617,-122.80168914794922,"2026-07-15T18:00:00Z","rtofs:Y384,X439",1590.0031038443842,0,0.05000000074505806,0.23999999463558197,0.13494205474853516,-0.04259795695543289,0.2451530083429228
"san-francisco","shelf","2026-07-15T18:00:00Z",37.74766159057617,-122.73921966552734,"2026-07-15T18:00:00Z","rtofs:Y384,X440",2317.8009737805273,0,0.09000000357627869,0.3199999928474426,0.1229386180639267,-0.04416113719344139,0.33241539685473875
"san-francisco","shelf","2026-07-15T18:00:00Z",37.74766159057617,-122.6767578125,"2026-07-15T18:00:00Z","rtofs:Y384,X441",3598.058654515969,0,0.12999999523162842,0.4699999988079071,0.10020536184310913,-0.0061853183433413506,0.48764741118933064
"san-francisco","nearshore","2026-07-15T18:00:00Z",37.74766159057617,-122.61428833007812,"2026-07-15T18:00:00Z","rtofs:Y384,X441",2761.287126932457,0,0.17000000178813934,0.47999998927116394,0.10020536184310913,-0.0061853183433413506,0.5092150727426329
"san-francisco","nearshore","2026-07-15T18:00:00Z",37.74766159057617,-122.55182647705078,"2026-07-15T18:00:00Z","rtofs:Y384,X442",1741.0596396013834,0,0.20000000298023224,0.4399999976158142,0.04185345396399498,0.0024688001722097397,0.48332183800652895
"san-francisco","shelf","2026-07-15T18:00:00Z",37.80160140991211,-123.30140686035156,"2026-07-15T18:00:00Z","rtofs:Y385,X433",1956.9588943455603,0,0.019999999552965164,0.03999999910593033,0.03162515535950661,-0.03715470805764198,0.04472135855039552
"san-francisco","shelf","2026-07-15T18:00:00Z",37.80160140991211,-123.23894500732422,"2026-07-15T18:00:00Z","rtofs:Y385,X434",3469.8472680688733,0,0,0.019999999552965164,0.05714712664484978,-0.02947966754436493,0.019999999552965164
"san-francisco","shelf","2026-07-15T18:00:00Z",37.80160140991211,-123.17647552490234,"2026-07-15T18:00:00Z","rtofs:Y385,X434",2134.51768750347,0,-0.019999999552965164,0,0.05714712664484978,-0.02947966754436493,0.019999999552965164
"san-francisco","shelf","2026-07-15T18:00:00Z",37.80160140991211,-123.114013671875,"2026-07-15T18:00:00Z","rtofs:Y385,X435",760.2204381097231,0,-0.07999999821186066,-0.03999999910593033,0.07074159383773804,-0.05144841596484184,0.08944271710079103
"san-francisco","shelf","2026-07-15T18:00:00Z",37.80160140991211,-123.05155181884766,"2026-07-15T18:00:00Z","rtofs:Y385,X436",1151.0639094522676,0,-0.10999999940395355,-0.07000000029802322,0.11508472263813019,-0.0683823823928833,0.13038404776119292
"san-francisco","shelf","2026-07-15T18:00:00Z",37.80160140991211,-122.98908233642578,"2026-07-15T18:00:00Z","rtofs:Y385,X437",2616.975140124346,0,-0.10000000149011612,-0.07999999821186066,0.13820034265518188,-0.05305948108434677,0.1280624847952004
"san-francisco","shelf","2026-07-15T18:00:00Z",37.80160140991211,-122.92662048339844,"2026-07-15T18:00:00Z","rtofs:Y385,X437",2980.429053380318,0,-0.03999999910593033,0.009999999776482582,0.13820034265518188,-0.05305948108434677,0.041231055334590684
"san-francisco","shelf","2026-07-15T18:00:00Z",37.80160140991211,-122.86415100097656,"2026-07-15T18:00:00Z","rtofs:Y385,X438",1497.3562325005728,0,-0.009999999776482582,0.15000000596046448,0.12734295427799225,-0.04635001718997955,0.15033296971612395
"san-francisco","nearshore","2026-07-15T18:00:00Z",37.80160140991211,-122.80168914794922,"2026-07-15T18:00:00Z","rtofs:Y385,X439",567.8995032766677,0,0.029999999329447746,0.2199999988079071,0.1024990826845169,-0.046319108456373215,0.22203603183998313
"san-francisco","nearshore","2026-07-15T18:00:00Z",37.80160140991211,-122.73921966552734,"2026-07-15T18:00:00Z","rtofs:Y385,X440",1778.228885725648,0,0.10000000149011612,0.3199999928474426,0.0751652792096138,-0.03724231570959091,0.33526108590229575
"san-francisco","nearshore","2026-07-15T18:00:00Z",37.80160140991211,-122.6767578125,"2026-07-15T18:00:00Z","rtofs:Y385,X441",3274.741247179174,0,0.23000000417232513,0.46000000834465027,0.05319049209356308,0.020600978285074234,0.5142956441545543
"san-francisco","nearshore","2026-07-15T18:00:00Z",37.80160140991211,-122.61428833007812,"2026-07-15T18:00:00Z","rtofs:Y385,X441",2326.1634887873906,0,0.30000001192092896,0.5400000214576721,0.05319049209356308,0.020600978285074234,0.6177378330059151
"san-francisco","nearshore","2026-07-15T18:00:00Z",37.80160140991211,-122.55182647705078,"2026-07-15T18:00:00Z","rtofs:Y385,X442",908.2356007551167,0,0.3799999952316284,0.25,0.022836754098534584,0.017406471073627472,0.45486261263818734
"san-francisco","shelf","2026-07-15T18:00:00Z",37.85554122924805,-123.30140686035156,"2026-07-15T18:00:00Z","rtofs:Y386,X433",1937.03381484685,0,0.07000000029802322,0.029999999329447746,0.05575321614742279,-0.05986921489238739,0.07615773106842218
"san-francisco","shelf","2026-07-15T18:00:00Z",37.85554122924805,-123.23894500732422,"2026-07-15T18:00:00Z","rtofs:Y386,X434",3456.7658119811445,0,0.019999999552965164,-0.009999999776482582,0.06066767871379852,-0.09420318901538849,0.02236067927519776
"san-francisco","shelf","2026-07-15T18:00:00Z",37.85554122924805,-123.17647552490234,"2026-07-15T18:00:00Z","rtofs:Y386,X434",2115.992765192519,0,0.019999999552965164,-0.05999999865889549,0.06066767871379852,-0.09420318901538849,0.06324555178971931
"san-francisco","shelf","2026-07-15T18:00:00Z",37.85554122924805,-123.114013671875,"2026-07-15T18:00:00Z","rtofs:Y386,X435",710.988456411906,0,-0.07999999821186066,-0.07999999821186066,0.06962154805660248,-0.08523541688919067,0.1131370824610367
"san-francisco","nearshore","2026-07-15T18:00:00Z",37.85554122924805,-123.05155181884766,"2026-07-15T18:00:00Z","rtofs:Y386,X436",1118.6298590942715,0,-0.15000000596046448,-0.09000000357627869,0.06726263463497162,-0.1013641208410263,0.17492856379639532
"san-francisco","nearshore","2026-07-15T18:00:00Z",37.85554122924805,-122.98908233642578,"2026-07-15T18:00:00Z","rtofs:Y386,X437",2601.1886816946153,0,-0.12999999523162842,-0.07999999821186066,0.049575306475162506,-0.08563221246004105,0.15264337022655494
"san-francisco","nearshore","2026-07-15T18:00:00Z",37.85554122924805,-122.92662048339844,"2026-07-15T18:00:00Z","rtofs:Y386,X437",2966.0334235033415,0,-0.07000000029802322,-0.009999999776482582,0.049575306475162506,-0.08563221246004105,0.07071067838207255
"san-francisco","nearshore","2026-07-15T18:00:00Z",37.85554122924805,-122.86415100097656,"2026-07-15T18:00:00Z","rtofs:Y386,X438",1472.0752952139037,0,-0.05000000074505806,0.09000000357627869,0.03842915594577789,-0.05312103033065796,0.10295630489793223
"san-francisco","nearshore","2026-07-15T18:00:00Z",37.85554122924805,-122.80168914794922,"2026-07-15T18:00:00Z","rtofs:Y386,X439",500.48421039864587,0,-0.009999999776482582,0.15000000596046448,0.012559175491333008,-0.02262607030570507,0.15033296971612395
"san-francisco","nearshore","2026-07-15T18:00:00Z",37.85554122924805,-122.73921966552734,"2026-07-15T18:00:00Z","rtofs:Y386,X440",1756.578696288569,0,0.09000000357627869,0.2199999988079071,-0.01917433924973011,-0.018581759184598923,0.23769728673085289
"san-francisco","nearshore","2026-07-15T18:00:00Z",37.85554122924805,-122.6767578125,"2026-07-15T18:00:00Z","rtofs:Y386,X441",3261.1972046308842,0,0.25999999046325684,0.3100000023841858,-0.013507438823580742,0.012829592451453209,0.40459856218119317
"san-francisco","nearshore","2026-07-15T18:00:00Z",37.85554122924805,-122.61428833007812,"2026-07-15T18:00:00Z","rtofs:Y386,X441",2308.882910720971,0,0.4399999976158142,0.3499999940395355,-0.013507438823580742,0.012829592451453209,0.562227706298428
"san-francisco","shelf","2026-07-15T18:00:00Z",37.909481048583984,-123.30140686035156,"2026-07-15T18:00:00Z","rtofs:Y387,X433",2402.3956873463867,0,0.10000000149011612,0,0.0578242689371109,-0.08924128860235214,0.10000000149011612
"san-francisco","shelf","2026-07-15T18:00:00Z",37.909481048583984,-123.23894500732422,"2026-07-15T18:00:00Z","rtofs:Y387,X434",3735.7211264226466,0,0.03999999910593033,-0.029999999329447746,0.05951423570513725,-0.09879858046770096,0.04999999888241291
"san-francisco","shelf","2026-07-15T18:00:00Z",37.909481048583984,-123.17647552490234,"2026-07-15T18:00:00Z","rtofs:Y387,X434",2548.6620242952677,0,-0.029999999329447746,-0.029999999329447746,0.05951423570513725,-0.09879858046770096,0.042426405922888766
"san-francisco","nearshore","2026-07-15T18:00:00Z",37.909481048583984,-123.114013671875,"2026-07-15T18:00:00Z","rtofs:Y387,X435",1590.6185626498207,0,-0.10000000149011612,-0.029999999329447746,0.044674620032310486,-0.07487519085407257,0.10440306632369613
"san-francisco","nearshore","2026-07-15T18:00:00Z",37.909481048583984,-123.05155181884766,"2026-07-15T18:00:00Z","rtofs:Y387,X436",1809.616177284578,0,-0.11999999731779099,-0.03999999910593033,0.01912742108106613,-0.09687379002571106,0.12649110357943863
"san-francisco","nearshore","2026-07-15T18:00:00Z",37.909481048583984,-122.98908233642578,"2026-07-15T18:00:00Z","rtofs:Y387,X437",2963.2413327365375,0,-0.11999999731779099,-0.03999999910593033,0.010258335620164871,-0.04735217243432999,0.12649110357943863
"san-francisco","nearshore","2026-07-15T18:00:00Z",37.909481048583984,-122.92662048339844,"2026-07-15T18:00:00Z","rtofs:Y387,X437",3287.665438259758,0,-0.09000000357627869,-0.05999999865889549,0.010258335620164871,-0.04735217243432999,0.10816654049565252
"san-francisco","nearshore","2026-07-15T18:00:00Z",37.909481048583984,-122.86415100097656,"2026-07-15T18:00:00Z","rtofs:Y387,X438",2046.6873026189855,0,-0.07000000029802322,0.019999999552965164,0.007899049669504166,-0.019981009885668755,0.07280109905655174
"san-francisco","nearshore","2026-07-15T18:00:00Z",37.909481048583984,-122.80168914794922,"2026-07-15T18:00:00Z","rtofs:Y387,X439",1508.4602798575825,0,-0.07999999821186066,0.009999999776482582,0.003851424902677536,0.0017865318804979324,0.08062257568093045
"san-francisco","shelf","2026-07-15T18:00:00Z",37.96342086791992,-123.30140686035156,"2026-07-15T18:00:00Z","rtofs:Y388,X433",3138.6323854656007,0,0.029999999329447746,0,0.08567188680171967,-0.09337029606103897,0.029999999329447746
"san-francisco","shelf","2026-07-15T18:00:00Z",37.96342086791992,-123.23894500732422,"2026-07-15T18:00:00Z","rtofs:Y388,X434",4245.244055655699,0,0,-0.029999999329447746,0.09016706049442291,-0.07945974171161652,0.029999999329447746
"san-francisco","shelf","2026-07-15T18:00:00Z",37.96342086791992,-123.17647552490234,"2026-07-15T18:00:00Z","rtofs:Y388,X434",3251.7739685421802,0,-0.03999999910593033,-0.009999999776482582,0.09016706049442291,-0.07945974171161652,0.041231055334590684
"san-francisco","nearshore","2026-07-15T18:00:00Z",37.96342086791992,-123.114013671875,"2026-07-15T18:00:00Z","rtofs:Y388,X435",2571.912470819552,0,-0.07000000029802322,-0.019999999552965164,0.06774389743804932,-0.0489763505756855,0.07280109905655174
"san-francisco","nearshore","2026-07-15T18:00:00Z",37.96342086791992,-123.05155181884766,"2026-07-15T18:00:00Z","rtofs:Y388,X436",2712.5987717006255,0,-0.07999999821186066,-0.029999999329447746,0.023256665095686913,-0.06030623987317085,0.08544003554344165
"san-francisco","shelf","2026-07-15T18:00:00Z",38.01736068725586,-123.30140686035156,"2026-07-15T18:00:00Z","rtofs:Y388,X433",3952.0296337769482,0,0,-0.029999999329447746,0.08567188680171967,-0.09337029606103897,0.029999999329447746
"san-francisco","shelf","2026-07-15T18:00:00Z",38.01736068725586,-123.23894500732422,"2026-07-15T18:00:00Z","rtofs:Y388,X434",4876.844934920424,0,-0.019999999552965164,-0.019999999552965164,0.09016706049442291,-0.07945974171161652,0.028284270615259174
"san-francisco","shelf","2026-07-15T18:00:00Z",38.01736068725586,-123.17647552490234,"2026-07-15T18:00:00Z","rtofs:Y388,X434",4042.403680364355,0,-0.029999999329447746,-0.009999999776482582,0.09016706049442291,-0.07945974171161652,0.03162277589485966
"san-francisco","nearshore","2026-07-15T18:00:00Z",38.01736068725586,-123.114013671875,"2026-07-15T18:00:00Z","rtofs:Y388,X435",3519.1813422173636,0,-0.019999999552965164,-0.019999999552965164,0.06774389743804932,-0.0489763505756855,0.028284270615259174
"san-francisco","nearshore","2026-07-15T18:00:00Z",38.01736068725586,-123.05155181884766,"2026-07-15T18:00:00Z","rtofs:Y388,X436",3623.1959972234504,0,-0.009999999776482582,-0.029999999329447746,0.023256665095686913,-0.06030623987317085,0.03162277589485966
"san-francisco","shelf","2026-07-15T18:00:00Z",38.0713005065918,-123.30140686035156,"2026-07-15T18:00:00Z","rtofs:Y389,X433",3098.6547818580248,0,-0.009999999776482582,-0.07999999821186066,0.1329817771911621,-0.08338387310504913,0.08062257568093045
"san-francisco","shelf","2026-07-15T18:00:00Z",38.0713005065918,-123.23894500732422,"2026-07-15T18:00:00Z","rtofs:Y389,X434",4213.515517303576,0,0,-0.05000000074505806,0.12275269627571106,-0.06069246307015419,0.05000000074505806
"san-francisco","shelf","2026-07-15T18:00:00Z",38.0713005065918,-123.17647552490234,"2026-07-15T18:00:00Z","rtofs:Y389,X434",3212.9422764028086,0,0,-0.009999999776482582,0.12275269627571106,-0.06069246307015419,0.009999999776482582
"san-francisco","nearshore","2026-07-15T18:00:00Z",38.0713005065918,-123.114013671875,"2026-07-15T18:00:00Z","rtofs:Y389,X435",2524.464296217892,0,0,-0.029999999329447746,0.0942230075597763,-0.01606278494000435,0.029999999329447746
"san-francisco","nearshore","2026-07-15T18:00:00Z",38.0713005065918,-123.05155181884766,"2026-07-15T18:00:00Z","rtofs:Y389,X436",2667.329496086101,0,0,-0.05000000074505806,0.03656294196844101,-0.010824684053659439,0.05000000074505806
"san-francisco","shelf","2026-07-15T18:00:00Z",38.125240325927734,-123.30140686035156,"2026-07-15T18:00:00Z","rtofs:Y390,X433",2375.953252844315,0,0.019999999552965164,-0.12999999523162842,0.16440577805042267,-0.0859980508685112,0.1315294595987607
"san-francisco","shelf","2026-07-15T18:00:00Z",38.125240325927734,-123.23894500732422,"2026-07-15T18:00:00Z","rtofs:Y390,X434",3712.704996214332,0,0.019999999552965164,-0.05999999865889549,0.15821000933647156,-0.041696082800626755,0.06324555178971931
"san-francisco","shelf","2026-07-15T18:00:00Z",38.125240325927734,-123.17647552490234,"2026-07-15T18:00:00Z","rtofs:Y390,X434",2522.962103117173,0,0.029999999329447746,-0.019999999552965164,0.15821000933647156,-0.041696082800626755,0.03605551194873638
"san-francisco","nearshore","2026-07-15T18:00:00Z",38.125240325927734,-123.114013671875,"2026-07-15T18:00:00Z","rtofs:Y390,X435",1556.1400752946097,0,0.03999999910593033,-0.03999999910593033,0.11748085170984268,0.03692110627889633,0.05656854123051835
"san-francisco","nearshore","2026-07-15T18:00:00Z",38.125240325927734,-123.05155181884766,"2026-07-15T18:00:00Z","rtofs:Y390,X436",1778.2331984447715,0,0.019999999552965164,-0.05000000074505806,0.04263616353273392,0.044426556676626205,0.05385164859708952
"san-francisco","shelf","2026-07-15T18:00:00Z",38.17918014526367,-123.30140686035156,"2026-07-15T18:00:00Z","rtofs:Y391,X433",1926.1081442243506,0,0.03999999910593033,-0.15000000596046448,0.16120591759681702,-0.09242221713066101,0.15524175249144095
"san-francisco","shelf","2026-07-15T18:00:00Z",38.17918014526367,-123.23894500732422,"2026-07-15T18:00:00Z","rtofs:Y391,X434",3440.3326883030113,0,0.05000000074505806,-0.09000000357627869,0.15402990579605103,0.0010727476328611374,0.10295630489793223
"san-francisco","shelf","2026-07-15T18:00:00Z",38.17918014526367,-123.17647552490234,"2026-07-15T18:00:00Z","rtofs:Y391,X434",2104.5008200567518,0,0.05000000074505806,-0.05999999865889549,0.15402990579605103,0.0010727476328611374,0.07810249620577608
"san-francisco","nearshore","2026-07-15T18:00:00Z",38.17918014526367,-123.114013671875,"2026-07-15T18:00:00Z","rtofs:Y391,X435",701.0496651077676,0,0.029999999329447746,-0.05000000074505806,0.09333863854408264,0.10934164375066757,0.058309519242338737
"san-francisco","nearshore","2026-07-15T18:00:00Z",38.17918014526367,-123.05155181884766,"2026-07-15T18:00:00Z","rtofs:Y391,X436",1109.426259502976,0,0.029999999329447746,-0.07000000029802322,0.02428242191672325,0.07399041950702667,0.07615773106842218
"san-francisco","shelf","2026-07-15T18:00:00Z",38.23311996459961,-123.30140686035156,"2026-07-15T18:00:00Z","rtofs:Y392,X433",1939.5746801660005,0,0.09000000357627869,-0.18000000715255737,0.1328660547733307,-0.06413447111845016,0.20124612597178332
"san-francisco","shelf","2026-07-15T18:00:00Z",38.23311996459961,-123.23894500732422,"2026-07-15T18:00:00Z","rtofs:Y392,X434",3446.0003037643482,0,0.09000000357627869,-0.11999999731779099,0.09023864567279816,0.0847482830286026,0.15000000000000005
"san-francisco","nearshore","2026-07-15T18:00:00Z",38.23311996459961,-123.17647552490234,"2026-07-15T18:00:00Z","rtofs:Y392,X434",2116.560475911167,0,0.07999999821186066,-0.09000000357627869,0.09023864567279816,0.0847482830286026,0.12041594727289191
"san-francisco","nearshore","2026-07-15T18:00:00Z",38.23311996459961,-123.114013671875,"2026-07-15T18:00:00Z","rtofs:Y392,X435",740.7347903969477,0,0.05999999865889549,-0.07999999821186066,0.001330675557255745,0.17647747695446014,0.09999999776482582
"san-francisco","nearshore","2026-07-15T18:00:00Z",38.23311996459961,-123.05155181884766,"2026-07-15T18:00:00Z","rtofs:Y392,X436",1134.3979131703184,0,0.05999999865889549,-0.09000000357627869,-0.024179505184292793,0.03791498392820358,0.10816654049565252
"san-francisco","shelf","2026-07-15T18:00:00Z",38.28705978393555,-123.30140686035156,"2026-07-15T18:00:00Z","rtofs:Y393,X433",2400.9855781176516,0,0.11999999731779099,-0.1599999964237213,0.08787800371646881,-0.0011420920491218567,0.19999999552965164
"san-francisco","shelf","2026-07-15T18:00:00Z",38.28705978393555,-123.23894500732422,"2026-07-15T18:00:00Z","rtofs:Y393,X434",3723.5293884527096,0,0.07999999821186066,-0.12999999523162842,0.043957170099020004,0.1732027232646942,0.15264337022655494
"san-francisco","nearshore","2026-07-15T18:00:00Z",38.28705978393555,-123.17647552490234,"2026-07-15T18:00:00Z","rtofs:Y393,X434",2545.8706169197553,0,0.09000000357627869,-0.11999999731779099,0.043957170099020004,0.1732027232646942,0.15000000000000005
"san-francisco","nearshore","2026-07-15T18:00:00Z",38.28705978393555,-123.114013671875,"2026-07-15T18:00:00Z","rtofs:Y393,X435",1598.9465543463589,0,0.07000000029802322,-0.10999999940395355,0.008879560977220535,0.1611144095659256,0.13038404776119292
