"maneuver","sample_index","timestamp_s","bcod_north_m","bcod_east_m","bcod_heading_rad","bcod_u_mps","bcod_v_mps","bcod_r_rad_s","gazebo_north_m","gazebo_east_m","gazebo_heading_rad","gazebo_u_mps","gazebo_v_mps","gazebo_r_rad_s","horizontal_position_error_m","heading_error_rad"
"constant-thrust",0,0.05,0.0012179206914923163,0,0,0.048200018415536575,0,0,0,0,0,0,0,"0.00000000000",0.0012179206914923163,0
"constant-thrust",1,0.1,0.00476998384774371,0,0,0.0933978881669022,0,0,0.00298140495195,7.7543307236E-15,-3.5527136788E-15,0.059628099039,1.55298456035E-13,"-7.10542735760e-14",0.0017885788957937095,3.5527136788E-15
"constant-thrust",2,0.15000000000000002,0.010510806896030879,0,0,0.1357805987387083,0,0,0.0100882946819,2.15275586062E-14,-9.45397606354E-15,0.142137794598,2.76808324959E-13,"-1.18025247695e-13",0.0004225122141308796,9.45397606354E-15
"constant-thrust",3,0.2,0.018304062448894817,0,0,0.17552349293471653,0,0,0.0199163555568,3.29369385362E-14,-1.36203105532E-14,0.196561217499,2.30864823425E-13,"-8.33266897926e-14",0.001612293107905182,1.36203105532E-14
"constant-thrust",4,0.25,0.028021914299950795,0,0,0.21279099229389675,0,0,0.0322367866318,4.21163739986E-14,-1.62266714227E-14,0.2464086215,1.87587100984E-13,"-5.21272173898e-14",0.004214872331849202,1.62266714227E-14
"constant-thrust",5,0.3,0.03954448854882239,0,0,0.2477372773237876,0,0,0.0413107916455,4.73807764795E-14,-1.7387057977E-14,0.181480100274,1.08443454644E-13,"-2.32077310859e-14",0.0017663030966776072,1.7387057977E-14
"constant-thrust",6,0.35000000000000003,0.05275937766717441,0,0,0.2805069253653738,0,0,0.0465466763241,5.01075988599E-14,-1.79663047724E-14,0.104717693573,5.64178376059E-14,"-1.15849359091e-14",0.00621270134307441,1.79663047724E-14
"constant-thrust",7,0.4,0.06756117545410113,0,0,0.3112355087284102,0,0,0.0672559629217,5.82213434972E-14,-1.93178806285E-14,0.414185731951,1.70276083274E-13,"-2.70315171213e-14",0.0003052125324011362,1.93178806285E-14
"constant-thrust",8,0.45,0.0838510409569197,0,0,0.34005015557175705,0,0,0.0913230139023,6.21536833993E-14,-1.89913444448E-14,0.481341019612,8.77881111414E-14,"6.53072367426e-15",0.007471972945380295,1.89913444448E-14
"constant-thrust",9,0.5,0.10153628955325203,0,0,0.36707007584916074,0,0,0.112796137065,6.448399849E-14,-1.85429902725E-14,0.429462463259,5.45698200919E-14,"8.96708344500e-15",0.011259847511747967,1.85429902725E-14
"constant-thrust",10,0.55,0.1205300095026485,0,0,0.39240705449638724,0,0,0.135528788159,6.6136666403E-14,-1.82120114196E-14,0.454653021868,4.13335042864E-14,"6.61957705759e-15",0.014998778656351491,1.82120114196E-14
"constant-thrust",11,0.6000000000000001,0.14075070238137735,0,0,0.41616591390008706,0,0,0.159118146269,6.72522573919E-14,-1.77724501782E-14,0.471787162199,3.06966336129E-14,"8.79122482871e-15",0.018367443887622653,1.77724501782E-14
"constant-thrust",12,0.6500000000000001,0.16212194591281176,0,0,0.43844494756168606,0,0,0.183942599456,6.79833560234E-14,-1.73283609683E-14,0.49648906375,2.32253143424E-14,"8.88178419700e-15",0.02182065354318824,1.73283609683E-14
"constant-thrust",13,0.7000000000000001,0.18457207779849985,0,0,0.4593363267504264,0,0,0.209911435659,6.84318699734E-14,-1.64448953321E-14,0.519376724067,1.75113748663E-14,"1.76693127250e-14",0.02533935786050015,1.64448953321E-14
"constant-thrust",14,0.7500000000000001,0.2080338992418854,0,0,0.47892648182793385,0,0,0.236430256567,6.86841676063E-14,-1.55474761605E-14,0.530376418145,1.32919673742E-14,"1.79483834313e-14",0.028396357325114613,1.55474761605E-14
"constant-thrust",15,0.8,0.2324443969381183,0,0,0.49729645982190135,0,0,0.263354535875,6.88232686852E-14,-1.48947520984E-14,0.538485586177,1.08026308924E-14,"1.30544812433e-14",0.030910138936881715,1.48947520984E-14
"constant-thrust",16,0.8500000000000001,0.2577444823797905,0,0,0.5145222597282177,0,0,0.29117017738,6.89251151478E-14,-1.37934108579E-14,0.55631283009,9.7103806833E-15,"2.20268248086e-14",0.03342569500020953,1.37934108579E-14
"constant-thrust",17,0.9000000000000001,0.2838787474000708,0,0,0.53067514692873,0,0,0.319532609674,6.904838695E-14,-1.27808874595E-14,0.567248645871,9.71537714966E-15,"2.02504679692e-14",0.03565386227392919,1.27808874595E-14
"constant-thrust",18,0.9500000000000001,0.3107952349418891,0,0,0.5458219480254267,0,0,0.348664885973,6.92414783521E-14,-1.19994717111E-14,0.582645525989,1.08532665486E-14,"1.56283149687e-14",0.037869651031110896,1.19994717111E-14
"constant-thrust",19,1,0.3384452241048118,0,0,0.5600253273108103,0,0,0.378548564413,6.95393071577E-14,-1.12064552649E-14,0.597673568803,1.2654378224E-14,"1.58603289232e-14",0.040103340308188185,1.12064552649E-14
"constant-thrust",20,1.05,0.36678302858031975,0,0,0.5733440460182514,0,0,0.408830166543,6.9966215732E-14,-1.06445464688E-14,0.605632042606,1.49848499053E-14,"1.12381759227e-14",0.042047137962680226,1.06445464688E-14
"constant-thrust",21,1.1,0.39576580764158836,0,0,0.5858332054248785,0,0,0.43850977584,7.05218780985E-14,-1.04360964315E-14,0.593592185937,1.7308032623E-14,"4.16900074553e-15",0.04274396819841164,1.04360964315E-14
"constant-thrust",22,1.1500000000000001,0.42535338890581126,0,0,0.5975444748127512,0,0,0.467958433426,7.12083651306E-14,-1.00007148532E-14,0.588973151707,1.96198931885E-14,"8.70763156568e-15",0.04260504452018876,1.00007148532E-14
"constant-thrust",23,1.2000000000000002,0.45550810213581067,0,0,0.6085263052314219,0,0,0.498263051303,7.20536036489E-14,-9.33475519105E-15,0.606092357553,2.25624941467E-14,"1.33191932429e-14",0.04275494916718936,9.33475519105E-15
"constant-thrust",24,1.2500000000000002,0.48619462339335096,0,0,0.6188241299462496,0,0,0.530812077875,7.31080099965E-14,-8.98540501263E-15,0.650980531433,2.69374506827E-14,"6.98700356831e-15",0.044617454481649,8.98540501263E-15
"constant-thrust",25,1.3,0.5173798288993973,0,0,0.6284805524017469,0,0,0.562750705428,7.42684819687E-14,-8.51028649261E-15,0.638772551064,2.86455768583E-14,"9.50237040052e-15",0.04537087652860272,8.51028649261E-15
"constant-thrust",26,1.35,0.5490326579967193,0,0,0.6375355224775893,0,0,0.594347980793,7.55206318023E-14,-8.3405504725E-15,0.631945507298,3.03137700702E-14,"3.39472040221e-15",0.0453153227962807,8.3405504725E-15
"constant-thrust",27,1.4000000000000001,0.5811239846478997,0,0,0.6460265017664792,0,0,0.626253435779,7.68567993998E-14,-8.43769498715E-15,0.638109099715,3.21075219023E-14,"-1.94289029309e-15",0.04512945113110023,8.43769498715E-15
"constant-thrust",28,1.4500000000000002,0.6136264969371172,0,0,0.6539886185576439,0,0,0.656940929925,7.8179599621E-14,-8.55500157089E-15,0.613749882928,3.1706635636E-14,"-2.34613167468e-15",0.043314432987882734,8.55500157089E-15
"constant-thrust",29,1.5000000000000002,0.6465145840771866,0,0,0.661454813167151,0,0,0.68860549883,7.95523693655E-14,-8.20658733713E-15,0.633291378091,3.26525558941E-14,"6.96828467516e-15",0.042090914752813346,8.20658733713E-15
"constant-thrust",30,1.55,0.6797642304543908,0,0,0.6684559742162945,0,0,0.722171547612,8.09794131812E-14,-7.77156117238E-15,0.671320975646,3.37580883424E-14,"8.70052329502e-15",0.04240731715760915,7.77156117238E-15
"constant-thrust",31,1.6,0.7133529162727533,0,0,0.675021066421851,0,0,0.754584305937,8.22922654006E-14,-7.41964142117E-15,0.648255166494,3.10668652739E-14,"7.03839502404e-15",0.041231389664246665,7.41964142117E-15
"constant-thrust",32,1.6500000000000001,0.7472595243867037,0,0,0.6811772504268928,0,0,0.786485306635,8.34946427712E-14,-6.77889117389E-15,0.63802001397,2.83726156535E-14,"1.28150049457e-14",0.039225782248296315,6.77889117389E-15
"constant-thrust",33,1.7000000000000002,0.7814642529366913,0,0,0.6869499951679121,0,0,0.819966582665,8.46324335294E-14,-6.33053700164E-15,0.66962552059,2.69949042994E-14,"8.96708344500e-15",0.03850232972830869,6.33053700164E-15
"constant-thrust",34,1.7500000000000002,0.8159485334263081,0,0,0.6923631832431343,0,0,0.853826870953,8.56220335618E-14,-5.99955814876E-15,0.677205765762,2.3854936019E-14,"6.61957705759e-15",0.037878337526691896,5.99955814876E-15
"constant-thrust",35,1.8,0.8506949539019966,0,0,0.6974392097179432,0,0,0.887689655518,8.64283654648E-14,-5.24025267623E-15,0.677255691291,1.96756290083E-14,"1.51861094506e-14",0.03699470161600349,5.24025267623E-15
"constant-thrust",36,1.85,0.8856871869175258,0,0,0.7021990747761885,0,0,0.924134182747,8.70799044804E-14,-4.30766533555E-15,0.728890544582,1.61705968439E-14,"1.86517468137e-14",0.038446995829474195,4.30766533555E-15
"constant-thrust",37,1.9000000000000001,0.9209099219852159,0,0,0.7066624706006868,0,0,0.958920632895,8.74835208047E-14,-3.76264675982E-15,0.695729002976,1.06901089651E-14,"1.09003715145e-14",0.03801071090978403,3.76264675982E-15
"constant-thrust",38,1.9500000000000002,0.956348802234453,0,0,0.7108478628423511,0,0,0.993723433508,8.76680719457E-14,-3.09917576236E-15,0.696056012261,5.84822274136E-15,"1.32694199492e-14",0.03737463127354701,3.09917576236E-15
"constant-thrust",39,2,0.9919903650154417,0,0,0.7147725670149981,0,0,1.029130385,8.76365528642E-14,-2.22044604925E-15,0.708139029912,9.42002882797E-16,"1.75745942622e-14",0.03714001998455829,2.22044604925E-15
"constant-thrust",40,2.05,1.0278219862024671,0,0,0.7184528201318883,0,0,1.06420447452,8.73921309805E-14,-1.56790680212E-15,0.701481790288,-3.78857960411E-15,"1.30507849425e-14",0.03638248831753299,1.56790680212E-15
"constant-thrust",41,2.1,1.0638318279662387,0,0,0.7219038478803682,0,0,1.10229733151,8.69027649373E-14,-8.78729713108E-16,0.76185713986,-9.11785435774E-15,"1.37835417803e-14",0.038465503543761326,8.78729713108E-16
"constant-thrust",42,2.15,1.1000087897992463,0,0,0.7251399276125259,0,0,1.13960151949,8.62158878918E-14,1.32372745243E-16,0.746083759489,-1.38363020667E-14,"2.02220491670e-14",0.03959272969075367,1.32372745243E-16
"constant-thrust",43,2.1999999999999997,1.1363424625915126,0,0,0.7281744474124592,0,0,1.17588282235,8.53731911828E-14,7.74979209346E-16,0.725626057216,-1.74162792864E-14,"1.28521292820e-14",0.03954035975848735,7.74979209346E-16
"constant-thrust",44,2.25,1.1728230855667459,0,0,0.7310199614845267,0,0,1.21439063106,8.43269558703E-14,1.11494737792E-15,0.770156174264,-2.17833898569E-14,"6.79936337151e-15",0.04156754549325403,1.11494737792E-15
"constant-thrust",45,2.3,1.2094415059007357,0,0,0.7336882420917294,0,0,1.25320603485,8.31431012309E-14,1.68492670796E-15,0.776308075741,-2.49851149997E-14,"1.13995866008e-14",0.0437645289492643,1.68492670796E-15
"constant-thrust",46,2.35,1.246189140854925,0,0,0.7361903282590984,0,0,1.29089114759,8.18908861063E-14,1.88520223397E-15,0.753702254822,-2.64651836669E-14,"4.00551052020e-15",0.04470200673507496,1.88520223397E-15
"constant-thrust",47,2.4,1.2830579422685,0,0,0.7385365714435819,0,0,1.33050460739,8.04989588415E-14,1.65824800699E-15,0.792269196036,-2.91523241102E-14,"-4.53908453956e-15",0.047446665121499976,1.65824800699E-15
"constant-thrust",48,2.45,1.3200403632620996,0,0,0.7407366783593737,0,0,1.36903420392,7.91063757506E-14,1.32404375529E-15,0.770591930587,-2.88719592513E-14,"-6.68408503399e-15",0.04899384065790047,1.32404375529E-15
"constant-thrust",49,2.5,1.3571293270153906,0,0,0.7427997511358561,0,0,1.40762565331,7.77060404817E-14,1.11022302463E-15,0.771828987877,-2.88636076922E-14,"-4.27641461337e-15",0.05049632629460943,1.11022302463E-15
"constant-thrust",50,2.55,1.394318197489338,0,0,0.7447343249742963,0,0,1.44719003562,7.62850873939E-14,3.33066907388E-16,0.791287646169,-2.86826134857E-14,"-1.55431223448e-14",0.0528718381306621,3.33066907388E-16
"constant-thrust",51,2.6,1.4316007519720462,0,0,0.7465484034590886,0,0,1.48697598661,7.48968715235E-14,-6.66133814775E-16,0.795719019819,-2.72342620604E-14,"-1.99840144433e-14",0.05537523463795391,6.66133814775E-16
"constant-thrust",52,2.65,1.4689711553345879,0,0,0.748249491669627,0,0,1.52695615415,7.35711313616E-14,-1.66533453694E-15,0.799603350668,-2.51831961636E-14,"-1.99840144433e-14",0.05798499881541219,1.66533453694E-15
"constant-thrust",53,2.7,1.5064239358903142,0,0,0.7498446272297975,0,0,1.56844259672,7.22855632549E-14,-2.79776202206E-15,0.829728851528,-2.33899782648E-14,"-2.26485497023e-14",0.06201866082968577,2.79776202206E-15
"constant-thrust",54,2.75,1.5439539627577732,0,0,0.751340409423547,0,0,1.60848443809,7.11513512391E-14,-3.34278059778E-15,0.800836827403,-2.00072185065E-14,"-1.09003715145e-14",0.06453047533222689,3.34278059778E-15
"constant-thrust",55,2.8,1.5815564246335834,0,0,0.7527430264969818,0,0,1.64777426537,7.01535712818E-14,-3.77475828373E-15,0.785796545639,-1.69894071252E-14,"-8.63955371890e-15",0.06621784073641668,3.77475828373E-15
"constant-thrust",56,2.85,1.6192268098874445,0,0,0.7540582812599491,0,0,1.68948358084,6.92351232486E-14,-4.70372040637E-15,0.834186309257,-1.44451814991E-14,"-1.85792424529e-14",0.07025677095255545,4.70372040637E-15
"constant-thrust",57,2.9,1.656960887896934,0,0,0.7552916150930187,0,0,1.72995618239,6.84945075975E-14,-5.09396446593E-15,0.809452031075,-1.06889931382E-14,"-7.80488119113e-15",0.07299529449306608,5.09396446593E-15
"constant-thrust",58,2.95,1.6947546915448697,0,0,0.7564481304591842,0,0,1.76970322535,6.79125955023E-14,-5.11137972906E-15,0.794940859118,-7.57499731255E-15,"-3.48305262627e-16",0.07494853380513034,5.11137972906E-15
"constant-thrust",59,3,1.7326045008068292,0,0,0.7575326120134186,0,0,1.81025381997,6.7472752385E-14,-5.55564664568E-15,0.811011892519,-4.29116684492E-15,"-8.88533833234e-15",0.07764931916317086,5.55564664568E-15
"constant-thrust",60,3.05,1.7705068273609224,0,0,0.7585495463974155,0,0,1.85073627791,6.719436303E-14,-6.11275735911E-15,0.809649158775,-6.18598247219E-16,"-1.11422142687e-14",0.08022945054907771,6.11275735911E-15
"constant-thrust",61,3.1,1.8084584001561497,0,0,0.7595031408014118,0,0,1.88963279244,6.7077133362E-14,-6.43929354283E-15,0.777930290593,2.66472813759E-15,"-6.53072367426e-15",0.08117439228385037,6.43929354283E-15
"constant-thrust",62,3.15,1.8464561518796367,0,0,0.7603973403698826,0,0,1.92870664851,6.71069748453E-14,-6.34159391666E-15,0.781477121291,5.5526402247E-15,"1.95399252333e-15",0.08225049663036321,6.34159391666E-15
"constant-thrust",63,3.2,1.8844972062667606,0,0,0.7612358445231184,0,0,1.97007784601,6.72909785611E-14,-6.2172489379E-15,0.827423950087,8.82437499142E-15,"2.48689957517e-15",0.08558063974323926,6.2172489379E-15
"constant-thrust",64,3.25,1.922578866201668,0,0,0.7620221222622099,0,0,2.01186793805,6.7618077739E-14,-5.76409668295E-15,0.835801840897,1.13596261764E-14,"9.06304509898e-15",0.0892890718483319,5.76409668295E-15
"constant-thrust",65,3.3,1.9606986025589555,0,0,0.7627594265207576,0,0,2.05262251608,6.80614770203E-14,-5.3290705182E-15,0.815091560563,1.32116660311E-14,"8.70052329502e-15",0.09192391352104456,5.3290705182E-15
"constant-thrust",66,3.35,1.9988540437403466,0,0,0.7634508076226831,0,0,2.09193295029,6.85970257755E-14,-5.21377812718E-15,0.786208684074,1.48100927443E-14,"2.30584782037e-15",0.09307890654965334,5.21377812718E-15
"constant-thrust",67,3.4,2.0370429658630815,0,0,0.7640991259018172,0,0,2.13074622614,6.92156467419E-14,-4.66293670343E-15,0.776265517136,1.59920962987E-14,"1.10168284751e-14",0.09370326027691833,4.66293670343E-15
"constant-thrust",68,3.45,2.075263283559423,0,0,0.7647070635354734,0,0,2.17011727996,6.99128406631E-14,-3.99680288865E-15,0.787421076238,1.7091045257E-14,"1.33226762955e-14",0.09485399640057679,3.99680288865E-15
"constant-thrust",69,3.5,2.1135130413492185,0,0,0.7652771356409663,0,0,2.20967048099,7.06698552165E-14,-3.66147021999E-15,0.791064020637,1.8036748422E-14,"6.70665337324e-15",0.09615743964078138,3.66147021999E-15
"constant-thrust",70,3.55,2.1517904055498236,0,0,0.76581170068098,0,0,2.24820308692,7.14403894436E-14,-3.21964677141E-15,0.770652118707,1.78919121463E-14,"8.83646897151e-15",0.09641268137017622,3.21964677141E-15
"constant-thrust",71,3.6,2.190093656689917,0,0,0.7663129702208353,0,0,2.28731719641,7.22304433896E-14,-2.77319538491E-15,0.782282189835,1.79705002794E-14,"8.92902772997e-15",0.09722353972008291,2.77319538491E-15
"constant-thrust",72,3.65,2.2284211823958247,0,0,0.7667830180780245,0,0,2.32612033205,7.29996745153E-14,-2.54924286808E-15,0.776062712637,1.73629948483E-14,"4.47905033666e-15",0.09769914965417525,2.54924286808E-15
"constant-thrust",73,3.7,2.266771470720918,0,0,0.7672237889018652,0,0,2.36363339932,7.37064653331E-14,-2.10942374679E-15,0.750261345461,1.57184354545E-14,"8.79638242588e-15",0.09686192859908171,2.10942374679E-15
"constant-thrust",74,3.75,2.3051431038904946,0,0,0.7676371062187675,0,0,2.40166428725,7.43639599242E-14,-1.55431223448E-15,0.760617758545,1.43321293106E-14,"1.11022302463e-14",0.09652118335950544,1.55431223448E-15
"constant-thrust",75,3.8,2.3435347524362578,0,0,0.7680246799764013,0,0,2.4394837369,7.49401678705E-14,-1.22124532709E-15,0.756388993105,1.24478954488E-14,"6.66133814775e-15",0.09594898446374245,1.22124532709E-15
"constant-thrust",76,3.85,2.3819451696961345,0,0,0.7683881136179731,0,0,2.47710420864,7.54240431011E-14,-6.66133814775E-16,0.7524094347,1.01787099804E-14,"1.11022302463e-14",0.09515903894386568,6.66133814775E-16
"constant-thrust",77,3.9,2.420373186656671,0,0,0.768728910715879,0,0,2.51454206993,7.57968495254E-14,-3.33066907388E-16,0.748757225901,7.70551473791E-15,"6.66133814775e-15",0.09416888327332895,3.33066907388E-16
"constant-thrust",78,3.95,2.458817707116672,0,0,0.7690484811921805,0,0,2.55181666702,7.6040643162E-14,3.33066907388E-16,0.745491941784,4.62757403682E-15,"1.33226762955e-14",0.09299895990332807,3.33066907388E-16
"constant-thrust",79,4,2.497277703152072,0,0,0.7693481471516358,0,0,2.58894932193,7.61578901192E-14,1.55431223448E-15,0.742653098181,1.19062434755E-15,"2.44249065418e-14",0.09167161877792784,1.55431223448E-15
"constant-thrust",80,4.05,2.53575221086328,0,0,0.7696291483514198,0,0,2.62596304133,7.61418992723E-14,1.88737914186E-15,0.740274388013,-1.71699537687E-15,"6.66133814775e-15",0.09021083046671974,1.88737914186E-15
"constant-thrust",81,4.1,2.5742403263874025,0,0,0.7698926473301614,0,0,2.66325920311,7.59866545221E-14,2.00293296687E-15,0.745923235548,-4.5989292425E-15,"2.31107650024e-15",0.08901887672259745,2.00293296687E-15
"constant-thrust",82,4.15,2.6127412021588428,0,0,0.770139734217517,0,0,2.70047272373,7.56966741646E-14,2.56683563293E-15,0.744270412486,-7.71002696493E-15,"1.12780533212e-14",0.08773152157115716,2.56683563293E-15
"constant-thrust",83,4.2,2.6512540434028122,0,0,0.7703714312441797,0,0,2.73691284464,7.5280940662E-14,2.66018144332E-15,0.728802418069,-1.0253416722E-14,"1.86691620768e-15",0.08565880123718772,2.66018144332E-15
"constant-thrust",84,4.25,2.689778104847244,0,0,0.7705886969709809,0,0,2.77299919401,7.47519494048E-14,3.0955630216E-15,0.72172698751,-1.28139765179E-14,"8.70763156568e-15",0.08322108916275628,3.0955630216E-15
"constant-thrust",85,4.3,2.7283126876395034,0,0,0.7707924302545812,0,0,2.81099081172,7.40816700619E-14,3.89060764282E-15,0.759832354246,-1.6361796423E-14,"1.59008924243e-14",0.08267812408049657,3.89060764282E-15
"constant-thrust",86,4.35,2.7668571364551457,0,0,0.7709834739661583,0,0,2.84811436827,7.3335992022E-14,4.23141605612E-15,0.742471130909,-1.80552650611E-14,"6.81616826603e-15",0.08125723181485434,4.23141605612E-15
"constant-thrust",87,4.4,2.8054108367867516,0,0,0.7711626184784743,0,0,2.88440521196,7.25471721225E-14,4.21431597103E-15,0.72581687378,-1.8835219634E-14,"-3.42001701847e-16",0.07899437517324825,4.21431597103E-15
"constant-thrust",88,4.45,2.8439732124016306,0,0,0.7713306049357518,0,0,2.92145415242,7.16953000751E-14,3.99680288865E-15,0.740978809162,-1.99989871922E-14,"-4.35026164751e-15",0.07748094001836936,3.99680288865E-15
"constant-thrust",89,4.5,2.882543722957871,0,0,0.7714881283198833,0,0,2.95791695534,7.0827988235E-14,4.32333907236E-15,0.729256058523,-2.04990580151E-14,"6.53072367426e-15",0.07537323238212901,4.32333907236E-15
"constant-thrust",90,4.55,2.9211218617688752,0,0,0.771635840325663,0,0,2.9952442253,6.99376845317E-14,4.33666707986E-15,0.746545399165,-2.10435929219E-14,"2.66560149965e-16",0.07412236353112478,4.33666707986E-15
"constant-thrust",91,4.6,2.959707153707131,0,0,0.7717743520569321,0,0,3.03314123729,6.90573533002E-14,4.4408920985E-15,0.757940239746,-2.09725554507E-14,"2.08450037277e-15",0.07343408358286929,4.4408920985E-15
"constant-thrust",92,4.65,2.998299153238546,0,0,0.7719042365547961,0,0,3.07011734108,6.82429839469E-14,4.77822909444E-15,0.739522075928,-1.98209929657E-14,"6.74673991887e-15",0.07181818784145388,4.77822909444E-15
"constant-thrust",93,4.7,3.0368974425792175,0,0,0.7720260311683701,0,0,3.10874877847,6.74599862136E-14,4.66293670343E-15,0.772628747726,-1.92626736123E-14,"-2.30584782037e-15",0.07185133589078241,4.66293670343E-15
"constant-thrust",94,4.75,3.075501629967003,0,0,0.7721402397778623,0,0,3.14722537189,6.6772373424E-14,4.21046845188E-15,0.769531868397,-1.69923454462E-14,"-9.04936503090e-15",0.0717237419229968,4.21046845188E-15
"constant-thrust",95,4.8,3.1141113480407516,0,0,0.7722473348791922,0,0,3.18480625069,6.61992895479E-14,3.88351482491E-15,0.751617575947,-1.43805955217E-14,"-6.53907253934e-15",0.07069490264924827,3.88351482491E-15
"constant-thrust",96,4.8500000000000005,3.152726252320481,0,0,0.7723477595387677,0,0,3.22337377705,6.57209384512E-14,3.77911209951E-15,0.771350527184,-1.2482042043E-14,"-2.08805450811e-15",0.07064752472951907,3.77911209951E-15
"constant-thrust",97,4.9,3.19134601978222,0,0,0.7724419292265091,0,0,3.26174987156,6.5370801983E-14,3.33955085807E-15,0.76752189025,-9.56590775216E-15,"-8.79122482871e-15",0.07040385177778008,3.33955085807E-15
"constant-thrust",98,4.95,3.229970347521616,0,0,0.7725302335347018,0,0,3.30112101934,6.51490683872E-14,2.78235484539E-15,0.787422955662,-6.62556199193E-15,"-1.11439202537e-14",0.07115067181838386,2.78235484539E-15
"constant-thrust",99,5,3.2685989515007803,0,0,0.772613037789791,0,0,3.34154370007,6.50661453987E-14,2.21119419071E-15,0.808453614456,-3.44610770482E-15,"-1.14232130935e-14",0.07294474856921962,2.21119419071E-15
"constant-thrust",100,5.05,3.307231565373186,0,0,0.7726906845637841,0,0,3.3808931115,6.51250043375E-14,2.22898622636E-15,0.786988228748,-5.77007146097E-16,"3.55840713024e-16",0.07366154612681397,2.22898622636E-15
"constant-thrust",101,5.1000000000000005,3.345867939381757,0,0,0.7727634950915168,0,0,3.42013930059,6.53175418088E-14,2.2159145267E-15,0.784923781832,2.11142541424E-15,"-2.61433993238e-16",0.07427136120824285,2.2159145267E-15
"constant-thrust",102,5.15,3.3845078393255923,0,0,0.7728317705996424,0,0,3.45990459438,6.5636236316E-14,1.65880381326E-15,0.79530587564,5.05463372447E-15,"-1.11422142687e-14",0.0753967550544079,1.65880381326E-15
"constant-thrust",103,5.2,3.423151045591044,0,0,0.7728957935528468,0,0,3.49945673926,6.60669804181E-14,1.55431223448E-15,0.791042897762,7.38535438976E-15,"-2.08983157576e-15",0.07630569366895568,1.55431223448E-15
"constant-thrust",104,5.25,3.4617973522431496,0,0,0.7729558288224412,0,0,3.54082884002,6.66312330756E-14,1.54013917459E-15,0.827442015125,1.00106772876E-14,"-2.83461197784e-16",0.07903148777685054,1.54013917459E-15
"constant-thrust",105,5.3,3.5004465661736495,0,0,0.7730121247821693,0,0,3.58264485728,6.73051036524E-14,1.58603289232E-15,0.836320345152,1.21509799589E-14,"9.17874354719e-16",0.08219829110635057,1.58603289232E-15
"constant-thrust",106,5.3500000000000005,3.539098506302074,0,0,0.7730649143357621,0,0,3.62159489265,6.80149942175E-14,2.01484919284E-15,0.779000707474,1.26282423564E-14,"8.57632601032e-15",0.082496386347926,2.01484919284E-15
"constant-thrust",107,5.4,3.5777530028265914,0,0,0.7731144158804908,0,0,3.66136440505,6.88082983638E-14,2.33609428098E-15,0.795390247993,1.40079763161E-14,"6.42490176288e-15",0.08361140222340868,2.33609428098E-15
"constant-thrust",108,5.45,3.616409896521513,0,0,0.7731608342107049,0,0,3.7035453635,6.97014359758E-14,2.56739074445E-15,0.843619169036,1.56968521944E-14,"4.62592926928e-15",0.08713546697848695,2.56739074445E-15
"constant-thrust",109,5.5,3.655069038078557,0,0,0.7732043613650933,0,0,3.74265805481,7.05622291517E-14,2.78161332352E-15,0.782253826083,1.50399358515E-14,"4.28445158139e-15",0.08758901673144326,2.78161332352E-15
"constant-thrust",110,5.55,3.6937302874891405,0,0,0.7732451774211729,0,0,3.78092410359,7.14251015801E-14,3.20005460039E-15,0.765320975737,1.4808379659E-14,"8.36882553750e-15",0.08719381610085941,3.20005460039E-15
"constant-thrust",111,5.6000000000000005,3.732393513465146,0,0,0.7732834512402937,0,0,3.82313861882,7.23782412324E-14,3.89318207302E-15,0.844290304468,1.57758171692E-14,"1.38625494526e-14",0.0907451053548538,3.89318207302E-15
"constant-thrust",112,5.65,3.771058592895765,0,0,0.7733193411662393,0,0,3.86613714425,7.33308197102E-14,3.9650822308E-15,0.859970508702,1.56417157723E-14,"1.43800315570e-15",0.09507855135423515,3.9650822308E-15
"constant-thrust",113,5.7,3.809725410338172,0,0,0.7733529956803162,0,0,3.90486062101,7.41606687632E-14,4.24307054139E-15,0.774469535206,1.33108521895E-14,"5.55976621164e-15",0.09513521067182795,4.24307054139E-15
"constant-thrust",114,5.75,3.8483938575399246,0,0,0.7733845540156405,0,0,3.94379874524,7.49532627776E-14,4.77169324461E-15,0.778762484578,1.21358646025E-14,"1.05724540646e-14",0.09540488770007549,4.77169324461E-15
"constant-thrust",115,5.8,3.8870638329911054,0,0,0.7734141467331632,0,0,3.98458555192,7.5733279802E-14,5.10702591328E-15,0.815736133572,1.14343549158E-14,"6.70665337324e-15",0.09752171892889461,5.10702591328E-15
"constant-thrust",116,5.8500000000000005,3.9257352415043654,0,0,0.7734418962618179,0,0,4.02486003312,7.64384547572E-14,5.44009282066E-15,0.805489623975,9.72156078267E-15,"6.66133814775e-15",0.09912479161563503,5.44009282066E-15
"constant-thrust",117,5.9,3.9644079938211205,0,0,0.7734679174050254,0,0,4.06542541978,7.70664613712E-14,6.00426737807E-15,0.811307733294,7.68882372317E-15,"1.12834911482e-14",0.10101742595887986,6.00426737807E-15
"constant-thrust",118,5.95,4.003082006242277,0,0,0.7734923178156504,0,0,4.10626033403,7.76114492894E-14,6.6749327154E-15,0.81669828497,5.44835226332E-15,"1.34133067465e-14",0.10317832778772296,6.6749327154E-15
"constant-thrust",119,6,4.041757200281957,0,0,0.7735151984413756,0,0,4.14567327374,7.80498876742E-14,6.65279797064E-15,0.7882587941,3.52464119028E-15,"-4.42694895220e-16",0.1039160734580431,6.65279797064E-15
"turning-circle",0,0.05,0.0013194282948560975,-0.000047124582381082085,0.0006025980568306412,0.05221671424504042,-0.0018684474179023877,0.023842792378374278,0,0,0,0,0,"0.00000000000",0.0013202695753259865,0.0006025980568306413
"turning-circle",1,0.1,0.00516770018271189,-0.0001776810426628244,0.0023541545233009896,0.10118139083044728,-0.003551938252284287,0.04588362014033714,0.00186347174767,-0.000280434426516,0.00152629848198,0.0372608310127,-0.00566556625727,"0.0305259696397",0.003305825737819926,0.0008278560413209897
"turning-circle",2,0.15000000000000002,0.011387728764054184,-0.0003704917563257719,0.00515486253236081,0.14709696546267478,-0.005069135525887819,0.06576376894711776,0.0088789559543,-0.00125789123048,0.00706532306301,0.14016806229,-0.0205399731463,"0.110780491621",0.0026610935417025663,0.0019104605306491905
"turning-circle",3,0.2,0.019832339144667477,-0.0005994657931650496,0.008891421141914326,0.1901534445979638,-0.006441552971571448,0.08330104089027446,0.0187996525888,-0.00233525559283,0.0140752160963,0.198091006242,-0.0243377796656,"0.140197860665",0.002019754378950649,0.005183794954385674
"turning-circle",4,0.25,0.03036349624774095,-0.000835582753356808,0.013445484490782629,0.23052849292226296,-0.007692660989228982,0.09847113668468799,0.0316635455137,-0.00334615344841,0.022075305539,0.256768891504,-0.025892057072,"0.160001788856",0.0028272059190622345,0.00862982104821737
"turning-circle",5,0.3,0.04285159142708403,-0.0010485775599155052,0.01870073943347572,0.26838817079150845,-0.008846380002776903,0.11137324358066666,0.0441089473549,-0.00398568891632,0.0288213054745,0.248436070146,-0.0199582587358,"0.134919998710",0.0031949283323940486,0.010120566041024279
"turning-circle",6,0.35000000000000003,0.05717480325383979,-0.0012082574701383888,0.024548092195586065,0.30388774672189167,-0.009925520946568313,0.12219040364957574,0.0497403920351,-0.00404578585646,0.0311435333663,0.112536850959,-0.00470845066643,"0.0464445578356",0.00795751453108978,0.006595441170713933
"turning-circle",7,0.4,0.07321853461152485,-0.0012854486873443518,0.03088891632076805,0.3371725159132462,-0.0109505477964917,0.13115263311321254,0.0688000940338,-0.00399368459091,0.038336652734,0.380953892018,-0.0135688645007,"0.143862387354",0.005182389299179245,0.007447736413231949
"turning-circle",8,0.45,0.09087491931981259,-0.0012526142296209485,0.03763662409487035,0.3683785758016859,-0.011938819068056529,0.138507200117476,0.0955560293587,-0.00491969612448,0.0524867782709,0.533410165648,-0.0465684890511,"0.283002510738",0.005946451111358398,0.014850154176029653
"turning-circle",9,0.5,0.1100423872648261,-0.0010842061510284596,0.04471696348139266,0.39763353228521603,-0.012904297775663228,0.1444973982649344,0.116187401183,-0.00487921335964,0.061046327131,0.411908211159,-0.0243655999162,"0.171190977202",0.00722241481555612,0.016329363649607336
"turning-circle",10,0.55,0.13062527632981208,-0.0007568190891599719,0.05206745515018639,0.4250571286060694,-0.0138576283681635,0.14934916926194405,0.140293909535,-0.00437164174135,0.0699079384504,0.481661620629,-0.0235506427452,"0.177232226387",0.010322277406815262,0.017840483300213608
"turning-circle",11,0.6000000000000001,0.15253348079649245,-0.0002492054091914331,0.059636324681750584,0.45076180060927484,-0.01480645253504651,0.15326399333689192,0.168220115451,-0.00336815780509,0.0793694095135,0.558357076041,-0.0242767041803,"0.189229421263",0.015993697847335935,0.01973308483174941
"turning-circle",12,0.6500000000000001,0.1756821280793089,0.0004577991479779857,0.06738119866464691,0.4748531678689944,-0.015755848251273807,0.1564162678736605,0.196090665294,-0.00202913324444,0.088293535788,0.557601163261,-0.0224756950474,"0.178482525491",0.02055950446795565,0.020912337123353095
"turning-circle",13,0.7000000000000001,0.19999127787298632,0.0013814025150383474,0.07526774838529104,0.4974304717798759,-0.016708804319385307,0.15895359674021461,0.223396916197,-0.000437041997306,0.0966834066883,0.5466482866,-0.0210258869336,"0.167797418006",0.02347617187275245,0.02141565830300896
"turning-circle",14,0.7500000000000001,0.22538563965338257,0.002537010053825158,0.08326839449554302,0.5185869709683121,-0.017666674454714135,0.16099876621978973,0.250134243373,0.00136151814087,0.104642476654,0.535578713952,-0.0200806970391,"0.159181399308",0.024776504339960564,0.021374082158456986
"turning-circle",15,0.8,0.25179430588181256,0.0039383874505779974,0.09136113398376827,0.5384103025274622,-0.01862958462097731,0.16265254372415594,0.280498437529,0.00367419555063,0.113435116424,0.608616482123,-0.022783395318,"0.175852795413",0.02870534742829401,0.022073982440231732
"turning-circle",16,0.8500000000000001,0.27915049922534496,0.005597821663100167,0.0995285154532474,0.5569828156154096,-0.019596775928000444,0.1639967380367175,0.310019153335,0.00616878848843,0.121792449541,0.592102240645,-0.0222080812631,"0.167146662333",0.030873934146090798,0.02226393408775261
"turning-circle",17,0.9000000000000001,0.3073913327160878,0.007526273497563658,0.10775676659865302,0.5743818822285414,-0.020566882833962307,0.16509718531944925,0.340164614402,0.00895074930282,0.130172321696,0.605030581056,-0.0230921535571,"0.167597443095",0.0328042241759184,0.022415555097346967
"turning-circle",18,0.9500000000000001,0.336457582143305,0.009733518428763577,0.1160350651526063,0.5906801885416912,-0.021538152075037297,0.16600648140397933,0.370271033006,0.011948256275,0.138420905288,0.604640960526,-0.0237045260121,"0.164971671837",0.033885904488023345,0.0223858401353937
"turning-circle",19,1,0.36629347017276803,0.012228274277483513,0.1243549383235991,0.6059460091744396,-0.02250861033138725,0.16676638187707396,0.401697359923,0.0152966074083,0.146933598212,0.631558293044,-0.0257742896442,"0.170253858489",0.03553660194290171,0.022578659888400895
"turning-circle",20,1.05,0.3968464617832219,0.015018315598797493,0.13270977348667007,0.620243466028412,-0.023476189404389072,0.16740985252700072,0.43486817281,0.0190561218359,0.155842580358,0.667046858499,-0.0286914463486,"0.178179642922",0.03823551214005382,0.023132806871329927
"turning-circle",21,1.1,0.4280670706442839,0.01811057535740686,0.14109442295860927,0.6336327728693033,-0.024438817257822387,0.16796278676446844,0.468040898575,0.0230271458842,0.164702275876,0.667497801297,-0.0304334015828,"0.177193910363",0.0402750491642087,0.02360785291739073
"turning-circle",22,1.1500000000000001,0.45990867606236113,0.021511234848199272,0.1495048869954013,0.6461704665309524,-0.02539448228799665,0.16844542337423704,0.496439935322,0.0265776525579,0.172264537683,0.57174623776,-0.0274006191654,"0.151245236134",0.036880909580758965,0.02275965068759872
"turning-circle",23,1.2000000000000002,0.49232735010919015,0.025225802986234013,0.15793806100666968,0.6579096254410212,-0.026341277010399598,0.1688735041868387,0.531092470517,0.0311031690307,0.181478265466,0.698005045281,-0.0360604308917,"0.184274555651",0.03920813680669664,0.02354020445933031
"turning-circle",24,1.2500000000000002,0.5252816945318326,0.02925918612443345,0.16639153498561554,0.6689000760666367,-0.027277426191100906,0.1692592114974486,0.565152902916,0.0357355802266,0.190533397896,0.686427027021,-0.0380375083659,"0.181102648602",0.04039377351251396,0.02414186291038445
"turning-circle",25,1.3,0.5587326870290137,0.03361574951496754,0.17486343508092736,0.6791885878239986,-0.02820130341087881,0.1696119221668782,0.596053652936,0.0400850182883,0.198754045265,0.623024117417,-0.0367496178937,"0.164412947383",0.03787751225584975,0.023890610184072653
"turning-circle",26,1.35,0.5926435364691727,0.03829937144745772,0.18335229898027286,0.6888190569684025,-0.02911143916665804,0.1699388110603138,0.632075228202,0.0453330077095,0.20834723098,0.726561750259,-0.0463263866317,"0.191863714308",0.040054092824322464,0.02499493199972713
"turning-circle",27,1.4000000000000001,0.6269795466213471,0.043313490996136475,0.1918569782915407,0.6978326799674948,-0.0300065228914348,0.17024533182072438,0.664430098616,0.0501954764529,0.21697005015,0.652860726444,-0.044332477891,"0.172456383395",0.038077625563200525,0.025113071858459318
"turning-circle",28,1.4500000000000002,0.6617079879708986,0.048661150202569683,0.20037656239415977,0.7062681168529221,-0.030885400696395553,0.17053559848102998,0.69902313801,0.0555549946439,0.226187129816,0.698276976816,-0.0506989894445,"0.184341593317",0.037946613994161785,0.025810567421840236
"turning-circle",29,1.5000000000000002,0.6967979771975001,0.054345031418321546,0.2089103193043769,0.7141616450393062,-0.03174707018657721,0.17081268735613322,0.734196622872,0.0611760697862,0.23554162301,0.710281323151,-0.0548511734678,"0.187089863884",0.038017387909616014,0.02663130370562311
"turning-circle",30,1.55,0.7322203639019442,0.0603674904371963,0.21745764997982575,0.721547304092237,-0.03259067335214396,0.1710788751225579,0.767911489399,0.0667306489073,0.244474979625,0.681136166723,-0.0554233890025,"0.178667132294",0.03625391323653541,0.02701732964517425
"turning-circle",31,1.6,0.7679476241803622,0.06673058596132829,0.22601805320704235,0.7284570319176669,-0.03341548827075001,0.17133582599857608,0.805044143171,0.0730519221742,0.254252318298,0.750576750397,-0.0644323716011,"0.195546773456",0.03763125048066986,0.02823426509095764
"turning-circle",32,1.6500000000000001,0.8039537606586208,0.07343610586993923,0.23459109879689816,0.7349207928334162,-0.03422092015485784,0.17158473844377825,0.839821947455,0.0791714794638,0.263329937363,0.703437330643,-0.0628791122096,"0.181552381305",0.03632383975189175,0.02873883856610182
"turning-circle",33,1.7000000000000002,0.8402142086141141,0.08048559069873613,0.24317640728295423,0.740966697971547,-0.035006491645733474,0.17182645994670043,0.872412804343,0.0850918877178,0.271747813402,0.659680141901,-0.0608948684325,"0.168357520788",0.032526412946097545,0.028571406119045767
"turning-circle",34,1.7500000000000002,0.8767057478119192,0.08788035474860875,0.251773634719564,0.7466211184705036,-0.03577183133807066,0.1720615769824391,0.910382652153,0.0922469597978,0.281415933796,0.769266273204,-0.0734245230215,"0.193362407871",0.0339588151391347,0.02964229907643601
"turning-circle",35,1.8,0.913406419731759,0.09562150505653155,0.2603824614093076,0.7519087918435777,-0.036516666912567816,0.17229048296017838,0.944947308324,0.0990079615579,0.290074156235,0.701088819468,-0.0681550265612,"0.173164448788",0.03172216481931554,0.029691694825692394
"turning-circle",36,1.85,0.950295449894156,0.10370995836653396,0.2690025836257812,0.7568529218754765,-0.037240817473589496,0.17251343114865691,0.981408789495,0.106425534679,0.299038520264,0.740571115378,-0.0730645134996,"0.179287280580",0.03123162268961174,0.0300359366382188
"turning-circle",37,1.9000000000000001,0.9873531749613729,0.11214645641078323,0.2776337076774088,0.7614752724613694,-0.0379441851823909,0.1727305756638696,1.0207151732,0.114776274944,0.308493521539,0.799725840625,-0.0795565515394,"0.189100025504",0.03346548777459856,0.0308598138615912
"turning-circle",38,1.9500000000000002,1.0245609743222428,0.1209315797066749,0.2862755457662551,0.7657962557530693,-0.03862674732117179,0.17294200267908422,1.06019918356,0.123553514698,0.317769479914,0.804993339682,-0.0799782964728,"0.185519167495",0.0357345281313871,0.03149393414774493
"turning-circle",39,2,1.0619012058898465,0.13006576003463793,0.2949278132081599,0.7698350149520196,-0.03928854882044757,0.17314775398481722,1.09440444751,0.131482558009,0.325629865693,0.698886057215,-0.0686017709045,"0.157207715572",0.03253410567878334,0.030702052484840096
"turning-circle",40,2.05,1.099357145856556,0.13954929173956437,0.30359022667548297,0.7736095020703347,-0.03992969525929714,0.17334784458384314,1.12626161643,0.139144808086,0.332810820355,0.652247187221,-0.0633192068704,"0.143619093249",0.0269075109191338,0.02922059367951701
"turning-circle",41,2.1,1.1369129321658829,0.1493823419802636,0.3122625031987997,0.7771365509631941,-0.04055034633640161,0.17354227565203548,1.17284541691,0.150941038436,0.343047296068,0.956746248669,-0.0911988072592,"0.204729514264",0.03596627579451807,0.030784792869200273
"turning-circle",42,2.15,1.1745535114747827,0.15956496003560453,0.3209443597231241,0.7804319459185447,-0.0411507098018001,0.17373104391436447,1.21055701616,0.160949506184,0.351159226747,0.777060225848,-0.0714917007964,"0.162238613573",0.03603011681434724,0.030214867023875932
"turning-circle",43,2.1999999999999997,1.2122645893935786,0.17009708576260615,0.3296355130608934,0.7835104860734168,-0.04173103583396256,0.17391414826199236,1.24828178193,0.171406765656,0.359133092551,0.779866665163,-0.0693748942343,"0.159477316072",0.03604099637397407,0.029497579490106618
"turning-circle",44,2.25,1.2500325838034512,0.1809785572902954,0.33833568012065496,0.7863860459102417,-0.0422916118433802,0.17409159425930362,1.28929850917,0.18330637584,0.367671716578,0.851053735876,-0.0727776959825,"0.170772480540",0.039334865375284196,0.029336036457345064
"turning-circle",45,2.3,1.2878445810635384,0.19220911802336027,0.347044578319183,0.7890716320714287,-0.04283275768185906,0.17426339704943902,1.33087179462,0.195932956794,0.376227421613,0.866094541896,-0.0706235678472,"0.171114100708",0.04318805484880129,0.029182843293816985
"turning-circle",46,2.35,1.325688294931085,0.2037884230212179,0.3557619261073057,0.7915794367160994,-0.043354821235673885,0.1744295830559212,1.36984148131,0.208287320947,0.384193419449,0.815187898467,-0.0630508370903,"0.159319956724",0.04438179750706137,0.02843149334169426
"turning-circle",47,2.4,1.363552028028827,0.21571604481087633,0.36448744355732093,0.7939208876293088,-0.04385817438040622,0.17459019079024699,1.40919572677,0.221285615154,0.392218435896,0.826685511778,-0.0606298591935,"0.160500328938",0.04598225036448263,0.027730992338679043
"turning-circle",48,2.45,1.4014246357038973,0.2279914786857057,0.37322085297356955,0.7961066952812694,-0.04434320927544086,0.17474527100608414,1.44872309275,0.234872679198,0.400291403125,0.833946529493,-0.0578063494756,"0.161459344581",0.04779639065277243,0.02707055015143045
"turning-circle",49,2.5,1.4392954921320482,0.24061414753680016,0.38196187949835203,0.7981468970220328,-0.04481033497657362,0.17489488638613188,1.4919369976,0.250351193173,0.409167600922,0.91609516312,-0.0598334260029,"0.177523955937",0.053534457647891096,0.02720572142364797
"turning-circle",50,2.55,1.4771544585299015,0.2535834062588733,0.3907102516935593,0.8000508985857264,-0.04525997434588027,0.1750391109047465,1.53060502275,0.264733942109,0.417177907251,0.823586667075,-0.0503672151106,"0.160206126588",0.05460125699278222,0.02646765555744074
"turning-circle",51,2.6,1.514991853346329,0.2668985457684851,0.3994657020846628,0.8018275130677811,-0.04569256123883102,0.17517802897568688,1.57262931298,0.280959804285,0.425981387544,0.899469938352,-0.0517847390585,"0.176069605860",0.059327866505473836,0.026515685459337194
"turning-circle",52,2.65,1.552798424311933,0.28055879666875216,0.40822796765849234,0.8034849975285614,-0.046108537949550346,0.17531173446787895,1.60965981227,0.295745587465,0.433831708693,0.796305439474,-0.0429947878424,"0.157006422979",0.058854533004746634,0.025603741034507632
"turning-circle",53,2.7,1.590565322232981,0.2945633325914792,0.4169967903098322,0.805031087367413,-0.04650835289607781,0.17544032965140985,1.65548878949,0.314726087215,0.443687856651,0.990787845089,-0.0506088458202,"0.197122959145",0.06798230118701129,0.026691066341167802
"turning-circle",54,2.75,1.6282840764230824,0.30891127324479606,0.4257719172345615,0.8064730286023198,-0.04689245852845366,0.17556392411983512,1.69671693505,0.332398410506,0.452679172223,0.896100869128,-0.0427975604075,"0.179826311448",0.07235123880472487,0.02690725498843854
"turning-circle",55,2.8,1.665946571672401,0.3236016871918496,0.43455310126903596,0.8078176081820916,-0.04726130944341416,0.1756826337223532,1.73718146512,0.350300155918,0.461614443479,0.884052532724,-0.0398922609744,"0.178705425123",0.07607376865130332,0.027061342209964034
"turning-circle",56,2.85,1.7035450266602987,0.33863359438383317,0.4433401011768395,0.809071182450248,-0.04761536069042229,0.17579657952971073,1.77629184665,0.368121688828,0.470343334762,0.858801503296,-0.0367636949555,"0.174577825651",0.07849616253398696,0.027003233585160547
"turning-circle",57,2.9,1.7410719737230362,0.35400596846860266,0.4521326818850286,0.8102397038724912,-0.04795506625467156,0.17590588685024638,1.81688931695,0.38716188258,0.479485720946,0.896061297566,-0.0367094029067,"0.182847723689",0.08275013096399053,0.027353039060971418
"turning-circle",58,2.95,1.778520239893531,0.36971773889430143,0.46093061467266405,0.8113287461328418,-0.04828087770357828,0.17601068430678196,1.85387677858,0.404969920592,0.487869634349,0.820393871671,-0.0321451332375,"0.167678268054",0.08319449643607972,0.02693901967633594
"turning-circle",59,3,1.8158829291352199,0.3857677928257642,0.46973367731484966,0.812343527697119,-0.048593242984118115,0.17611110298074686,1.89373867638,0.424664534723,0.496945783791,0.888591614345,-0.0338294490307,"0.181522988847",0.08703145356285426,0.02721210647615035
"turning-circle",60,3.05,1.8531534056968098,0.4021549768899756,0.47854165418572786,0.8132889339364519,-0.04889260535916418,0.17620727562667912,1.93589488387,0.446044923222,0.506565772754,0.944706664747,-0.035157569955,"0.192399779262",0.09366151610620296,0.028024118568272194
"turning-circle",61,3.1,1.8903252785191433,0.4188780987655023,0.4873543363239797,0.8141695378978838,-0.04917940247174596,0.17629933595784317,1.97369602378,0.465672449101,0.515191142385,0.851300059018,-0.0308964362811,"0.172507392620",0.09560539936986802,0.02783680606102029
"turning-circle",62,3.15,1.9273923866295846,0.43593592862958175,0.4961715214643656,0.8149896198038629,-0.04945406552687137,0.17638741800195584,2.01345023452,0.486782723617,0.524244536639,0.899645084917,-0.0324823895695,"0.181067885085",0.09995673936269844,0.02807301517463434
"turning-circle",63,3.2,1.9643487854632455,0.4533272004754236,0.5049930140387595,0.8157531853574582,-0.04971701858123918,0.1764716555247694,2.05052065973,0.506876717238,0.532660059241,0.842778546099,-0.0303038684219,"0.168310452031",0.10145512633746412,0.027667045202240503
"turning-circle",64,3.25,2.00118873405406,0.4710506133112504,0.5138186251499959,0.8164639829255058,-0.049968677931816044,0.17655218151840849,2.09150869008,0.529552731179,0.541926964359,0.936222561049,-0.0342842822445,"0.185338102356",0.10761130169057413,0.028108339209004133
"turning-circle",65,3.3,2.0379066830421606,0.4891048322516612,0.5226481725216765,0.8171255196675262,-0.050209451594864604,0.17662912775080303,2.13142962454,0.55206756554,0.55091590317,0.916004832368,-0.0342732701727,"0.179778776231",0.11274238940853958,0.028267730648323556
"turning-circle",66,3.35,2.0744972634472685,0.5074884895110341,0.5314814804268948,0.8177410766741714,-0.050439738867585654,0.17670262437223241,2.16810776195,0.573106577876,0.559150298378,0.845055309777,-0.0324321594123,"0.164687904150",0.1143182354246354,0.02766881795110521
"turning-circle",67,3.4,2.1109552761608548,0.5262001853078949,0.5403183795986276,0.8183137231751169,-0.050659929965081764,0.17677279957483852,2.204529126,0.594317811482,0.567317364179,0.842282217029,-0.0336681282055,"0.163341316012",0.11574142028381224,0.026998984580372424
"turning-circle",68,3.45,2.147275682112692,0.5452384886884422,0.5491587071243405,0.818846329872712,-0.05087040572586203,0.1768397793009353,2.24294089466,0.617013728238,0.575942851379,0.891518636767,-0.0377089368511,"0.172509744010",0.11959731562254215,0.02678414425465958
"turning-circle",69,3.5,2.1834535930701136,0.5646019382767533,0.5580023063271436,0.8193415814543162,-0.05107153737959,0.17690368699600328,2.27765700331,0.637787233566,0.58377405933,0.80833190248,-0.0360308862551,"0.156624159024",0.11929111428517444,0.025771753002856387
"turning-circle",70,3.55,2.219484263030825,0.5842890429585739,0.5668490266356292,0.8198019883330693,-0.05126368637123042,0.17696464340238557,2.3111915658,0.658073180137,0.591396260369,0.782979788518,-0.0371113849829,"0.152444020780",0.11770441062407962,0.02454723373337075
"turning-circle",71,3.6,2.2553630801724895,0.6042982825050234,0.5756987234443331,0.8202298976638569,-0.05144720423617681,0.1770227663898737,2.34882050394,0.681080796687,0.600053215449,0.880949201794,-0.0452047070521,"0.173139101587",0.12095389427945441,0.024354492004666883
"turning-circle",72,3.65,2.2910855593245403,0.6246281081420267,0.5845512579665724,0.8206275036784267,-0.05162243252134217,0.17707817081957403,2.38239517197,0.701803087839,0.607897221821,0.787903563002,-0.0433203092846,"0.156880127446",0.11955510383372225,0.023345963854427665
"turning-circle",73,3.7,2.326647334929778,0.6452769430707939,0.5934064970812353,0.8209968573809729,-0.05178970274757073,0.17713096843766543,2.41825595693,0.724129106075,0.616437007474,0.843355043885,-0.0503096915249,"0.170795713068",0.12087101900464577,0.02303051039276471
"turning-circle",74,3.75,2.3620441544652793,0.6662431829442252,0.6022643131749424,0.821339875643028,-0.05194933640908113,0.17718126779588617,2.44962703572,0.743805180676,0.624062098402,0.739108777448,-0.0472780458335,"0.152501818559",0.11698984819642393,0.021797785227057553
"turning-circle",75,3.8,2.3972718722939965,0.6875251963037077,0.6111245839808381,0.8216583497341727,-0.05210164500598121,0.17722917419581938,2.48520836091,0.766285514729,0.632918815054,0.839730305961,-0.0584077209108,"0.177134333034",0.11805089490794207,0.021794231073161918
"turning-circle",76,3.85,2.432326443920177,0.7091213249803852,0.6199871924151337,0.8219539533228836,-0.05224693010620371,0.1772747896542725,2.51824351797,0.787301809824,0.641344465809,0.78088598437,-0.0584772081583,"0.168513015106",0.11616338417791319,0.021357273393866283
"turning-circle",77,3.9,2.467203920623361,0.731029884464639,0.6288520264123953,0.8222282499797793,-0.052385483433501176,0.17731821288726737,2.55416524139,0.810321963913,0.650740514985,0.850512940776,-0.0688971759737,"0.187920983515",0.11768392062097274,0.021888488572604614
"turning-circle",78,3.95,2.5019004444472643,0.7532491642471881,0.6377189787604498,0.8224827002135922,-0.052517586978408484,0.17735953931036857,2.58878393021,0.832679540134,0.660014700509,0.821124991945,-0.0712718704813,"0.185483710484",0.11771968701879781,0.022295721748550216
"turning-circle",79,4,2.536412243521288,0.7757774281349218,0.6465879469356701,0.82271866806837,-0.05264351312933365,0.17739886105327943,2.62120716477,0.853787754227,0.668881131304,0.770518614612,-0.0709239110524,"0.177328615895",0.11522061294129476,0.022293184368329833
"turning-circle",80,4.05,2.5707356276937734,0.7986129145443038,0.6554588329393085,0.8229374273087031,-0.05276352482117305,0.17743626698682377,2.65132527755,0.873556512344,0.677253841454,0.71718277557,-0.0693590107469,"0.167454203003",0.1100510541299437,0.021795008514691516
"turning-circle",81,4.1,2.6048669844573826,0.8217538367749324,0.6643315431354533,0.8231401672181606,-0.052877875699066414,0.17747184276060907,2.68445992499,0.89551609528,0.686593128644,0.790939652095,-0.0804097279865,"0.186785743794",0.10851685105271527,0.022261585508546733
"turning-circle",82,4.15,2.6388027751481964,0.8451983832656081,0.6732059880911028,0.823327998034609,-0.0529868102951115,0.17750567084983213,2.718837697,0.918568128018,0.696380824659,0.823203416115,-0.0873332935807,"0.195753920294",0.1085758175693624,0.023174836567897206
"turning-circle",83,4.2,2.6725395314012466,0.8689447178350477,0.6820820824187785,0.8235019560446591,-0.05309056421604842,0.1775378306098407,2.750182811,0.939860309004,0.705350460299,0.753388331711,-0.082190502966,"0.179392712810",0.10515464772273365,0.023268377880221403
"turning-circle",84,4.25,2.706073851846263,0.892990979909183,0.690959744622035,0.8236630083581529,-0.053189364340100284,0.17756839833720678,2.78223344461,0.961951867427,0.71452770425,0.773737376875,-0.0862699199817,"0.183544879015",0.10274184920071919,0.023567959627964985
"turning-circle",85,4.3,2.739402399028407,0.917335284736805,0.6998388969441625,0.8238120573823384,-0.05328342902130944,0.17759744733620544,2.81489185605,0.98484468905,0.723844629801,0.792620825186,-0.0895180169791,"0.186338511025",0.10127278900147554,0.02400573285683749
"turning-circle",86,4.35,2.7725218965396228,0.9419757235952485,0.7087194652204315,0.8239499450142492,-0.05337296828980351,0.17762504799757878,2.84746060446,1.00810880934,0.733064599671,0.79539826473,-0.0901036451678,"0.184399397392",0.0999469608087123,0.024345134450568517
"turning-circle",87,4.4,2.805429126346576,0.9669103639882762,0.7176013787347494,0.8240774565689654,-0.053458184045637035,0.17765126788582739,2.87915891423,1.03121593823,0.741940401002,0.779612529652,-0.0877109037002,"0.177516026636",0.09783296223611207,0.024339022267250595
"turning-circle",88,4.45,2.838120926303529,0.9921372498363459,0.726484570079543,0.8241953244595296,-0.053539270309817685,0.17767617178712003,2.90962676052,1.05390249995,0.750361132376,0.755110318503,-0.0836439059385,"0.168414627480",0.0944882556119844,0.02387656229645696
"turning-circle",89,4.5,2.8705941878388814,1.0176544016598263,0.7353689750186487,0.8243042316435786,-0.05361641345215082,0.1776998217856189,2.94486777894,1.08080695042,0.759945707399,0.881585427972,-0.0954917122296,"0.191691500453",0.09749261895119168,0.024576732380351296
"turning-circle",90,4.55,2.9028458538035973,1.0434598167570666,0.7442545323543108,0.8244048148514884,-0.053689792412265805,0.1777222773474749,2.97563249116,1.10489756054,0.768180313879,0.777281465166,-0.0810156115277,"0.164692129603",0.09524962434986205,0.023925781524689157
"turning-circle",91,4.6,2.9348729164710714,1.0695514693783346,0.7531411837983819,0.8244976676095901,-0.053759578921192874,0.17774359540481535,3.00503347629,1.12848718476,0.775939357139,0.75014422126,-0.0750930502721,"0.155180865197",0.0916292677131828,0.022798173340618066
"turning-circle",92,4.65,2.9666724156786946,1.0959273108964738,0.7620288738477153,0.8245833430711551,-0.053825937722689156,0.17776383043945815,3.03908805921,1.15657614804,0.784803765368,0.878892450676,-0.0838442048273,"0.177288164586",0.09445796353360092,0.022774891520284668
"turning-circle",93,4.7,2.998241437101979,1.1225852699750285,0.7709175496637325,0.824662356667082,-0.05388902679360022,0.17778303456609845,3.06867970953,1.18164525297,0.792427924561,0.772551104866,-0.0693909698585,"0.152483183857",0.09192187886466631,0.02151037489726748
"turning-circle",94,4.75,3.029577110652681,1.1495232527345116,0.7798071609561312,0.8247351885874882,-0.05394899756262381,0.17780125761473267,3.10145650344,1.21019903715,0.800816597401,0.866321470001,-0.0730878547961,"0.167773456795",0.09406486018651454,0.021009436444868742
"turning-circle",95,4.8,3.0606766089928823,1.1767391429174108,0.788697659870691,0.8248022861047315,-0.05400599512691676,0.17781854721210485,3.13127238912,1.23688386118,0.808432366585,0.797808871514,-0.0626717905673,"0.152315383681",0.09274239217662303,0.01973470671430899
"turning-circle",96,4.8500000000000005,3.091537146157505,1.204230802052459,0.7975890008811225,0.8248640657477428,-0.054060158466054074,0.17783494886198256,3.16486415831,1.26782038922,0.817040562646,0.910923120365,-0.0664030037531,"0.172163921231",0.09705918971097187,0.0194515617648775
"turning-circle",97,4.9,3.122155976278194,1.2319960696186383,0.806481140684898,0.8249209153369514,-0.05411162065291155,0.17785050602409166,3.19482007295,1.29616607516,0.824780490439,0.822973246138,-0.0552171113171,"0.154798555852",0.09694256318206113,0.018299349754102075
"turning-circle",98,4.95,3.1525303924019528,1.2600327632093213,0.8153740381029921,0.8249731958885159,-0.05416050906110071,0.1778652601915618,3.2255555787,1.32602612931,0.832824027565,0.855400126963,-0.0529932248403,"0.160870742514",0.09842663360677682,0.01744998946200782
"turning-circle",99,5,3.1826577253983253,1.288338678696914,0.8242676539834544,0.8250212433960419,-0.05420694556863688,0.177879250966755,3.25585577582,1.35623651831,0.84088893568,0.854361290002,-0.0487299256372,"0.161298162310",0.09984022841349284,0.016621281696545642
"turning-circle",100,5.05,3.212535342949313,1.3169115903983064,0.8331619511087309,0.825065370497468,-0.05425104675756901,0.1778925161353712,3.28782743741,1.38896647903,0.849580880465,0.913822911086,-0.0479862116733,"0.173838895696",0.10421519305745579,0.016418929356269096
"turning-circle",101,5.1000000000000005,3.242160648616574,1.3457492512414049,0.8420568941066469,0.825105868034329,-0.05429292410934337,0.17790509173874172,3.31861340482,1.42129678822,0.858149040178,0.89182535972,-0.0430975694259,"0.171363194250",0.10748234401348285,0.01609214607135312
"turning-circle",102,5.15,3.2715310809808056,1.3748493929329775,0.8509524493649551,0.8251430065101648,-0.0543326841957125,0.1779170121442407,3.34744291818,1.45229317206,0.866362454069,0.845772767958,-0.0378825226836,"0.164268277826",0.10844420663378965,0.015410004704044966
"turning-circle",103,5.2,3.300644112848518,1.4042097261280098,0.8598485849493596,0.8251770374544273,-0.05437042886503701,0.17792831011375917,3.37700545255,1.48481729466,0.874985780324,0.8782639364,-0.0368409267326,"0.172466525096",0.11103438343884577,0.015137195374640422
"turning-circle",104,5.25,3.329497250521726,1.4338279406007397,0.8687452705249106,0.8252081946978443,-0.05440625542385983,0.17793901687020205,3.40771996854,1.51940624158,0.88415999739,0.924432714833,-0.0365356329058,"0.183484341332",0.11594153359630564,0.015414726865089379
"turning-circle",105,5.3,3.3580880331263505,1.4637017054175132,0.8776424772806777,0.8252366955648387,-0.05444025681366211,0.17794916216198003,3.43932752633,1.55584442008,0.893816924921,0.964053916824,-0.0362142241857,"0.193138550610",0.12284191109453753,0.016174447640322276
"turning-circle",106,5.3500000000000005,3.3864140319954084,1.4938286691115736,0.8865401778575935,0.8252627419882466,-0.05447252178273629,0.1779587743254813,3.46830554467,1.58998743275,0.902842269022,0.895075815183,-0.0320566628634,"0.180506882034",0.12630410790074725,0.016302091164406507
"turning-circle",107,5.4,3.414472850103298,1.5242064598598821,0.8954383462793739,0.8252865215512639,-0.054503135053135525,0.17796788034551775,3.49765944591,1.62529999792,0.912132159781,0.917838547834,-0.0319986102809,"0.185797815175",0.1309194911364238,0.01669381350162613
"turning-circle",108,5.45,3.442262121547736,1.5548326856620407,0.904336957886407,0.8253082084612388,-0.05453217748267994,0.17797650591374917,3.52456624449,1.65829606357,0.920752436471,0.851026513014,-0.0289885691355,"0.172405533795",0.1322068047470345,0.016415478584593024
"turning-circle",109,5.5,3.4697795110761143,1.5857049345213765,0.9132359892725146,0.8253279644596434,-0.05455972622201918,0.17798467548509778,3.55144537366,1.69186096164,0.929441359558,0.859527377324,-0.0291320228668,"0.173778461746",0.13393436902147274,0.016205370285485406
"turning-circle",110,5.55,3.4970227136532532,1.6168207746282284,0.9221354182244835,0.8253459396722926,-0.054585854866767605,0.1779924123321716,3.57889641273,1.72676236765,0.938370243223,0.887554593122,-0.0302310957199,"0.178577673293",0.13707828594155422,0.016234824998516473
"turning-circle",111,5.6000000000000005,3.5239894540677157,1.6481777545454637,0.9310352236642713,0.8253622734036196,-0.05461063360474345,0.17799973859772186,3.60713300463,1.76331407161,0.947586586854,0.92320909959,-0.0319034814695,"0.184326872616",0.14201838439895229,0.01655136318972872
"turning-circle",112,5.65,3.5506774865740387,1.6797734033962404,0.9399353855937816,0.8253770948785838,-0.054634129358356404,0.178006675345164,3.63588513503,1.80119894302,0.956980152832,0.95060371,-0.0336449171597,"0.187871319574",0.1483391554119003,0.017044767238218354
"turning-circle",113,5.7,3.577084594568394,1.7116052310540208,0.9488358850421238,0.8253905239355656,-0.05465640592219985,0.17801324260719756,3.66207023601,1.83626409373,0.965527233617,0.874693592929,-0.0316360783105,"0.170941615695",0.15087210244080876,0.016691348574876197
"turning-circle",114,5.75,3.603208590295358,1.7436707283348327,0.9577367040152513,0.825402671673388,-0.05467752409591387,0.17801945943256217,3.68832234227,1.87195658547,0.974079686622,0.88552262871,-0.0331736919729,"0.171049060097",0.15395327835452377,0.0163429826067486
"turning-circle",115,5.8,3.6290473145836195,1.7759673671917653,0.9666378254478959,0.825413641055415,-0.05469754181239413,0.17802534393097139,3.71309332576,1.90611151888,0.982133012302,0.843203653177,-0.032742010045,"0.161066513600",0.15492331074861046,0.015495186854104117
"turning-circle",116,5.8500000000000005,3.6545986366085876,1.8084926009116822,0.9755392331577014,0.8254235274734862,-0.05471651426142909,0.17803091331626783,3.73885399175,1.94211980764,0.990496295132,0.884751852275,-0.0360231635078,"0.167265656603",0.15797213440356533,0.01495706197429858
"turning-circle",117,5.9,3.679860453679997,1.841243864314125,0.9844409118014742,0.8254324192742786,-0.05473449400885458,0.1780361839478453,3.76588046098,1.98041517372,0.999273521626,0.936567612845,-0.0403379163826,"0.175544529872",0.16360958106919785,0.014832609824525833
"turning-circle",118,5.95,3.7048306910527318,1.8742185739523791,0.9933428468334601,0.8254403982505208,-0.05475153111132015,0.1780411713703847,3.79116829783,2.01669991328,1.00751173473,0.883636175742,-0.0401237605726,"0.164764261990",0.16659866266155582,0.014168887896539917
"turning-circle",119,6,3.7295073017592015,1.9074141283166677,1.002245024465568,0.8254475400993353,-0.05476767322676586,0.17804589035195262,3.81495742112,2.05122169086,1.01531051124,0.837531461675,-0.0401404579664,"0.155975530319",0.16727922149337343,0.013065486774431976
"turning-circle",120,6.05,3.7538882664617073,1.9408279080394342,1.011147431629459,0.8254539148498365,-0.05478296572071221,0.17805035492051083,3.83836959289,2.08555413932,1.02306151206,0.830036562269,-0.0421666571737,"0.155020016341",0.16757916498109066,0.011914080430540874
"turning-circle",121,6.1000000000000005,3.777971593323343,1.9744572761026737,1.0200500559404213,0.8254595872619842,-0.05479745176846842,0.17805457839888655,3.86267716368,2.12156690763,1.03122539005,0.867697117486,-0.0470393840784,"0.163277559777",0.16975357827613624,0.011175334109578603
"turning-circle",122,6.15,3.8017553178960686,2.0082995780472723,1.0289528856629562,0.8254646171985591,-0.05481117245336672,0.17805857343825324,3.88691447491,2.15783204297,1.03952260659,0.870916671506,-0.0504685063053,"0.165944330918",0.17208149258182948,0.01056972092704389
"turning-circle",123,6.2,3.8252375030246766,2.042352142184305,1.0378559096780031,0.8254690599720154,-0.0548241668611317,0.17806235205017087,3.90946564849,2.19188137336,1.04741718872,0.815252413411,-0.0502835414743,"0.157891642608",0.17161984577700265,0.009561279041996775
"turning-circle",124,6.25,3.8484162387654623,2.07661227980825,1.0467591174517303,0.825472966667848,-0.05483647217049503,0.1780659256372357,3.93224398576,2.22657349624,1.05559653691,0.828239458366,-0.0545693601546,"0.163586963669",0.17180063329298412,0.008837419458269657
"turning-circle",125,6.3,3.871289642318479,2.1110772854120685,1.0556624990058254,0.8254763844460132,-0.054848123740166135,0.1780693050223877,3.95459122439,2.26090346968,1.06384802573,0.817242881363,-0.0573805996595,"0.165029776413",0.17142648298295857,0.008185526724174608
"turning-circle",126,6.3500000000000005,3.893855857972338,2.1457444369041068,1.0645660448892174,0.8254793568218403,-0.05485915519226971,0.17807250047692452,3.97655057743,2.29493151415,1.07219636606,0.807722265457,-0.0602755366626,"0.166966806630",0.17057315334880083,0.007630321170782661
"turning-circle",127,6.4,3.9161130570605787,2.1806109958267648,1.0734697461511693,0.8254819239277806,-0.05486959849236058,0.1780755217472687,3.99678143131,2.32654824183,1.08010776638,0.748393558462,-0.0588986315284,"0.158228006439",0.16674851236234006,0.006638020228830754
"turning-circle",128,6.45,3.938059437928692,2.21567420757689,1.0823735943156785,0.8254841227572579,-0.05487948402612582,0.17807837808053575,4.01775612243,2.35962127608,1.08854447209,0.780573865752,-0.0648825479014,"0.168734114262",0.16453668299543445,0.006170877774321459
"turning-circle",129,6.5,3.959693225910949,2.250931301627843,1.0912775813571267,0.825485987391796,-0.054888840672882945,0.178081078248948,4.04045112658,2.39577614212,1.09794302226,0.850472582539,-0.0747757109391,"0.187971003240",0.16583686664210276,0.006665440902873243
"turning-circle",130,6.55,3.9810126733162394,2.2863794917531894,1.1001816996771223,0.8254875492125334,-0.05489769587598198,0.17808363057313936,4.06121421134,2.42921602212,1.10676952896,0.783928803324,-0.0720287202639,"0.176530134107",0.16381257921358028,0.006587829282877601
"turning-circle",131,6.6000000000000005,4.002016059422169,2.3220159762519663,1.1090859420824803,0.8254888370971551,-0.05490607571021768,0.17808604294439473,4.08046768673,2.46057551666,1.11513524955,0.732650064688,-0.0697822883418,"0.167314411722",0.1592275229516943,0.006049307467519638
"turning-circle",132,6.65,4.022701690476725,2.3578379381754817,1.1179903017642912,0.8254898776032112,-0.05491400494635644,0.1780883228458662,4.10075501017,2.49404914864,1.12412434386,0.779059321306,-0.076748850842,"0.179781886204",0.15698985499499596,0.00613404209570878
"turning-circle",133,6.7,4.04306789970686,2.3938425455555956,1.1268947722780225,0.8254906951387269,-0.05492150711288065,0.17809047737280806,4.12124824667,2.5283732166,1.13335948417,0.795469082774,-0.0804654677021,"0.184702806164",0.1555977766644968,0.006464711891977615
"turning-circle",134,6.75,4.063113047333374,2.43002695163444,1.1357993475246115,0.825491312120951,-0.054928604555051386,0.17809251325187012,4.14284767785,2.56519279811,1.14323084206,0.849227101512,-0.0877504077407,"0.197427157860",0.15693125041583497,0.007431494535388383
"turning-circle",135,6.8,4.082835520591547,2.4663882950955296,1.1447040217324975,0.8254917491240349,-0.054935318491388024,0.178094436859489,4.161008248,2.59671094118,1.1516119051,0.723619514671,-0.0751974624624,"0.167621260834",0.15197028457213083,0.0069078833675024764
"turning-circle",136,6.8500000000000005,4.10223373375697,2.5029237002962232,1.1536087894405536,0.8254920250163834,-0.05494166906766132,0.17809625423941486,4.17748695713,2.62580155135,1.15926470282,0.665070390063,-0.0693250179728,"0.153055954343",0.14409029775673768,0.005655913379446487
"turning-circle",137,6.9,4.1213061281760925,2.5396302775014887,1.162513645481872,0.8254921570883692,-0.054947675408494115,0.17809797111941028,4.19984544436,2.66624685764,1.16970265401,0.919293372866,-0.0958623783346,"0.208759023897",0.14899725686269485,0.0071890085281278715
"turning-circle",138,6.95,4.140051172301018,2.576505123118934,1.1714185849683667,0.8254921611710604,-0.0549533556666615,0.1780995929271566,4.21663374185,2.69732794963,1.17756229637,0.702834349288,-0.0719469393624,"0.157192847099",0.14304910123746958,0.0061437114016333885
"turning-circle",139,7,4.158467361728108,2.6135453199350605,1.1803236032761515,0.8254920517465658,-0.05495872707017987,0.17810112480540208,4.23692322582,2.73593064328,1.18707932807,0.86782511766,-0.0872468450624,"0.190340634046",0.14537362202494267,0.006755724793848561
"turning-circle",140,7.05,4.1765532192400014,2.650747937352696,1.189228696031655,0.8254918420505644,-0.054963805967271795,0.1781025716263847,4.2567402691,2.77479428759,1.19639090035,0.868376956381,-0.0846208194246,"0.186231445511",0.14770734569562116,0.007162204318345022
"turning-circle",141,7.1000000000000005,4.194307294850662,2.6881100316295767,1.1981338590984434,0.8254915441675483,-0.05496860786929127,0.17810393800556165,4.27414157479,2.80995993167,1.20458648437,0.781297969914,-0.0731072317443,"0.163911680534",0.14567398667330286,0.0064526252715566565
"turning-circle",142,7.15,4.211728165853104,2.7256286461180337,1.2070390885647095,0.8254911691192742,-0.05497314749169127,0.1781052283146758,4.29021699909,2.8433943315,1.21218436385,0.738990725068,-0.0663630297754,"0.151957589584",0.14152474552661662,0.005145275285290519
"turning-circle",143,7.2,4.2288144368694605,2.7633008115057462,1.2159443807314,0.8254907269468843,-0.05497743879311323,0.17810644669418907,4.30889405795,2.88355630152,1.22106902068,0.882607013425,-0.0757060440114,"0.177693136601",0.14447881710123142,0.005124639948599796
"turning-circle",144,7.25,4.245564739903099,2.801123546057534,1.2248497321009513,0.8254902267871302,-0.05498149501267535,0.17810759706511098,4.32650035876,2.92276941839,1.22952972069,0.856884975007,-0.0693417983921,"0.169214000121",0.14611054943184712,0.0046799885890487225
"turning-circle",145,7.3,4.261977734392479,2.839093855858143,1.2337551393665986,0.8254896769431022,-0.05498532870553441,0.1781086831402494,4.34276144157,2.96025284494,1.23745115255,0.814816021344,-0.0620232473852,"0.158428637157",0.14562111104053896,0.003696013183401403
"turning-circle",146,7.3500000000000005,4.278052107266495,2.8772087350560027,1.2426605994022375,0.8254890849498401,-0.05498895177679315,0.1781097084349103,4.35900171685,2.99901283329,1.24550393969,0.838349461431,-0.0600289567834,"0.161055742843",0.14625005175492817,0.0028433402877625635
"turning-circle",147,7.4,4.293786573001046,2.9154651661079103,1.2515661092528032,0.8254884576351794,-0.054992375513822946,0.1781106762770711,4.37328774837,3.03424881082,1.25273374422,0.758725519441,-0.0510049997305,"0.144596090691",0.1429335199879062,0.0011676349671967399
"turning-circle",148,7.45,4.309179873676599,2.9538601200246206,1.26047166612515,0.8254878011761594,-0.05499561061706898,0.17811158981705236,4.38939379804,3.07542707472,1.26110205305,0.882557633705,-0.0558007584626,"0.167366176474",0.14564614013315247,0.0006303869248498462
"turning-circle",149,7.5,4.324230779036532,2.992390556617303,1.269377267379399,0.825487121151301,-0.05499866722940302,0.17811245203671056,4.40603013171,3.11965011348,1.27003502189,0.9433278397,-0.0557717570942,"0.178659376793",0.1512816211926895,0.0006577545106010163
"turning-circle",150,7.55,4.33893808654604,3.0310534247448393,1.2782829105207352,0.8254864225890404,-0.05500155496408628,0.17811326575817463,4.42091660845,3.16074452222,1.27831761064,0.872827673594,-0.0481134088532,"0.165651775073",0.15342835076305023,0.000034700119264874374
"turning-circle",151,7.6000000000000005,4.353300621451421,3.069845662561933,1.287188593191631,0.8254857100125864,-0.05500428293140282,0.1781140336521471,4.43516763862,3.20154119849,1.28654447177,0.863122533886,-0.0447633061589,"0.164537222677",0.15506747783936306,0.0006441214216308389
"turning-circle",152,7.65,4.367317236839563,3.108764197767999,1.2960943131644729,0.8254849874814498,-0.05500685976402162,0.17811475824579073,4.44868605835,3.24164152083,1.2946494631,0.845337024516,-0.0414575026581,"0.162099826486",0.1558116430120698,0.0014448500644728135
"turning-circle",153,7.7,4.380986813697458,3.147805947856811,1.3050000683345746,0.8254842586298781,-0.05500929364114329,0.17811544193022008,4.46121030278,3.2800754982,1.30244236083,0.807582195437,-0.0377084038864,"0.155857954584",0.1546966132420686,0.0025577075045746245
"turning-circle",154,7.75,4.394308260971595,3.186967820366871,1.313905856713553,0.8254835267024131,-0.05501159231148522,0.17811608696761635,4.47433657473,3.32181554224,1.31093735506,0.87422786795,-0.0392141733377,"0.169899884614",0.156807012271092,0.0029685016535530018
"turning-circle",155,7.8,4.407280515627082,3.2262467131324883,1.3228116764230522,0.825482794586773,-0.05501376311515707,0.17811669549798412,4.48745669575,3.36511207445,1.31978157564,0.903970490331,-0.0390930098931,"0.176884411640",0.16034902067972112,0.003030100783052214
"turning-circle",156,7.8500000000000005,4.419902542706354,3.265639514535526,1.3317175256887959,0.8254820648442488,-0.055015813004476305,0.17811726954556642,4.50103541492,3.41170697011,1.32932705269,0.969802844273,-0.0408510684158,"0.190909541009",0.1670875355364268,0.002390472998795801
"turning-circle",157,7.9,4.432173335387359,3.305143103757804,1.3406234028349542,0.8254813397377899,-0.05501774856377153,0.17811781102493504,4.51354928814,3.45633209064,1.33848054385,0.926147890035,-0.0380716137587,"0.183069823250",0.17169786090940373,0.002142858984954143
"turning-circle",158,7.95,4.444091915041078,3.3447543510341244,1.3495293062788047,0.8254806212579446,-0.05501957602821967,0.17811832174677136,4.52423100513,3.49577601178,1.3465671377,0.816632120255,-0.032875178965,"0.161731877031",0.17096729445926975,0.0029621685788048246
"turning-circle",159,8,4.455657331288285,3.384470117905903,1.3584352345256772,0.8254799111468071,-0.055021301301761,0.17811880342335307,4.53549109944,3.53886882346,1.35538129493,0.890074362172,-0.0357727097505,"0.176283144579",0.17381711887522022,0.0030539395956772353
"yaw-turn",0,0.05,0.00020237393733270735,-4.553171158780564E-7,0.000005792303368329305,0.00800908262271174,-0.000017932561500261987,0.0002296860149503409,0,0,0,0,0,"0.00000000000",0.00020237444953654247,0.000005792303368329305
"yaw-turn",1,0.1,0.0009582868934940038,-0.0000021255352823429595,0.00002751462396566635,0.02207660008774414,-0.000048879649625059716,0.0006356383033993739,0.00175316320632,-0.00001718153718,0.0000932773194851,0.0350632319209,-0.000346901349391,"0.00186554638970",0.0007950188902692774,0.00006576269551943366
"yaw-turn",2,0.15000000000000002,0.00253109134973561,-0.0000055127040268094625,0.00007288885441200257,0.04063656807435183,-0.0000891672411823533,0.0011745464523647943,0.00785952465203,-0.000073878246889,0.000414015013687,0.122126748982,-0.0011844966019,"0.00641475388404",0.005328871860389473,0.00034112615927499735
"yaw-turn",3,0.2,0.005113749662459117,-0.0000108767152383063,0.00014767824535102966,0.0624360029305054,-0.000136170178846192,0.0018113047861531598,0.016748380242,-0.000144951713935,0.000865900697964,0.177775814301,-0.00157540611397,"0.00903771368554",0.011635403079724542,0.0007182224526129703
"yaw-turn",4,0.25,0.008843004655474024,-0.00001824508012312562,0.0002560593142588034,0.08647636956444155,-0.0001881030067424073,0.0025174978151565114,0.0273290717818,-0.000216397080096,0.00138696986641,0.211611645407,-0.00172240786136,"0.0104213833688",0.01848712909064366,0.0011309105521511967
"yaw-turn",5,0.3,0.013810893603320652,-0.000027423642823236493,0.00040092572041053207,0.1119657559168354,-0.0002438239415360807,0.0032701876943533616,0.0402651615213,-0.000287956134216,0.00200451040848,0.258718406194,-0.00194978839037,"0.0123508108414",0.02645555080234208,0.0016035846880694679
"yaw-turn",6,0.35000000000000003,0.020074092621582895,-0.000038010685246617,0.0005841374934316459,0.1382798225939586,-0.00030266439702603647,0.004050936926158509,0.0509943835281,-0.00033573271547,0.00250143617331,0.214581378591,-0.00149229735662,"0.00993851529662",0.030921724210511363,0.0019172986798783541
"yaw-turn",7,0.4,0.027661489867192534,-0.00004941472557863309,0.0008067260717626724,0.1649299304377667,-0.0003642880285372311,0.004845015306559048,0.0568180227568,-0.000351107911269,0.00275445750084,0.116471495727,-0.000628321678902,"0.00506042655073",0.02915809371205625,0.0019477314290773278
"yaw-turn",8,0.45,0.036580313421374515,-0.00006087529480018991,0.001069063364118245,0.19153713875356315,-0.0004285786673699547,0.0056407520302613244,0.0755340722296,-0.000380254844874,0.0035395905122,0.374316581222,-0.00190787527652,"0.0157026602271",0.03895506807318413,0.002470527148081755
"yaw-turn",9,0.5,0.04682108036324349,-0.00007148560105487553,0.001371001326215585,0.21781100426563976,-0.0004955542410576264,0.006429002952428574,0.0986829252837,-0.000440407889308,0.00458728507289,0.46296667107,-0.00332684854338,"0.0209538912138",0.051863157079069626,0.003216283746674415
"yaw-turn",10,0.55,0.05836158495531259,-0.00008021596305124806,0.0017119872228453686,0.24353230516747681,-0.0005653028617682114,0.0072027099342656655,0.120364471251,-0.000463265240428,0.00552835114114,0.433621765646,-0.00285439181328,"0.0188213213649",0.062004069509547836,0.003816363918294631
"yaw-turn",11,0.6000000000000001,0.07117010409860403,-0.00008593703354956073,0.0020911587270508814,0.26853897368546603,-0.0006379371183037969,0.007956534474683686,0.143325328773,-0.000456068679153,0.00649096004557,0.459208410714,-0.00283681105115,"0.0192521780886",0.0721561739925811,0.004399801318519118
"yaw-turn",12,0.6500000000000001,0.08520796567446548,-0.00008744203993096046,0.0025074222208429434,0.29271465077602965,-0.000713562864115934,0.008686551831076238,0.166203462686,-0.000420557489256,0.00742249193948,0.457555345578,-0.00268601987249,"0.0186306378781",0.08099618202142665,0.004915069718637056
"yaw-turn",13,0.7000000000000001,0.10043159876258129,-0.00008346748442124982,0.002959517049454698,0.31597938315776336,-0.0007922592377566783,0.009389994856580154,0.189332997732,-0.000358569388436,0.00834137511434,0.462584949006,-0.00261887892812,"0.0183776634973",0.08890182461444394,0.005381858064885303
"yaw-turn",14,0.7500000000000001,0.11679416293753139,-0.00007271194303315608,0.0034460680008267515,0.33828207012582556,-0.000874067157438527,0.010065039063154917,0.213863489143,-0.000266412232323,0.00929508325864,0.49060576631,-0.00271713003417,"0.0190741628859",0.0970695194681922,0.005849015257813247
"yaw-turn",15,0.8,0.13424683602153065,-0.00005385276733208985,0.003965627901400752,0.35959433901131976,-0.0009589840282594906,0.010710622142456327,0.237993649801,-0.000151375469619,0.0102159681349,0.482601533525,-0.0026295580935,"0.0184176975260",0.10374685961545703,0.006250340233499248
"yaw-turn",16,0.8500000000000001,0.15273982508978662,-0.000025560623607721908,0.004516711914071634,0.3799055866041153,-0.001046962853689824,0.011326292481443697,0.2624676389,-0.0000115646425852,0.0111352535782,0.489480571982,-0.00265432567109,"0.0183857088647",0.10972781470281974,0.0066185416641283655
"yaw-turn",17,0.9000000000000001,0.17222315359866627,0.000013488098245506376,0.0050978248762122225,0.3992189717032355,-0.0011379143369599923,0.011912082205117493,0.289272130218,0.000167004837322,0.0121275225503,0.536093714698,-0.00293015512368,"0.0198453794418",0.11704907729248666,0.0070296976740877775
"yaw-turn",18,0.9500000000000001,0.1926472677536738,0.0000646009047451875,0.005707482811667658,0.41754818311841313,-0.0012317108895760693,0.012468401046207802,0.316189247766,0.000371270067363,0.0131111207688,0.538349642086,-0.00297311588803,"0.0196719643705",0.12354236063529507,0.0074036379571323415
"yaw-turn",19,1,0.21396349725958333,0.0001290607009505828,0.0063442295806836425,0.4349148394947399,-0.0013281917355616262,0.012995947941589751,0.343085381529,0.000599033718225,0.0140829597122,0.537933482719,-0.00302047165568,"0.0194367788686",0.12912273956171155,0.007738730131516357
"yaw-turn",20,1.05,0.23612439907593763,0.00020811900155696315,0.0070066494886671825,0.4513464035591002,-0.0014271685110170602,0.013495637732365432,0.369681180868,0.000846316974351,0.0150346626102,0.531930224076,-0.00305176994841,"0.0190340579604",0.13355830659043652,0.008028013121532819
"yaw-turn",21,1.1,0.25908400747308447,0.00030299066544175806,0.0076933765531068754,0.46687451484808395,-0.00152843095755399,0.013968540728441017,0.395260059984,0.00110373114493,0.0159424543802,0.511594644741,-0.00300782761331,"0.0181558353995",0.13617840674193216,0.008249077827093127
"yaw-turn",22,1.1500000000000001,0.28279800933049853,0.0004148499657405737,0.008403101023956751,0.48153366253677765,-0.0016317524191079237,0.014415833218308654,0.420168086643,0.00137194099735,0.0168201880889,0.498180287915,-0.00301532051843,"0.0175546741728",0.13737341141605752,0.008417087064943247
"yaw-turn",23,1.2000000000000002,0.30722386006310237,0.0005448278139615057,0.009134573663461423,0.4953601343540517,-0.0017368949474885053,0.014838757271000494,0.450813469217,0.00172627315542,0.0178919268618,0.612936338725,-0.00388000490325,"0.0214347754595",0.14359446949678784,0.008757353198338575
"yaw-turn",24,1.2500000000000002,0.3323208526576037,0.000694009967259495,0.009886608214322667,0.5083911893221114,-0.0018436139125573413,0.015238588402406595,0.478884150771,0.00207205334128,0.0188666946999,0.56144418269,-0.00367701827221,"0.0194953567619",0.14656977641184063,0.008980086485577332
"yaw-turn",25,1.3,0.3580501499307642,0.0008634360615334918,0.010658082418555358,0.5206644116705919,-0.0019516620637978432,0.01561660987309663,0.506806571001,0.00243590814489,0.0198298156515,0.558482905232,-0.00379753781363,"0.0192624190308",0.14876473196990683,0.009171733232944642
"yaw-turn",26,1.35,0.384374788187821,0.0010540993282104607,0.011447937891926347,0.5322172111367712,-0.0020607930293231355,0.015974092553516766,0.53576416543,0.0028338535234,0.0208217633777,0.579192055171,-0.00410090989306,"0.0198389545239",0.15139983839743718,0.009373825485773651
"yaw-turn",27,1.4000000000000001,0.41125965888245075,0.001266946868286683,0.012255179109319983,0.5430864412915282,-0.002170764265490287,0.01631227943957194,0.565845203976,0.00326893047566,0.0218446091667,0.601667300446,-0.00444166242297,"0.0204569157804",0.15459850804659772,0.009589430057380015
"yaw-turn",28,1.4500000000000002,0.43867147359460856,0.001502880372669867,0.013078871713728246,0.5533081127857995,-0.0022813394880625776,0.01663237403032857,0.595213802125,0.0037144782838,0.0228354409274,0.587422292843,-0.00450309916244,"0.0198166352146",0.15655795025177582,0.009756569213671754
"yaw-turn",29,1.5000000000000002,0.4665787165960098,0.0017627571926107466,0.01391814032496086,0.5629171827075998,-0.0023922906266591933,0.016935531892314674,0.627020013825,0.0042204374172,0.0238989298259,0.636184393279,-0.00508494830349,"0.0212697779700",0.1604601198074074,0.00998078950093914
"yaw-turn",30,1.55,0.49495158842137593,0.002047391677721327,0.01477216599285963,0.5719474047496038,-0.0025033993499237054,0.017222854833591678,0.65655511859,0.00471185022209,0.0248768419434,0.590763795332,-0.0048680719321,"0.0195582423495",0.16162549397386558,0.010104675950540369
"yaw-turn",31,1.6,0.5237619431711608,0.0023575567115780745,0.015640183413118222,0.5804312277546539,-0.0026144582108840846,0.017495387197030813,0.68578228812,0.00521902804473,0.0258344899065,0.584610357678,-0.00495952892067,"0.0191529592626",0.1620456114664365,0.010194306493381777
"yaw-turn",32,1.6500000000000001,0.5529832217091413,0.0026939853861313815,0.016521478001165157,0.5883997325482296,-0.002725271461485368,0.017754113857422815,0.71459262402,0.00573956925879,0.0267679117666,0.576278940943,-0.00501491401757,"0.0186684372024",0.16163809729268158,0.010246433765434843
"yaw-turn",33,1.7000000000000002,0.5825903824621268,0.003057372766087073,0.01741538290043998,0.5958825988785756,-0.002835655583098274,0.017999959572394728,0.747756184916,0.00636518550148,0.0278280725115,0.663362564275,-0.00594769699421,"0.0212032148983",0.16519892228862848,0.010412689611060021
"yaw-turn",34,1.7500000000000002,0.6125598311595892,0.0034483777031382606,0.01832127598531442,0.6029080958451354,-0.0029454395765750644,0.018233789393687846,0.777409144636,0.00694829499755,0.0287626436658,0.593149284615,-0.00539823215183,"0.0186914230859",0.16488646267875257,0.010441367680485581
"yaw-turn",35,1.8,0.6428693505522839,0.0038676246674831907,0.019238576905467434,0.6095030904682606,-0.00305446505160156,0.01845640989415136,0.806288929031,0.00753843895115,0.029660025074,0.577691668486,-0.00533130302821,"0.0179476281641",0.16346080113490952,0.010421448168532568
"yaw-turn",36,1.85,0.6734980309078528,0.004315705570560881,0.020166744207348278,0.6156930700903195,-0.003162586151014537,0.018668571007723234,0.838698816258,0.0082285063629,0.0306509552605,0.648316241907,-0.00606990360816,"0.0198186037290",0.16524711643579734,0.010484211053151723
"yaw-turn",37,1.9000000000000001,0.704426201887317,0.004793181558473244,0.021105272559131135,0.6215021751432196,-0.0032696693416500505,0.018870968315521125,0.871632769237,0.00896016562147,0.0316403733984,0.658812303106,-0.00621151318174,"0.0197883627587",0.16725848235902815,0.010535100839268863
"yaw-turn",38,1.9500000000000002,0.73563536625054,0.005300584760243722,0.022053690097993347,0.6269532395051226,-0.003375593099317945,0.01906424564169393,0.902452893164,0.00967296758136,0.032550434677,0.616539917005,-0.00581213819115,"0.0182012255704",0.16687481840306925,0.010496744579006654
"yaw-turn",39,2,0.7671081357140521,0.0058384199789890245,0.023011555912387273,0.6320678362284873,-0.003480247511761838,0.01924899784856163,0.935849452594,0.0104776568584,0.0335189536666,0.668095352473,-0.00629941696397,"0.0193703797938",0.16880507854090845,0.010507397754212729
"yaw-turn",40,2.05,0.7988281691852466,0.006407166317347663,0.023978457667005963,0.6368663268760537,-0.0035835338200214963,0.019425773742403254,0.969001214929,0.011309829198,0.0344630081975,0.663215012242,-0.00621210215044,"0.0188810906182",0.17024365362922325,0.010484550530494035
"yaw-turn",41,2.1,0.8307801135181309,0.007007278731204688,0.024954009374176165,0.641367913070196,-0.003685363915495018,0.019595079019582507,1.00172623472,0.0121645224792,0.035378664427,0.654695467942,-0.00606735080582,"0.0183131245896",0.171023897502777,0.010424655052823837
"yaw-turn",42,2.15,0.8629495468736542,0.007639189507956406,0.02593784931228604,0.6455906891599724,-0.0037856598072096483,0.019757379198011113,1.03603126311,0.0130970054465,0.0363220323459,0.686325279223,-0.00627772925476,"0.0188673583784",0.17316774598676835,0.010384183033613962
"yaw-turn",43,2.1999999999999997,0.8953229247189727,0.00830330966734355,0.02692963808942838,0.6495516951520395,-0.0038843530713459935,0.019913102491669187,1.07063575196,0.0140757329496,0.0372580087979,0.692338607227,-0.00621895625989,"0.0187195290400",0.17540783410609645,0.010328370708471616
"yaw-turn",44,2.25,0.9278875284622632,0.009000030284310121,0.027929056848594102,0.6532669692469109,-0.003981384292904953,0.020062642596406954,1.10523413117,0.0150928653576,0.0381796849919,0.692239796108,-0.00608486304382,"0.0184335238800",0.17745123310703184,0.010250628143305896
"yaw-turn",45,2.3,0.9606314166907531,0.009729723734473944,0.02893580560938167,0.6567515994794201,-0.004076702506670191,0.02020636136425824,1.13894958194,0.016121181779,0.0390658610076,0.674597772299,-0.00578512553537,"0.0177235203122",0.17843267299962925,0.010130055398218329
"yaw-turn",46,2.35,0.9935433789577615,0.010492744864070784,0.02994960174037883,0.6600197740887516,-0.004170264628853645,0.020344591356319153,1.17566170901,0.0172836755929,0.0400189529338,0.734584856513,-0.0061445140479,"0.0190618385255",0.182244898093691,0.010069351193421169
"yaw-turn",47,2.4,1.026612892048379,0.011289432086697606,0.030970178555585502,0.6630848303447326,-0.0042620349205860775,0.020477638247492474,1.21083449903,0.0184383072849,0.0409226440913,0.703811604824,-0.00570593684554,"0.0180738231492",0.1843602638734559,0.009952465535714501
"yaw-turn",48,2.45,1.0598300786418386,0.012120108408122313,0.03199728402720593,0.6659593016378996,-0.004351984479834342,0.020605783082141855,1.24855725374,0.0197218659477,0.0418834923207,0.754868332341,-0.0059413162416,"0.0192169645877",0.18888020896383667,0.009886208293494068
"yaw-turn",49,2.5,1.0931856682805765,0.012985082382537929,0.033030679607755305,0.6686549627052064,-0.0044400907360119535,0.020729284390515516,1.28412571708,0.0209740215647,0.0427835486811,0.711789415958,-0.00540542169332,"0.0180011272075",0.19110710448537102,0.009752869073344696
"yaw-turn",50,2.55,1.126670960550858,0.013884649003829031,0.03407013915431997,0.6711828729140352,-0.004526336964412823,0.020848380159307355,1.31823606271,0.0222128257438,0.0436428040226,0.682638272395,-0.00501148004825,"0.0171851068310",0.1917460479203019,0.009572664868280026
"yaw-turn",51,2.6,1.1602777903769892,0.014819090535205028,0.035115447947726,0.6735534175670257,-0.004610711822559703,0.02096328965872873,1.35447091637,0.0235699594647,0.044552769495,0.725186830036,-0.0051608408309,"0.0181993094483",0.19439019494295112,0.009437321547273995
"yaw-turn",52,2.65,1.1939984953300378,0.0157886772806208,0.036166401799546506,0.6757763472212719,-0.004693208909346729,0.021074215130384932,1.38950066666,0.0249211824117,0.0454310095955,0.701099450405,-0.00482121578605,"0.0175648020089",0.19571535873481954,0.009264607795953492
"yaw-turn",53,2.7,1.2278258848522672,0.016793668301411532,0.03722280624012339,0.6778608150393399,-0.004773826347407848,0.021181343341438324,1.427276082,0.0264221075526,0.0463776810109,0.75608763444,-0.00503993849669,"0.0189334283085",0.19968246789511412,0.00915487477077661
"yaw-turn",54,2.75,1.261753211299812,0.017834312081528185,0.038284475781074884,0.6798154122077126,-0.004852566388783464,0.021284847011370938,1.4667419224,0.0280375374147,0.0473674470646,0.789961292058,-0.00510158361657,"0.0197953210738",0.20524248460227676,0.009082971283525115
"yaw-turn",55,2.8,1.2957741427082445,0.018910847144683853,0.03935123324609046,0.6816482014718032,-0.0049294350436726074,0.021384886118202075,1.50269928623,0.0295499749492,0.0482706376036,0.719769172584,-0.00448670142518,"0.0180638107801",0.20719847022104168,0.008919404357509542
"yaw-turn",56,2.85,1.329882737188379,0.020023502626618218,0.04042290916416543,0.683366748846521,-0.00500444173183553,0.02148160909132846,1.53816701421,0.0310796052625,0.0491633658483,0.710000894017,-0.00430456871508,"0.0178545648944",0.20857750947768666,0.008740456684134567
"yaw-turn",57,2.9,1.3640734188627845,0.021172498805564578,0.041499341219789716,0.6849781535682585,-0.005077598956041428,0.021575153898284398,1.57651286487,0.0327756757949,0.0501310117785,0.767653340743,-0.00455142916359,"0.0193529186045",0.2127560855442176,0.00863167055871028
"yaw-turn",58,2.95,1.3983409552568775,0.022358047593867624,0.04258037375497032,0.6864890763587168,-0.005148921996829247,0.02166564903270637,1.61488799548,0.0345155881839,0.0511021790178,0.768278182131,-0.00445116657218,"0.0194233447849",0.21688805043753076,0.008521805262829682
"yaw-turn",59,3,1.4326804360620555,0.02358035299355499,0.043665857318328116,0.687905766073681,-0.005218428627758456,0.021753214410664065,1.65252888729,0.0362626446735,0.052057596321,0.753616130675,-0.00427839332827,"0.0191083460643",0.22021394603789526,0.008391739002671886
"yaw-turn",60,3.05,1.4670872531920134,0.024839611518515606,0.04475564825686292,0.6892340848111044,-0.005286138850264967,0.021837962182314603,1.68817061551,0.0379528863597,0.0529648931584,0.713624580207,-0.00398012789692,"0.0181459367487",0.22147191937328442,0.008209244901537079
"yaw-turn",61,3.1,1.5015570820571034,0.02613601258578582,0.0458496083463219,0.6904795315529724,-0.005352074647199325,0.021919997465571134,1.7248890654,0.0397304297495,0.0539023049307,0.735217762608,-0.00406578155218,"0.0187482354460",0.22374535293921288,0.0080526965843781
"yaw-turn",62,3.15,1.5360858639853037,0.02746973887829302,0.046947604456433596,0.6916472644146733,-0.005416259754105464,0.02199941900816871,1.76176929992,0.0415518781628,0.0548465941242,0.738492559491,-0.00406063551891,"0.0188857838691",0.22612235604229508,0.007898989667766407
"yaw-turn",63,3.2,1.5706697897220065,0.02884096668125746,0.04804950824758017,0.692742121574189,-0.005478719447294631,0.022076319784174105,1.79901253765,0.0434271160126,0.0558029974495,0.745797102359,-0.00409773922236,"0.0191280665076",0.22880814295742044,0.00775348920191983
"yaw-turn",64,3.25,1.6053052839444033,0.030249866194307935,0.04915519589577431,0.6937686409515249,-0.005539480347777364,0.022150787530633376,1.8349377754,0.0452690595115,0.0567283043136,0.719437640654,-0.00395808823627,"0.0185061372801",0.23012313508207707,0.007573108417825693
"yaw-turn",65,3.3,1.6399889907297083,0.03169660182122676,0.05026454784308278,0.6947310787065466,-0.005598570240133976,0.022222905229691014,1.87168286521,0.0471861005402,0.0576777123258,0.735889914216,-0.00408689274846,"0.0189881602440",0.23221105925914517,0.00741316448271722
"yaw-turn",66,3.35,1.6747177599198044,0.03318133243910501,0.0513774485708961,0.6956334266208933,-0.005656017905428518,0.02229275154115409,1.90776825614,0.049100207517,0.058613230475,0.722711011337,-0.0040610105802,"0.0187103629843",0.23359354522808418,0.0072357819041038995
"yaw-turn",67,3.4,1.709488634328111,0.03470421164856069,0.05249378639368396,0.6964794284269803,-0.005711852967300901,0.02236040119012008,1.94547270669,0.0511329563515,0.0595944465117,0.755171711493,-0.00433011650518,"0.0196243207340",0.23655524948944923,0.007100660118016037
"yaw-turn",68,3.45,1.7442988377375526,0.03626538800655056,0.05361345327109752,0.697272595144348,-0.005766105750405247,0.022425925313941632,1.98186627187,0.0531255554516,0.0605455565081,0.728948995193,-0.00426349309169,"0.0190221999291",0.2381649659512285,0.006932103237002482
"yaw-turn",69,3.5,1.7791457636414492,0.03786500524319134,0.054736344636485836,0.6980162194808269,-0.005818807150398346,0.0224893917724689,2.01564768443,0.0550011022041,0.0614323589595,0.676656699743,-0.00403916031302,"0.0177360490280",0.23712191875853175,0.006696014323014164
"yaw-turn",70,3.55,1.8140269646819538,0.039503202463897394,0.05586235924008195,0.698713389353189,-0.00586998851471937,0.02255086542519213,2.05192496021,0.0570429385064,0.0623895659271,0.726680028981,-0.00447983498721,"0.0191441393508",0.23854370378759315,0.006527206687018054
"yaw-turn",71,3.6,1.8489401427433205,0.04118011433804026,0.05699139900528808,0.6993670005792011,-0.005919681533439974,0.02261040837860571,2.08747520135,0.059070636039,0.0633329643265,0.712146041509,-0.0045273004648,"0.0188679679894",0.23920502701913396,0.006341565321211919
"yaw-turn",72,3.65,1.883883139659819,0.04289587127524007,0.05812336889664821,0.6999797687902842,-0.005967918139501936,0.022668080206830178,2.12290860387,0.061117586695,0.0642790406303,0.709834227576,-0.00466667352053,"0.0189215260754",0.2397190093708282,0.0061556717336517935
"yaw-turn",73,3.7,1.9188539285005024,0.044650599590309856,0.0592581767982411,0.7005542406113547,-0.006014730417697106,0.02272393814826206,2.15888616521,0.0632220611703,0.0652459656958,0.720764413556,-0.00491457893903,"0.0193385013101",0.24074960819278904,0.005987788897558903
"yaw-turn",74,3.75,1.9538506053952984,0.04644442165779088,0.060395733401359376,0.7010928041518738,-0.006060150521781276,0.022778037280771914,2.19344555956,0.0652678273162,0.0661810365457,0.692380604551,-0.00488439338346,"0.0187014169985",0.24033323253717237,0.005785303144340621
"yaw-turn",75,3.8,1.988871381869036,0.04827745605694005,0.06153595210046026,0.7015976988496799,-0.006104210599149381,0.022830430677739145,2.22760889119,0.0673133148979,0.0671116175809,0.684471963174,-0.00500305694282,"0.0186116207024",0.23949522391603212,0.00557566548043973
"yaw-turn",76,3.85,2.023914577652037,0.05014981770795907,0.0626787488964824,0.702071024706828,-0.0061469427225339665,0.022881169546997357,2.26141593607,0.0693600184195,0.0680385771309,0.677359436963,-0.00512881910767,"0.0185391910006",0.2382769965014574,0.005359828234417607
"yaw-turn",77,3.9,2.058978613937806,0.05206161800018842,0.06382404230672196,0.7025147509544097,-0.006188378828222037,0.022930303354565276,2.2969020284,0.0715327791341,0.0690178429257,0.711028955376,-0.00559283497592,"0.0195853158955",0.23871882469811964,0.005193800618978033
"yaw-turn",78,3.95,2.0940620070601526,0.05401296491292856,0.06497175328055078,0.7029307241811856,-0.006228550660317062,0.022977879934855668,2.33016281245,0.0735920162035,0.0699409140686,0.66646746646,-0.00540382001178,"0.0184614228593",0.23691122716151158,0.0049691607880492095
"yaw-turn",79,4,2.1291633625637556,0.05600396312949363,0.06612180512033856,0.7033206759588226,-0.00626748972060307,0.023023945588886634,2.36354081497,0.0756812791991,0.0708716196216,0.668843156937,-0.00559110175196,"0.0186141110590",0.23520201309543357,0.00474981450126144
"yaw-turn",80,4.05,2.164281369643791,0.05803471414505116,0.06727412340701475,0.7036862299945942,-0.00630522722359642,0.023068545171865934,2.39787637936,0.0778549813832,0.0718326818962,0.68806052915,-0.00592397232233,"0.0192212454925",0.23443436513810725,0.004558558489185252
"yaw-turn",81,4.1,2.199414795931722,0.0601053163687531,0.06842863592976958,0.704028908840565,-0.006341794056397859,0.023111722171378364,2.43134123408,0.079997989536,0.0727718480684,0.670641925057,-0.00591628383643,"0.0187833234441",0.23277798684129478,0.004343212138630413
"yaw-turn",82,4.15,2.2345624826057704,0.06221586522061927,0.06958527261945308,0.7043501401865496,-0.006377220742983091,0.02315351877727813,2.46591263473,0.0822382383568,0.0737433563182,0.692849919102,-0.00625881684177,"0.0194301649948",0.23221496143424658,0.004158083698746928
"yaw-turn",83,4.2,2.269723339805906,0.0643664532235938,0.07074396548528154,0.7046512627624906,-0.006411537412594159,0.02319397594427145,2.49884524822,0.0843980074961,0.0746686625501,0.660039339847,-0.00605997363633,"0.0185061246396",0.22999589579357452,0.003924697064818462
"yaw-turn",84,4.25,2.3048963423344344,0.06655717009115797,0.07190464855450941,0.7049335318743553,-0.0064447737719166,0.023233133448068873,2.53257171058,0.0866372590456,0.0756146799226,0.675985008243,-0.00629866250468,"0.0189203474501",0.2285591461267132,0.0037100313680905883
"yaw-turn",85,4.3,2.3400805256244332,0.06878810281084832,0.07306725781476416,0.7051981245961879,-0.006476959080748654,0.02327102993589071,2.56598363032,0.0888841257999,0.0765488974694,0.669718046109,-0.0062972309746,"0.0186843509348",0.2267952002381722,0.0034816396546358402
"yaw-turn",86,4.35,2.375274981959386,0.07105933572399807,0.07423173115878003,0.7054461446395764,-0.006508122130888754,0.023307702972022306,2.60086901799,0.0912618391785,0.0775197567191,0.699295135129,-0.00662052660972,"0.0194171849941",0.2264968216960476,0.003288025560319971
"yaw-turn",87,4.4,2.410478856928386,0.07337095060199085,0.07539800833129882,0.7056786269204971,-0.006538291227986276,0.02334318907903746,2.63337569886,0.0935073570563,0.0784191962409,0.65165384596,-0.00615837929871,"0.0179887904364",0.22380455090989584,0.003021187909601181
"yaw-turn",88,4.45,2.4456913461022607,0.07572302671928986,0.0765660308779351,0.7058965418422777,-0.006567494176118083,0.023377523775237736,2.66665610622,0.0958376043469,0.0793338621851,0.667208095911,-0.00629153076612,"0.0182933188836",0.22187839337580229,0.0027678313071648896
"yaw-turn",89,4.5,2.480911691916867,0.07811564092348139,0.07773574209582897,0.7061007993122713,-0.006595758264869777,0.0234107416087918,2.70164148742,0.0983226599278,0.080287807364,0.701439738884,-0.00657664756525,"0.0190789035793",0.2216528056215302,0.002552065268171033
"yaw-turn",90,4.55,2.5161391807506606,0.08054886770254992,0.07890708698593212,0.7062922525087526,-0.006623110258715972,0.023442876189002003,2.73589703323,0.100791788736,0.0812138589749,0.6868589103,-0.0063595473696,"0.0185210322174",0.22068821803235816,0.0023067719889678785
"yaw-turn",91,4.6,2.5513731401844533,0.0830227792495822,0.08008001220679373,0.7064717014135304,-0.006649576388508228,0.023473960215074106,2.76969243625,0.103263490039,0.082119478716,0.677685246464,-0.00617541650988,"0.0181123948210",0.21925556186290182,0.002039466509206278
"yaw-turn",92,4.65,2.586612936432005,0.08553744552507933,0.08125446602972904,0.7066398961248184,-0.006675182344892739,0.023504025502720502,2.80580601999,0.105945106498,0.0830784039452,0.724231105309,-0.00648882573208,"0.0191785045846",0.22014104684508023,0.0018239379154709606
"yaw-turn",93,4.7,2.621857971930819,0.08809293431703963,0.08243039829526998,0.7067975399640058,-0.00669995327349236,0.023533103008886155,2.84062951752,0.108570508656,0.0839948439444,0.698419771111,-0.00610819524603,"0.0183287999845",0.2197278321248513,0.001564445649130025
"yaw-turn",94,4.75,2.6571076830831593,0.09068931129895966,0.08360776037081094,0.7069452923891293,-0.006723913771699299,0.02356122285485019,2.87510924552,0.111208744174,0.0848947375078,0.691585125475,-0.00589796969996,"0.0179978712676",0.21896513044413501,0.0012869771369890537
"yaw-turn",95,4.8,2.692361538137935,0.0933266400858877,0.08478650510937312,0.7070837717270526,-0.006747087886935733,0.02358841434792357,2.90939889823,0.11387085593,0.0857829089956,0.687833000277,-0.00571074021289,"0.0177634297559",0.21800752390773614,0.0009964038862268767
"yaw-turn",96,4.8500000000000005,2.727619035204673,0.09600498228865098,0.08596658680942308,0.7072135577356223,-0.006769499116249775,0.02361470600193443,2.94335735934,0.116544986615,0.0866566151962,0.681249575434,-0.00549894456714,"0.0174741240124",0.21671390421116468,0.0006900283867769114
"yaw-turn",97,4.9,2.762879700391352,0.09872439756636703,0.08714796117568863,0.7073351940063652,-0.006791170407123795,0.023640125556667058,2.97859102925,0.119359397406,0.0875577764541,0.706896158072,-0.0055482401241,"0.0180232251571",0.2166960558393841,0.0004098152784113712
"yaw-turn",98,4.95,2.798143086058376,0.10148494367733932,0.08833058528092347,0.707449190217641,-0.006812124159380935,0.023664699996397958,3.013552316,0.122191636643,0.0884475340253,0.701496069634,-0.00534082453864,"0.0177951514236",0.21640217992806274,0.00011694874437653824
"yaw-turn",99,5,2.8334087691814585,0.1042866765284281,0.08951441752857882,0.707556024247548,-0.006832382228084008,0.023688455567652377,3.04935516932,0.12513276378,0.0893550325292,0.718449451516,-0.0053103226901,"0.0181499700780",0.2169502410381129,0.0001593849993788143
"yaw-turn",100,5.05,2.868676349816615,0.10712965022297888,0.09069941761634549,0.7076561441553045,-0.006851965927328652,0.02371141779628708,3.08637562441,0.128216769265,0.0902904263465,0.742954670061,-0.00533219587764,"0.0187078763477",0.21871817653770437,0.00040899126984549067
"yaw-turn",101,5.1000000000000005,2.903945449660916,0.11001391710738351,0.09188554650053529,0.7077499700392836,-0.006870896034839879,0.023733611503989685,3.12257581992,0.131273564941,0.0912030588304,0.72656292099,-0.00505804229732,"0.0182526496763",0.21966158386398318,0.00068248767013529
"yaw-turn",102,5.15,2.9392157107030177,0.11293952781634214,0.09307276636127425,0.7078378957793755,-0.006889192797287864,0.023755060824271285,3.1600096427,0.134476921248,0.0921454541666,0.751395422293,-0.00509421920917,"0.0188479067251",0.2218418800013155,0.0009273121946742485
"yaw-turn",103,5.2,2.974486793957884,0.11590653131688791,0.09426104056848433,0.7079202906708727,-0.006906875936245112,0.023775789218017228,3.19805431887,0.13777570164,0.0931025326618,0.763731787334,-0.00504894234571,"0.0191415699046",0.22463458951361637,0.001158507906684328
"yaw-turn",104,5.25,3.009758378280444,0.11891497495123088,0.09545033364863273,0.7079975009566256,-0.006923964654712996,0.023795819488650456,3.23486447905,0.14100785544,0.0940283854823,0.7390204216,-0.00476451738188,"0.0185170564087",0.22618764769979052,0.0014219481663327318
"yaw-turn",105,5.3,3.045030159253268,0.1219649044784726,0.09664061125223074,0.7080698512637998,-0.006940477644151131,0.023815173796952974,3.27183854062,0.144293778567,0.0949585218917,0.742380893805,-0.00469217237304,"0.0186027281878",0.2279048496111004,0.0016820893605307419
"yaw-turn",106,5.3500000000000005,3.080301848143644,0.12505636411523827,0.0978318401220657,0.7081376459511688,-0.006956433091948127,0.023833873675583015,3.30698148021,0.147452630244,0.0958429302358,0.705678884542,-0.00437387296832,"0.0176881668818",0.22778333637526882,0.0019889098862656968
"yaw-turn",107,5.4,3.1155731709257304,0.1281893965752694,0.09902398806215203,0.7082011703725108,-0.006971848689277021,0.023851940043318847,3.34330063887,0.150753288315,0.0967573992349,0.729362927745,-0.00446893826628,"0.0182893799822",0.22884258534361718,0.0022665888272520307
"yaw-turn",108,5.45,3.1508438673637227,0.13136404310801622,0.10021702390738814,0.7082606920613302,-0.006986741639283129,0.023869393219054284,3.38082883257,0.15420159571,0.0977028601075,0.753711812874,-0.00457838364997,"0.0189092174527",0.23111607047062102,0.0025141637998881416
"yaw-turn",109,5.5,3.1861136901522347,0.13458034353626572,0.10141091749390728,0.7083164618417988,-0.007001128665556155,0.023886252935566052,3.41642887102,0.157507085401,0.0986002590718,0.715050418242,-0.00430106841063,"0.0179479792861",0.23145348999460688,0.0028106584221072738
"yaw-turn",110,5.55,3.2213824041103196,0.13783833629283856,0.10260563963011143,0.7083687148705095,-0.007015026020842254,0.023902538353068832,3.45451666243,0.161080498569,0.0995608988399,0.765087237311,-0.00460151702853,"0.0192127953611",0.23428994965541933,0.0030447407902114277
"yaw-turn",111,5.6000000000000005,3.256649785425791,0.14113805845638536,0.10380116206837793,0.7084176716133493,-0.007028449495955342,0.023918268072570293,3.49221747024,0.164654064587,0.100512267503,0.757382210775,-0.00454973048035,"0.0190273732595",0.23673854074286596,0.0032888945653779256
"yaw-turn",112,5.65,3.291915620946704,0.14447954578631012,0.10499745747742885,0.7084635387615283,-0.007041414428850245,0.023933460149035357,3.52817156654,0.168095110589,0.101419998686,0.722354708797,-0.00433705018356,"0.0181546236634",0.23743328900794952,0.003577458791428845
"yaw-turn",113,5.7,3.3271797075170544,0.14786283275684728,0.10619449941535433,0.7085065100905521,-0.0070539357138234195,0.02394813210436638,3.5656613312,0.171717282094,0.102367011092,0.753273040774,-0.00455612794327,"0.0189402481136",0.23967169125208093,0.0038274883233543333
"yaw-turn",114,5.75,3.3624418513539385,0.15128795259031624,0.1073922623032801,0.7085467672656904,-0.0070660278108098384,0.02396230094020389,3.60193023245,0.175253832044,0.10328379102,0.728804847335,-0.00443259038293,"0.0183355985574",0.24068454054633606,0.004108471283280096
"yaw-turn",115,5.8,3.3977018674635877,0.15475493728957604,0.10859072139967071,0.7085844805972716,-0.007077704754747357,0.02397598315055074,3.63926622017,0.178927434887,0.10422837321,0.750311425235,-0.00461521031302,"0.0188916438036",0.24277076870695424,0.004362348189670712
"yaw-turn",116,5.8500000000000005,3.432959579093851,0.15826381766970107,0.1097898527752597,0.7086198097489255,-0.007088980164982346,0.023989194734221217,3.67455671065,0.182429796678,0.10512223017,0.70926352624,-0.00439916623105,"0.0178771391956",0.24280273581158177,0.004667622605259701
"yaw-turn",117,5.9,3.4682148172208533,0.16181462338889768,0.11098963328859765,0.7086529044017053,-0.007099867254692718,0.024001951207115402,3.71217789434,0.186195755273,0.106076612877,0.756169040639,-0.00476914267019,"0.0190876541411",0.24517834853304774,0.004913020411597649
"yaw-turn",118,5.95,3.5034674200676954,0.16540738297868007,0.11219004056220969,0.7086839048768342,-0.007110378840306647,0.024014267614318394,3.74955184771,0.18996923395,0.107026710166,0.75126392034,-0.00480983824637,"0.0190019457871",0.2473071572987282,0.005163330396209684
"yaw-turn",119,6,3.538717232653198,0.16904212387332304,0.1133910529593536,0.7087129427196527,-0.007120527350897273,0.024026158542023158,3.78424103357,0.193499943822,0.107910785664,0.697353424185,-0.00451807563263,"0.0176815099639",0.24673897497816427,0.0054802672953536
"yaw-turn",120,6.05,3.5739641063688157,0.17271887243860826,0.11459264956136969,0.7087401412471823,-0.007130324837535551,0.024037638129275403,3.81987793039,0.197155675278,0.108821776896,0.716462683727,-0.00472627871809,"0.0182198246434",0.2471250011183275,0.005770872665369685
"yaw-turn",121,6.1000000000000005,3.6092078985819582,0.1764376539998795,0.11579481014561298,0.708765616061571,-0.007139782982585155,0.024048720079538545,3.85581532186,0.200871389409,0.10974381833,0.722563150602,-0.00485267382422,"0.0184408286699",0.24781490802992112,0.006050991815612972
"yaw-turn",122,6.15,3.644448472264079,0.1801984928694223,0.11699751516395974,0.7087894755315439,-0.007148913108924926,0.024059417672076547,3.89157808736,0.20459798737,0.110665288578,0.719111257,-0.00491643476725,"0.0184294049604",0.24833119415277213,0.006332226585959748
"yaw-turn",123,6.2,3.6796856956419783,0.18400141237318196,0.11820074572187819,0.7088118212438529,-0.007157726189085871,0.024069743773152404,3.92820935253,0.208445081399,0.111613785783,0.736636603887,-0.00513828943666,"0.0189699440943",0.24972284835080452,0.006586959938878187
"yaw-turn",124,6.25,3.7149194418708755,0.18784643487683425,0.11940448355805441,0.7088327484265912,-0.007166232854291072,0.02407971084703999,3.9645440611,0.212290848507,0.112559776314,0.730734833844,-0.00519531068613,"0.0189198106386",0.25081861949027606,0.006844707244054406
"yaw-turn",125,6.3,3.7501495887278926,0.19173358181122158,0.12060871102456434,0.7088523463461259,-0.0071744434033881735,0.024089330966847088,3.99873608065,0.215936881985,0.113455052824,0.687699377414,-0.00496695459589,"0.0179055301854",0.24976197409822423,0.00715365820056435
"yaw-turn",126,6.3500000000000005,3.7853760183246714,0.1956628736971678,0.1218134110675821,0.708870698679292,-0.007182367811665271,0.02409861582514747,4.03476050425,0.219807287571,0.114403980703,0.724615129279,-0.00534496813054,"0.0189785575768",0.25055054288815953,0.00740943036458211
"yaw-turn",127,6.4,3.820598616837935,0.1996343301696842,0.12301856720861495,0.7088878838623858,-0.007190015739542132,0.024107576744420208,4.06936859873,0.22355351375,0.115321161743,0.696185712266,-0.00521724218366,"0.0183436208138",0.2499172487719227,0.007697405465614955
"yaw-turn",128,6.45,3.8558172742568675,0.20364797000157842,0.12422416352625565,0.7089039754184061,-0.007197396541129688,0.02411622468729441,4.10236082524,0.227150583794,0.116200608294,0.66373557274,-0.00504565216045,"0.0175889310107",0.24766125128176217,0.008023555232255647
"yaw-turn",129,6.5,3.89103188414627,0.20770381112647854,0.12543018463844183,0.7089190422638946,-0.007204519272651674,0.024124570266598,4.13689312596,0.230943155455,0.117126430041,0.694777987703,-0.00537633270421,"0.0185164349355",0.2469571164210686,0.008303754597441829
"yaw-turn",130,6.55,3.9262423434244984,0.2118018706612836,0.12663661568521328,0.7089331489966472,-0.007211392700723133,0.024132623755209283,4.17176392725,0.234801735047,0.118066609133,0.701651010738,-0.00551603450188,"0.0188035818390",0.24659651637025215,0.00857000655221328
"yaw-turn",131,6.6000000000000005,3.9614485521552703,0.21594216492805174,0.12784344231195643,0.7089463561654885,-0.007218025310481316,0.0241403950957104,4.20639695174,0.238663038918,0.119005220629,0.696930092033,-0.00555591075762,"0.0187722299345",0.2459999117357316,0.008838221682956435
"yaw-turn",132,6.65,3.9966504133524654,0.22012470947533738,0.12905065065312676,0.7089587205232255,-0.007224425313565235,0.024147893909841935,4.23943684246,0.242374027798,0.119904603009,0.664931304144,-0.00535609638025,"0.0179876476040",0.24380377832308314,0.00914604764412677
"yaw-turn",133,6.7,4.031847832797117,0.22434951909898784,0.13025822731643905,0.7089702952638277,-0.007230600655940769,0.024155129507758378,4.27422835848,0.246311613873,0.120855201973,0.700249263843,-0.00571285090626,"0.0190119792689",0.24337348425244226,0.00940302534343905
"yaw-turn",134,6.75,4.067040718865826,0.22861660786241034,0.13146615936751518,0.7089811302448176,-0.007236559025568881,0.02416211089708425,4.30931472841,0.250313968078,0.121816693476,0.706254232398,-0.00581695579598,"0.0192298300655",0.24324364563321238,0.009649465891515191
"yaw-turn",135,6.8,4.102228982369891,0.23292598911631973,0.13267443431497988,0.7089912721957919,-0.0072423078599150315,0.02416884679177115,4.34155490042,0.254019605281,0.122701940179,0.649026497905,-0.00536471896812,"0.0177049340590",0.24025369028056628,0.009972494135979879
"yaw-turn",136,6.8500000000000005,4.13741253640448,0.2372776755179774,0.13388304009599455,0.7090007649139376,-0.0072478543532984,0.024175345620756048,4.37541497963,0.257941275247,0.123632710306,0.681704893747,-0.00567640862764,"0.0186154025305",0.23889777591069825,0.010250329789994558
"yaw-turn",137,6.9,4.172591296207218,0.2416716790499315,0.13509196506221874,0.7090096494473522,-0.007253205464080014,0.02418161553642164,4.40973782606,0.261948132318,0.12457639937,0.691094550048,-0.00577920223064,"0.0188737812845",0.23801178789788682,0.010515565692218745
"yaw-turn",138,6.95,4.207765179025602,0.24610801103826838,0.13630119796618975,0.7090179642669303,-0.007258367921686024,0.02418766442286235,4.44420928558,0.266004881361,0.125523448146,0.694162567498,-0.00581582067425,"0.0189409755212",0.23727979470015445,0.010777749820189753
"yaw-turn",139,7,4.2429341039927,0.25058668217038654,0.1375107279481117,0.7090257454275254,-0.007263348233429325,0.02419349990398626,4.47742166914,0.269944666147,0.126434398265,0.668881487067,-0.00559344368725,"0.0182190023842",0.2352852518802404,0.011076329683111702
"yaw-turn",140,7.05,4.278097992010602,0.2551077025123027,0.13872054452304353,0.7090330267190582,-0.0072681526912357205,0.02419912935136575,4.5116437982,0.274037036405,0.127370721985,0.689294922041,-0.00575803311424,"0.0187264744066",0.23431167975642353,0.011349822538043536
"yaw-turn",141,7.1000000000000005,4.313256765641152,0.25967108152549656,0.13993063756847401,0.7090398398081961,-0.007272787378221293,0.024204559891888713,4.54721860953,0.278326858892,0.128340835868,0.716625591133,-0.00597272242638,"0.0194022776434",0.23470445761642028,0.011589801700474025
"yaw-turn",142,7.15,4.348410349003498,0.2642768280833052,0.14114099731227572,0.7090462143711916,-0.007277258175074797,0.024209798415249124,4.58064434152,0.282390631401,0.129248821678,0.673414087176,-0.00556683042966,"0.0181597162141",0.23293934221334692,0.01189217563427572
"yaw-turn",143,7.2,4.383558667678041,0.26892495048687726,0.1423516143210286,0.7090521782184311,-0.007281570766280285,0.024214851581249225,4.61389827346,0.28646575216,0.130148292432,0.670031321914,-0.00550157062244,"0.0179894150827",0.23100652310080846,0.012203321889028618
"yaw-turn",144,7.25,4.418701648616374,0.2736154564806962,0.14356247948870404,0.7090577574112098,-0.007285730646182401,0.024219725826914593,4.64873627835,0.290769944156,0.131086095347,0.702034358621,-0.00572892202664,"0.0187560582978",0.23067337801334714,0.012476384141704044
"yaw-turn",145,7.3,4.453839220056855,0.2783483532676821,0.14477358402569998,0.709062976371218,-0.007289743124895909,0.02422442737342447,4.68187874205,0.294897566604,0.131973794486,0.66794835881,-0.00539043713666,"0.0177539827771",0.22863923559379143,0.012799789539699985
"yaw-turn",146,7.3500000000000005,4.488971311445431,0.28312364752388103,0.14598491944821826,0.7090678579831926,-0.007293613334061238,0.024228962232859884,4.71644567988,0.299237307622,0.132894827868,0.696743517743,-0.00557564363512,"0.0184206676266",0.22804437799793217,0.01309009158021826
"yaw-turn",147,7.4,4.524097853361422,0.2879413454127505,0.14719647756797435,0.7090724236911602,-0.007297346232447953,0.02423333621477211,4.75116075262,0.303631107798,0.133814855576,0.699818552077,-0.00554041789146,"0.0184005541708",0.22760432523002877,0.013381621991974346
"yaw-turn",148,7.45,4.559218777447926,0.29280145259905094,0.14840825048223172,0.7090766935886702,-0.007300946611408251,0.02423755493257431,4.78706381749,0.308212722728,0.134761182537,0.723862090532,-0.00567265592759,"0.0189265392175",0.22836564872756523,0.013647067945231711
"yaw-turn",149,7.5,4.594334016346573,0.29770397426235107,0.14962023056415083,0.7090806865033942,-0.007304419100182678,0.024241623809759104,4.82303165382,0.312840465356,0.135704098316,0.725264749681,-0.00561637800099,"0.0188583155860",0.2291979990064383,0.013916132248150831
"yaw-turn",150,7.55,4.629443503636344,0.3026489151101562,0.15083241045344517,0.7090844200764409,-0.007307768171060389,0.02424554808594505,4.85775756833,0.317344100459,0.136609820162,0.700314306777,-0.0053496588329,"0.0181144369066",0.22878649568839454,0.01422259029144518
"yaw-turn",151,7.6000000000000005,4.66454717377622,0.30763627939066834,0.15204478304733507,0.7090879108367182,-0.007310998144396391,0.024249332822755015,4.89384436352,0.32206147967,0.137546454538,0.727855685219,-0.00550298019186,"0.0187326875296",0.22975048993961716,0.014498328509335077
"yaw-turn",152,7.65,4.699644962051394,0.31266607090518606,0.1532573414917914,0.7090911742706489,-0.007314113193488241,0.02425298290952956,4.92906126565,0.326701285338,0.138456352937,0.710404884059,-0.0053007207338,"0.0181979679836",0.22984522531700016,0.014800988554791394
"yaw-turn",153,7.7,4.734736804522854,0.31773829302015283,0.15447007917306113,0.7090942248875319,-0.007317117349314805,0.024256503068878346,4.96446009596,0.331400898423,0.139367127007,0.714169210689,-0.00526864233803,"0.0182154814047",0.23012921895124394,0.015102952166061138
"yaw-turn",154,7.75,4.769822637980101,0.3228529486788619,0.155682989709466,0.7090970762808186,-0.0073200145051396884,0.024259897862072916,4.99899972351,0.336020691467,0.140252429048,0.696925780434,-0.00507940920398,"0.0177060408006",0.2295550608941416,0.015430560661466003
"yaw-turn",155,7.8,4.8049023998968226,0.328010040412826,0.15689606694346742,0.7090997411855605,-0.007322808420982028,0.02426317169428388,5.03531419069,0.340914460827,0.141179956216,0.732835423884,-0.00529562030956,"0.0185505433644",0.2307728697285382,0.015716110727467425
"yaw-turn",156,7.8500000000000005,4.839976028389327,0.3332095703528199,0.15810930493398886,0.7091022315322663,-0.0073255027279573596,0.024266328819665877,5.07179292442,0.345867615963,0.142108719082,0.736250619769,-0.00526580977309,"0.0185752573330",0.23216222647960036,0.016000585851988856
"yaw-turn",157,7.9,4.875043462177579,0.33845154023960333,0.15932269794898946,0.7091045584973923,-0.007328100932491309,0.0242693733462935,5.1087363243,0.350921665401,0.143046702287,0.745731428829,-0.00528397238504,"0.0187596640967",0.23402533586881097,0.016275995661989447
"yaw-turn",158,7.95,4.910104640548652,0.3437359514343328,0.16053624045828008,0.7091067325506765,-0.007330606420408863,0.024272309240951476,5.14358010844,0.355722812049,0.143929357511,0.703442866648,-0.00492486848613,"0.0176531044675",0.233782974004694,0.016606882947280077
"yaw-turn",159,8,4.945159503322474,0.349062804928669,0.16174992712657568,0.7091087634995128,-0.007333022460902008,0.024275140333782388,5.18045809751,0.360840823495,0.14486175389,0.744610761439,-0.00518281435081,"0.0186479275797",0.2355931878216663,0.016888173236575682
"yaw-turn",160,8.05,4.980207990819698,0.3544321013545883,0.16296375280677658,0.7091106605305503,-0.007335352210378502,0.02427787032279518,5.21626187036,0.365845113768,0.145765606959,0.723018929967,-0.00498553678289,"0.0180770613794",0.2363296234042108,0.01719814584777657
"yaw-turn",161,8.100000000000001,5.015250043831586,0.3598438409939051,0.1641777125334716,0.7091124322486906,-0.007337598716194565,0.024280502778237744,5.2532540997,0.371052178957,0.146698397239,0.747120595718,-0.00512242114804,"0.0186558056175",0.2382678271393561,0.017479315294471613
"yaw-turn",162,8.15,5.05028560359176,0.36529802378751247,0.16539180151665636,0.7091140867136461,-0.007339764920274265,0.02428304114683682,5.28810284757,0.37599098483,0.147576514807,0.703923253911,-0.00478173597916,"0.0175623513436",0.2380575160528688,0.017815286709656375
"yaw-turn",163,8.200000000000001,5.085314611749725,0.37079464934434847,0.1666060151356608,0.7091156314742101,-0.007341853662618339,0.02428548875590843,5.32538243988,0.381310724352,0.148515602691,0.753127495257,-0.0051018270918,"0.0187817576980",0.24029804397196816,0.01809041244466081
"yaw-turn",164,8.250000000000002,5.120337010346033,0.37633371695009493,0.1678203489332787,0.7091170736003832,-0.007343867684705204,0.02428784881734211,5.36306548796,0.386725761739,0.149464989405,0.76138527835,-0.00513369106957,"0.0189877342651",0.24295083543731422,0.018355359528278714
"yaw-turn",165,8.3,5.155352741789,0.3819152255756157,0.16903479861009324,0.7091184197134887,-0.007345809632786867,0.024290124431462053,5.39773319128,0.391740436524,0.150338893895,0.700554573349,-0.00468364291091,"0.0174780898104",0.24257950668933223,0.018695904715093248
"yaw-turn",166,8.350000000000001,5.190361748832877,0.3875391738851412,0.17024936001899293,0.7091196760144022,-0.007347682061082432,0.024292318590768334,5.43414952019,0.397042518457,0.151257770721,0.735989321099,-0.00491456779838,"0.0183775365180",0.24397293091924047,0.01899158929799294
"yaw-turn",167,8.4,5.225363974557373,0.39320556024420594,0.17146402915987147,0.709120848310015,-0.00734948743487185,0.024294434183561357,5.47051609993,0.402372196913,0.152176698395,0.735084676379,-0.00489450492595,"0.0183785534852",0.24532344323878608,0.019287330764871463
"yaw-turn",168,8.450000000000001,5.260359362348462,0.39891438272734553,0.17267880217450576,0.7091219420380392,-0.007351228133492564,0.024296473997452578,5.50681739971,0.40772689211,0.153095686638,0.733865839833,-0.00487645248544,"0.0183797648500",0.2466155398625983,0.01958311553650577
"yaw-turn",169,8.500000000000002,5.295347855880378,0.40466563912555936,0.17389367534160738,0.7091229622902596,-0.00735290645324162,0.024298440722764516,5.54410776546,0.413263475849,0.154041935794,0.753966141057,-0.00501129028956,"0.0189249831129",0.24890844784857077,0.019851739547607383
"yaw-turn",170,8.55,5.330329399098738,0.41045932695354576,0.17510864507204044,0.7091239138343288,-0.007354524610185822,0.02430033695582309,5.5820507992,0.418934142958,0.155007512508,0.767271821664,-0.00510506063368,"0.0193115342899",0.2518640223915458,0.020101132564040447
"yaw-turn",171,8.600000000000001,5.365303936204716,0.41629544345671526,0.17632370790420215,0.7091248011341966,-0.007356084742882433,0.024302165202145176,5.61694429264,0.424181720735,0.155898327664,0.705701991412,-0.00467782601394,"0.0178163031145",0.25176390201175936,0.020425380240202157
"yaw-turn",172,8.65,5.4002714116401975,0.42217398561798847,0.17753886049955966,0.7091256283692595,-0.007357588915012901,0.024303927879524317,5.65108997798,0.429347130926,0.156773055435,0.690668307032,-0.00458318903103,"0.0174945554182",0.25092111755363217,0.02076580506455966
"yaw-turn",173,8.700000000000001,5.4352317700738615,0.4280949501643839,0.17875409963833938,0.7091263994523088,-0.007359039117932048,0.0243056273210174,5.6866270752,0.434755035052,0.157686976018,0.718908403993,-0.00479468389954,"0.0182784116752",0.25148351073216385,0.021067123620339388
"yaw-turn",174,8.750000000000002,5.47018495638813,0.4340583335734023,0.1799694222153624,0.7091271180463545,-0.007360437273135108,0.024307265777835114,5.7220248804,0.440173875172,0.158601230957,0.716187388148,-0.0047959848836,"0.0182850987772",0.2519141662855598,0.02136819125836242
"yaw-turn",175,8.8,5.50513091566693,0.44006413207921213,0.18118482523602275,0.7091277875803931,-0.007361785234644958,0.024308845422138927,5.75799967782,0.445713906599,0.159534724155,0.727960948749,-0.00490469854219,"0.0186698639441",0.25293186992735867,0.021650101081022746
"yaw-turn",176,8.850000000000001,5.540069593184214,0.44611234167864305,0.1824003058124028,0.7091284112641866,-0.007363084791321838,0.024310368349747254,5.7933485945,0.451189531336,0.160456489462,0.715393495713,-0.00484736763642,"0.0184353061417",0.2533298844635962,0.021943816350402795
"yaw-turn",177,8.9,5.575000934393198,0.4522029581369914,0.18361586115952194,0.7091289921021149,-0.007364337669097812,0.024311836582753474,5.82854754801,0.456673353273,0.161379047575,0.712454768975,-0.00486362365287,"0.0184511622581",0.2535860203347581,0.022236813584521953
"yaw-turn",178,8.950000000000001,5.609924884916268,0.4583359769936442,0.18483148859171408,0.7091295329061574,-0.007365545533138181,0.02431325207205836,5.86383777816,0.462202749649,0.162308924667,0.714398771722,-0.00492160889416,"0.0185975418521",0.25394233456863996,0.02252256392471408
"yaw-turn",179,9.000000000000002,5.644841390535517,0.46451139356752585,0.18604718551912963,0.7091300363080612,-0.007366709989931989,0.02431461669981943,5.90027792667,0.467945216019,0.163274443115,0.737778873447,-0.00514503092415,"0.0193103689583",0.25545961545616425,0.02277274240412963
"zig-zag",0,0.05,0.0012179298021236442,-0.00003773503115222081,0.0004822934901662896,0.04820003629968337,-0.0014956498010190976,0.019091183612840797,0,0,0,0,0,"0.00000000000",0.0012185142327757186,0.0004822934901662896
"zig-zag",1,0.1,0.004770123880116619,-0.0001426818694398391,0.001886558142382304,0.09339811565175185,-0.002848010596652212,0.03683203521200409,0.000380610205412,-0.0000500653911693,0.000272400590285,0.00761193106898,-0.0010033813551,"0.00544801180571",0.004390490645983213,0.001614157552097304
"zig-zag",2,0.15000000000000002,0.010511467822392411,-0.00029893273560741094,0.004139144005333529,0.13578148716564614,-0.004074730395900805,0.05299476826892925,0.00689948481197,-0.000883214079712,0.00487766028333,0.130294665188,-0.0172987101457,"0.0921051938610",0.0036589350850553238,0.0007385162779964712
"zig-zag",3,0.2,0.01830597937635535,-0.0004870051038110718,0.007157637986524543,0.17552558225877296,-0.0051936619899787505,0.06745600316835752,0.0147596459677,-0.00170748830458,0.00998310891499,0.157030815895,-0.0180540138425,"0.102108972633",0.0037504746217917858,0.002825470928465456
"zig-zag",4,0.25,0.028026147270765585,-0.0006851574928153899,0.010855889187802444,0.21279460432239256,-0.006222600801270484,0.08018721981716748,0.0253261362677,-0.00255488328502,0.0161513676558,0.21102852229,-0.0203588060798,"0.123365174816",0.0032841945671215006,0.0052954784679975575
"zig-zag",5,0.3,0.03955231410994182,-0.0008705246143358616,0.015148334826178039,0.2477421895341151,-0.007178731752421336,0.09123713006166619,0.039308516754,-0.00335067710005,0.0234348120034,0.279197871918,-0.0224643954026,"0.145668886951",0.0024921062383370094,0.008286477177221958
"zig-zag",6,0.35000000000000003,0.05277211170707048,-0.001020034620992997,0.019953342313844644,0.28051210106975455,-0.008078012050780205,0.10071068288403325,0.0539148001671,-0.00390098514429,0.0303013802012,0.291658116645,-0.0198515649075,"0.137331363958",0.0030992923118624846,0.010348037887355358
"zig-zag",7,0.4,0.06757995077826229,-0.0011111030407737839,0.02519549954742366,0.31123892084194804,-0.008934655188763943,0.10874851207743763,0.0609446535521,-0.0040471738056,0.0333082486272,0.140421715187,-0.00760432771141,"0.0601373685189",0.0072558721609179535,0.008112749079776337
"zig-zag",8,0.45,0.08387656215104265,-0.0011221210972403475,0.030806942004233447,0.3400487114913264,-0.009760801208751226,0.11550924829745698,0.0679745069372,-0.0041933624669,0.0363151170531,0.140398215215,-0.00802652232055,"0.0601373685189",0.016195921819236136,0.00550817504886655
"zig-zag",9,0.5,0.10156858389692769,-0.0010327693369886286,0.0367278920438158,0.3670596320263301,-0.010566389271826253,0.12115578487023368,0.107713487025,-0.00426995034591,0.0513546944909,0.793653165725,-0.0423274636128,"0.300791548756",0.006945442774792263,0.014626802447084196
"zig-zag",10,0.55,0.12056818779499735,-0.0008241922874841474,0.04290661383949258,0.39238250004059205,-0.01135920404213996,0.12584559547701255,0.129057582081,-0.0040687828564,0.0590980735615,0.426374291811,-0.0211968895789,"0.154867581410",0.009088299252506593,0.01619145972200742
"zig-zag",11,0.6000000000000001,0.14079273872379436,-0.0004790688176566718,0.0492989759905689,0.41612130035806816,-0.012145047353846665,0.12972461430642832,0.151542922559,-0.00354351916262,0.0665889455822,0.449409176463,-0.0194413851843,"0.149817440414",0.011178430498395684,0.01728996959163109
"zig-zag",12,0.6500000000000001,0.16216448141543005,0.00001839147778237983,0.055867781931459116,0.4383736440978171,-0.012927984431817918,0.1329239377599685,0.175540130611,-0.00271046794425,0.0741037404724,0.479860504392,-0.0189178164035,"0.150295897805",0.01365117815971082,0.018235958540940875
"zig-zag",13,0.7000000000000001,0.18461025007276768,0.0006825012216778114,0.0625819898217718,0.45923118403808294,-0.013710621702994868,0.1355585796351131,0.199994583667,-0.00162260337945,0.0814095686368,0.48923852864,-0.0180873305811,"0.146116563288",0.015556067220244493,0.018827578815028213
"zig-zag",14,0.7500000000000001,0.2080611973892366,0.0015261786034000222,0.06941590721288188,0.4787799925293863,-0.014494383955011349,0.13772760558931496,0.226787196229,-0.000195558590426,0.0891204495821,0.536265880013,-0.0192645744045,"0.154217618907",0.018804983688145673,0.019704542369218123
"zig-zag",15,0.8,0.2324525403933942,0.0025610473087171026,0.07634841549847028,0.49710090771981175,-0.015279771429479502,0.13951511290849822,0.25279287615,0.001399739549,0.0963785113358,0.520770138374,-0.018292312626,"0.145161235073",0.02037346054071906,0.02003009583732972
"zig-zag",16,0.8500000000000001,0.2577233212389099,0.0037975432283742557,0.08336225605969746,0.5142698529410917,-0.016066588241909197,0.14099166395594384,0.27663488221,0.0030417000079,0.10286666839,0.477691596576,-0.0162988770707,"0.129763141087",0.018926659434173664,0.019504412330302534
"zig-zag",17,0.9000000000000001,0.2838161815636295,0.005245021417642352,0.0904433936188921,0.5303581331722576,-0.01685413485933561,0.142215904788229,0.310814445589,0.00560368739229,0.111994237761,0.685035271212,-0.0254796011181,"0.182551387428",0.027000646319393667,0.021550844142107894
"zig-zag",18,0.9500000000000001,0.3106771493899584,0.006911859213622167,0.09758046139641999,0.5454327116474976,-0.017641365753606243,0.14323619622326766,0.336548063621,0.00771257997214,0.118737242846,0.516044880902,-0.0190864050397,"0.134860101689",0.025883302665676806,0.02115678144958001
"zig-zag",19,1,0.3382554377746093,0.008805553089761005,0.10476428588820486,0.5595564689493082,-0.018427015155092864,0.14409215498117545,0.36415659699,0.0101489780801,0.125869499653,0.553919564904,-0.0209756010954,"0.142645136146",0.02593597577508289,0.021105213764795152
"zig-zag",20,1.05,0.366503254565306,0.01093280800361493,0.11198748525685823,0.5727884463728267,-0.01920969492584975,0.14481605107682613,0.393822714832,0.0129148707469,0.133461755236,0.59540697494,-0.0241250532642,"0.151845111665",0.027391266527522763,0.021474269979141786
"zig-zag",21,1.1,0.3953756227139367,0.01329961877976869,0.1192441334939536,0.5851840749368113,-0.019987968934990042,0.1454340394751156,0.423291130145,0.0158387357427,0.140927776035,0.591739194996,-0.0248861434119,"0.149320415968",0.028030745086158448,0.021683642541046405
"zig-zag",22,1.1500000000000001,0.4248302106502607,0.01591134357347371,0.1265294819467417,0.5967953911238582,-0.02076040817139404,0.14596722373767476,0.453693435237,0.0190251401657,0.148575779447,0.610780855154,-0.0269829242078,"0.152960068236",0.029030698626838304,0.0220462975002583
"zig-zag",23,1.2000000000000002,0.4548271722520393,0.018772769766265213,0.13383973000134264,0.6076712402292087,-0.02152563041256154,0.14643256073942523,0.484352033273,0.0223988947965,0.156249726989,0.616202311249,-0.028765485556,"0.153478950842",0.029746700674897417,0.02240999698765736
"zig-zag",24,1.2500000000000002,0.48532899596618556,0.02188817281520114,0.14117183733216548,0.6178574680593396,-0.022282327740988286,0.14684362134548168,0.514131407281,0.0258185943653,0.163677469022,0.598771925603,-0.0295696751062,"0.148554840658",0.02906935002901225,0.022505631689834518
"zig-zag",25,1.3,0.5163003626475593,0.025261368657684205,0.14852337094086737,0.6273971016287011,-0.02302928465577714,0.14721122424308344,0.544734475783,0.0294759913492,0.171289531482,0.615572627028,-0.0322503121574,"0.152241249216",0.02874477055450059,0.02276616054113262
"zig-zag",26,1.35,0.5477080116912937,0.02889576029604924,0.15589238107938583,0.6363305194405595,-0.023765389019330292,0.14754396031640735,0.574427132602,0.0331566637298,0.178657413973,0.597482612794,-0.0330910058026,"0.147357649815",0.027056731515700306,0.022765032893614177
"zig-zag",27,1.4000000000000001,0.5795206150432971,0.03279437917234921,0.16327730099976562,0.6446956118951117,-0.024489637631355705,0.14784862396202753,0.60853427183,0.0375132590603,0.187110935125,0.686444869457,-0.0412818224845,"0.169070423035",0.029394899345524143,0.02383363412523437
"zig-zag",28,1.4500000000000002,0.6117086586830172,0.03695992190907696,0.17067686625551853,0.6525279323373848,-0.02520113784278864,0.1481305661645121,0.638227698405,0.0414386810276,0.194439679573,0.597846874204,-0.0377163462375,"0.146574888960",0.02689458590530554,0.023762813317481476
"zig-zag",29,1.5000000000000002,0.6442443311831946,0.041394782945905734,0.17809004997565092,0.6598608392338767,-0.025899106308907207,0.14839398235241086,0.671119697072,0.0459442964569,0.202517330922,0.662520748219,-0.0440444871313,"0.161553026988",0.027257721196825815,0.02442728094634908
"zig-zag",30,1.55,0.6771014189632893,0.04610108355240078,0.18551601113812932,0.666725629947206,-0.026582865727519295,0.14864214625049837,0.702457022324,0.050382914008,0.210168060464,0.631475558122,-0.0439355366945,"0.153014590840",0.02571460079091599,0.024652049325870673
"zig-zag",31,1.6,0.7102552078664076,0.05108069764612008,0.19295405338744073,0.6731516665602159,-0.027251840206345704,0.14887759925258395,0.734089378311,0.055016574095,0.217833855061,0.637724410249,-0.0462415073456,"0.153315891937",0.024156961816476988,0.02487980167355927
"zig-zag",32,1.6500000000000001,0.7436823907036823,0.05633527479702731,0.2004035923783045,0.679166494183874,-0.027905549745093055,0.14910230331717286,0.766636414524,0.0599539586078,0.225647507491,0.656532573697,-0.04939547049,"0.156273048603",0.023237514541492234,0.025243915112695494
"zig-zag",33,1.7000000000000002,0.7773609804248867,0.06186626075404296,0.20786412999358878,0.684795952166312,-0.02854360419426428,0.14931776405539363,0.79886695043,0.0650184055655,0.233299485386,0.650564372775,-0.0504819174571,"0.153039557886",0.0217357484981132,0.025435355392411235
"zig-zag",34,1.7500000000000002,0.8112702285893391,0.06767491578851026,0.21533523408855876,0.6900642786032068,-0.029165696957530053,0.149525129535198,0.832761760202,0.0705495418757,0.241237043416,0.684694694798,-0.054532689829,"0.158751160609",0.02168292891191492,0.02590180932744124
"zig-zag",35,1.8,0.8453905488266332,0.07376233111255008,0.2228165226648182,0.6949942085323655,-0.029771598631596882,0.1497252693548237,0.866963329813,0.0763531355061,0.249121420388,0.691532762455,-0.0561610506782,"0.157687539445",0.02172779664143107,0.026304897723181814
"zig-zag",36,1.85,0.8797034449920454,0.0801294435983568,0.2303076515842666,0.6996070661781281,-0.030361150596401293,0.14991883777772458,0.900307393977,0.0822363826849,0.256679119564,0.674904757604,-0.0554910182006,"0.151153983521",0.020711395561115935,0.02637146797973341
"zig-zag",37,1.9000000000000001,0.9141914437289785,0.08677704902900492,0.23780830511645243,0.7039228516048636,-0.03093425764042395,0.15010632435723575,0.937531292512,0.0891010172716,0.264948009848,0.754451582621,-0.0624463092727,"0.165377805664",0.023455263153648417,0.02713970473154756
"zig-zag",38,1.9500000000000002,0.9488380311754225,0.09370581404251138,0.24531818872768343,0.7079603221056415,-0.03149088288685922,0.1502880931726888,0.968458800439,0.0950233995569,0.271697714717,0.62764715137,-0.0518960188588,"0.134994097396",0.01966495914265456,0.02637952598931656
"zig-zag",39,2,0.983627593583696,0.10091628683536921,0.2528370236092996,0.7117370686115232,-0.032031043072336694,0.15046441378992337,1.00346862159,0.101991022993,0.279198365437,0.711485953162,-0.0590074560102,"0.150013014392",0.019870114497794328,0.02636134182770039
"zig-zag",40,2.05,1.01852895665791,0.10847209763319245,0.25944669591029135,0.7153120717631821,-0.02953900954763356,0.11511516079072691,1.04025318178,0.109699199143,0.28671966347,0.74925646318,-0.060188799866,"0.150425960659",0.021758854181013657,0.02727296755970865
"zig-zag",41,2.1,1.0535239179681921,0.1163909382261285,0.2644462681211183,0.7187341810623958,-0.027201758372724507,0.08567991063275752,1.07566903407,0.1185031483,0.289201018696,0.729117435458,-0.0332356875839,"0.0496271045165",0.022245619761173473,0.02475475057488169
"zig-zag",42,2.15,1.0886156841792567,0.12461519103460203,0.2680823085165692,0.7220053298958016,-0.024926709014592544,0.060329055779603735,1.11066926108,0.128047279653,0.288756197913,0.725379277038,-0.0163535321604,"-0.00889641565964",0.022319038653166368,0.020673889396430778
"zig-zag",43,2.1999999999999997,1.1238062824512431,0.1330975622313219,0.2705267935235519,0.7251279049014488,-0.022655749227701368,0.03785080179181165,1.14913344776,0.139271001559,0.285568550019,0.801364135643,-0.00132595936718,"-0.0637529578803",0.02606869110081317,0.015041756495448089
"zig-zag",44,2.25,1.1590969762229,0.14179778318078565,0.2719009821270583,0.7281046776617831,-0.020348770943172594,0.017397500435658304,1.18327750667,0.149642258645,0.281109600637,0.713621134291,0.00983716133332,"-0.0891789876258",0.025421129951514677,0.009208618509941702
"zig-zag",45,2.3,1.1944885263920988,0.15068057582001124,0.2722898825963222,0.7309386683471331,-0.017973095060960006,-0.0016491158205069884,1.21967445871,0.160954991161,0.275184944886,0.762029333664,0.0199426266928,"-0.118493115021",0.027201007285044456,0.0028950622896777856
"zig-zag",46,2.35,1.2299813814190415,0.1597142514436535,0.2717535017334891,0.7336328876670112,-0.015510850674076381,-0.019620687900715732,1.25644659817,0.172488298242,0.268542816561,0.770285353842,0.0272660778619,"-0.132842566511",0.029386799235057215,0.0032106851724891254
"zig-zag",47,2.4,1.265576082969037,0.1688687095117456,0.2703481990875315,0.7361896095832097,-0.012985366896296504,-0.0363700334154374,1.2946870646,0.184479615236,0.261314951869,0.800804283968,0.0340951777674,"-0.144557293829",0.033032554080025665,0.009033247218531491
"zig-zag",48,2.45,1.3012734574874847,0.17811423051479372,0.26813998845604664,0.7386101773339326,-0.010434011373414289,-0.05171218313158513,1.32925318472,0.195263129701,0.25468874794,0.723358439436,0.0345384694852,"-0.132524078583",0.03281691453053782,0.013451240516046625
"zig-zag",49,2.5,1.3370744483087849,0.1874216170016279,0.26520224071030124,0.7408955401240908,-0.00789171259976845,-0.06554046743904905,1.36687735637,0.206920230399,0.247465870014,0.786667603527,0.0417204625854,"-0.144457558517",0.035614733655124055,0.01773637069630124
"zig-zag",50,2.55,1.3729798850647492,0.1967626681249528,0.2616116618235358,0.7430467732452348,-0.005386865124440155,-0.07782645976230967,1.40631108495,0.218979035254,0.239972599017,0.823396470486,0.0468160465338,"-0.149865419944",0.040056658050855315,0.021639062806535797
"zig-zag",51,2.6,1.40899030163301,0.2061105992198395,0.2574446956693672,0.7450654498716085,-0.002941137712534997,-0.08860644090406791,1.44440273402,0.230457408801,0.232825457105,0.794245050706,0.0475974230466,"-0.142942838249",0.04297449830241681,0.024619238564367183
"zig-zag",52,2.65,1.4451058199462636,0.21544033454527758,0.252774700448304,0.7469538560606293,-0.0005700830201704867,-0.09796472422385259,1.48063803757,0.241202788399,0.226114075573,0.754439247654,0.0469636460669,"-0.134227630626",0.04388897945755552,0.026660624875304018
"zig-zag",53,2.7,1.4813260930825314,0.2247286759072948,0.24766996580122028,0.7487150689655705,0.0017159410026498264,-0.10601710825656081,1.52077606503,0.252911984872,0.218760551675,0.834451073326,0.0543876678557,"-0.147070477976",0.04848297836206115,0.02890941412622028
"zig-zag",54,2.75,1.5176502961988607,0.2339543625970964,0.24219251246999465,0.7503529312287461,0.003910713327446657,-0.1128963626537827,1.56039180954,0.264214491555,0.211597108173,0.822119103908,0.0546051934005,"-0.143268870023",0.052369001969101374,0.030595404296994644
"zig-zag",55,2.8,1.5540771518226975,0.24309804619883954,0.2363975447977496,0.7518719567791599,0.006011194495608708,-0.11874071678182777,1.60013536611,0.275282702396,0.204482077076,0.823261242868,0.0553458026537,"-0.142300621953",0.056189066533129876,0.0319154677217496
"zig-zag",56,2.85,1.5906049765119263,0.2521422061569491,0.230333399248215,0.7532771989563368,0.008016698717752447,-0.12368550910161544,1.63918389895,0.285877942764,0.197540050191,0.80737057117,0.0545121556115,"-0.138840537688",0.05914399064710377,0.03279334905721501
"zig-zag",57,2.9,1.6272317387074238,0.26107102706582797,0.22404183726812787,0.7545741054912204,0.009928207922432609,-0.12785769092893456,1.67695790689,0.295850510817,0.190851920281,0.779597903815,0.0525187971802,"-0.133762598212",0.06068199314557735,0.03318991698712787
"zig-zag",58,2.95,1.6639551200500728,0.26987025520100044,0.21755855233405197,0.7557683772607525,0.011747837931213579,-0.1313726594911747,1.71632118586,0.305925644716,0.183892652391,0.810838133009,0.0541474251854,"-0.139185357805",0.06357826642405379,0.03366589994305197
"zig-zag",59,3,1.7007725748567646,0.2785270476399401,0.21091378926706456,0.7568658410300474,0.013478438134890434,-0.13433283963028717,1.75657497827,0.315880213044,0.17676769821,0.827540467363,0.0544175397216,"-0.142499083609",0.06715033277949205,0.034146091057064565
"zig-zag",60,3.05,1.7376813845297605,0.28702982324594273,0.20413300198511244,0.7578723412470012,0.015123297397025361,-0.13682748331794967,1.79748297481,0.325620556334,0.169501032075,0.839297008527,0.0539992494058,"-0.145333322708",0.07117214961148302,0.03463196991011245
"zig-zag",61,3.1,1.7746787052984683,0.2953681211995212,0.19723750012581262,0.7587936524307753,0.01668593095621017,-0.13893325101601273,1.83609264292,0.334464068358,0.162606944024,0.790640801858,0.0495256797079,"-0.137881761006",0.07280223086142314,0.03463055610181262
"zig-zag",62,3.15,1.811761608644004,0.30353247090484475,0.19024505417743873,0.7596354112085189,0.018169948064117775,-0.14071524331573027,1.87332047048,0.342658099392,0.155917909817,0.760973159124,0.0462727434614,"-0.133780684154",0.07294044334289534,0.03432714436043874
"zig-zag",63,3.2,1.8489271145046156,0.3115142751131284,0.18317044279547712,0.7604030658574098,0.01957895917955473,-0.142228249514792,1.9142602943,0.35125596237,0.148503507912,0.835226977763,0.0489169134726,"-0.148288038087",0.07647108007736664,0.034666934883477114
"zig-zag",64,3.25,1.8861722179025706,0.3193057062537621,0.17602593569714267,0.7611018408645467,0.020916513769840685,-0.14351805481555444,1.95211157226,0.35884436923,0.141594591888,0.770867228384,0.0434163698336,"-0.138178320491",0.0768850071406849,0.03443134380914267
"zig-zag",65,3.3,1.923493909772749,0.3268996154689147,0.16882171188232184,0.7617367138378373,0.022186061360176004,-0.1446227075021922,1.99501994723,0.366980870778,0.13369226995,0.872200630566,0.0468890164264,"-0.158046438764",0.08199073765668997,0.03512944193232184
"zig-zag",66,3.35,1.9608891928328311,0.33428945342243155,0.16156621673021948,0.7623124022622815,0.023390928547544265,-0.1455736900442954,2.03139794484,0.373536892829,0.126941515765,0.73830577646,0.0379556927796,"-0.135015083702",0.08069600739553796,0.03462470096521947
"zig-zag",67,3.4,1.9983550933160354,0.34146920172976186,0.15426646355253357,0.762833357894485,0.02453430678347568,-0.14639696694691098,2.07260357676,0.380558398182,0.119219439698,0.834965269259,0.0414156333192,"-0.154441521340",0.08390949036319056,0.035047023854533566
"zig-zag",68,3.45,2.0358886693208498,0.34843331378460646,0.1469282860391994,0.7633037669305618,0.02561924728272682,-0.1471139008716222,2.11009208521,0.38658147277,0.112154108334,0.758541547048,0.0357910427679,"-0.141306627282",0.08343517821394657,0.03477417770519942
"zig-zag",69,3.5,2.073487016443341,0.3551766637823567,0.13955654814583932,0.7637275544197358,0.026648660541183443,-0.14774203996543953,2.1495178351,0.392523202496,0.104679096793,0.796615573196,0.0357937342775,"-0.149500230808",0.08470802405611554,0.034877451352839324
"zig-zag",70,3.55,2.1111472712623582,0.3616945028198003,0.13215531764813673,0.7641083917021954,0.02762531874769824,-0.1482957857339678,2.18734740648,0.397870091032,0.0974664891174,0.763406924096,0.0328046230339,"-0.144252153514",0.08435125244882556,0.03468882853073673
"zig-zag",71,3.6,2.148866613155658,0.3679824210577345,0.12472800903322022,0.7644497059141636,0.0285518599362166,-0.14878695388606586,2.22574654536,0.402944920354,0.090105149966,0.774000279001,0.0319792388781,"-0.147226783029",0.08445649964795801,0.03462285906722023
"zig-zag",72,3.65,2.186642264840715,0.37403631505040863,0.11727750074498673,0.7647546908235733,0.029430793113219847,-0.1492252415769477,2.26464762576,0.40773893126,0.0826068070338,0.783279906296,0.0313564555797,"-0.149966858643",0.08497471783724199,0.034670693711186744
"zig-zag",73,3.7,2.2244714919599367,0.3798523594622484,0.10980623113130929,0.7650263184388028,0.030264503782370816,-0.14961861426029205,2.30257250862,0.412097781198,0.0752568387704,0.762905234496,0.0299019782896,"-0.146999365268",0.08449577519765097,0.03454939236090929
"zig-zag",74,3.75,2.2623516019712198,0.3854269824607383,0.10231627678714504,0.7652673509890545,0.0310552578646744,-0.1499736250283084,2.33963499963,0.416073605583,0.0680336272199,0.744940639494,0.0289415148344,"-0.144464231011",0.08313807228029217,0.03428264956724504
"zig-zag",75,3.8,2.300279942550003,0.3907568441810992,0.09480941641742087,0.7654803529827143,0.03180520762203236,-0.1502956756592319,2.37727414286,0.41983808449,0.0606522538246,0.75596234277,0.0295211479633,"-0.147627467906",0.08230325278675191,0.03415716259282087
"zig-zag",76,3.85,2.338253899642979,0.3958388179520896,0.08728718290942687,0.7656677030692127,0.032516399579157966,-0.15058922934497682,2.4160279784,0.423447310333,0.0529977064418,0.777812287657,0.0310251048731,"-0.153090947656",0.08252900204200972,0.034289476467626874
"zig-zag",77,3.9,2.3762708953035983,0.4006699738317098,0.07975090575246964,0.7658316055708674,0.033190779892926375,-0.1508579851386897,2.45245860583,0.426622478946,0.0457476446813,0.730754360765,0.030116249797,"-0.145001235209",0.08048664334510443,0.03400326107116963
"zig-zag",78,3.95,2.4143283854109683,0.4052475640561012,0.07220174557162087,0.7659741016022769,0.03383019935265722,-0.15110501996098383,2.48810442951,0.42953991089,0.0385967389396,0.714637028801,0.0307957633971,"-0.143018114835",0.07767253567124412,0.03360500663202087
"zig-zag",79,4,2.4524238573441415,0.4095690101164264,0.06464072224943096,0.7660970797126915,0.034436418121051,-0.15133290396947582,2.52506286076,0.432380682783,0.0311165532425,0.740578422966,0.0337912661721,"-0.149603713942",0.07613670092075167,0.03352416900693096
"zig-zag",80,4.05,2.4905589823801573,0.41356724795259064,0.057986281821836856,0.7662497033212277,0.0319783289903105,-0.11604123028003915,2.56443491046,0.435145069679,0.0235098939743,0.788523077939,0.036761510488,"-0.152133185364",0.0769626866742243,0.03447638784753685
"zig-zag",81,4.1,2.528732800169688,0.4172243735753267,0.05293858296106542,0.7664706796723415,0.029635947495100293,-0.08668130774406317,2.59853760382,0.436713915107,0.0209546143428,0.682561572087,0.017078890249,"-0.0511055926286",0.07247449787182686,0.03198396861826542
"zig-zag",82,4.15,2.5669405856375382,0.420600162608915,0.049250336413280076,0.7667472085472047,0.02732767271492882,-0.06141762670056302,2.63737998543,0.438008272294,0.0211992654968,0.777221824903,0.00941396129056,"0.00489302307955",0.0725586061465503,0.02805107091648008
"zig-zag",83,4.2,2.6051791159816173,0.4237433567922814,0.04674904821088862,0.7670679249826619,0.02500330810952276,-0.0390358476908995,2.67400675684,0.438976102307,0.023704132593,0.7327884256,0.00198867155512,"0.0500973419232",0.0704931250693759,0.023044915617888625
"zig-zag",84,4.25,2.6434460521905496,0.42669514044867063,0.04531300943448664,0.7674228007784454,0.02262850494491189,-0.018688104980923218,2.71008430156,0.43983313477,0.027888415611,0.721748278051,-0.00298631884228,"0.0836856603606",0.06792100686689141,0.017424593823486642
"zig-zag",85,4.3,2.6817395772057617,0.4294912978837709,0.04485671946952182,0.7678029513965614,0.02017486868423923,0.00024268059390142663,2.74742415959,0.440771701752,0.0334513226851,0.74700717907,-0.00621585593237,"0.111258141482",0.06664616924041575,0.011405396784421819
"zig-zag",86,4.35,2.720058169213273,0.43216368150607076,0.045320138154438055,0.768200330118861,0.017625844884624015,0.01811559999522366,2.78293049634,0.441807559086,0.0394245937612,0.710391485519,-0.00728815768328,"0.119465421522",0.06360765593155311,0.005895544393238056
"zig-zag",87,4.4,2.7584003973906035,0.4347422348532678,0.04664863279960932,0.7686069226327734,0.01500418360912803,0.034810579450554165,2.82053111706,0.443122244811,0.046176845499,0.752424527625,-0.00844753506984,"0.135045034755",0.06269330820373735,0.0004717873006093165
"zig-zag",88,4.45,2.7967647550999244,0.4372563109279469,0.048778461884109184,0.7690143967899471,0.012347902878556083,0.0501435058792442,2.85691407477,0.444613372624,0.0529354923703,0.728217815876,-0.00872022656107,"0.135172937427",0.06059758257201762,0.004157030486190816
"zig-zag",89,4.5,2.835149568394223,0.439734618445804,0.051638376545246556,0.7694145966378677,0.009694203126984817,0.06400173409114154,2.89477041898,0.44638973484,0.060109717091,0.757893725566,-0.0100202008817,"0.143484494414",0.05999113600184453,0.008471340545753443
"zig-zag",90,4.55,2.8735529496023564,0.4422047798218387,0.0551534352897776,0.7698000566961193,0.007073933588528229,0.0763489178236046,2.93140212388,0.448296745768,0.0671385992741,0.733542268221,-0.0110967916231,"0.140577643661",0.05816905546503532,0.011985163984322401
"zig-zag",91,4.6,2.911972780649295,0.4446929073189508,0.059248548863407184,0.7701643678447263,0.004511025526172493,0.0872130511876589,2.96890103941,0.450415735456,0.0743980134199,0.751053743324,-0.0134828770041,"0.145188282915",0.05721518511210098,0.015149464556492818
"zig-zag",92,4.65,2.950406718553898,0.44722330725279535,0.06385130921897317,0.7705023793135277,0.0020230271210939775,0.09667066854524597,3.00649093952,0.452677673101,0.0817217923409,0.752981854015,-0.0162821430629,"0.146475578421",0.05634882384025977,0.017870483121926836
"zig-zag",93,4.7,2.9888522173970995,0.4498183147800723,0.06889401253726476,0.7708102567078555,-0.0003780443761455415,0.10483084052376387,3.04220269103,0.454929202188,0.0887088501312,0.715415996028,-0.0184223836903,"0.139741155807",0.05359472181988933,0.01981483759393524
"zig-zag",94,4.75,3.0273065607852434,0.4524982409361566,0.07431491941743762,0.7710854297723249,-0.0026846686411246493,0.1118209038943065,3.08096544553,0.457463652181,0.0963086522446,0.776536730707,-0.0240943019909,"0.151996042268",0.053888136179325086,0.021993732827162382
"zig-zag",95,4.8,3.0657668991553026,0.45528140940154943,0.08005886805312765,0.7713264673871383,-0.004892810300854771,0.11777495772607931,3.119997949,0.460093124079,0.103958646787,0.781892752848,-0.0287037078564,"0.152999890844",0.05444409394411158,0.02389977873387235
"zig-zag",96,4.8500000000000005,3.104230287627369,0.4581842553969145,0.08607738834535231,0.7715329127482461,-0.007001069278840043,0.1228253977169556,3.15938049873,0.462809852987,0.111652828371,0.788800537198,-0.0337645999758,"0.153883631675",0.055343851851223626,0.025575440025647697
"zig-zag",97,4.9,3.142693721351664,0.4612214630040828,0.09232846396299524,0.7717051047131539,-0.009009956164798303,0.12709723419965754,3.20108381527,0.465750480066,0.119748304084,0.835119243724,-0.0412481275329,"0.161909514265",0.058565476719132314,0.027419840121004766
"zig-zag",98,4.95,3.1811541664416487,0.46440612287066546,0.0987760702364688,0.7718440037241154,-0.010921314384627767,0.13070471897575858,3.2351608133,0.468196458305,0.126314446281,0.682272914053,-0.037329777892,"0.131322843952",0.054139491571194284,0.0275383760445312
"zig-zag",99,5,3.2196085856441403,0.4677498961845327,0.10538958965722738,0.7719510334698214,-0.012737878841362986,0.1337497319055609,3.27650765209,0.471233368534,0.134189899191,0.827628660161,-0.0504416640305,"0.157509058185",0.05700559921639135,0.02880030953377262
"zig-zag",100,5.05,3.258053958628081,0.47126317512480165,0.11214317980474113,0.7720279438846367,-0.01446294813916104,0.13632141172316758,3.31513694982,0.4741415515,0.141453645269,0.773069498049,-0.0513382872459,"0.145274921564",0.05715551534168868,0.029310465464258872
"zig-zag",101,5.1000000000000005,3.2964872972173165,0.47495523380916266,0.11901514476032087,0.7720766972382002,-0.016100139523970183,0.1384966009296304,3.35706005122,0.477398742239,0.149215466546,0.838829482131,-0.0602278084552,"0.155236425550",0.06062201960440028,0.030200321785679118
"zig-zag",102,5.15,3.334905656165547,0.47883436633917215,0.12598734198587264,0.772099376530864,-0.017653225143365345,0.14034077190440583,3.39238037807,0.480230023332,0.155663749159,0.706644266843,-0.0535773902985,"0.128965652256",0.057491664756170124,0.029676407173127365
"zig-zag",103,5.2,3.3733061402570033,0.4829080098165817,0.13304464241381578,0.7720981138086508,-0.019126024524465823,0.1419091965167185,3.43623420931,0.48390916389,0.163532794082,0.877354559331,-0.0701912607306,"0.157380898462",0.06293603247915634,0.030488151668184225
"zig-zag",104,5.25,3.411685908422993,0.4871828524517804,0.14017445160654807,0.7720750356882264,-0.020522326949415935,0.14324819725662663,3.47691084982,0.487494064656,0.170719128208,0.813887212702,-0.0675562268439,"0.143726682522",0.06522568384677173,0.03054467660145194
"zig-zag",105,5.3,3.450042175515951,0.49166492761935565,0.14736629324292203,0.7720322232357767,-0.02184584040416603,0.14439637581884815,3.51271269845,0.490803425555,0.176965606709,0.716506021753,-0.0609000394606,"0.124929570022",0.06267644398523319,0.029599313466077973
"zig-zag",106,5.3500000000000005,3.4883722123162304,0.4963596950125246,0.15461145214430383,0.7719716834588813,-0.02310015942281374,0.14538575875120635,3.55481050737,0.494939447283,0.184221547908,0.842862398602,-0.0729099007499,"0.145118823965",0.06645347359818725,0.029610095763696165
"zig-zag",107,5.4,3.5266733442534743,0.5012721102610168,0.16190267182414356,0.771895329981392,-0.024288746034018288,0.14624282943177183,3.59126676945,0.498734424626,0.190451967936,0.730309755138,-0.0634981940254,"0.124608400577",0.06464325507739611,0.028549296111856443
"zig-zag",108,5.45,3.564942949233337,0.5064066844272671,0.16923390053127513,0.7718049708348708,-0.02541491966243935,0.14698943510680626,3.63375025074,0.503464894587,0.197669980726,0.851703744269,-0.0740955026218,"0.144360255787",0.06887015948938335,0.028436080194724878
"zig-zag",109,5.5,3.6031784548779457,0.5117675347464258,0.17660007952181106,0.771702301661859,-0.026481853055800152,0.1476435698103457,3.67382788977,0.508248608174,0.204463991264,0.804282330773,-0.0690677839764,"0.135880210768",0.07073701643968841,0.02786391174218894
"zig-zag",110,5.55,3.641377335417568,0.5173584278705857,0.1839969675270746,0.7715889029570907,-0.027492572191483603,0.14822004094376218,3.71171895525,0.513085606739,0.210896312814,0.761281976392,-0.0640430440649,"0.128646430996",0.0704712741553104,0.02689934528692542
"zig-zag",111,5.6000000000000005,3.679537108412008,0.523182816746074,0.19142099587367534,0.7714662402600047,-0.028449958747968487,0.1487310308229344,3.75341841615,0.518772789781,0.218023751691,0.838848860664,-0.0693413670732,"0.142548777549",0.07401280950557522,0.026602755817324655
"zig-zag",112,5.65,3.7176553314326144,0.5292438721133991,0.19886914931774263,0.7713356664525661,-0.029356754172545053,0.14918656583355303,3.79351661667,0.524655124373,0.224928407461,0.808002113997,-0.0641841242262,"0.138093115396",0.075999942129537,0.02605925814325738
"zig-zag",113,5.7,3.7557295987981205,0.5355445094838145,0.20633886829148,0.7711984255128601,-0.030215564629038544,0.14959490585665464,3.83429767783,0.531082588497,0.232027856903,0.823324378605,-0.062448901422,"0.141988988844",0.0786946744173469,0.025688988611520025
"zig-zag",114,5.75,3.7937575384209072,0.5420874123562903,0.21382796888982755,0.7710556572440324,-0.031028864763936303,0.1499628664666439,3.87421915693,0.537822865868,0.239070339365,0.807642964845,-0.0580962526176,"0.140849649236",0.08057455187497849,0.025242370475172443
"zig-zag",115,5.8,3.8317368087944352,0.5488750523389974,0.221334577489578,0.7709084026251037,-0.0317990031881306,0.15029608311849682,3.91464311228,0.545126123276,0.246310274461,0.81969280305,-0.0554725385989,"0.144798701911",0.0829910213623132,0.02497569697142202
"zig-zag",116,5.8500000000000005,3.8696650961836956,0.555909706514682,0.2288570773056613,0.7707576094510209,-0.032528210900237026,0.15059922660335048,3.9528398965,0.552468968078,0.253256429583,0.776363529163,-0.0492376718864,"0.138923102446",0.0832459373702211,0.024399352277338693
"zig-zag",117,5.9,3.907540112026736,0.5631934725115846,0.23639406473597602,0.7706041380767673,-0.03321860701070927,0.15087618021757765,3.99583095536,0.561301675778,0.261210402494,0.876275358842,-0.0513871820385,"0.159079458218",0.08831110865219746,0.024816337758024
"zig-zag",118,5.95,3.945359590538108,0.5707282817050551,0.24394431372426467,0.7704487671466795,-0.03387220412719021,0.15113018430903785,4.03310620055,0.569404753489,0.268210818008,0.761797946759,-0.0412964563279,"0.140008310274",0.08775659117990922,0.024266504283735335
"zig-zag",119,6,3.983121286512195,0.5785159108480054,0.2515067466563908,0.7702921992096605,-0.03449091353963676,0.15136395395987437,4.07393037423,0.578806461065,0.275994751219,0.836823421267,-0.0415772324227,"0.155678664233",0.09080955253478869,0.024488004562609248
"zig-zag",120,6.05,4.020806834385389,0.5866206885972823,0.2581628773554295,0.7701826117238233,-0.0320422895685803,0.11607784910277752,4.10995228824,0.587558097892,0.28275853273,0.740664408101,-0.0329242945685,"0.135275630208",0.08915038238353444,0.024595655374570535
"zig-zag",121,6.1000000000000005,4.058410633088109,0.5950592843110906,0.26321255103754754,0.7701578154448533,-0.02970572513717772,0.08672370699825294,4.14885378372,0.598414210384,0.285420281061,0.807686571185,-0.0107244655686,"0.0532349666269",0.09050535357191604,0.022207730023452443
"zig-zag",122,6.15,4.0959476007531945,0.6037733891115409,0.2669030640114659,0.7702040251008924,-0.02740055650184465,0.06146589697572,4.18602778631,0.609575094834,0.285210658598,0.776249685375,0.00501497633888,"-0.00419244926486",0.09026682457713127,0.01830759458653408
"zig-zag",123,6.2,4.1334305929738155,0.6127156921596895,0.2694069137091287,0.7703089242792568,-0.02507726100314086,0.039090049806567315,4.22500264342,0.621873293363,0.282528564097,0.817163903536,0.0189003845317,"-0.0536418900186",0.09202881115562345,0.013121650387871275
"zig-zag",124,6.25,4.170870900941388,0.621846370124284,0.27084581273002395,0.7704615782535961,-0.022701986613868463,0.01874833594946016,4.26267222287,0.634102263259,0.278102231958,0.79158960058,0.0283526428949,"-0.0885266427696",0.09261581735519175,0.007256419227976041
"zig-zag",125,6.3,4.208278582844706,0.6311309146702643,0.27130526851124626,0.7706522450411917,-0.02024671660302015,-0.00017624651390633211,4.2976202099,0.645567447645,0.272873988391,0.734895852832,0.0324497396448,"-0.104564871357",0.09050049618216398,0.001568719879753766
"zig-zag",126,6.3500000000000005,4.24566270857842,0.6405386611784867,0.27084531016599483,0.7708720710335204,-0.01769509138888201,-0.018043997539844113,4.3336995726,0.657375028443,0.266720927613,0.75831459631,0.0376128158418,"-0.123061215559",0.0896323194468359,0.004124382552994854
"zig-zag",127,6.4,4.283031797111807,0.6500408020477836,0.2695204763547807,0.7711122850809954,-0.015069946786381403,-0.03473615399726292,4.36896473912,0.668781134795,0.260266492706,0.740254235426,0.0389378969257,"-0.129088698127",0.08795266109481759,0.009253983648780717
"zig-zag",128,6.45,4.32039407184083,0.6596090760332392,0.2673943893872121,0.7713638418991628,-0.012409429339859302,-0.05006862144527107,4.40696485095,0.680873541595,0.253018975213,0.796345950101,0.0438981558053,"-0.144950349858",0.08914413772759282,0.01437541417421212
"zig-zag",129,6.5,4.357757360679878,0.6692157854716881,0.2645381865598565,0.7716179137417033,-0.009750923613513202,-0.06392845857188822,4.44412712642,0.692420087327,0.245771500901,0.777097490659,0.0431562820898,"-0.144949486251",0.08943252237634744,0.018766685658856502
"zig-zag",130,6.55,4.395128917704494,0.6788341982630545,0.2610267158152553,0.7718664038701746,-0.007125461546205969,-0.07627891552163785,4.48046180176,0.703421271369,0.238592707164,0.758106783949,0.0420473209054,"-0.143575874742",0.08880442142791904,0.022434008651255277
"zig-zag",131,6.6000000000000005,4.432515278036663,0.688438943884551,0.2569349939700152,0.772102311603714,-0.004557139687614295,-0.08714755541831579,4.51607184924,0.71391239748,0.23149793307,0.741342928799,0.0408208941704,"-0.141895481883",0.087353290890143,0.025437060900015185
"zig-zag",132,6.65,4.4699221733483645,0.6980062952198488,0.25233537780406995,0.7723199331036374,-0.0020636485062300904,-0.09661050301494234,4.55310831288,0.724500987203,0.224075528983,0.769267773153,0.0418836674666,"-0.148448081734",0.08730350802492874,0.02825984882106994
"zig-zag",133,6.7,4.507354503422818,0.7075143317325601,0.2472955391718713,0.7725149178266448,0.00034287689199175323,-0.10477647021176574,4.59093405445,0.734974787348,0.216464101725,0.783850784697,0.0421050245116,"-0.152228545149",0.0879750985933678,0.03083143744687131
"zig-zag",134,6.75,4.544816352404797,0.7169429995138965,0.2418772018389062,0.7726842144024634,0.0026548232397922717,-0.11177250062680572,4.62265968708,0.743508383571,0.210064341463,0.656153470502,0.034609756581,"-0.127995205249",0.08225147040300881,0.03181286037590623
"zig-zag",135,6.8,4.582311037396893,0.726274087737296,0.2361355249297588,0.7728259435355722,0.004868084429112666,-0.11773246796456856,4.66090276413,0.753500100112,0.202321847944,0.789415978972,0.0420636293972,"-0.154849870379",0.08317400591963144,0.03381367698575882
"zig-zag",136,6.8500000000000005,4.619841176764318,0.7354911463268895,0.23011898553330734,0.7729392309973073,0.006981209132319949,-0.12278860518378047,4.70076599153,0.763531441922,0.19425319372,0.820997444045,0.0429544391523,"-0.161373084475",0.08564510389929549,0.035865791813307346
"zig-zag",137,6.9,4.65740876787865,0.7445793664260895,0.2238696137261786,0.7730240267724234,0.00899467338383615,-0.12706581344083956,4.73321845692,0.771450956224,0.187686335381,0.667204536309,0.0345049751494,"-0.131337166791",0.08043128303597705,0.036183278345178614
"zig-zag",138,6.95,4.695015266891516,0.7535254401796836,0.21742345226143914,0.773080928846396,0.010910299686084248,-0.13067827844204363,4.77229400341,0.780649200168,0.179783956586,0.801810859436,0.0412523442776,"-0.158047575889",0.08190055844618577,0.037639495675439144
"zig-zag",139,7,4.732661665353074,0.7623174129578039,0.2108111391721382,0.7731110228441582,0.012730812829628966,-0.13372784689704084,4.80839390114,0.788864379598,0.172490021825,0.739484228072,0.0379445917747,"-0.145878695222",0.080250314485877,0.038321117347138195
"zig-zag",140,7.05,4.770348560525785,0.7709445372818287,0.20405853842569577,0.773115743147018,0.014459509652791335,-0.1363036484359284,4.842801438,0.796448421141,0.165546562462,0.703738342221,0.0362057615226,"-0.138869187264",0.07681059527302043,0.038511975963695766
"zig-zag",141,7.1000000000000005,4.808076217850738,0.7793971342298815,0.1971873674974138,0.773096757251923,0.01610001188662474,-0.13848253318714293,4.87925889302,0.8042200988,0.158202145036,0.74453105036,0.0386201379735,"-0.146888348517",0.0753866885749868,0.03898522246141381
"zig-zag",142,7.15,4.845844625085871,0.7876664657304764,0.1902157898046652,0.7730558725891724,0.01765610067229882,-0.14032999216064918,4.91520504676,0.811635539224,0.150976461434,0.733051271592,0.0384931609106,"-0.144513672044",0.07338517955930153,0.03923932837066518
"zig-zag",143,7.2,4.883653538205419,0.7957446200089675,0.1831589541801322,0.772994963403865,0.019131607741656932,-0.14190132254635063,4.95410911611,0.819384841524,0.143179231077,0.792234595784,0.042375283285,"-0.155944607135",0.07431586998177638,0.03997972310313219
"zig-zag",144,7.25,4.921502519760388,0.8036244102836617,0.17602947346039027,0.7729159149801421,0.02053033672781618,-0.14324287571966976,4.99106809683,0.826504337593,0.135797404164,0.751651307058,0.0410085916708,"-0.147636538264",0.0732315545834498,0.040232069296390276
"zig-zag",145,7.3,4.959390970581957,0.8112992860940734,0.16883784087940396,0.77282058233977,0.021856011289149057,-0.14439328363394552,5.02854041304,0.83348274027,0.128344262068,0.761145881143,0.0424968475731,"-0.149062841915",0.07262059646845126,0.04049357881140395
"zig-zag",146,7.3500000000000005,4.997318155738054,0.8187632563431849,0.1615927870133691,0.772710760661134,0.023112242327435677,-0.14538460298888445,5.06313356202,0.839724795853,0.121494617411,0.701893219152,0.0400698726442,"-0.136992893135",0.06907281551145213,0.0400981696023691
"zig-zag",147,7.4,5.035283225630257,0.8260108229045714,0.15430158226220766,0.7725881649763576,0.02430250846642479,-0.14624334625326765,5.10342145193,0.846731366518,0.11356512465,0.81644729187,0.0479193251469,"-0.158589855225",0.07121909021400759,0.040736457612207656
"zig-zag",148,7.45,5.073285233046782,0.833036923569455,0.14697029087506658,0.7724544170689737,0.02543014560978879,-0.14699138812630497,5.14025269805,0.852916179416,0.10636145999,0.745593940899,0.0447963814922,"-0.144073293214",0.06985575267628027,0.040608830885066574
"zig-zag",149,7.5,5.111323146893226,0.8398368831303358,0.13960398276902364,0.7723110378576041,0.026498342621225655,-0.14764674814532616,5.17667707497,0.858820004829,0.0992857777303,0.736603960446,0.0452853280498,"-0.141513645184",0.06805508669078601,0.04031820503872363
"zig-zag",150,7.55,5.1493958632222165,0.8464063714759715,0.13220690916253885,0.772159443883256,0.02751014105825009,-0.14822425713392082,5.21476798097,0.864761059888,0.0919433983308,0.769509769368,0.0483737213746,"-0.146847587990",0.067899987964157,0.04026351083173886
"zig-zag",151,7.6000000000000005,5.18750221408582,0.8527413676794421,0.12478264756013574,0.7720009468062845,0.028468437527287095,-0.14873611873692502,5.25435880856,0.870681912092,0.0843768413097,0.798979378502,0.0512640304075,"-0.151331140422",0.06922187052156273,0.040405806250435744
"zig-zag",152,7.65,5.225640974645634,0.858838129178802,0.11733422102149045,0.7718367550607932,0.029375987677670908,-0.14919237863918478,5.29141402945,0.875995908704,0.0773537134285,0.74710123926,0.0486920972173,"-0.140462557625",0.06797414314673998,0.03998050759299045
"zig-zag",153,7.7,5.263810868897242,0.8646931652672248,0.10986419601379135,0.7716679770116049,0.030235411099811985,-0.1496013141032051,5.33063400481,0.881361655095,0.0699860047131,0.789983694252,0.0522000346446,"-0.147354174307",0.06887067624434699,0.03987819130069135
"zig-zag",154,7.75,5.30201057430285,0.8703032141815527,0.10237476251688114,0.7714956251296324,0.03104919500229747,-0.14996975632561427,5.3665964938,0.886054289663,0.0632857306095,0.72374550473,0.0481769403355,"-0.134005482073",0.06647884908837294,0.03908903190738114
"zig-zag",155,7.8,5.340238725569362,0.8756652231720062,0.0948677994902041,0.7713206208266898,0.03181969984534861,-0.150303354700862,5.40791751152,0.891154657777,0.0556530861591,0.830814957439,0.0558803262081,"-0.152652889008",0.06942867312670341,0.03921471333110411
"zig-zag",156,7.8500000000000005,5.378493917737913,0.8807763312510906,0.08734492839648163,0.7711437996133818,0.03254916772288421,-0.15060679245361952,5.44724276135,0.895721718837,0.0484476521,0.790005681442,0.0531446293182,"-0.144108681181",0.07035458839402207,0.03889727629648162
"zig-zag",157,7.9,5.4167747087384495,0.8856338541793082,0.07980755692826479,0.7709659163939907,0.033239728087126094,-0.15088396395775483,5.48891289771,0.900236748997,0.0408693282228,0.836396304608,0.0561740705774,"-0.151566477545",0.07360137801122789,0.03893822870546479
"zig-zag",158,7.95,5.4550796215340975,0.890235271283413,0.07225691470949716,0.7707876507760351,0.03389340316025074,-0.15113811941571187,5.52825436385,0.904198782814,0.0337579610958,0.789055525591,0.0526388203003,"-0.142227342539",0.07449511774112191,0.03849895361369716
"zig-zag",159,8,5.493407145947455,0.8945782138235928,0.0646940824572457,0.7706096122928316,0.034512113149920025,-0.15137198266516597,5.56579999011,0.907700254878,0.0270032756225,0.752529562435,0.0497292772034,"-0.135093709467",0.07357249382327659,0.037690806834745696
"zig-zag",160,8.05,5.531759897495557,0.8985958513325397,0.05803754627825048,0.7704799334669005,0.03206333225191737,-0.11608608264110609,5.60566630419,0.911053163064,0.0200515723764,0.798510529737,0.0510581089556,"-0.139034064922",0.07494892638363224,0.037985973901850476
"zig-zag",161,8.100000000000001,5.570137800105324,0.9022706280858671,0.05298745142772547,0.7704363720587328,0.029726418265063826,-0.0867323475149538,5.64635930484,0.913074516394,0.0177782250968,0.814450083537,0.0259524536346,"-0.0454669455929",0.07698338643235174,0.03520922633092547
"zig-zag",162,8.15,5.608536961023933,0.9056626264949545,0.04929649334742875,0.770465048650663,0.0274207660966838,-0.061475080248226455,5.68566947307,0.914239444157,0.0183829855456,0.78649879882,0.00884266760004,"0.0120952089763",0.07760790047246857,0.03091350780182875
"zig-zag",163,8.200000000000001,5.646954943490603,0.9088208294097941,0.04679216870826037,0.7705535606833004,0.02509689554294459,-0.03909988050803237,5.72570932988,0.914854566865,0.0213013953727,0.800877501984,-0.00475714327064,"0.0583681965432",0.07898518445410366,0.025490773335560366
"zig-zag",164,8.250000000000002,5.685390148680605,0.9117866128664479,0.045352759971201015,0.7706908943718108,0.02272098539676312,-0.01875891066029739,5.76360997772,0.91510244955,0.0256858742146,0.757890243393,-0.0145120662182,"0.0876895768370",0.0782900787320092,0.01966688575660102
"zig-zag",165,8.3,5.7238414552891905,0.9145959148383354,0.044892754671519555,0.7708672349722351,0.020265042072742368,0.00016482284563840502,5.80836122606,0.91519720116,0.0322315448505,0.894621167878,-0.0269489947803,"0.130913412719",0.08452190956427069,0.012661209821019558
"zig-zag",166,8.350000000000001,5.762307994799149,0.9172807101490387,0.04535212195548382,0.7710736618661128,0.017712708902591662,0.018031831762528337,5.84648346066,0.915278774174,0.0384387184757,0.761944187719,-0.0276699251281,"0.124143472504",0.08419926840857646,0.0069134034797838214
"zig-zag",167,8.4,5.80078894961972,0.9198710344915066,0.04667633581989528,0.7713013420217312,0.015086810254593163,0.034723581082901536,5.88875008129,0.915489380206,0.0457069178996,0.844642020872,-0.0344163659002,"0.145363988478",0.08807019688290804,0.0009694179202952846
"zig-zag",168,8.450000000000001,5.839283388390459,0.9223963103235517,0.04880179124846843,0.7715411720561873,0.012425489632082195,0.050055987635863476,5.92671778411,0.915831029258,0.0523985485643,0.758669725067,-0.0329472425346,"0.133832613293",0.0876805364394569,0.0035967573158315683
"zig-zag",169,8.500000000000002,5.877790176522031,0.9248853003610955,0.051657367250672416,0.7717842695323811,0.009766143151634312,0.0639160647590072,5.96684161352,0.916398187414,0.0595586251538,0.801728908398,-0.0364431003752,"0.143201531791",0.089454958037998,0.00790125790312758
"zig-zag",170,8.55,5.916307931819026,0.9273656707009751,0.05516822942566017,0.7720224863942654,0.007139817080069748,0.07626700120549644,6.00757354416,0.917210949218,0.066872915754,0.813903989896,-0.0382177617794,"0.146285812005",0.09182881009993342,0.011704686328339835
"zig-zag",171,8.600000000000001,5.954835009851216,0.9298635695169082,0.059259371319556914,0.7722487740120013,0.004570621935521361,0.08713629583828775,6.04673872622,0.918226644986,0.0739306439693,0.782664402117,-0.0375989780633,"0.141154564304",0.09263752530660549,0.014671272649743092
"zig-zag",172,8.65,5.993369511427611,0.932403333017712,0.06385844338714614,0.7724573839183917,0.002076260701640168,0.09660001339147373,6.08651050787,0.919509489041,0.0811172910177,0.794899013523,-0.038880329917,"0.143732940968",0.09402923178872047,0.017258847630553867
"zig-zag",173,8.700000000000001,6.031909306446008,0.9350073215705189,0.06889777820020791,0.7726439241646063,-0.00033112080484402114,0.10476681396173984,6.12544030698,0.921013786719,0.0881707668109,0.778220772894,-0.0385914077221,"0.141069515864",0.09457202059029025,0.019272988610692085
"zig-zag",174,8.750000000000002,6.0704520681429095,0.9376958676959037,0.07431565407876566,0.7728053050523942,-0.0026439008402781034,0.11176369948531442,6.16574414387,0.922843732334,0.0954966933958,0.805893739392,-0.040428560241,"0.146518531699",0.09644255088489614,0.021181039317034345
"zig-zag",175,8.8,6.108995312085632,0.940487313555206,0.08005691215593437,0.772939611854734,-0.004857966758976827,0.11772451213184784,6.20508623898,0.924895250658,0.102674393635,0.786903458601,-0.0398323594425,"0.143554004789",0.09734772034726415,0.022617481479065626
"zig-zag",176,8.850000000000001,6.147536435608366,0.9433981104440451,0.08607307425845769,0.7730459376077159,-0.006971862429131474,0.12278146250855848,6.24351228472,0.927155741495,0.109714549454,0.768850330618,-0.0392108800069,"0.140803116373",0.0973405268209297,0.023641475195542314
"zig-zag",177,8.9,6.186072754644946,0.9464429565712424,0.09232210830779734,0.7731242020468482,-0.008986060659249014,0.12705943715694853,6.2810490331,0.929616386456,0.116624667124,0.75136169736,-0.0384772768751,"0.138202353396",0.09645531053817215,0.024302558816202663
"zig-zag",178,8.950000000000001,6.224601536051179,0.9496349551308211,0.09876796897794254,0.7731749751851907,-0.010902382033356785,0.13067261329082727,6.3215159747,0.932548186279,0.124114777074,0.810372032502,-0.0420082608437,"0.149802199008",0.09840917685059417,0.025346808096057452
"zig-zag",179,9.000000000000002,6.263120024570917,0.9529857785792428,0.10538001535925624,0.7731993167518635,-0.012723550471768501,0.1337228337280749,6.36360363872,0.935915213397,0.131955556315,0.843295684366,-0.0439968443606,"0.156815584810",0.10192330895385532,0.02657554095574376
"zig-zag",180,9.05,6.301625464332175,0.95650582933712,0.11213238050034693,0.7731986371223714,-0.014452862768788162,0.136299227496194,6.39931297341,0.939002094999,0.138647327124,0.715865608553,-0.0375579475511,"0.133835416187",0.09924328766022211,0.026514946623653057
"zig-zag",181,9.100000000000001,6.34011511520414,0.9602043909421344,0.11900334397140787,0.7731745815068171,-0.016093941270659565,0.1384786463498243,6.43691876596,0.942504258595,0.145739576095,0.754314478022,-0.0399246993537,"0.141844979421",0.09840854375900739,0.026736232123592118
"zig-zag",182,9.15,6.3785862646180576,0.9640897662676489,0.12597473952029256,0.773128936614135,-0.01765056812094977,0.14032658434314665,6.47713944858,0.946536551341,0.153378434535,0.80729118786,-0.0431974068032,"0.152777168807",0.10010417285656777,0.027403695014707435
"zig-zag",183,9.200000000000001,6.417036235641725,0.9681694006802555,0.13303141565409002,0.7730635573966844,-0.01912657636976155,0.1418983425177988,6.51366782672,0.950436682767,0.160361601734,0.733649179107,-0.0396516822717,"0.139663343968",0.09824517127528451,0.027330186079909977
"zig-zag",184,9.250000000000002,6.4554623920036125,0.9724499902581804,0.14016075707953082,0.7729803111521599,-0.020525771185761436,0.14324027647934356,6.55148993991,0.954726673199,0.167641054813,0.760154081171,-0.0416206503656,"0.145589061587",0.09764940309338163,0.02748029773346919
"zig-zag",185,9.3,6.493862140713028,0.976937575933352,0.147352268320597,0.772881036113511,-0.021851877899032854,0.14439102249684646,6.59030297164,0.959392000315,0.175162327371,0.780642841704,-0.0433985851682,"0.150425451164",0.09802388022142411,0.027810059050402982
"zig-zag",186,9.350000000000001,6.532232932856369,0.981637624712578,0.15459721677282268,0.7727675117713694,-0.023108509157371067,0.1453826414804431,6.62498504096,0.963770475763,0.181923023018,0.698037816278,-0.0393700272212,"0.135213912935",0.09445733729707925,0.02732580624517733
"zig-zag",187,9.4,6.570572263055707,0.9865550993457594,0.16188833021335255,0.7726414384851573,-0.024299145358413782,0.1462416498872035,6.66379506721,0.96893016513,0.189535431405,0.78174220734,-0.0448924691695,"0.152248167732",0.09487428271401795,0.02764710119164746
"zig-zag",188,9.450000000000001,6.6088776679844985,0.991694517858984,0.16921954276253884,0.77250442430389,-0.02542712417331628,0.14698992611782127,6.70099388797,0.97411448566,0.196871761532,0.749886540336,-0.0438401053523,"0.146726602547",0.09377875834395895,0.02765221876946117
"zig-zag",189,9.500000000000002,6.647146724252438,0.9970600043206227,0.1765857830500477,0.7723579772808719,-0.026495636202021916,0.1476454930952894,6.73806217967,0.979516756332,0.204217816025,0.747871936055,-0.0445497286465,"0.146921089867",0.0925925784486697,0.027632032974952286
"zig-zag",190,9.55,6.685377045900225,1.002655332103073,0.18398279856540145,0.7722035018988048,-0.027507724689492637,0.14822318470753806,6.77442981506,0.985043834646,0.211454505812,0.734352854496,-0.0445789707457,"0.144733795730",0.0907775332210826,0.02747170724659856
"zig-zag",191,9.600000000000001,6.723566281685742,1.0084839607708962,0.19140701065741567,0.7720422985104304,-0.028466287868787233,0.14873520735174395,6.81412409608,0.99134506322,0.219380955487,0.802284207656,-0.0497656617789,"0.158528993495",0.09216539240476808,0.027973944829584346
"zig-zag",192,9.650000000000002,6.7617121122952435,1.0145490675865223,0.19885539524993512,0.771875564941692,-0.0293740829472398,0.14919160917116886,6.84964603648,0.997203513038,0.22649076466,0.718605890871,-0.0453590930651,"0.142196183472",0.0896283620575893,0.02763536941006489
"zig-zag",193,9.700000000000001,6.7998122475752245,1.0208535744887755,0.20632538497533215,0.7717043996018944,-0.030233731000619005,0.14960066961519897,6.88582327383,1.00339745981,0.233741857841,0.732561793019,-0.0470766483508,"0.145021863612",0.08776452915089447,0.02741647286566784
"zig-zag",194,9.750000000000002,6.837864423843364,1.027400171311299,0.21381478905633258,0.7715298056160735,-0.031047720653137417,0.14996922181852126,6.92265510952,1.00994262556,0.241127197411,0.746584753077,-0.0487906999482,"0.147706791405",0.08656919937929906,0.027312408354667417
"zig-zag",195,9.8,6.875866401312154,1.0341913359017918,0.22132172782739884,0.7713526956203083,-0.03181841369660879,0.15030291689531527,6.95878533599,1.01659712068,0.248367798076,0.733147817576,-0.0486261819039,"0.144812013292",0.08476500538181755,0.027046070248601173
"zig-zag",196,9.850000000000001,6.913815961689274,1.0412293514807271,0.22884457920066262,0.7711738968832135,-0.032548053479769634,0.15060643959171885,6.99425527648,1.02336388226,0.255465454955,0.720574468923,-0.0483190566478,"0.141953137588",0.08239938321661318,0.026620875754337386
"zig-zag",197,9.900000000000002,6.951710905963344,1.04851632170731,0.23638193492999038,0.7709941565670412,-0.03323877063610648,0.15088368562629198,7.03337630284,1.03107252189,0.263286456113,0.795582483482,-0.0547689972213,"0.156420023151",0.083507623598616,0.02690452118300962
"zig-zag",198,9.950000000000001,6.9895490523679955,1.056054183875989,0.24393256490110005,0.7708141470058809,-0.03389258849761913,0.15113790638978594,7.07035937058,1.03863156833,0.270646559459,0.753155281743,-0.052074127125,"0.147202066920",0.08266713411016985,0.026713994557899967
"zig-zag",199,10.000000000000002,7.027328234523728,1.0638447205417798,0.25149538796247883,0.7706344708990642,-0.034511428312898745,0.15137182677018327,7.10740230757,1.04647585368,0.277984646439,0.755469795864,-0.0524422044317,"0.146761739612",0.08193616240880407,0.026489258476521175
"zig-zag",200,10.05,7.0650301627315155,1.0719522630890674,0.2581519175699138,0.7705032531771829,-0.03206275508977081,0.11608597367203036,7.14456485749,1.05466887129,0.285115326885,0.759334070796,-0.0518076318613,"0.142613608921",0.08139092887051565,0.02696340931508623
"zig-zag",201,10.100000000000001,7.102649310798554,1.080393473248052,0.2632020079289769,0.7704582454140196,-0.02972592222867873,0.08673227543435442,7.18278500444,1.06444428358,0.287532534551,0.788465131678,-0.0292927229088,"0.0483441533155",0.08170744180589164,0.024330526622023067
"zig-zag",202,10.150000000000002,7.14020066612106,1.0891100366615087,0.26689296317183625,0.7704855635126966,-0.02742033091850804,0.06147503778005135,7.21829562178,1.07423749666,0.28705061334,0.736606673061,-0.013228594445,"-0.00963842421393",0.079498519140097,0.020157650168163732
"zig-zag",203,10.200000000000001,7.177697148214275,1.0980546412535617,0.26939728630699217,0.7705728001117956,-0.02509650545423444,0.03909986196341164,7.25524045657,1.08497248711,0.284189595453,0.769456406055,-0.00108356774217,"-0.0572203577391",0.0786390960514362,0.014792309146007822
"zig-zag",204,10.250000000000002,7.215150107376198,1.1071874653724871,0.2708366946140513,0.7707089366729566,-0.022720627972255956,0.01875891124260411,7.29360937427,1.09649213333,0.279295799444,0.801156742696,0.00991520765648,"-0.0978759201861",0.07918488927195563,0.008459104829948718
"zig-zag",205,10.3,7.252569656526607,1.1164740044281356,0.2712967003273753,0.7708841538370445,-0.020264707448222265,-0.00016480758897610692,7.3305644444,1.10774355334,0.273407583824,0.772409331593,0.0171022987706,"-0.117764312397",0.07848189416431019,0.0021108834966246937
"zig-zag",206,10.350000000000001,7.289964916254185,1.1258835991814908,0.27083733408180566,0.7710895265562294,-0.017712389071847686,-0.018031806276944357,7.36643559722,1.11868001007,0.267047492805,0.749712717715,0.0216591150954,"-0.127201820393",0.07680922303644681,0.00378984127680565
"zig-zag",207,10.400000000000002,7.327344452341968,1.13538744927446,0.26951312164991736,0.771316217587027,-0.01508649877757614,-0.0347235499925382,7.40458640262,1.13023012833,0.259914745962,0.796755023672,0.027149695194,"-0.142654936862",0.0774139318345091,0.009598375687917382
"zig-zag",208,10.450000000000001,7.364716531536338,1.1449573018329247,0.26738766782840434,0.7715551195655973,-0.012425181578850638,-0.050055955109576465,7.44274271367,1.14164546445,0.252617633502,0.795968569419,0.0303253231105,"-0.145942249181",0.07809643631566282,0.014770034326404335
"zig-zag",209,10.500000000000002,7.402089022075535,1.1545654678445416,0.2645320934086264,0.7717973463022966,-0.00976583481962041,-0.06391603457470514,7.47887518137,1.1523077127,0.245656813679,0.752813615003,0.0310992768551,"-0.139216396464",0.07681934468275328,0.018875279729626382
"zig-zag",210,10.55,7.439469215680275,1.1641852235744539,0.2610212326160556,0.7720347462105226,-0.007139505817338193,-0.07626697657255173,7.51154386302,1.1618011632,0.239363361121,0.679760308235,0.0295511189495,"-0.125869051167",0.07211406612454137,0.02165787149505557
"zig-zag",211,10.600000000000001,7.476863682661043,1.17379120642681,0.25693009176098563,0.7722602673434193,-0.004570305982561557,-0.08713627927756507,7.5550389653,1.17426781624,0.231001856825,0.903880800425,0.0435435711744,"-0.167230085929",0.07817673549461358,0.025928234935985645
"zig-zag",212,10.650000000000002,7.514278187603718,1.183359696725955,0.25233102028062765,0.7724681581206542,-0.002075939038636606,-0.09660000670453772,7.59323923461,1.18499994393,0.223714172157,0.792585550743,0.0397969954478,"-0.145753693352",0.07897808148605953,0.028616848123627636
"zig-zag",213,10.700000000000001,7.551717661092395,1.1928687808785583,0.24729168553032474,0.7726540236735876,0.00033144860470265625,-0.10476681827311032,7.63145990994,1.19553214035,0.216478341952,0.791816564457,0.041537960007,"-0.144716604099",0.07978671402525302,0.030813343578324742
"zig-zag",214,10.750000000000002,7.589186216102322,1.202298411444672,0.24187380914906925,0.7728147715665067,0.0026442347374675693,-0.11176371532601813,7.66706316493,1.20515336671,0.209787682901,0.736526020104,0.0399164947707,"-0.133813181015",0.07792926233627442,0.03208612624806925
"zig-zag",215,10.8,7.626687196726326,1.2116303836287425,0.23613254998984867,0.7729484845062273,0.004858306363891788,-0.11772453954527794,7.70919480049,1.21629395952,0.201929353154,0.870198750363,0.0492863487875,"-0.157166594949",0.08263929827217102,0.03420319683584866
"zig-zag",216,10.850000000000001,7.664223246602815,1.2208482529777287,0.23011638623364591,0.7730542531230828,0.006972207102125263,-0.1227815011599833,7.74498630496,1.22555079784,0.195298748759,0.738149541284,0.0427035577829,"-0.132612087892",0.08089984872289778,0.03481763747464592
"zig-zag",217,10.900000000000002,7.701796386773442,1.229937215883109,0.2238673499830604,0.7731319948968054,0.008986409591006085,-0.12705948643447817,7.78676577129,1.23609013204,0.187607770788,0.860241074352,0.0512429779889,"-0.153819559426",0.08519186981371199,0.0362595791950604
"zig-zag",218,10.950000000000001,7.73940809556321,1.2388839693940845,0.21742148659977478,0.7731822777248217,0.010902734309454242,-0.1306726723927816,7.82552512481,1.24561556258,0.180510431622,0.796794313731,0.0482425819129,"-0.141946783319",0.0863797260537057,0.036911054977774777
"zig-zag",219,11.000000000000002,7.777059385298644,1.2476765634683251,0.2108094370367276,0.7732061593515633,0.012723905123259402,-0.13372290173476875,7.86364946882,1.25473706957,0.173557547294,0.782535189504,0.0480174491524,"-0.139057686551",0.08687746146525711,0.03725188974272762
"zig-zag",220,11.05,7.814750872714728,1.2563042549206707,0.20405706829303685,0.7732050482902463,0.014453218810289914,-0.13629930342654512,7.9025747622,1.26378279984,0.166479584379,0.797722096473,0.0494058413633,"-0.141559258317",0.08814172790700071,0.03757748391403684
"zig-zag",221,11.100000000000001,7.852482841507779,1.2647573688495946,0.19718610084817526,0.7731805880031976,0.016094297726506612,-0.13847872920438478,7.94219340286,1.27270279104,0.159288399439,0.810638698731,0.0504586217734,"-0.143823698795",0.09006172634318296,0.03789770140917525
"zig-zag",222,11.150000000000002,7.8902552965546615,1.2730271709467438,0.19021470100405122,0.7731345635587499,0.017650924049291167,-0.14032667313531658,7.98045374828,1.28103970372,0.152347891963,0.781647962,0.0486797823104,"-0.138810149509",0.09055363811073965,0.03786680904105122
"zig-zag",223,11.200000000000001,7.928068009887671,1.2811057529563055,0.18315802030210374,0.7730688283690119,0.019126930877379808,-0.14189843629612206,8.02080989184,1.2895161891,0.145023155394,0.82314979087,0.0511084416508,"-0.146494731379",0.09312245757166784,0.03813486490810375
"zig-zag",224,11.250000000000002,7.965920559124601,1.2889859313845045,0.1760286740819707,0.7729852482854782,0.020526123437630626,-0.14324037434254003,8.05895666597,1.29723480865,0.138088941217,0.776922431929,0.0478844483979,"-0.138684283543",0.09340107683046014,0.03793973286497071
"zig-zag",225,11.3,8.00381235923668,1.296661158840241,0.16883715786327322,0.7728856601830938,0.02185222712408214,-0.14439112360326295,8.09710753343,1.30465422475,0.131137538506,0.775869474441,0.0473405552726,"-0.139028054216",0.09363695120196822,0.03769961935727323
"zig-zag",226,11.350000000000001,8.041742688564971,1.3041254470890236,0.16159220429095242,0.772771842277228,0.023108854651380902,-0.14538274505331927,8.13601614449,1.31190224186,0.124025586984,0.790127566182,0.0475808321818,"-0.142239030449",0.09459367330301856,0.03756661730695241
"zig-zag",227,11.400000000000002,8.079710709972785,1.3113733006712391,0.15430108562502848,0.7726454937296957,0.02429948648478085,-0.1462417552168605,8.17617621302,1.31903812269,0.116656305508,0.814353479008,0.0482614871978,"-0.147385629510",0.09676953433148001,0.03764478011702847
"zig-zag",228,11.450000000000001,8.117715487950191,1.3183996598599406,0.146969867778953,0.7725082214648068,0.025427460362263687,-0.14699003256163423,8.21348102923,1.32536256157,0.109783279525,0.755463199865,0.0439828304299,"-0.137460519664",0.09601833625323175,0.03718658825395299
"zig-zag",229,11.500000000000002,8.155756002392652,1.325199851754852,0.13960362215354505,0.7723615324796147,0.02649596694870127,-0.14764560007610136,8.2521483763,1.33158981017,0.102627571232,0.782037230718,0.0446621965166,"-0.143114165871",0.09660394047885015,0.036976050921545045
"zig-zag",230,11.55,8.193831159675225,1.3317695483873908,0.13220660128655695,0.7722068302648586,0.027508049551320662,-0.1482232917110117,8.29077219711,1.33748009362,0.095447094618,0.780187543371,0.0436507317271,"-0.143609532272",0.09710908848189256,0.036759506668556964
"zig-zag",231,11.600000000000001,8.23193980154647,1.3381047308184417,0.12478238385338804,0.7720454142417011,0.028466606462277375,-0.14873531392302186,8.32997561957,1.34311870062,0.0881245876595,0.790951043785,0.0433282210516,"-0.146450139171",0.09816395218568515,0.036657796193888044
"zig-zag",232,11.650000000000002,8.270080712277233,1.3442016583283796,0.117333993951527,0.7718784813612272,0.02937439494452513,-0.14919171491111685,8.36777595178,1.34823951424,0.0810322524341,0.761815888847,0.0408863111021,"-0.141846704509",0.09777864849682753,0.03630174151742698
"zig-zag",233,11.700000000000001,8.308252624421206,1.350056841916229,0.10986399896724744,0.7717071292111659,0.030234036125691314,-0.14960077417648782,8.40823468039,1.35336423714,0.0734054120347,0.814512384238,0.042873979055,"-0.152536807986",0.10003674514353926,0.03645858693254744
"zig-zag",234,11.750000000000002,8.3464542234813,1.3556670213970257,0.10237458969396802,0.7715323601450456,0.031048018676983518,-0.14996932490201162,8.44566929132,1.35780091641,0.0663184317406,0.752926757192,0.0389228202172,"-0.141739605882",0.09923801284872684,0.03605615795336802
"zig-zag",235,11.8,8.384684151719275,1.361029145479755,0.09486764581107572,0.7713550860744739,0.03181870443478678,-0.15030301824542833,8.48222807425,1.36184951322,0.0593695242177,0.734691876564,0.0374452212339,"-0.138978150459",0.09754737221426864,0.03549812159337572
"zig-zag",236,11.850000000000001,8.422941011274826,1.3661403545239168,0.08734478941821226,0.7711761335877689,0.03254833678909969,-0.15060653899247142,8.51562206414,1.36529222644,0.0529976339666,0.670589469072,0.0333781082044,"-0.127437805023",0.09268493341122899,0.034347155451612266
"zig-zag",237,11.900000000000002,8.461223366747825,1.3709979655327442,0.07980742877139729,0.770996249208386,0.033239046411185046,-0.15088378289761678,8.55917291858,1.36948312431,0.0446424132305,0.873889881355,0.0448630585877,"-0.167104414722",0.09796126503906508,0.03516501554089729
"zig-zag",238,11.950000000000001,8.4995297473686,1.3755994589785838,0.07225679399309162,0.7708161046706071,0.03389285666748054,-0.15113800138403308,8.59638883956,1.37276282112,0.0374820395182,0.746253652091,0.0376558246433,"-0.143207474244",0.0969006205061805,0.034774754474891624
"zig-zag",239,12.000000000000002,8.53785864884853,1.379942467176816,0.06469396624144914,0.7706363021105859,0.03451168883784161,-0.15137191936882535,8.63489308071,1.37586895214,0.0300515364448,0.771603718496,0.0389558221602,"-0.148610061469",0.09711989750526628,0.034642429796649145
"coast-down",0,0.05,0.0012179206914923163,0,0,0.048200018415536575,0,0,0,0,0,0,0,"0.00000000000",0.0012179206914923163,0
"coast-down",1,0.1,0.00476998384774371,0,0,0.0933978881669022,0,0,0.00385357634621,2.87917751524E-17,0,0.0770715269242,5.75835503047E-16,"0.00000000000",0.0009164075015337097,0
"coast-down",2,0.15000000000000002,0.010510806896030879,0,0,0.1357805987387083,0,0,0.0103911901411,3.01365711179E-17,6.83214168998E-17,0.130752275897,1.79627385592E-17,"1.36642833800e-15",0.00011961675493087943,6.83214168998E-17
"coast-down",3,0.2,0.018304062448894817,0,0,0.17552349293471653,0,0,0.0189694829353,3.17590500874E-17,4.4408920985E-16,0.171565855884,-4.37409659874E-17,"7.51535585900e-15",0.0006654204864051834,4.4408920985E-16
"coast-down",4,0.25,0.028021914299950795,0,0,0.21279099229389675,0,0,0.0302111507014,3.31709759304E-17,3.64153152077E-16,0.224833355322,-5.36352581725E-17,"-1.59872115546e-15",0.0021892364014492044,3.64153152077E-16
"coast-down",5,0.3,0.03954448854882239,0,0,0.2477372773237876,0,0,0.0436214326931,3.37239362198E-17,-2.48689957516E-16,0.268205639835,7.77592549639E-17,"-1.22568621919e-14",0.00407694414427761,2.48689957516E-16
"coast-down",6,0.35000000000000003,0.05275937766717441,0,0,0.2805069253653738,0,0,0.0578808605196,3.39651678626E-17,-4.55984456543E-16,0.285188556529,1.34866181816E-16,"-4.14588998054e-15",0.005121482852425592,4.55984456543E-16
"coast-down",7,0.4,0.06756117545410113,0,0,0.3112355087284102,0,0,0.0654653087146,3.40338265693E-17,-5.55111512313E-16,0.151688963901,8.55774642859E-17,"-1.98254111540e-15",0.002095866739501129,5.55111512313E-16
"coast-down",8,0.45,0.0838510409569197,0,0,0.34005015557175705,0,0,0.0730497569097,3.4102485276E-17,-6.54238568082E-16,0.151688963901,1.00613944671E-16,"-1.98254111540e-15",0.010801284047219695,6.54238568082E-16
"coast-down",9,0.5,0.10153628955325203,0,0,0.36707007584916074,0,0,0.112686284764,2.7056509958E-17,-4.4408920985E-16,0.792730557092,2.11123580364E-16,"4.20298716465e-15",0.01114999521074797,4.4408920985E-16
"coast-down",10,0.55,0.1205300095026485,0,0,0.39240705449638724,0,0,0.135904596306,1.87944167105E-17,-4.85984418326E-16,0.464366230842,6.04328876366E-17,"-8.37904169526e-16",0.015374586803351492,4.85984418326E-16
"coast-down",11,0.6000000000000001,0.14075070238137735,0,0,0.41616591390008706,0,0,0.158079818375,8.95890916526E-18,-6.99204287849E-16,0.44350444137,1.1339005618E-16,"-4.26439739045e-15",0.017329115993622635,6.99204287849E-16
"coast-down",12,0.6500000000000001,0.16212194591281176,0,0,0.43844494756168606,0,0,0.183129844066,-4.0998752336E-18,-9.70417162265E-16,0.501000513816,2.25003808933E-16,"-5.42425748832e-15",0.021007898153188237,9.70417162265E-16
"coast-down",13,0.7000000000000001,0.18457207779849985,0,0,0.4593363267504264,0,0,0.206632513334,-1.4856904321E-17,-1.33226762955E-15,0.470053385359,4.11096327727E-16,"-7.23700934571e-15",0.02206043553550016,1.33226762955E-15
"coast-down",14,0.7500000000000001,0.2080338992418854,0,0,0.47892648182793385,0,0,0.23294094663,-3.01984418182E-17,-1.27131420859E-15,0.526168665934,3.62094951173E-16,"1.21906841920e-15",0.02490704738811461,1.27131420859E-15
"coast-down",15,0.8,0.2324443969381183,0,0,0.49729645982190135,0,0,0.259283584121,-5.25204313983E-17,-8.32667268469E-16,0.526852749808,-7.74675153483E-18,"8.77293880242e-15",0.026839187182881696,8.32667268469E-16
"coast-down",16,0.8500000000000001,0.2577444823797905,0,0,0.5145222597282177,0,0,0.287506287213,-7.83164686371E-17,-5.13750262375E-16,0.564454061839,-2.25932322406E-16,"6.37834012187e-15",0.029761804833209504,5.13750262375E-16
"coast-down",17,0.9000000000000001,0.2838787474000708,0,0,0.53067514692873,0,0,0.314892722847,-1.00551309562E-16,-8.881784197E-16,0.547728712692,4.17840039707E-17,"-7.48856314649e-15",0.031013975446929187,8.881784197E-16
"coast-down",18,0.9500000000000001,0.3107952349418891,0,0,0.5458219480254267,0,0,0.342922731317,-1.20961556806E-16,-9.96934960888E-16,0.560600169399,1.50676963074E-16,"-2.17513082376e-15",0.03212749637511092,9.96934960888E-16
"coast-down",19,1,0.3384452241048118,0,0,0.5600253273108103,0,0,0.372356048693,-1.39941959015E-16,-1.7763568394E-15,0.588666347519,6.66073448356E-16,"-1.55884375702e-14",0.03391082458818817,1.7763568394E-15
"coast-down",20,1.05,0.36678302858031975,0,0,0.5733440460182514,0,0,0.40170198726,-1.64529216318E-16,-1.74527059471E-15,0.586918771345,5.32586927054E-16,"6.21724893788e-16",0.034918958679680256,1.74527059471E-15
"coast-down",21,1.1,0.39576580764158836,0,0,0.5858332054248785,0,0,0.431511568918,-1.88577014531E-16,-1.61775355017E-15,0.596191633157,4.83535166852E-16,"2.55034089086e-15",0.03574576127641166,1.61775355017E-15
"coast-down",22,1.1500000000000001,0.42535338890581126,0,0,0.5975444748127512,0,0,0.462005161743,-2.16938291433E-16,-1.9287403918E-15,0.609871856487,6.09058945385E-16,"-6.21973683264e-15",0.036651772837188734,1.9287403918E-15
"coast-down",23,1.2000000000000002,0.45550810213581067,0,0,0.6085263052314219,0,0,0.491966540135,-2.46888222671E-16,-1.49087091878E-15,0.599227567854,2.943723299E-16,"8.75738946035e-15",0.03645843799918935,1.49087091878E-15
"coast-down",24,1.2500000000000002,0.48619462339335096,0,0,0.6188241299462496,0,0,0.523388723826,-2.90144279955E-16,-1.22124532709E-15,0.628443673817,-9.76372456929E-17,"5.39251183390e-15",0.037194100432649035,1.22124532709E-15
"coast-down",25,1.3,0.5173798288993973,0,0,0.6284805524017469,0,0,0.55494667474,-3.2978694604E-16,-1.69411809684E-15,0.63115901827,2.76404593126E-16,"-9.45745539496e-15",0.03756684584060277,1.69411809684E-15
"coast-down",26,1.35,0.5490326579967193,0,0,0.6375355224775893,0,0,0.584159793443,-3.6425163291E-16,-1.22568621919E-15,0.584262374061,2.6828602873E-17,"9.36863755299e-15",0.035127135446280655,1.22568621919E-15
"coast-down",27,1.4000000000000001,0.5811239846478997,0,0,0.6460265017664792,0,0,0.615686553559,-4.0275762693E-16,-4.97379915032E-16,0.630535202321,-4.56504335039E-16,"1.45661260831e-14",0.03456256891110032,4.97379915032E-16
"coast-down",28,1.4500000000000002,0.6136264969371172,0,0,0.6539886185576439,0,0,0.647573004451,-4.40165007808E-16,-8.33800149106E-16,0.637729017853,-2.1640906739E-16,"-6.72840468148e-15",0.03394650751388273,8.33800149106E-16
"coast-down",29,1.5000000000000002,0.6465145840771866,0,0,0.661454813167151,0,0,0.680237321313,-4.76675805987E-16,-5.37347943918E-16,0.653286337235,-3.79173893484E-16,"5.92904410377e-15",0.033722737235813316,5.37347943918E-16
"coast-down",30,1.55,0.6797642304543908,0,0,0.6684559742162945,0,0,0.71246133656,-5.04400561538E-16,-1.02055116494E-15,0.644480304934,1.0323001498E-16,"-9.66406442051e-15",0.032697106105609164,1.02055116494E-15
"coast-down",31,1.6,0.7133529162727533,0,0,0.675021066421851,0,0,0.743901697884,-5.31341996899E-16,-4.22738767069E-16,0.628807226474,-2.73007515581E-16,"1.19562479575e-14",0.030548781611246634,4.22738767069E-16
"coast-down",32,1.6500000000000001,0.7472595243867037,0,0,0.6811772504268928,0,0,0.776098630049,-5.57194944362E-16,-2.53765262772E-16,0.643938643303,-3.53649690233E-16,"3.37947008595e-15",0.028839105662296305,2.53765262772E-16
"coast-down",33,1.7000000000000002,0.7814642529366913,0,0,0.6869499951679121,0,0,0.813903756854,-5.86136614331E-16,-5.75671197953E-16,0.75610253611,-1.43566946652E-16,"-6.43811870363e-15",0.032439503917308654,5.75671197953E-16
"coast-down",34,1.7500000000000002,0.8159485334263081,0,0,0.6923631832431343,0,0,0.845216280674,-6.07917187797E-16,-2.51371250859E-16,0.626250476386,-2.78190103717E-16,"6.48599894190e-15",0.029267747247691878,2.51371250859E-16
"coast-down",35,1.8,0.8506949539019966,0,0,0.6974392097179432,0,0,0.877690695777,-6.27979897267E-16,-5.00781449405E-16,0.649488302063,-7.60024961137E-17,"-4.98820397093e-15",0.02699574187500342,5.00781449405E-16
"coast-down",36,1.85,0.8856871869175258,0,0,0.7021990747761885,0,0,0.913956870642,-6.59228052733E-16,-1.14069973511E-15,0.725323497303,2.02413211922E-16,"-1.27983657140e-14",0.02826968372447425,1.14069973511E-15
"coast-down",37,1.9000000000000001,0.9209099219852159,0,0,0.7066624706006868,0,0,0.948678303167,-6.90199221201E-16,-1.42108547152E-15,0.694428650496,3.67419096868E-16,"-5.60771472831e-15",0.02776838118178404,1.42108547152E-15
"coast-down",38,1.9500000000000002,0.956348802234453,0,0,0.7108478628423511,0,0,0.986863170428,-7.27933866468E-16,-1.99840144433E-15,0.763697345217,7.71480972373E-16,"-1.15463194561e-14",0.030514368193547026,1.99840144433E-15
"coast-down",39,2,0.9919903650154417,0,0,0.7147725670149981,0,0,1.02157660487,-7.69839462426E-16,-1.91461102737E-15,0.694268688814,4.91142568395E-16,"1.67580833905e-15",0.029586239854558216,1.91461102737E-15
"coast-down",40,2.05,1.0266040655109747,0,0,0.6702528017163517,0,0,1.05518646339,-8.19101023404E-16,-1.55431223448E-15,0.672197170502,5.95730665371E-17,"7.20597585795e-15",0.02858239787902539,1.55431223448E-15
"coast-down",41,2.1,1.059061844118495,0,0,0.628505959713466,0,0,1.08663956776,-8.63505421895E-16,-1.57243832467E-15,0.629062087307,1.0107336485E-16,"-3.62521803963e-16",0.027577723641505125,1.57243832467E-15
"coast-down",42,2.15,1.0894979829032154,0,0,0.5893593288738176,0,0,1.11780573201,-9.10092890574E-16,-1.79770728218E-15,0.623323285082,1.8880343516E-16,"-4.50537915016e-15",0.028307749106784685,1.79770728218E-15
"coast-down",43,2.1999999999999997,1.1180384001426178,0,0,0.5526509544777426,0,0,1.14544326163,-9.50113184721E-16,-2.01199601197E-15,0.552750592257,3.11726104306E-16,"-4.28577459585e-15",0.027404861487382304,2.01199601197E-15
"coast-down",44,2.25,1.1448011712667951,0,0,0.5182289691906299,0,0,1.17275174256,-9.86699732615E-16,-2.23934346244E-15,0.546169618718,4.9133040718E-16,"-4.54694900923e-15",0.027950571293204884,2.23934346244E-15
"coast-down",45,2.3,1.1698970173519134,0,0,0.4859509647679417,0,0,1.19867923612,-1.02430548535E-15,-2.44249065418E-15,0.518549871228,5.14438159516E-16,"-4.06294383479e-15",0.02878221876808662,2.44249065418E-15
"coast-down",46,2.35,1.1934297631877506,0,0,0.45568340289372444,0,0,1.2202664651,-1.05785768355E-15,-2.46415354246E-15,0.431744579488,3.9284097098E-16,"-4.33257765707e-16",0.026836701912249294,2.46415354246E-15
"coast-down",47,2.4,1.215496766814399,0,0,0.4273010627151716,0,0,1.24551747673,-1.10103316892E-15,-3.02227378926E-15,0.505020232572,6.62799704532E-16,"-1.11624049359e-14",0.030020709915600907,3.02227378926E-15
"coast-down",48,2.45,1.23618932230518,0,0,0.40068652278761663,0,0,1.26484416853,-1.13115734513E-15,-3.49054118942E-15,0.386533836054,7.46728751664E-16,"-9.36534800329e-15",0.028654846224819952,3.49054118942E-15
"coast-down",49,2.5,1.2555930374621387,0,0,0.3757296752866952,0,0,1.28435681858,-1.16182294316E-15,-2.98427949019E-15,0.390253000952,5.51312066176E-16,"1.01252339846e-14",0.028763781117861376,2.98427949019E-15
"coast-down",50,2.55,1.2737881879866897,0,0,0.35232727047790896,0,0,1.30283122172,-1.19228118673E-15,-2.34479102801E-15,0.369488062815,2.57207423272E-16,"1.27897692437e-14",0.029043033733310297,2.34479102801E-15
"coast-down",51,2.6,1.2908500495906692,0,0,0.3303824895590015,0,0,1.32035566323,-1.22322921789E-15,-3.01536573488E-15,0.350488830267,4.37891385868E-16,"-1.34114941375e-14",0.029505613639330797,3.01536573488E-15
"coast-down",52,2.65,1.3068492094217765,0,0,0.30980454410794084,0,0,1.33700690591,-1.25019335165E-15,-2.3803181648E-15,0.333024853622,2.53422433384E-16,"1.27009514017e-14",0.03015769648822353,2.3803181648E-15
"coast-down",53,2.7,1.3218518580918148,0,0,0.290508300479371,0,0,1.35285140888,-1.27615776136E-15,-1.99840144433E-15,0.316890059294,1.13985357895E-16,"7.63833440943e-15",0.03099955078818528,1.99840144433E-15
"coast-down",54,2.75,1.3359200635158883,0,0,0.272413927595613,0,0,1.36794619368,-1.3033932025E-15,-2.09166017839E-15,0.301895696056,8.67543825839E-17,"-1.86517468136e-15",0.0320261301641116,2.09166017839E-15
"coast-down",55,2.8,1.3491120276954656,0,0,0.25544656667508026,0,0,1.38233995009,-1.32613641045E-15,-2.57127652503E-15,0.287875128144,2.85342400188E-16,"-9.59232693278e-15",0.033227922394534426,2.57127652503E-15
"coast-down",56,2.85,1.3614823275076544,0,0,0.2395360215317312,0,0,1.39607452281,-1.34644356996E-15,-2.02948768901E-15,0.274691454529,1.51339735005E-16,"1.08357767204e-14",0.034592195302345585,2.02948768901E-15
"coast-down",57,2.9,1.3730821404968634,0,0,0.22461646816428862,0,0,1.40918629239,-1.36746231271E-15,-2.18935980456E-15,0.262235391564,1.53752770764E-16,"-3.19744231093e-15",0.03610415189313665,2.18935980456E-15
"coast-down",58,2.95,1.3839594566029807,0,0,0.21062618243375753,0,0,1.4217068511,-1.38820683739E-15,-2.02948768901E-15,0.250411174189,9.33159016143E-17,"3.19744231093e-15",0.03774739449701925,2.02948768901E-15
"coast-down",59,3,1.3941592767020172,0,0,0.1975072847026083,0,0,1.43363137002,-1.40539310178E-15,-2.12901591781E-15,0.238490378382,1.64024523925E-16,"-1.99056457592e-15",0.03947209331798285,2.12901591781E-15
"coast-down",60,3.05,1.4037237987806026,0,0,0.18520550037916414,0,0,1.4448835883,-1.42025236432E-15,-1.60869050507E-15,0.225044365562,6.48414832742E-17,"1.04065082548e-14",0.04115978951939736,1.60869050507E-15
"coast-down",61,3.1,1.4126925925145613,0,0,0.17366993537653339,0,0,1.45602307102,-1.43321478299E-15,-1.93363843456E-15,0.222789654422,1.71546265237E-16,"-6.49895858973e-15",0.043330478505438697,1.93363843456E-15
"coast-down",62,3.15,1.4211027629738253,0,0,0.1628528655571315,0,0,1.46666165663,-1.44564903587E-15,-1.59274303148E-15,0.212771712166,9.02056041958E-17,"6.81790806147e-15",0.045558893656174604,1.59274303148E-15
"coast-down",63,3.2,1.4289891041309497,0,0,0.15270953929169664,0,0,1.47619588161,-1.45830147522E-15,-1.83852932878E-15,0.190684499587,9.7530258131E-17,"-4.91572594595e-15",0.04720677747905033,1.83852932878E-15
"coast-down",64,3.25,1.436384242808317,0,0,0.14319799231596037,0,0,1.48555356557,-1.46404383733E-15,-2.15827355987E-15,0.187153679228,2.89081595344E-16,"-6.39488462185e-15",0.049169322761683176,2.15827355987E-15
"coast-down",65,3.3,1.443318773659558,0,0,0.13427887411901065,0,0,1.49440493689,-1.46923288409E-15,-1.83852932878E-15,0.177027426403,2.21689180207E-16,"6.39488462185e-15",0.05108616323044202,1.83852932878E-15
"coast-down",66,3.35,1.449821385743627,0,0,0.12591528514509387,0,0,1.50281524803,-1.47406332007E-15,-2.25351652232E-15,0.168206222799,2.82446782585E-16,"-8.29974387090e-15",0.05299386228637304,2.25351652232E-15
"coast-down",67,3.4,1.4559189812151814,0,0,0.1180726241353379,0,0,1.51092260497,-1.47971405848E-15,-2.35870023722E-15,0.162147138856,2.69441726609E-16,"-2.10367429798e-15",0.0550036237548186,2.35870023722E-15
"coast-down",68,3.45,1.4616367866223052,0,0,0.11071844497782941,0,0,1.51785198412,-1.48492677758E-15,-1.99840144433E-15,0.138587582894,1.72699243877E-16,"7.20597585795e-15",0.05621519749769477,1.99840144433E-15
"coast-down",69,3.5,1.4669984572720314,0,0,0.1038223224738153,0,0,1.52463196601,-1.49104882358E-15,-2.0631644541E-15,0.135599637929,1.57323432992E-16,"-1.29526019540e-15",0.057633508737968686,2.0631644541E-15
"coast-down",70,3.55,1.4720261750954322,0,0,0.09735572646468552,0,0,1.53096927599,-1.49651747815E-15,-2.32719826316E-15,0.126746199645,1.85590444231E-16,"-5.28067618123e-15",0.05894310089456778,2.32719826316E-15
"coast-down",71,3.6,1.4767407404171633,0,0,0.09129190379898426,0,0,1.53639502181,-1.50168684817E-15,-1.74527059471E-15,0.108514916281,8.60004920352E-17,"1.16385533689e-14",0.05965428139283668,1.74527059471E-15
"coast-down",72,3.65,1.4811616580091205,0,0,0.08560576765113165,0,0,1.54142592545,-1.50607385864E-15,-1.52322598979E-15,0.100618072741,6.55238541959E-17,"4.44089209850e-15",0.06026426744087954,1.52322598979E-15
"coast-down",73,3.7,1.4853072177842261,0,0,0.08027379373395294,0,0,1.54586444607,-1.51178049417E-15,-1.39444011893E-15,0.0887704124102,9.65231380944E-18,"2.57571741714e-15",0.06055722828577381,1.39444011893E-15
"coast-down",74,3.75,1.4891945704641856,0,0,0.07527392297563304,0,0,1.54974569241,-1.51685825101E-15,-1.8439356322E-15,0.0776249268449,4.1580231724E-17,"-8.98991026550e-15",0.06055112194581436,1.8439356322E-15
"coast-down",75,3.8,1.4928397985342603,0,0,0.0705854702584581,0,0,1.55312108081,-1.52210188076E-15,-2.26567735766E-15,0.0675077680653,4.8078226648E-17,"-8.43483450915e-15",0.0602812822757397,2.26567735766E-15
"coast-down",76,3.85,1.496257982778608,0,0,0.06618903884178455,0,0,1.55559433662,-1.52589451289E-15,-2.31814567542E-15,0.0494651161683,3.88147025296E-17,"-1.04936635512e-15",0.05933635384139202,2.31814567542E-15
"coast-down",77,3.9,1.4994632646714547,0,0,0.06206644011519211,0,0,1.55764770734,-1.52950202552E-15,-1.49453099469E-15,0.0410674143485,-1.07737290344E-17,"1.64722936146e-14",0.05818444266854517,1.49453099469E-15
"coast-down",78,3.95,1.5024689048822186,0,0,0.05820061834982928,0,0,1.55910232934,-1.53389766573E-15,-1.02643260767E-15,0.0290924400188,-5.80513751562E-17,"9.36196774030e-15",0.0566334244577813,1.02643260767E-15
"coast-down",79,4,1.5052873381366296,0,0,0.05457558013663758,0,0,1.56004271399,-1.53967639956E-15,-2.14643118094E-16,0.0188076930437,-1.11537734777E-16,"1.62357897916e-14",0.054755375853370314,2.14643118094E-16
"coast-down",80,4.05,1.5079302246608124,0,0,0.05117632821953149,0,0,1.56045924695,-1.54621429314E-15,-2.96059473237E-17,0.00833065914665,-1.30511234427E-16,"3.70074341541e-15",0.052529022289187655,2.96059473237E-17
"coast-down",81,4.1,1.5104084984211634,0,0,0.047988799449793146,0,0,1.56054107109,-1.5569353237E-15,-6.35855005013E-16,0.00163648287446,-2.13380045493E-16,"-1.21249811538e-14",0.05013257266883664,6.35855005013E-16
"coast-down",82,4.15,1.512732412359596,0,0,0.04499980660499112,0,0,1.56000089728,-1.56951014215E-15,-1.24344978758E-16,-0.0108034761736,-2.52839726983E-16,"1.02302005251e-14",0.04726848492040392,1.24344978758E-16
"coast-down",83,4.2,1.5149115808112994,0,0,0.042196983831720575,0,0,1.55913267809,-1.58033426624E-15,-7.94919685632E-16,-0.0173643838087,-2.30285772202E-16,"-1.34114941375e-14",0.044221097278700494,7.94919685632E-16
"coast-down",84,4.25,1.5169550192804977,0,0,0.03956873548645419,0,0,1.55793508864,-1.58868385337E-15,-1.61091183965E-16,-0.023951789097,-1.70850164733E-16,"1.26765700333e-14",0.04098006935950238,1.61091183965E-16
"coast-down",85,4.3,1.5188711817387672,0,0,0.03710418816285189,0,0,1.55648368603,-1.5962409507E-15,1.94855469628E-16,-0.0290280522374,-1.4548567192E-16,"7.11893307185e-15",0.03761250429123275,1.94855469628E-16
"coast-down",86,4.35,1.5206679956002203,0,0,0.03479314570706005,0,0,1.55476381038,-1.6059673032E-15,3.10862446894E-17,-0.0343975129879,-1.93457760431E-16,"-3.27538449877e-15",0.034095814779779854,3.10862446894E-17
"coast-down",87,4.4,1.522352894518251,0,0,0.0326260470348926,0,0,1.55292194537,-1.61486411701E-15,2.22044604925E-16,-0.0368373000601,-1.69756752535E-16,"3.81916720471e-15",0.030569050851749102,2.22044604925E-16
"coast-down",88,4.45,1.52393284913953,0,0,0.030593926576378223,0,0,1.55099129008,-1.62124614649E-15,1.90958360236E-16,-0.0386131058427,-1.20267094076E-16,"-6.21724893788e-16",0.02705844094046994,1.90958360236E-16
"coast-down",89,4.5,1.5254143959424795,0,0,0.028688377184027523,0,0,1.54903305576,-1.62488436717E-15,3.10862446894E-17,-0.0391646863266,-7.15469307145E-17,"-3.19744231093e-15",0.023618659817520538,3.10862446894E-17
"coast-down",90,4.55,1.5268036642795364,0,0,0.026901515351366912,0,0,1.54710077991,-1.62729458936E-15,2.22044604925E-16,-0.0386455170606,-3.96234152552E-17,"3.81916720471e-15",0.020297115630463658,2.22044604925E-16
"coast-down",91,4.6,1.5281064017350838,0,0,0.02522594859784368,0,0,1.54523098719,-1.62881229544E-15,2.57571741713E-16,-0.0373958543703,-2.07220061875E-17,"7.10542735759e-16",0.01712458545491624,2.57571741713E-16
"coast-down",92,4.65,1.5293279979039573,0,0,0.02365474488516936,0,0,1.54353535235,-1.62954973877E-15,5.13750262375E-16,-0.0339126968145,2.67379026869E-18,"5.12357041325e-15",0.014207354446042597,5.13750262375E-16
"coast-down",93,4.7,1.5304735066889026,0,0,0.022181403938572847,0,0,1.54203800379,-1.6297128195E-15,8.57092175011E-16,-0.0299469711835,2.24057000877E-17,"6.86683825271e-15",0.011564497101097304,8.57092175011E-16
"coast-down",94,4.75,1.5315476672092294,0,0,0.020799830354315502,0,0,1.54073212994,-1.62931548588E-15,6.35047570086E-16,-0.0261174769869,2.4532512711E-17,"-4.44089209850e-15",0.00918446273077067,6.35047570086E-16
"coast-down",95,4.8,1.5325549234071678,0,0,0.019504308382210553,0,0,1.5396612035,-1.62828515145E-15,5.13169753604E-16,-0.0214185289503,3.15980298118E-17,"-2.43755632963e-15",0.007106280092832096,5.13169753604E-16
"coast-down",96,4.8500000000000005,1.5334994424330362,0,0,0.018289478278818775,0,0,1.53884427779,-1.62587033629E-15,6.9439403722E-16,-0.0163385142118,5.96416699805E-17,"3.62448567232e-15",0.00534483535696384,6.9439403722E-16
"coast-down",97,4.9,1.534385131885286,0,0,0.01715031413349055,0,0,1.53838159135,-1.62258502944E-15,1.03620815632E-16,-0.0092537287922,6.66650159743E-17,"-1.18154644318e-14",0.003996459464714164,1.03620815632E-16
"coast-down",98,4.95,1.5352156559767463,0,0,0.016082103075517704,0,0,1.53818265111,-1.61687995594E-15,4.23903336675E-16,-0.00397880480916,1.15788098591E-16,"6.40565042087e-15",0.0029669951332538247,4.23903336675E-16
"coast-down",99,5,1.5359944506939511,0,0,0.015080425776372471,0,0,1.53826902232,-1.61244929254E-15,-4.75175454539E-16,0.00172742436291,8.94340977625E-17,"-1.79815758243e-14",0.002274571626048827,4.75175454539E-16
"coast-down",100,5.05,1.5367247380122633,0,0,0.014141138166368725,0,0,1.53865297376,-1.60717165116E-15,-6.66133814775E-16,0.00767902876304,1.10668088367E-16,"-3.81916720471e-15",0.0019282357477368173,6.66133814775E-16
"coast-down",101,5.1000000000000005,1.5374095392256069,0,0,0.013260354290104968,0,0,1.53932302438,-1.60106322337E-15,-6.35047570086E-16,0.013401012388,1.30678836116E-16,"6.21724893787e-16",0.0019134851543931575,6.35047570086E-16
"coast-down",102,5.15,1.5380516874459549,0,0,0.01243443022975979,0,0,1.54026736903,-1.59488773453E-15,-4.13002965161E-16,0.018886892954,1.31310119573E-16,"4.44089209850e-15",0.0022156815840450594,4.13002965161E-16
"coast-down",103,5.2,1.538653839324283,0,0,0.011659949029728391,0,0,1.54147459475,-1.58884947289E-15,-1.90323947078E-16,0.0241445143855,1.25360512081E-16,"4.45358036165e-15",0.0028207554257169143,1.90323947078E-16
"coast-down",104,5.25,1.539218486041481,0,0,0.010933706560231383,0,0,1.54294193672,-1.58229754344E-15,-3.48305262627E-17,0.0293468393676,1.32060754815E-16,"3.10986841631e-15",0.0037234506785188692,3.48305262627E-17
"coast-down",105,5.3,1.5397479636146933,0,0,0.010252698261411826,0,0,1.54456881747,-1.57547473452E-15,-1.92153985031E-16,0.0325376150196,1.42708410782E-16,"-3.14646917536e-15",0.004820853855306728,1.92153985031E-16
"coast-down",106,5.3500000000000005,1.540244462561727,0,0,0.009614106713079058,0,0,1.54637022683,-1.56865717556E-15,-2.31296463466E-17,0.0360281872803,1.37184498515E-16,"3.38048677369e-15",0.006125764268272826,2.31296463466E-17
"coast-down",107,5.4,1.5407100369635096,0,0,0.00901528997867375,0,0,1.54846669012,-1.56222672226E-15,-2.51371250859E-16,0.0419292657803,1.39148877877E-16,"-4.56483209024e-15",0.007756653156490323,2.51371250859E-16
"coast-down",108,5.45,1.5411466129620897,0,0,0.008453770675231636,0,0,1.5505527808,-1.55629157024E-15,-4.4408920985E-16,0.0417218136196,1.37231247599E-16,"-3.85435917983e-15",0.009406167837910262,4.4408920985E-16
"coast-down",109,5.5,1.541555996729338,0,0,0.007927225724126937,0,0,1.55300506005,-1.55026558293E-15,-4.4408920985E-16,0.0490455849124,1.42300361294E-16,"0.00000000000",0.01144906332066209,4.4408920985E-16
"coast-down",110,5.55,1.5419398819393164,0,0,0.007433476740192977,0,0,1.55544180143,-1.54510897539E-15,-4.4408920985E-16,0.0487348277038,1.24774761884E-16,"0.00000000000",0.013501919490683578,4.4408920985E-16
"coast-down",111,5.6000000000000005,1.5422998567752284,0,0,0.006970481019458504,0,0,1.55796275724,-1.54020978522E-15,-4.11193712824E-16,0.0504191160796,1.18715827107E-16,"6.57909940525e-16",0.0156629004647717,4.11193712824E-16
"coast-down",112,5.65,1.5426374104999396,0,0,0.00653632308821483,0,0,1.56036784002,-1.53696104579E-15,-2.4178190314E-16,0.0481016557,7.66048984335E-17,"3.38823619367e-15",0.01773042952006043,2.4178190314E-16
"coast-down",113,5.7,1.5429539396172536,0,0,0.0061292067784511645,0,0,1.5631485709,-1.53513405049E-15,-2.96059473233E-16,0.0556146174958,5.3005140401E-17,"-1.08555140186e-15",0.020194631282746345,2.96059473233E-16
"coast-down",114,5.75,1.5432507536494295,0,0,0.005747447796873193,0,0,1.56554600485,-1.53334692702E-15,4.87627367679E-16,0.0479486789826,1.23613811764E-17,"1.56737368182e-14",0.02229525120057052,4.87627367679E-16
"coast-down",115,5.8,1.5435290805548472,0,0,0.005389466756761943,0,0,1.56807673156,-1.53323266061E-15,8.67031314469E-16,0.0506145342486,-4.15990579622E-17,"7.58807893581e-15",0.02454765100515277,8.67031314469E-16
"coast-down",116,5.8500000000000005,1.5437900718082305,0,0,0.005053782643844856,0,0,1.57082978387,-1.53615669913E-15,6.66133814775E-16,0.0550610461821,-9.51587951336E-17,"-4.01794999389e-15",0.027039712061769583,6.66133814775E-16
"coast-down",117,5.9,1.544034807164449,0,0,0.004739006689146492,0,0,1.57295579029,-1.53966451083E-15,7.16408064947E-16,0.0425201283681,-1.00617996858E-16,"1.00548500344e-15",0.028920983125551025,7.16408064947E-16
"coast-down",118,5.95,1.5442642991256046,0,0,0.004443836623470076,0,0,1.5750831697,-1.54393145178E-15,1.13797860024E-15,0.0425475883906,-1.33757064092E-16,"8.43141070587e-15",0.030818870574395474,1.13797860024E-15
"coast-down",119,6,1.5444794971298847,0,0,0.004167051289739905,0,0,1.57724862072,-1.5494928499E-15,1.53017695133E-15,0.043309020333,-1.77498427047E-16,"7.84396702182e-15",0.0327691235901153,1.53017695133E-15
"coast-down",120,6.05,1.5446812914795125,0,0,0.003907505590915191,0,0,1.5792532422,-1.5563991028E-15,1.33226762955E-15,0.0400924296539,-1.91538904245E-16,"-3.95818643563e-15",0.034571950720487576,1.33226762955E-15
"coast-down",121,6.1000000000000005,1.5448705170240427,0,0,0.0036641257525741894,0,0,1.58090379225,-1.56361387444E-15,1.46796155478E-15,0.0330110008479,-1.92754313035E-16,"2.71387850463e-15",0.03603327522595734,1.46796155478E-15
"coast-down",122,6.15,1.545047956614243,0,0,0.00343590488056931,0,0,1.58220262791,-1.57009120195E-15,1.93496012863E-15,0.025976713218,-1.79810454417E-16,"9.33997147701e-15",0.037154671295757113,1.93496012863E-15
"coast-down",123,6.2,1.5452143443408506,0,0,0.003221898795374647,0,0,1.58332911566,-1.576277602E-15,1.51806005408E-15,0.0225297550388,-1.57929522267E-16,"-8.33800149107e-15",0.03811477131914942,1.51806005408E-15
"coast-down",124,6.25,1.545370368571601,0,0,0.0030212221258920854,0,0,1.58414087092,-1.58183114379E-15,1.37069842656E-15,0.0162351053047,-1.33324269069E-16,"-2.94723255044e-15",0.03877050234839907,1.37069842656E-15
"coast-down",125,6.3,1.545516674799095,0,0,0.0028330446465555416,0,0,1.58462466026,-1.58659839146E-15,1.4921397451E-15,0.00967578674005,-1.09782579394E-16,"2.42882637080e-15",0.039107985460905104,1.4921397451E-15
"coast-down",126,6.3500000000000005,1.5456538683112857,0,0,0.0026565878425794695,0,0,1.58480442787,-1.59150845582E-15,1.14130926931E-15,0.00359535225148,-1.02304695943E-16,"-7.01660951564e-15",0.03915055955871427,1.14130926931E-15
"coast-down",127,6.4,1.5457825166956343,0,0,0.002491121689141611,0,0,1.58465239204,-1.59588685187E-15,1.23089944034E-15,-0.00304071676477,-8.38251044337E-17,"1.79180342061e-15",0.0388698753443657,1.23089944034E-15
"coast-down",128,6.45,1.5459031521872928,0,0,0.0023359616311750537,0,0,1.58414375952,-1.59971156606E-15,6.66133814775E-16,-0.0101726503262,-6.97179374217E-17,"-1.12953125114e-14",0.03824060733270729,6.66133814775E-16
"coast-down",129,6.5,1.5460162738710308,0,0,0.002190465751274595,0,0,1.58343464243,-1.60120295214E-15,6.89263461122E-16,-0.0141823418121,-2.00523517498E-17,"4.62592926933e-16",0.037418368558969295,6.89263461122E-16
"coast-down",130,6.55,1.5461223497460144,0,0,0.0020540321140006816,0,0,1.58230419365,-1.5994167933E-15,8.57092175011E-16,-0.0226089755005,5.5101152939E-17,"3.35657427778e-15",0.0361818439039856,8.57092175011E-16
"coast-down",131,6.6000000000000005,1.546221818661979,0,0,0.0019260962755939537,0,0,1.58090710191,-1.59688046544E-15,7.33712607579E-16,-0.0279418349553,7.12278337751E-17,"-2.46759134864e-15",0.034685283248021115,7.33712607579E-16
"coast-down",132,6.65,1.5463150921348088,0,0,0.0018061289487977638,0,0,1.57913362274,-1.59427618105E-15,1.11022302463E-15,-0.0354695832994,9.14648357549E-17,"7.53020834093e-15",0.03281853060519113,1.11022302463E-15
"coast-down",133,6.7,1.5464025560490313,0,0,0.0016936338131277344,0,0,1.57726234521,-1.59260656232E-15,1.01333083339E-15,-0.0374255505792,7.13168390842E-17,"-1.93784382480e-15",0.030859789160968765,1.01333083339E-15
"coast-down",134,6.75,1.546484572254272,0,0,0.0015881454615291534,0,0,1.57533338857,-1.59074290711E-15,6.99923211177E-16,-0.0385791327833,6.42755345748E-17,"-6.26815244417e-15",0.02884881631572811,6.99923211177E-16
"coast-down",135,6.8,1.5465614800622733,0,0,0.001489227474927263,0,0,1.57299553259,-1.58843980964E-15,8.881784197E-16,-0.0467571197365,8.75906142063E-17,"3.76510417047e-15",0.02643405252772668,8.881784197E-16
"coast-down",136,6.8500000000000005,1.5466335976506722,0,0,0.001396470616704602,0,0,1.57082570882,-1.5863010125E-15,8.881784197E-16,-0.043396475369,8.1319755657E-17,"0.00000000000",0.024192111169327735,8.881784197E-16
"coast-down",137,6.9,1.5467012233793418,0,0,0.0013094911396357228,0,0,1.56846962327,-1.58202793943E-15,8.881784197E-16,-0.0471217110377,1.27313948305E-16,"0.00000000000",0.021768399890658152,8.881784197E-16
"coast-down",138,6.95,1.5467646370247454,0,0,0.0012279291982748477,0,0,1.5658322384,-1.57484987239E-15,9.78501648822E-16,-0.0527476973744,1.95175049661E-16,"1.80646458245e-15",0.01906760137525465,9.78501648822E-16
"coast-down",139,7,1.5468241009374084,0,0,0.001151447360228307,0,0,1.56376898102,-1.56835618258E-15,1.3453290769E-15,-0.041265147583,1.85388999098E-16,"7.33654856153e-15",0.01694488008259154,1.3453290769E-15
"coast-down",140,7.05,1.5468798611272963,0,0,0.0010797292101526975,0,0,1.56144782192,-1.56237230673E-15,1.53457493626E-15,-0.0464231820486,1.90917368588E-16,"3.78491718722e-15",0.014567960792703838,1.53457493626E-15
"coast-down",141,7.1000000000000005,1.54693214828159,0,0,0.0010124780407033216,0,0,1.55898933406,-1.55789874373E-15,1.14130926931E-15,-0.0491697571811,1.45589159738E-16,"-7.86531333891e-15",0.012057185778409973,1.14130926931E-15
"coast-down",142,7.15,1.5469811787190697,0,0,0.0009494156250171871,0,0,1.55688807514,-1.55396153495E-15,1.30118138486E-15,-0.0420251783726,1.33426555365E-16,"3.19744231093e-15",0.009906896420930345,1.30118138486E-15
"coast-down",143,7.2,1.5470271552850525,0,0,0.0008902810656521717,0,0,1.55496176852,-1.55105271696E-15,1.11022302463E-15,-0.0385261323542,1.00948958944E-16,"-3.81916720471e-15",0.007934613234947374,1.11022302463E-15
"coast-down",144,7.25,1.5470702681905912,0,0,0.0008348297152202632,0,0,1.55323972849,-1.54768330578E-15,1.04805053525E-15,-0.0344408006642,1.03483923097E-16,"-1.24344978758e-15",0.00616946029940868,1.04805053525E-15
"coast-down",145,7.3,1.5471106957994012,0,0,0.0007828321642493932,0,0,1.5517425803,-1.54480965323E-15,6.97854472622E-16,-0.0299429637059,7.83688821031E-17,"-7.00392125249e-15",0.004631884500598815,6.97854472622E-16
"coast-down",146,7.3500000000000005,1.5471486053657753,0,0,0.0007340732920865181,0,0,1.55047641824,-1.54177445159E-15,9.24430600096E-16,-0.0253232413222,8.41136120452E-17,"4.53152254949e-15",0.003327812874224678,9.24430600096E-16
"coast-down",147,7.4,1.5471841537265358,0,0,0.0006883513769154078,0,0,1.54949729541,-1.53986391529E-15,1.07388845291E-15,-0.0195824565629,5.92401000426E-17,"2.98915705628e-15",0.0023131416834640817,1.07388845291E-15
"coast-down",148,7.45,1.54721748794989,0,0,0.0006454772612071715,0,0,1.54882819202,-1.53907350076E-15,9.23705556488E-16,-0.0133820677185,2.81693809037E-17,"-3.00365792845e-15",0.0016107040701101027,9.23705556488E-16
"coast-down",149,7.5,1.5472487459438689,0,0,0.0006052735691508795,0,0,1.5483686081,-1.53846871722E-15,1.31414153935E-15,-0.00919167844408,2.41748372716E-17,"7.80871965728e-15",0.001119862156131246,1.31414153935E-15
"coast-down",150,7.55,1.5472780570268725,0,0,0.0005675739728266885,0,0,1.54818323562,-1.53878465601E-15,1.11022302463E-15,-0.0037074495894,-2.20267993384E-18,"-4.07837029454e-15",0.0009051785931275536,1.11022302463E-15
"coast-down",151,7.6000000000000005,1.5473055424626756,0,0,0.0005322225040855354,0,0,1.54827558188,-1.53957864713E-15,1.16460129522E-15,0.00184692526134,-1.80307538823E-17,"1.08756541187e-15",0.0009700394173244309,1.16460129522E-15
"coast-down",152,7.65,1.5473313159621125,0,0,0.0004990729092885533,0,0,1.54863433446,-1.54210003771E-15,1.4921397451E-15,0.00717505160881,-6.11339914134E-17,"6.55076899755e-15",0.0013030184978874981,1.4921397451E-15
"coast-down",153,7.7,1.547355484153513,0,0,0.00046798804423668454,0,0,1.54922846732,-1.54647413124E-15,1.17000426441E-15,0.0118826572062,-1.01384630198E-16,"-6.44270961368e-15",0.0018729831664869856,1.17000426441E-15
"coast-down",154,7.75,1.5473781470238388,0,0,0.0004388393067872343,0,0,1.55002345189,-1.55147078214E-15,1.55431223448E-15,0.0158996913993,-1.24646102811E-16,"7.68615940125e-15",0.0026453048661612133,1.55431223448E-15
"coast-down",155,7.8,1.5473993983323413,0,0,0.00041150610481002634,0,0,1.55108757222,-1.55880860078E-15,1.58206781009E-15,0.0212824065071,-1.80426583097E-16,"5.55111512313e-16",0.00368817388765863,1.58206781009E-15
"coast-down",156,7.8500000000000005,1.5474193259984568,0,0,0.0003858753572820254,0,0,1.55238825215,-1.56834837609E-15,1.7763568394E-15,0.0260135987174,-2.37004940102E-16,"3.88578058619e-15",0.004968926151543318,1.7763568394E-15
"coast-down",157,7.9,1.54743801246554,0,0,0.00036184102645639004,0,0,1.55389444944,-1.57854700511E-15,1.72651009136E-15,0.0301239457505,-2.55981876767E-16,"-9.96934960883e-16",0.006456436974459967,1.72651009136E-15
"coast-down",158,7.95,1.5474555350419437,0,0,0.0003393036791704781,0,0,1.55547479076,-1.58786503952E-15,1.70234197109E-15,0.03160682628,-2.40166315124E-16,"-4.83362405279e-16",0.008019255718056284,1.70234197109E-15
"coast-down",159,8,1.5474719662208527,0,0,0.0003181700754778787,0,0,1.55705651709,-1.59637373487E-15,2.18755055222E-15,0.0316345265887,-2.39376033111E-16,"9.70417162264e-15",0.009584550869147224,2.18755055222E-15
"coast-down",160,8.05,1.547487373980198,0,0,0.000298352782902588,0,0,1.55874170173,-1.60469642796E-15,1.98098618119E-15,0.0337036928389,-2.33220411686E-16,"-4.13128742060e-15",0.011254327749802062,1.98098618119E-15
"coast-down",161,8.100000000000001,1.5475018220638905,0,0,0.00027976981471944775,0,0,1.56060996194,-1.61216248991E-15,1.79023462721E-15,0.0373652042503,-2.1621372141E-16,"-3.81503107972e-15",0.013108139876109481,1.79023462721E-15
"coast-down",162,8.15,1.5475153702455378,0,0,0.00026234429076436535,0,0,1.56264418641,-1.61907486207E-15,1.93309420758E-15,0.0406844893382,-2.16894393857E-16,"2.85719160749e-15",0.015128816164462267,1.93309420758E-15
"coast-down",163,8.200000000000001,1.547528074575735,0,0,0.00024600411937104394,0,0,1.56462102089,-1.62493767559E-15,1.31337021636E-15,0.0395366897019,-1.69182581088E-16,"-1.23944798244e-14",0.017092946314265056,1.31337021636E-15
"coast-down",164,8.250000000000002,1.5475399876139537,0,0,0.0002306816991183522,0,0,1.56674611905,-1.62928055294E-15,1.172395514E-15,0.0425019631592,-1.36686658053E-16,"-2.81949404722e-15",0.019206131436046325,1.172395514E-15
"coast-down",165,8.3,1.5475511586459876,0,0,0.00021631363915442452,0,0,1.56876843242,-1.63233331273E-15,1.62189102728E-15,0.0404462673731,-1.26654633804E-16,"8.98991026550e-15",0.02121727377401239,1.62189102728E-15
"coast-down",166,8.350000000000001,1.5475616338878537,0,0,0.0002028404969404355,0,0,1.57084331146,-1.63403407859E-15,1.9026174971E-15,0.0414975807732,-1.12969340506E-16,"5.61452939647e-15",0.023281677572146275,1.9026174971E-15
"coast-down",167,8.4,1.5475714566769947,0,0,0.00019020653232906072,0,0,1.57269248028,-1.63481339873E-15,1.64313007645E-15,0.0369833764817,-7.63549010784E-17,"-5.18974841314e-15",0.025121023603005277,1.64313007645E-15
"coast-down",168,8.450000000000001,1.5475806676515707,0,0,0.00017835947696021428,0,0,1.5744528804,-1.63332299037E-15,2.0402966528E-15,0.035208002287,-4.2026601949E-17,"7.94333152712e-15",0.026872212748429325,2.0402966528E-15
"coast-down",169,8.500000000000002,1.5475893049185854,0,0,0.00016725031802002308,0,0,1.57601703986,-1.63020133545E-15,2.16287892945E-15,0.0312831892641,-5.22865263968E-18,"2.45164553307e-15",0.028427734941414595,2.16287892945E-15
"coast-down",170,8.55,1.5475974042115395,0,0,0.00015683309546842065,0,0,1.57744644207,-1.62577006529E-15,1.7763568394E-15,0.028588044138,3.78428354388E-17,"-7.73044180109e-15",0.029849037858460603,1.7763568394E-15
"coast-down",171,8.600000000000001,1.5476049990382645,0,0,0.0001470647118964644,0,0,1.57891213051,-1.61687918912E-15,1.81336427355E-15,0.0293137688168,1.2466098235E-16,"7.40148683089e-16",0.03130713147173547,1.81336427355E-15
"coast-down",172,8.65,1.54761212081955,0,0,0.00013790475422673158,0,0,1.57998610738,-1.60687543555E-15,2.02153109067E-15,0.0214795375359,1.56653518596E-16,"4.16333634234e-15",0.032373986560449985,2.02153109067E-15
"coast-down",173,8.700000000000001,1.547618799019134,0,0,0.00012931532651914472,0,0,1.58094257763,-1.59382428733E-15,2.15827355987E-15,0.0191294049752,2.19736475391E-16,"2.73484938399e-15",0.033323778610865995,2.15827355987E-15
"coast-down",174,8.750000000000002,1.5476250612655997,0,0,0.00012126089319052294,0,0,1.58162948054,-1.58197083074E-15,1.80683354988E-15,0.0137380582079,2.12246747309E-16,"-7.02880019982e-15",0.03400441927440023,1.80683354988E-15
"coast-down",175,8.8,1.547630933466678,0,0,0.00011370813199923755,0,0,1.58206446399,-1.56883847569E-15,2.0459824311E-15,0.00869966886361,2.44847731405E-16,"4.78297762429e-15",0.034433530523321876,2.0459824311E-15
"coast-down",176,8.850000000000001,1.5476364399164309,0,0,0.00010662579618675059,0,0,1.58226195944,-1.55587649517E-15,2.44249065418E-15,0.00394990906658,2.49591994288E-16,"7.93016446161e-15",0.03462551952356918,2.44249065418E-15
"coast-down",177,8.9,1.5476416033957592,0,0,0.00009998458520569759,0,0,1.58218033302,-1.54114662306E-15,1.83852932878E-15,-0.00163252837568,2.97598893555E-16,"-1.20792265079e-14",0.03453872962424076,1.83852932878E-15
"coast-down",178,8.950000000000001,1.547646445266651,0,0,0.00009375702349970005,0,0,1.58184326292,-1.52765777044E-15,2.22044604925E-15,-0.0067414019336,2.84745971588E-16,"7.63833440943e-15",0.03419681765334914,2.22044604925E-15
"coast-down",179,9.000000000000002,1.5476509855605578,0,0,0.00008791734683340357,0,0,1.58123964581,-1.51500558382E-15,2.25423544565E-15,-0.0120723422542,2.80257634263E-16,"6.75787928035e-16",0.03358866024944218,2.25423544565E-15
"current-drift",0,0.05,8.505732282224712E-7,0.0004732297445704967,-0.0001286979964724637,0.000047354371026314673,0.018681774972459948,-0.005007774350681693,0,0,0,0,0,"0.00000000000",0.00047323050897112934,0.00012869799647246367
"current-drift",1,0.1,0.0000062671565086731634,0.0018446878398064878,-0.0004876708056302742,0.00016004041775048865,0.03595312952655624,-0.009228312622300845,-0.000118125457407,0.00515155297128,-0.000948915721262,-0.00246027586188,0.103028771217,"-0.0189783144252",0.003309203910331321,0.00046124491563172585
"current-drift",2,0.15000000000000002,0.0000194555228265341,0.004047285049483833,-0.001040076838131776,0.00030267440182878765,0.05194871411980048,-0.012760888030322888,-0.000387928023386,0.0168462400617,-0.00304746428238,-0.00610880798371,0.233876211472,"-0.0419709712224",0.012805436765626468,0.0020073874442482244
"current-drift",3,0.2,0.00004244366476994669,0.007020249439941044,-0.0017538039607974472,0.00044943109640568283,0.0667871990898316,-0.015695350606947454,-0.000595519050322,0.0257372174995,-0.00456864561339,-0.00496416888458,0.177798724856,"-0.0304236266202",0.01872783729554477,0.0028148416525925527
"current-drift",4,0.25,0.00007635839665291527,0.010708386013860538,-0.002600994515779574,0.0005819365417577847,0.08057349755959457,-0.018112053904465093,-0.000723534760283,0.0311472133778,-0.00545574340289,-0.00315058415329,0.108184338929,"-0.0177419557898",0.020454473668990693,0.002854748887110426
"current-drift",5,0.3,0.0001216472399425021,0.015061439580838335,-0.0035575771501723617,0.0006875776588404591,0.0934006453667087,-0.020082173590165838,-0.00118450557565,0.0502864311813,-0.00846182783586,-0.012458102908,0.382692639805,"-0.0601216886595",0.03524919954311409,0.0049042506856876375
"current-drift",6,0.35000000000000003,0.00017825513194793234,0.020033544318319465,-0.004602821300199992,0.0007581554032615101,0.1053513950676199,-0.021668274069256532,-0.00153999120652,0.0646222838335,-0.0105732845495,-0.0101407997107,0.286625854906,"-0.0422291342728",0.04462183391605818,0.005970463249300008
"current-drift",7,0.4,0.00024576413080648813,0.02558274649832177,-0.005718923877074081,0.0007888182959429378,0.11649957072599931,-0.022925014462604785,-0.00185121438962,0.0769108251621,-0.0123071202413,-0.00924864703124,0.245675610654,"-0.0346767138351",0.05137089621789887,0.006588196364225919
"current-drift",8,0.45,0.00032350302170938727,0.031670589242929446,-0.00689063304765972,0.0007772228941331559,0.12691122202663083,-0.023899915525434405,-0.00217844930235,0.0895918111222,-0.0140267721272,-0.0101014037831,0.253502971748,"-0.0343930377185",0.05797523358658898,0.00713613907954028
"current-drift",9,0.5,0.0004106325922149902,0.03826175007845059,-0.008104910718238293,0.0007228766597497556,0.1366456096878577,-0.02463413355757933,-0.00251495540584,0.102418293173,-0.0156979799339,-0.0107561246124,0.256392388818,"-0.0334241561349",0.06422321299169903,0.007593069215661706
"current-drift",10,0.55,0.0005062113500799098,0.04532372359601326,-0.009350633125788151,0.0006266265407334503,0.14575604879282564,-0.02516320621647336,-0.00284088783661,0.114679732776,-0.0172326464888,-0.0107434126639,0.245080052894,"-0.0306933310974",0.0694367271862661,0.00788201336301185
"current-drift",11,0.6000000000000001,0.0006092456037978135,0.05282654277718876,-0.010618327554530568,0.0004902633498206225,0.1542906322564487,-0.025517749111112153,-0.00318026015249,0.127323269398,-0.0187495200785,-0.011527180397,0.252699032177,"-0.0303374717944",0.07459304680124566,0.008131192523969433
"current-drift",12,0.6500000000000001,0.0007187271046716857,0.060742533567973274,-0.011899942403335329,0.0003162177411638178,0.16229285300073212,-0.025724092020117113,-0.00353161122474,0.140331064667,-0.0202383818069,-0.0122903575114,0.25996042246,"-0.0297772345678",0.07970194262635767,0.008338439403564673
"current-drift",13,0.7000000000000001,0.0008336608464387223,0.06904609812917886,-0.013188647454142327,0.00010732833842948454,0.1698021403838244,-0.025804850420407036,-0.00388011612517,0.153201204558,-0.0216372765234,-0.0125375274152,0.25719174364,"-0.0279778943304",0.08428701935282965,0.008448629069257675
"current-drift",14,0.7500000000000001,0.000953085119385696,0.07771352289125892,-0.014478661096704131,-0.00013333352721579746,0.17685432390819952,-0.025779432511537418,-0.00424651885861,0.166749183225,-0.0230261350533,-0.0135647124848,0.270719022866,"-0.0277771705970",0.08918735724637937,0.008547473956595868
"current-drift",15,0.8,0.0010760855057579883,0.08672280812422332,-0.01576510135002248,-0.0004025948338440581,0.1834820351333376,-0.025664484713969402,-0.00461388507623,0.18040025965,-0.024335610369,-0.0139886385946,0.272761903852,"-0.0261895063151",0.09385009690771838,0.008570509018977521
"current-drift",16,0.8500000000000001,0.001201804168254384,0.09605351622014026,-0.017043857713668877,-0.000697277439846188,0.1897150569671716,-0.025474280209414318,-0.00498983089339,0.19448819559,-0.025588971096,-0.0147255837019,0.281474096338,"-0.0250672145399",0.09862921700684678,0.008545113382331123
"current-drift",17,0.9000000000000001,0.001329445511098084,0.10568663629391802,-0.018311481132550208,-0.001014267950779634,0.1955806280498737,-0.025221055858157128,-0.00535720222766,0.208411447402,-0.0267277301713,-0.014786654681,0.278169221748,"-0.0227751815058",0.10294220745240194,0.008416249038749792
"current-drift",18,0.9500000000000001,0.0014582790727429241,0.11560446305137234,-0.01956508963281172,-0.0013505669800194886,0.20110370872467184,-0.02491530305145882,-0.00571969088437,0.222335617898,-0.0277657441596,-0.0149782843884,0.27817480082,"-0.0207602797656",0.10697225185813387,0.008200654526788278
"current-drift",19,1,0.0015876403314388863,0.12579048816314772,-0.020802287462580654,-0.001703322594258352,0.20630721407281058,-0.0245660179370864,-0.00609279106628,0.236889518061,-0.0287421553536,-0.0158239789607,0.290743335558,"-0.0195282238794",0.11136419294683073,0.007939867891019345
"current-drift",20,1.05,0.0017169299618281268,0.13622930262793898,-0.0220210958356992,-0.0020698516987740835,0.21121221863970646,-0.024180916132747057,-0.00645010659961,0.251057254577,-0.0295871067331,-0.0155256064989,0.283019307631,"-0.0168990275907",0.11511802219900992,0.0075660108974008
"current-drift",21,1.1,0.001845611965962447,0.14690650881607392,-0.023219893621858334,-0.002447652298127895,0.21583813676862193,-0.023766616611122105,-0.00681943217097,0.265949989427,-0.0303637525711,-0.0164257033546,0.297493155118,"-0.0155329167606",0.11935842352284533,0.007143858949241667
"current-drift",22,1.1500000000000001,0.0019732110102509996,0.1578086410609689,-0.02439736654892532,-0.0028344089215693695,0.2202028818633197,-0.023328798964455586,-0.0071822547784,0.280826902264,-0.0310282404791,-0.0164835666331,0.297169921683,"-0.0132897581597",0.1233584822508138,0.006630873930174683
"current-drift",23,1.2000000000000002,0.002099309226456333,0.16892309381629234,-0.025552463681611907,-0.003227992993359737,0.22432300740264227,-0.022872337776553415,-0.00755879455206,0.296516020299,-0.031611131655,-0.0174443968068,0.313387580772,"-0.0116578235167",0.1279579378429421,0.006058667973388093
"current-drift",24,1.2500000000000002,0.0022235426763637794,0.18023805652503358,-0.02668436011540497,-0.0036264595279445226,0.22821383211157478,-0.022401417370039915,-0.00793843544611,0.312567571131,-0.0320871213245,-0.0178881031518,0.32062217687,"-0.00951979339028",0.13271912535581415,0.005402761209095028
"current-drift",25,1.3,0.002345597633235011,0.19174245445653576,-0.02779242497725925,-0.004028041215622945,0.2318895513416401,-0.021919629770478434,-0.00828829372642,0.327534278573,-0.0324263652121,-0.0166981048144,0.29894993943,"-0.00678487775182",0.1362075590498769,0.004633940234840753
"current-drift",26,1.35,0.0024652067962588208,0.203425894861793,-0.028876193956809498,-0.004431140717946922,0.23536333641729107,-0.02143005834303376,-0.00865432636164,0.34333079573,-0.0326789464232,-0.0176391774233,0.315522476351,"-0.00505162422210",0.14034609116249888,0.003802752466390506
"current-drift",27,1.4000000000000001,0.002582145525023341,0.21527861787833355,-0.02993534570587582,-0.004834321799161327,0.23864742345506562,-0.020935349213688347,-0.00902086069305,0.35923618097,-0.032829945562,-0.0177683191866,0.3176956683,"-0.00301998277602",0.14442440834079182,0.0028945998561241797
"current-drift",28,1.4500000000000002,0.00269622815801696,0.2272914516858237,-0.03096968154191108,-0.005236299769195013,0.24175319295099923,-0.02043777228474373,-0.00938861400903,0.375221315875,-0.0328836009368,-0.0178621714237,0.319288043948,"-0.00107310749575",0.1484226671678911,0.001913919394888917
"current-drift",29,1.5000000000000002,0.002807304461083555,0.2394557714738115,-0.03197910797478528,-0.00563593159604494,0.2446912412528022,-0.019939273390925143,-0.00975837335281,0.391256270228,-0.0328455773731,-0.017922850944,0.320283256889,"0.000760471273525",0.15231968907840826,0.0008664693983147231
"current-drift",30,1.55,0.002915256237617578,0.2517634618352012,-0.03296362164777924,-0.006032205953777009,0.24747144488134593,-0.0194415189144952,-0.0101309527318,0.407310975008,-0.0327230724036,-0.0179529086161,0.320678401927,"0.00245009938942",0.15609366554321072,0.00024054924417923895
"current-drift",31,1.6,0.0030199941212882093,0.2642068822442948,-0.033923296344552496,-0.006424233401211659,0.2501030185366994,-0.01894593398166855,-0.0105168173747,0.423765085651,-0.0325189220562,-0.0184127256185,0.328657315394,"0.00408300694829",0.16013140085521466,0.0014043742883524946
"current-drift",32,1.6500000000000001,0.003121454563589233,0.27677883531756015,-0.03485827176565464,-0.006811236831271583,0.25259456751368914,-0.01845373519458336,-0.0109143086725,0.440470760505,-0.032241438284,-0.0187161278232,0.333683585491,"0.00554967544467",0.16429257141206952,0.0026168334816546387
"current-drift",33,1.7000000000000002,0.0032195970220092935,0.2894725375895317,-0.03576874382217875,-0.007192542288480253,0.25495413515770793,-0.017965958709578633,-0.0112873952977,0.455881753165,-0.0319336365311,-0.0172988362584,0.307824472083,"0.00615603505673",0.16704035397055045,0.0038351072910787487
"current-drift",34,1.7500000000000002,0.0033144013496946194,0.30228159256613657,-0.03665495623155483,-0.007567570219488402,0.2571892459107637,-0.017483484350275844,-0.011673093183,0.471506608543,-0.0315815026505,-0.0175775988585,0.312097701691,"0.00704267761242",0.16988740690450616,0.005073453581054834
"current-drift",35,1.8,0.0034058653838038213,0.3151999658438746,-0.037517193232236616,-0.007935827196627119,0.25930694442844027,-0.017007056340017836,-0.0120895417759,0.488002476454,-0.031178630691,-0.0186096288354,0.329497369865,"0.00805743918973",0.17349586541531045,0.006338562541236617
"current-drift",36,1.85,0.003494002727068378,0.32822196210617877,-0.03835577326099564,-0.008296898135654072,0.2613138311887945,-0.016537301149960455,-0.0124780901371,0.503035472085,-0.0307957215412,-0.0170248581222,0.300278079763,"0.00765818299727",0.1755416503898065,0.007560051719795638
"current-drift",37,1.9000000000000001,0.00357884071516208,0.341342203828389,-0.03917104345942851,-0.008650439014746939,0.2632160949627718,-0.016074742884249843,-0.0128767567212,0.518101254046,-0.0304081231415,-0.017130676791,0.300933926921,"0.00775196799285",0.17752337457591197,0.008762920317928512
"current-drift",38,1.9500000000000002,0.0036604185611794557,0.35455561154045395,-0.0399633748957245,-0.008996170091362048,0.26501954247125864,-0.015619816560260031,-0.0132933817926,0.53346780334,-0.0300205407837,-0.0175536035739,0.306942399269,"0.00775164715583",0.17971367149149606,0.009942834112024497
"current-drift",39,2,0.003738785667692471,0.36785738551206143,-0.040733158404257584,-0.009333869605996402,0.26672962551537516,-0.015172879588095123,-0.0137091973243,0.548440734502,-0.0296617907225,-0.0171938290361,0.299080257274,"0.00717500122425",0.18142430389258993,0.011071367681757583
"current-drift",40,2.05,0.003814000096389214,0.3812429887386559,-0.04148080095960758,-0.009663367956522942,0.2683514658331782,-0.014734221708006808,-0.0141423308858,0.563677478139,-0.0293273237447,-0.0175947233603,0.304349815581,"0.00668933955544",0.18331604606554824,0.01215347721490758
"current-drift",41,2.1,0.0038861271851123765,0.3947081311189746,-0.04220672251355529,-0.0099845423231059,0.2698898779068585,-0.014304073605784376,-0.0145794707062,0.578718427637,-0.0290380847759,-0.0174730904401,0.300438333644,"0.00578477937729",0.1849344952412482,0.013168637737655291
"current-drift",42,2.15,0.00395523830214112,0.40824875472551647,-0.042911353233759726,-0.010297311721348032,0.2713493899191628,-0.013882614393471904,-0.0150170525309,0.593474095364,-0.0288034017898,-0.0172470996278,0.294738902638,"0.00469365972119",0.18619445382206137,0.014107951443959725
"current-drift",43,2.1999999999999997,0.00402140972774351,0.4218610200789321,-0.04359513109148109,-0.010601632459962786,0.2727342630356236,-0.013469978115047892,-0.0154538100975,0.607942434357,-0.0286286059135,-0.0170146078619,0.288998164815,"0.00349591752527",0.1870977737092761,0.014966525177981088
"current-drift",44,2.25,0.004084721653325414,0.4355412933458358,-0.04425849975309098,-0.010897493978658246,0.27404850916979473,-0.013066259413197303,-0.015895145077,0.622341247493,-0.0285157981799,-0.0170338712336,0.287607520329,"0.00225615467361",0.18786542508919576,0.01574270157319098
"current-drift",45,2.3,0.004145257288882116,0.44928613438712234,-0.04490190673640581,-0.01118491504187516,0.27529590737169113,-0.012671518473363867,-0.0163423332297,0.636749014782,-0.0284691940548,-0.0171425812066,0.287783992106,"0.000932082500932",0.18857908922041514,0.01643271268160581
"current-drift",46,2.35,0.004203102069894376,0.4630922855906365,-0.0455258017982538,-0.011463940264390057,0.27648001896469404,-0.012285785344341627,-0.0167821317699,0.650784651915,-0.0284906829606,-0.0167890169349,0.280348251114,"-0.000429778114908",0.18886186596491608,0.017035118837653802
"current-drift",47,2.4,0.004258342955280894,0.4769566614280881,-0.046130635524279956,-0.011734636945460546,0.27760420154303234,-0.011909063720284321,-0.0172309733758,0.665016859147,-0.0285812793909,-0.0171075520647,0.284271356732,"-0.00181192860611",0.1892839895037441,0.017549356133379955
"current-drift",48,2.45,0.004311067808508071,0.4908763386815181,-0.04671685809592292,-0.01199709218906393,0.27867162193035383,-0.011541334256787099,-0.0176520617108,0.678325615268,-0.0287273154125,-0.0160637368877,0.265823396827,"-0.00292072043350",0.18873158281293906,0.017989542683422923
"current-drift",49,2.5,0.004361364854453407,0.5048485472894695,-0.04728491821286405,-0.012251410288793181,0.2796852681896535,-0.01118255748329614,-0.0180935687096,0.692276033583,-0.0289414138092,-0.0169002115174,0.278636003941,"-0.00428196793348",0.18876781150312053,0.018343504403664043
"current-drift",50,2.55,0.004409322205111623,0.5188706617673768,-0.04783526215213389,-0.01249771035707305,0.2806479607657559,-0.010832676365248447,-0.0185341329171,0.706235999646,-0.0292125105469,-0.0169624779051,0.278822836349,"-0.00542193475444",0.18876485894179448,0.01862275160523389
"current-drift",51,2.6,0.0044550274477156634,0.5329401931606018,-0.04836833294753837,-0.012736124179503434,0.2815623628335073,-0.010491618561800472,-0.0189697594522,0.720120411714,-0.0295312301585,-0.016908015396,0.277309910724,"-0.00637439223119",0.1886402789941861,0.01883710278903837
"current-drift",52,2.65,0.0044985672893130615,0.547054781492071,-0.048884569675194195,-0.012966794276296626,0.2824309899176917,-0.010159298418571173,-0.0194178372666,0.734529999384,-0.0299046094504,-0.0175745268512,0.287794948236,"-0.00746758583787",0.1889945812199608,0.018979960224794194
"current-drift",53,2.7,0.0045400272522882375,0.5612121886696556,-0.049384406832794055,-0.01318987215392723,0.28325621884433105,-0.00983561872933418,-0.0198483686017,0.748537987677,-0.0302986115086,-0.0170938279244,0.27977033142,"-0.00788004116390",0.18890671990712984,0.01908579532419406
"current-drift",54,2.75,0.004579491415750589,0.5754102918213048,-0.049868273801797994,-0.013405516731241659,0.284040296077368,-0.00952047229590285,-0.0202767616297,0.762673843353,-0.0307165433317,-0.0172465459143,0.282320617689,"-0.00835863646256",0.18890598467947847,0.019151730470097994
"current-drift",55,2.8,0.0046170421981153115,0.5896470770285451,-0.05033659438310696,-0.013613892925366614,0.28478534548967865,-0.009213743311440831,-0.0207189712359,0.777512237476,-0.0311653401554,-0.0180872722572,0.296348184357,"-0.00897593647342",0.18956590433587087,0.019171254227706956
"current-drift",56,2.85,0.004652760176587882,0.6039206334313143,-0.050789786397948046,-0.013815170383804478,0.28549337561284327,-0.008915308588997714,-0.0211202551219,0.791223199257,-0.0315787807655,-0.0166797463292,0.273829119618,"-0.00826881220231",0.18906744691369115,0.01921100563244805
"current-drift",57,2.9,0.004686723939623781,0.618229147679231,-0.05122826134671546,-0.014009522350102865,0.2861662864060635,-0.008625038654128067,-0.0214229881545,0.801718731576,-0.0318900681922,-0.0127445124565,0.209610867523,"-0.00622574853454",0.18533791966094657,0.01933819315451546
"current-drift",58,2.95,0.004719009968772477,0.6325708987063461,-0.05165242411938957,-0.014197124651432604,0.2868058755809862,-0.008342798717930096,-0.0215969729044,0.807858851069,-0.0320656878917,-0.00741497456203,0.12262770235,"-0.00351239399010",0.17725235456284674,0.01958673622768957
"current-drift",59,3,0.004749692546629361,0.6469442528081828,-0.05206267275191758,-0.01437815479730149,0.28741384451594065,-0.008068449544675076,-0.0217709576543,0.813998970562,-0.0322413075912,-0.00743651028781,0.122626398243,"-0.00351239399010",0.16914675170066845,0.01982136516071758
"current-drift",60,3.05,0.004778843687911925,0.6613476590014813,-0.05245939822360041,-0.014552791179470139,0.28799180379016953,-0.0078018482263384654,-0.0227253514727,0.848902132474,-0.0331172673998,-0.0421911313526,0.697048448857,"-0.0175191961714",0.18956044226311242,0.019342130823800412
"current-drift",61,3.1,0.004806533090947797,0.6757796446485289,-0.052842984291104796,-0.014721212363921795,0.2885412783659976,-0.007542848874743497,-0.0231802937912,0.86617281202,-0.0334663585212,-0.0206513288854,0.344915729428,"-0.00698182242703",0.19243913495095613,0.019376625769904794
"current-drift",62,3.15,0.004832828107113309,0.6902388113292957,-0.053213807355219814,-0.014883596466471197,0.2890637124445061,-0.007291303240650313,-0.0235715080339,0.881346892049,-0.0337191336455,-0.0180510348615,0.30304531257,"-0.00505550248688",0.19320741400883326,0.019494673709719815
"current-drift",63,3.2,0.004857793725992995,0.704723830945817,-0.0535722363569135,-0.015040120604280694,0.2895604740181359,-0.007047061267936195,-0.0239468665424,0.896177341029,-0.0339134546253,-0.017559960597,0.296183882357,"-0.00388641959506",0.19360825131266743,0.0196587817316135
"current-drift",64,3.25,0.004881492574243968,0.7192334420443867,-0.05391863269962594,-0.0151909604161864,0.2900328591417007,-0.006809971589987719,-0.0243451789217,0.912183498911,-0.0340619246722,-0.0188635292581,0.319666176527,"-0.00296940093795",0.19515102554575817,0.019856708027425944
"current-drift",65,3.3,0.004903984926345475,0.7337664463421476,-0.05425335019506886,-0.01533628964532606,0.29048209594153784,-0.006579881974540493,-0.0247339677999,0.928036957964,-0.0341457375397,-0.0185957023156,0.316618900493,"-0.00167625735049",0.19651829412962915,0.020107612655368864
"current-drift",66,3.35,0.004925328725594222,0.7483217054456125,-0.054576735030093776,-0.015476279778105556,0.29090934838093,-0.0063566397224366095,-0.0251113653761,0.94360127978,-0.0341669969396,-0.0181771997849,0.310846917984,"-0.000425187998493",0.19757609962942968,0.020409738090493776
"current-drift",67,3.4,0.004945579613871278,0.7628981377495072,-0.054889125752447324,-0.015611099734045345,0.29131571979848664,-0.006140092025107105,-0.0254919495255,0.959422807287,-0.0341278221553,-0.0184042400878,0.315986573642,"0.000783495686941",0.19886776741576506,0.020761303597147326
"current-drift",68,3.45,0.0049647909688575985,0.7774947155051295,-0.05519085327345813,-0.01574091560151388,0.29170225623486185,-0.005930086285012132,-0.0258542464004,0.974550190969,-0.0340354664299,-0.0175371042152,0.302125881738,"0.00184711450793",0.19945092999196512,0.02115538684355813
"current-drift",69,3.5,0.0049830139475133825,0.7921104620481445,-0.055482240885898315,-0.015865890414784912,0.29206994956198945,-0.005726470402772835,-0.0262411602496,0.990718786843,-0.0338805050391,-0.0186877440246,0.322924211184,"0.00309922781612",0.20104779464622458,0.021601735846798316
"current-drift",70,3.55,0.0050002975347625345,0.8067444491764163,-0.055763604295438494,-0.015986183968251525,0.2924197404279278,-0.005529093034295502,-0.0266308785792,1.00695618818,-0.0336716747299,-0.0187226922183,0.324301547762,"0.00417660618291",0.2026950214908882,0.022091929565538494
"current-drift",71,3.6,0.005016688596438394,0.8213957946690952,-0.05603525166427037,-0.016101952663994615,0.2927525210294143,-0.005337803820811395,-0.0269979459579,1.0221518356,-0.0334335650578,-0.0174962453224,0.30349770502,"0.00476219344162",0.20329270718817957,0.022601686606470366
"current-drift",72,3.65,0.005032231935651402,0.8360636599387578,-0.05629748366560886,-0.016213349389238883,0.2930691377233234,-0.005152453594427012,-0.0273768973198,1.03769088664,-0.0331533401029,-0.0178764038915,0.3103590159,"0.00560449909767",0.2042153035556609,0.023144143562708865
"current-drift",73,3.7,0.005046970351834323,0.850747247808927,-0.05655059354790823,-0.01632052342053791,0.2933703934873924,-0.004972894561492753,-0.0277732871414,1.05373767673,-0.0328321942974,-0.0184586575492,0.320502600155,"0.00642291611068",0.20562656330222365,0.02371839925050823
"current-drift",74,3.75,0.0050609447018068405,0.8654458004097935,-0.056794867207735286,-0.016423620351813207,0.293657050239822,-0.004798980465847287,-0.0281742561281,1.06971643596,-0.0324885198365,-0.0183958462212,0.31914605119,"0.00687348921903",0.2069566890010795,0.024306347371235288
"current-drift",75,3.8,0.005074193962279337,0.8801585971854137,-0.05703058327034052,-0.01652278204363204,0.2939298310266631,-0.004630566733775633,-0.0285661530621,1.08506102942,-0.0321440438679,-0.0176969368106,0.306481436702,"0.00688951937083",0.2076455626387666,0.024886539402440518
"current-drift",76,3.85,0.005086755293286367,0.8948849530060848,-0.05725801317705454,-0.016618146591347464,0.29418942208526383,-0.004467510602326577,-0.0289554917139,1.10002275154,-0.0318021424504,-0.0172975280453,0.298835541628,"0.00683802834944",0.20794323977624155,0.02545587072665454
"current-drift",77,3.9,0.0050986641021040745,0.9096242163799892,-0.05747742127871554,-0.016709848309942574,0.2944364747914672,-0.004309671232466288,-0.0293607435648,1.11528823238,-0.0314550046436,-0.0177029595585,0.304903687878,"0.00694275613621",0.20853090479352585,0.026022416635115536
"current-drift",78,3.95,0.005109954107263391,0.9243757677585633,-0.05768906493440321,-0.016798017733621277,0.2946716074977096,-0.004156909808396432,-0.0297763551383,1.13061938142,-0.0311162123063,-0.0178476139853,0.306215950235,"0.00677584674761",0.2091733318300998,0.026572852628103213
"current-drift",79,4,0.005120657402322639,0.9391390179303891,-0.05789319461481796,-0.016882781628371295,0.29489540726867824,-0.004009089624234237,-0.0302028023171,1.14601828383,-0.0307940064865,-0.0180072792287,0.307569437687,"0.00644411639484",0.20987324142374975,0.027099188128317964
"current-drift",80,4.05,0.005130804519109816,0.9539134064987187,-0.058090054009700805,-0.01696426301589289,0.29510843152072713,-0.0038660761591364614,-0.0306230063313,1.16088047573,-0.0305075940739,-0.0174669574637,0.296849175924,"0.00572824825322",0.2100326230291686,0.027582459935800805
"current-drift",81,4.1,0.005140424490186586,0.9686984004380378,-0.058279880138741344,-0.01704258120744016,0.2953112095708342,-0.00372773714184704,-0.0310533602515,1.1758026957,-0.030251301308,-0.0176300948365,0.298047514767,"0.00512585531755",0.21024314297945984,0.028028578830741346
"current-drift",82,4.15,0.005149544910323554,0.983493492725349,-0.058462903465467224,-0.017117851846262116,0.2955042441004915,-0.003593942605557636,-0.0314850708233,1.19049559316,-0.0300356570615,-0.0174552066534,0.293466113256,"0.00431288492860",0.21021884942675245,0.028427246403967224
"current-drift",83,4.2,0.00515819199680983,0.998298201042109,-0.058639348013651615,-0.01719018695745869,0.29568801253956495,-0.0034645649338899513,-0.0319225625206,1.20513321642,-0.0298623943449,-0.0174869231296,0.292360689988,"0.00346525433285",0.2101325913368814,0.02877695366875161
"current-drift",84,4.25,0.005166390648449837,1.0131120665429947,-0.05880943148581324,-0.01725969500418379,0.29586296837482684,-0.003339478898737063,-0.0323712290728,1.21991533589,-0.0297340618762,-0.0177587184441,0.29524493388,"0.00256664937340",0.2101824567059467,0.02907536960961324
"current-drift",85,4.3,0.005174164503126905,1.0279346526878965,-0.05897336538341903,-0.017326480949234186,0.29602954238755963,-0.0032185616906372657,-0.0328332688309,1.23493408574,-0.0296551932369,-0.0181431051625,0.299968929749,"0.00157737278631",0.21045980678631432,0.029318172146519036
"current-drift",86,4.35,0.00518153599383685,1.042765544133744,-0.05913135512843199,-0.017390646321160164,0.2961881438243453,-0.003101692942296845,-0.0332867074169,1.24951221807,-0.0296302953796,-0.017702614306,0.291165995647,"0.000497957146705",0.21029501405124246,0.02950105974883199
"current-drift",87,4.4,0.005188526403115675,1.0576043456829651,-0.059283600185875515,-0.0174522892841226,0.2963391615048911,-0.0029887547458270977,-0.0337175979921,1.26325389035,-0.0296540490833,-0.016762752771,0.27445709976,"-0.000475074074415",0.2092974479949881,0.029629551102575515
"current-drift",88,4.45,0.005195155915804028,1.0724506812855639,-0.059430294187113514,-0.017511504710801627,0.29648296487049935,-0.0028796316642150234,-0.0341697079735,1.27759208012,-0.0297274988285,-0.0175617193697,0.28636833217,"-0.00146899490293",0.208884144981788,0.029702795358613514
"current-drift",89,4.5,0.005201443670107342,1.087304193091971,-0.05957162505356981,-0.017568384257735575,0.2966199049765616,-0.002774210737505784,-0.034622333209,1.29190336925,-0.0298480748375,-0.0175904926308,0.285828132157,"-0.00241152018064",0.20843885455802408,0.02972355021606981
"current-drift",90,4.55,0.005207407806924883,1.1021645405539835,-0.05970777512063384,-0.017623016442535562,0.29675031543224745,-0.002672381484137739,-0.0350823244193,1.30644305621,-0.0300152732403,-0.0179226234064,0.290386664759,"-0.00334396805606",0.2082137711139354,0.02969250188033384
"current-drift",91,4.6,0.005213065517433421,1.1170313995712604,-0.059838921261520364,-0.01767548672248173,0.2968745132903624,-0.002574035897837136,-0.0355527041891,1.32134818411,-0.030228012624,-0.0184129733732,0.297682045599,"-0.00425478767451",0.20834393781441277,0.029610908637520365
"current-drift",92,4.65,0.005218433088922113,1.13190446168098,-0.05996523501087091,-0.017725877574062257,0.29699279989005295,-0.0024790684401131092,-0.0359964759156,1.33548241777,-0.0304621335738,-0.0174811634653,0.282283203132,"-0.00468241899517",0.20770809548410482,0.02950310143707091
"current-drift",93,4.7,0.005223525948880989,1.1467834332883438,-0.0600868826877283,-0.017774268573019246,0.2971054616525962,-0.002387376021642167,-0.036424513119,1.34921527191,-0.0307135362392,-0.0169910706847,0.274264658623,"-0.00502805330763",0.2066717408015522,0.0293733464485283
"current-drift",94,4.75,0.005228358707354459,1.161668034935752,-0.06020402551759584,-0.017820736474527175,0.2972127708385804,-0.0022988579900880997,-0.0368697889038,1.36363950571,-0.0309960307098,-0.0178416861549,0.288070114263,"-0.00564988941364",0.20631221252995044,0.029207994807795845
"current-drift",95,4.8,0.005232945197596707,1.1765580006088954,-0.06031681975418918,-0.017865355293408422,0.29731498626837094,-0.0022134161235147507,-0.0373153955185,1.37824883463,-0.0312935079881,-0.0180498196434,0.291764676959,"-0.00594954556499",0.20612994403002635,0.029023311766089174
"current-drift",96,4.8500000000000005,0.005237298515051051,1.1914530770777618,-0.06042541680046175,-0.01790819638404867,0.29741235400125887,-0.0021309546096218443,-0.037770476167,1.39338263299,-0.0316052543588,-0.0186616259999,0.302237198482,"-0.00623492741526",0.20645874705135608,0.028820162441661745
"current-drift",97,4.9,0.005241431054679692,1.206353023270666,-0.06052996332850325,-0.017949328519708513,0.2975051079790707,-0.0020513800220366063,-0.0381998680519,1.40788798726,-0.0318997107877,-0.0178362312964,0.289685589681,"-0.00588912857804",0.20616374118222022,0.028630252540803255
"current-drift",98,4.95,0.005245354546679924,1.2212576096795982,-0.060630601398198376,-0.01798881797103174,0.29759347063636193,-0.0019746012944678285,-0.0386193430809,1.42229425635,-0.0321810578482,-0.0176557360363,0.287706263972,"-0.00562694120959",0.20576648172731882,0.028449543549998374
"current-drift",99,5,0.00524908009062618,1.23616661779528,-0.06072746857454397,-0.01802672858357779,0.2976776534790013,-0.0019005296929201013,-0.039052947194,1.43745307697,-0.0324583598853,-0.0185063957245,0.302735289365,"-0.00554604074128",0.2061041199700385,0.028269108689243965
"current-drift",100,5.05,0.005252618188080012,1.2510798395704052,-0.06082069804353224,-0.018063121854230372,0.29775785763284984,-0.0018290787861545451,-0.0394585519272,1.45189216476,-0.0326991418456,-0.0175489910871,0.288362170532,"-0.00481563920632",0.20572962519075633,0.02812155619793224
"current-drift",101,5.1000000000000005,0.005255978773712221,1.26599707690962,-0.060910418726516924,-0.018098057006355927,0.2978342743641408,-0.001760164414571593,-0.0398702997372,1.46681806695,-0.0329190641314,-0.0180556545099,0.298085273532,"-0.00439844571506",0.20582869346386765,0.027991354595116928
"current-drift",102,5.15,0.005259171244982902,1.2809181411848751,-0.060996755392987545,-0.018131591063605467,0.29790708557307605,-0.0016937046576811351,-0.0402786292161,1.48189096626,-0.0331072115417,-0.0181407245217,0.301022465569,"-0.00376294820659",0.20606738628300722,0.027889543851287547
"current-drift",103,5.2,0.005262204490426356,1.295842852774858,-0.06107982877168523,-0.018163778922270887,0.29797646426206215,-0.0016296198002992992,-0.0406992518516,1.49769883495,-0.0332642813775,-0.0189226073644,0.315702691392,"-0.00314139671654",0.20702244566464584,0.027815547394185226
"current-drift",104,5.25,0.005265086916588065,1.3107710406272715,-0.06115975565998065,-0.0181946734221173,0.2980425749795095,-0.00156783229645264,-0.0411034111726,1.51314566553,-0.0333757849151,-0.0183877724298,0.308494826061,"-0.00223007075135",0.20761870440682142,0.02778397074488065
"current-drift",105,5.3,0.005267826473660257,1.3257025418427708,-0.06123664903139664,-0.01822432541561462,0.29810557424100387,-0.0015082667325842102,-0.0414867281745,1.52801372547,-0.0334426417976,-0.0176047438575,0.29693859345,"-0.00133713765093",0.20764345258398642,0.027794007233796637
"current-drift",106,5.3500000000000005,0.005270430679867856,1.3406372012795231,-0.06131061814139511,-0.018252783835566833,0.2981656109303883,-0.001450849793868359,-0.041889983568,1.54386250207,-0.0334693511486,-0.0186675758419,0.316528127435,"-0.000534187019347",0.2086255678324455,0.027841266992795106
"current-drift",107,5.4,0.005272906644653021,1.3555748711773434,-0.061381768631391005,-0.018280095761104804,0.2982228266793947,-0.0013955102269223398,-0.0422834362837,1.55949919593,-0.0334513973845,-0.0183240862772,0.31229573784,"0.000359075281832",0.20939612216692563,0.027930371246891003
"current-drift",108,5.45,0.00527526109070383,1.3705154108003883,-0.061450202630869526,-0.018306306481993204,0.2982773562278136,-0.0013421788015235225,-0.0426580853205,1.57451446063,-0.033394093728,-0.0175153625084,0.299887689562,"0.00114607313058",0.20955480913011948,0.028056108902869525
"current-drift",109,5.5,0.0052775003748740616,1.385458686097469,-0.06151601885757732,-0.018331459561235074,0.29832932776537185,-0.0012907882718668244,-0.0430442100557,1.59008138308,-0.0332951479546,-0.0180823592346,0.310908821101,"0.00197891546777",0.21025088779679624,0.02822087090297732
"current-drift",110,5.55,0.0052796305080403455,1.4004045693790954,-0.061579312715766936,-0.018355596895966345,0.2983788632562744,-0.0012412733374555559,-0.0434426969022,1.60620008939,-0.0331535815965,-0.0186512563841,0.321932795136,"0.00283132716130",0.21148442317303007,0.028425731119266943
"current-drift",111,5.6000000000000005,0.005281657173942039,1.4153529390104118,-0.06164017639247857,-0.01837875877663951,0.2984260787473136,-0.0011935706037133295,-0.0438312194479,1.62192256063,-0.032981413357,-0.0181353314041,0.31402218158,"0.00344336479048",0.21232777309182174,0.02865876303547857
"current-drift",112,5.65,0.0052835857470482205,1.4303036791192238,-0.06169869895184711,-0.018400983944501636,0.298471084660401,-0.0011476185423993101,-0.044199315884,1.63678502547,-0.0327920195506,-0.0171036287944,0.296848123287,"0.00378787612813",0.21232782188082935,0.02890667940124711
"current-drift",113,5.7,0.00528542130949507,1.4452566793183617,-0.06175496642742665,-0.018422309647377164,0.2985139860703306,-0.0011033574519039157,-0.0445887579327,1.65243423398,-0.0325693493778,-0.0179765989911,0.312564551364,"0.00445340345573",0.21309615883600233,0.029185617049626654
"current-drift",114,5.75,0.0052871686671357495,1.46021183444166,-0.06180906191252836,-0.018442771693770614,0.29855488296853755,-0.001060729417497079,-0.0449781678227,1.66796835316,-0.0323304039102,-0.0178268650208,0.310268274707,"0.00477890935281",0.2137507312792179,0.029478658002328358
"current-drift",115,5.8,0.005288832364743655,1.475169044292874,-0.061861065648570905,-0.01846240450530819,0.29859387051357816,-0.0010196782715964092,-0.0453670580488,1.68333634748,-0.0320822540315,-0.0176329086038,0.306952235033,"0.00496299757329",0.2142420251719765,0.0297788116170709
"current-drift",116,5.8500000000000005,0.005290416700408668,1.4901282134068865,-0.06191105511144617,-0.01848124116754077,0.2986310392690146,-0.0009801495541179688,-0.0457615543339,1.69875081243,-0.0318275922674,-0.0176963793983,0.307882089383,"0.00509323528206",0.21477824044731966,0.03008346284404617
"current-drift",117,5.9,0.005291925739164706,1.5050892508225897,-0.061959105095905756,-0.018499313479133684,0.2986664754293544,-0.0009420904729679851,-0.0461531547199,1.71385840913,-0.0315783174352,-0.0173679670332,0.301754014474,"0.00498549664338",0.21501431990410352,0.030380787660705753
"current-drift",118,5.95,0.005293363325885561,1.5200520698668638,-0.06200528779797676,-0.018516651999471154,0.2987002610346575,-0.0009054498647266942,-0.0465467441729,1.72883501741,-0.0313372329041,-0.017252897262,0.299138464413,"0.00482169062321",0.21512256025411564,0.030668054893876757
"current-drift",119,6,0.005294733097484613,1.5350165879490951,-0.06204967289541465,-0.018533286094704487,0.29873247417432197,-0.0008701781553979349,-0.0469432189072,1.74370393222,-0.0311092971785,-0.0171753956161,0.296987766946,"0.00455871451044",0.21512603582199652,0.030940375716914652
