time,mss_x,mss_z,mss_u,mss_psi,wp_idx
0.0,12.004208968935634,12.004208968935634,0.07142857142857142,0.7853981633974482,0
0.08333333333333333,12.012617361068965,12.012617361068965,0.14269514631249325,0.7853981633974482,0
0.16666666666666666,12.025213670706474,12.025213670706474,0.21376646310258735,0.7853981633974482,0
0.25,12.041984452450249,12.041984452450249,0.2846096039237592,0.7853981633974482,0
0.3333333333333333,12.062914345015066,12.062914345015066,0.3551920550901071,0.7853981633974482,0
0.41666666666666663,12.087986098520991,12.087986098520991,0.42548176608664645,0.7853981633974482,0
0.49999999999999994,12.11718060515794,12.11718060515794,0.4954472067931417,0.7853981633974482,0
0.5833333333333333,12.150476933106034,12.150476933106034,0.5650574227370146,0.7853981633974482,0
0.6666666666666666,12.18785236358385,12.18785236358385,0.6342820881751104,0.7853981633974482,0
0.75,12.22928243088561,12.22928243088561,0.7030915568181179,0.7853981633974482,0
0.8333333333333334,12.274740965258358,12.274740965258358,0.7714569100265241,0.7853981633974482,0
0.9166666666666667,12.324200138460986,12.324200138460986,0.8393500023229924,0.7853981633974482,0
1.0,12.377630511838804,12.377630511838804,0.9067435040828242,0.7853981633974482,0
1.0833333333333333,12.435001086740272,12.435001086740272,0.9736109412815515,0.7853981633974482,0
1.1666666666666665,12.496279357096384,12.496279357096384,1.039926732196543,0.7853981633974482,0
1.2499999999999998,12.561431363978233,12.561431363978233,1.1056662209776325,0.7853981633974482,0
1.333333333333333,12.630421751944306,12.630421751944306,1.1708057080200278,0.7853981633974482,0
1.4166666666666663,12.70321382698624,12.70321382698624,1.235322477090994,0.7853981633974482,0
1.4999999999999996,12.779769615879948,12.779769615879948,1.2991948191798468,0.7853981633974482,0
1.5833333333333328,12.860049926748294,12.860049926748294,1.3624020530585246,0.7853981633974482,0
1.666666666666666,12.944014410641744,12.944014410641744,1.4249245425572772,0.7853981633974482,0
1.7499999999999993,13.03162162394468,13.03162162394468,1.486743710576691,0.7853981633974482,0
1.8333333333333326,13.12282909141727,13.12282909141727,1.5478420498732595,0.7853981633974482,0
1.9166666666666659,13.217593369685838,13.217593369685838,1.6082031306708853,0.7853981633974482,0
1.9999999999999991,13.315831747974022,13.315831747974022,1.6671605630482493,0.7853981633974482,0
2.0833333333333326,13.417223816795724,13.417223816795724,1.720680466136615,0.7853981633974482,0
2.166666666666666,13.52147754439681,13.52147754439681,1.7692444260168492,0.7853981633974482,0
2.2499999999999996,13.628326975128909,13.628326975128909,1.8132949688781559,0.7853981633974482,0
2.333333333333333,13.737530075645884,13.737530075645884,1.8532380696515907,0.7853981633974482,0
2.4166666666666665,13.848866726974254,13.848866726974254,1.8894456275734224,0.7853981633974482,0
2.5,13.962136858747183,13.962136858747183,1.9222578787807652,0.7853981633974482,0
2.5833333333333335,14.07715872058357,14.07715872058357,1.9519857237410958,0.7853981633974482,0
2.666666666666667,14.19376728466111,14.19376728466111,1.9789129536877166,0.7853981633974482,0
2.7500000000000004,14.311812772906437,14.311812772906437,2.0032983654419363,0.7853981633974482,0
2.833333333333334,14.431159301847588,14.431159301847588,2.0253777582087475,0.7853981633974482,0
2.9166666666666674,14.551683637993523,14.551683637993523,2.045365809283152,0.7853981633974482,0
3.000000000000001,14.673274056579812,14.673274056579812,2.0634578282322136,0.7853981633974482,0
3.0833333333333344,14.795829296613231,14.795829296613231,2.0798313911418305,0.7853981633974482,0
3.166666666666668,14.919257605331453,14.919257605331453,2.094647858040969,0.7853981633974482,0
3.2500000000000013,15.043475865442996,15.043475865442996,2.108053777729596,0.7853981633974482,0
3.333333333333335,15.168408798807688,15.168408798807688,2.120182185016807,0.7853981633974482,0
3.4166666666666683,15.293988240543012,15.293988240543012,2.131153795888036,0.7853981633974482,0
3.5000000000000018,15.420152477884628,15.420152477884628,2.1410781064196684,0.7853981633974482,0
3.5833333333333353,15.546845648479968,15.546845648479968,2.150054401391739,0.7853981633974482,0
3.6666666666666687,15.67401719314464,15.674017193144639,2.1581726785525825,0.7853981633974482,0
3.750000000000002,15.801621358456648,15.801621358456647,2.165514494394462,0.7853981633974482,0
3.8333333333333357,15.929616744898777,15.929616744898775,2.1721537371317123,0.7853981633974482,0
3.916666666666669,16.057965896581962,16.057965896581962,2.178157332353306,0.7853981633974482,0
4.000000000000003,16.186634928889823,16.186634928889823,2.1835858865663957,0.7853981633974482,0
4.083333333333336,16.315593190675557,16.315593190675557,2.188494273569333,0.7853981633974482,0
4.166666666666669,16.444812957916273,16.444812957916273,2.1929321683021676,0.7853981633974482,0
4.250000000000002,16.574269155986354,16.574269155986354,2.1969445325275934,0.7853981633974482,0
4.333333333333335,16.70393910795063,16.70393910795063,2.2005720564017666,0.7853981633974482,0
4.416666666666668,16.83380230650041,16.83380230650041,2.203851559706952,0.7853981633974482,0
4.500000000000001,16.963840207361287,16.963840207361287,2.2068163562397776,0.7853981633974482,0
4.583333333333334,17.094036042191846,17.094036042191846,2.209496584582384,0.7853981633974482,0
4.666666666666667,17.224374649167558,17.224374649167558,2.2119195082304466,0.7853981633974482,0
4.75,17.35484231960539,17.35484231960539,2.214109787812861,0.7853981633974482,0
4.833333333333333,17.4854266591325,17.4854266591325,2.216089727913292,0.7853981633974482,0
4.916666666666666,17.616116462037997,17.616116462037997,2.2178795007938747,0.7853981633974482,0
4.999999999999999,17.74690159757071,17.74690159757071,2.2194973491259433,0.7853981633974482,0
5.083333333333332,17.877772907059292,17.877772907059292,2.2209597696513974,0.7853981633974482,0
5.166666666666665,18.00872211083452,18.00872211083452,2.222281679530639,0.7853981633974482,0
5.249999999999998,18.139741724027832,18.139741724027832,2.223476566978336,0.7853981633974482,0
5.333333333333331,18.270824980406324,18.27082498040632,2.224556627645885,0.7853981633974482,0
5.416666666666664,18.4019657634825,18.401965763482497,2.225532888078656,0.7853981633974482,0
5.499999999999997,18.533158544208405,18.5331585442084,2.226415317456159,0.7853981633974482,0
5.58333333333333,18.664398324628372,18.66439832462837,2.2272129287134463,0.7853981633974482,0
5.666666666666663,18.79568058692351,18.795680586923506,2.2279338700416456,0.7853981633974482,0
5.7499999999999964,18.92700124733436,18.927001247334356,2.2285855076738152,0.7853981633974482,0
5.8333333333333295,19.058356614496752,19.05835661449675,2.229174500778643,0.7853981633974482,0
5.9166666666666625,19.1897433517697,19.189743351769696,2.229706869208248,0.7853981633974482,0
5.999999999999996,19.3211584431742,19.321158443174195,2.2301880547769186,0.7853981633974482,0
6.083333333333329,19.45259916259787,19.452599162597867,2.230622976684423,0.7853981633974482,0
6.166666666666662,19.584063045953197,19.584063045953194,2.231016081640066,0.7853981633974482,0
6.249999999999995,19.715547866006776,19.715547866006773,2.231371389191462,0.7853981633974482,0
6.333333333333328,19.84705160962393,19.847051609623925,2.2316925327145554,0.7853981633974482,0
6.416666666666661,19.978572457197394,19.978572457197387,2.231982796478368,0.7853981633974482,0
6.499999999999994,20.110108764050814,20.110108764050807,2.232245149158882,0.7853981633974482,0
6.583333333333327,20.241659043627806,20.2416590436278,2.2324822741410255,0.7853981633974482,0
6.66666666666666,20.373221952295403,20.373221952295395,2.232696596915593,0.7853981633974482,0
6.749999999999993,20.504796275607053,20.504796275607045,2.232890309848802,0.7853981633974482,0
6.833333333333326,20.636380915885184,20.636380915885177,2.2330653945757892,0.7853981633974482,0
6.916666666666659,20.76797488099667,20.767974880996665,2.233223642245438,0.7853981633974482,0
6.999999999999992,20.899577274206802,20.899577274206795,2.2333666718222562,0.7853981633974482,0
7.083333333333325,21.031187285008116,21.03118728500811,2.233495946631422,0.7853981633974482,0
7.166666666666658,21.162804180830605,21.162804180830598,2.233612789315339,0.7853981633974482,0
7.249999999999991,21.294427299548598,21.29442729954859,2.2337183953539745,0.7853981633974482,0
7.333333333333324,21.423610915943236,21.42361091594323,2.1923186681003806,0.7805370522863372,1
7.416666666666657,21.550851651450028,21.55033478679328,2.154957002282863,0.7711952437203535,1
7.49999999999999,21.67660372048131,21.674604171109376,2.1214670878925403,0.7577286665834931,1
7.583333333333323,21.801283151840646,21.796439809989668,2.0916166524202766,0.7408994190306339,1
7.666666666666656,21.925249100627966,21.915890939255036,2.0651219481675542,0.7216781232641944,1
7.749999999999989,22.048796757549752,22.0330394530124,2.041687430908848,0.7008216763420253,1
7.833333333333322,22.172172310916796,22.147985405267704,2.0210390092376525,0.6789169350699092,1
7.916666666666655,22.295584394546097,22.260837075609835,2.002933460942947,0.6564161273409669,1
7.9999999999999885,22.419212581331927,22.371704177576976,1.9871579263635448,0.6336653055298891,1
8.083333333333321,22.543213537443346,22.480693281085756,1.9735255261990965,0.6109270588789295,1
8.166666666666655,22.667725399828605,22.587904824640376,1.961870107016354,0.5883985536724902,1
8.24999999999999,22.792870848691123,22.693431282976128,1.952041458536397,0.566225809054276,1
8.333333333333323,22.918759249717706,22.797356177552345,1.9439014812187563,0.5445149622956843,1
8.416666666666657,23.04548815264514,22.89975369852897,1.9373213602926993,0.52334113947505,1
8.499999999999991,23.173144358555284,23.00068876359758,1.9321796197241754,0.5027554291262637,1
8.583333333333325,23.301804708868083,23.100217380474312,1.9283608708403748,0.48279035742202636,1
8.666666666666659,23.431536703072087,23.198387211237904,1.9257550711379132,0.4634641822107811,1
8.749999999999993,23.56239901772883,23.295238261049075,1.9242571345799062,0.4447842574151295,1
8.833333333333327,23.694441974016673,23.390803632950124,1.923766767692213,0.4267496664926285,1
8.91666666666666,23.82770798302046,23.485110305594592,1.9241884375715939,0.40935328157778245,1
8.999999999999995,23.96223198539977,23.57817990271411,1.9254314050816104,0.3925833715560624,1
9.083333333333329,24.098041893574134,23.67002943250542,1.9274097781443278,0.37642485595828423,1
9.166666666666663,24.23515903903939,23.760671982399877,1.9300425564416042,0.3608602807899435,1
9.249999999999996,24.373598624023398,23.85011736025674,1.9332536507989695,0.3458705760700878,1
9.33333333333333,24.51337017476015,23.938372677230827,1.9369718689281459,0.3314356420174452,1
9.416666666666664,24.65447799273559,24.02544287067921,1.9411308648817498,0.31753480074447066,1
9.499999999999998,24.79692159999185,24.11133116771935,1.9456690532303704,0.3041471424126593,1
9.583333333333332,24.94069617472441,24.19603949162101,1.9505294911732265,0.29125178859854634,1
9.666666666666666,25.08579297379642,24.279568814259875,1.9556597329751377,0.2788280907519673,1
9.75,25.232199739309443,24.361919458506808,1.9610116616115643,0.2668557778076969,1
9.833333333333334,25.37990108693074,24.443091354772594,1.9665413025391936,0.2553150640120477,1
9.916666666666668,25.528878874234454,24.523084256052716,1.9722086242632,0.24418672566986588,1
10.000000000000002,25.679112547836315,24.601897915782192,1.9779773299637136,0.23345215366559366,1
10.083333333333336,25.830579468571962,24.67953223266502,1.9838146439551445,0.22309338715580043,1
10.16666666666667,25.983255214379756,24.755987366422815,1.9896910962371774,0.21309313268461594,1
10.250000000000004,26.13711386089795,24.831263828141402,1.9955803078902545,0.20343477207107977,1
10.333333333333337,26.29212824007552,24.90536254860289,2.0014587795922067,0.19410236170630504,1
10.416666666666671,26.448270177329775,24.978284927689742,2.0073056850979563,0.18508062533758712,1
10.500000000000005,26.60551070796761,25.050032867647626,2.0131026711361244,0.17635494197407792,1
10.58333333333334,26.763820273726758,25.120608792703223,2.0188336648360536,0.16791133019921656,1
10.666666666666673,26.923168900394593,25.190015657256573,2.0244846895046997,0.1597364298990051,1
10.750000000000007,27.083526357530612,25.258256944608735,2.030043689322078,0.151817482196923,1
10.833333333333341,27.244862301359888,25.325336657945915,2.035500363312655,0.14414230821359997,1
10.916666666666675,27.407146401923292,25.391259305081793,2.0408460087741247,0.13669928713271431,1
11.000000000000009,27.570348455570432,25.456029878260587,2.0460733742003088,0.12947733394641187,1
11.083333333333343,27.73443848386654,25.51965383014373,2.0511765216174247,0.12246587716789599,1
11.166666666666677,27.899386819958398,25.582137046942282,2.056150698159086,0.11565483673103555,1
11.25000000000001,28.065164183409255,25.64348581951398,2.060992216631685,0.10903460224317384,1
11.333333333333345,28.23174174447107,25.703706813117137,2.0656983447653134,0.10259601171487229,1
11.416666666666679,28.399091178716166,25.762807036401874,2.0702672028033984,0.09633033085677878,1
11.500000000000012,28.56718471290102,25.820793810121327,2.074697669054463,0.09022923300734083,1
11.583333333333346,28.735995162883853,25.877674735960067,2.0789892930097844,0.0842847797342392,1
11.66666666666668,28.905495964365894,25.933457665802745,2.083142215619492,0.07848940213604887,1
11.750000000000014,29.07566119717463,25.988150671701895,2.087157096315295,0.07283588285782779,1
11.833333333333348,29.24646560375647,26.041762016748624,2.091035046369227,0.06731733882436554,1
11.916666666666682,29.4178846024969,26.09430012700273,2.0947775681834933,0.06192720468711514,1
12.000000000000016,29.589894296438338,26.14577356459854,2.098386500115683,0.056659216974922905,1
12.08333333333335,29.762471477920254,26.19619100210872,2.1018639664555536,0.05150739893419673,1
12.166666666666684,29.93559362962258,26.245561198219676,2.1052123321835623,0.04646604604081958,1
12.250000000000018,30.109238922452132,26.293892974748246,2.108434162156803,0.041529712163688094,1
12.333333333333352,30.28338621067305,26.341195195009515,2.1115321843844965,0.036693196358049164,1
12.416666666666686,30.458015024645785,26.387476743529334,2.1145092570723305,0.03195153026567072,1
12.50000000000002,30.633105561505136,26.43274650708191,2.117368339132394,0.02729996609819521,1
12.583333333333353,30.80863867407623,26.47701335702224,2.120112463872971,0.022733965179690434,1
12.666666666666687,30.984595858297908,26.52028613287485,2.1227447155998225,0.01824918702435417,1
12.750000000000021,31.160959239395748,26.562573627133823,2.1252682088776385,0.013841478925484409,1
12.833333333333355,31.337711557022033,26.603884571224437,2.1276860702169316,0.009506866032146146,1
12.91666666666669,31.514836149556665,26.644227622573208,2.1300014219677097,0.005241541890408073,1
13.000000000000023,31.69231693774204,26.68361135273091,2.132217368216678,0.001041859426556005,1
13.083333333333357,31.870138407805356,26.722044236491875,2.134336982499477,-0.0030956776497116246,1
13.166666666666691,32.04828559420421,26.7595346419523,2.1363632971535043,-0.007174423043458269,1
13.250000000000025,32.226744062114996,26.796090821450427,2.138299294150153,-0.01119759569473599,1
13.333333333333359,32.40549988976913,26.831720903332194,2.1401478972578802,-0.015168287240862895,1
13.416666666666693,32.58453965072851,26.86643288448687,2.1419119653993155,-0.019089469140063195,1
13.500000000000027,32.76385039617969,26.90023462359874,2.143594287076712,-0.022963999475100777,1
13.58333333333336,32.94341963731523,26.93313383506246,2.1451975757504016,-0.02679462945486888,1
13.666666666666694,33.123235327860655,26.965138083511516,2.1467244660645797,-0.030584009631248306,1
13.750000000000028,33.303285846796705,26.996254778911247,2.1481775108237353,-0.03433469584791908,1
13.833333333333362,33.48355998131843,27.02649117216988,2.149559178631375,-0.038049154937208875,1
13.916666666666696,33.66404691006543,27.055854351223093,2.1508718521104115,-0.04172977018048933,1
14.00000000000003,33.8447361866511,27.084351237549786,2.152117826631709,-0.04537884654708998,1
14.083333333333364,34.02561772351296,27.11198858307875,2.1532993094838324,-0.04899861572619157,1
14.166666666666698,34.2066817761009,27.13877296744802,2.1544184194230884,-0.052591240965687305,1
14.250000000000032,34.387918927415576,27.164710795580667,2.1554771865484517,-0.05615882173156317,1
14.333333333333366,34.56932007290503,27.18980829554276,2.15647755245103,-0.05970339820094852,1
14.4166666666667,34.750876405723965,27.214071516651007,2.1574213705923158,-0.06322695560162671,1
14.500000000000034,34.932579402356765,27.237506327799448,2.158310406869653,-0.06673142841047308,1
14.583333333333368,35.114420808602524,27.260118415976216,2.1591463403311275,-0.07021870442300662,1
14.666666666666702,35.296392625917626,27.281913284942927,2.1599307640055083,-0.07369062870600147,1
14.750000000000036,35.478487098109206,27.30289625405086,2.160665185815918,-0.07714900744490895,1
14.83333333333337,35.66069669837074,27.32307245716935,2.161351029548659,-0.08059561169768832,1
14.916666666666703,35.843014116649144,27.342446841703236,2.1619896358510364,-0.0840321810665403,1
15.000000000000037,36.02543224733106,27.36102416767733,2.1625822632341625,-0.08746042729898065,1
15.083333333333371,36.20794417723465,27.378809006866945,2.1631300890585767,-0.09088203782968596,1
15.166666666666705,36.390543173891714,27.395805741954604,2.1636342104821247,-0.0942986792745919,1
15.250000000000039,36.57322267410372,27.412018565693852,2.164095645350875,-0.09771200088882981,1
15.333333333333373,36.75597627275431,27.427451480061983,2.1645153330149784,-0.1011236380002528,1
15.416666666666707,36.938797711859536,27.44210829538412,2.164894135052237,-0.10453521543053354,1
15.50000000000004,37.121680869836155,27.45599262941176,2.165232835882814,-0.10794835091611556,1
15.583333333333375,37.30461975096731,27.4691079063394,2.1655321432589583,-0.11136465854167571,1
15.666666666666709,37.4876084750438,27.481457355743235,2.165792688613809,-0.11478575219921194,1
15.750000000000043,37.67064126715812,27.49304401142639,2.166015027253379,-0.11821324908641695,1
15.833333333333377,37.853712447627544,27.50387071015522,2.1661996383755633,-0.12164877325864137,1
15.91666666666671,38.03681642202112,27.513940090271507,2.1663469248995866,-0.12509395924950106,1
16.000000000000043,38.219947671264435,27.523254590165443,2.166457213088614,-0.12855045577605187,1
16.083333333333375,38.403100741794745,27.531816446594146,2.1665307519473207,-0.13201992954545536,1
16.166666666666707,38.5862702357374,27.539627692830525,2.1665677123750116,-0.13550406918120475,1
16.25000000000004,38.769450801073305,27.546690156626983,2.166568186053424,-0.1390045892882887,1
16.33333333333337,38.952637121765015,27.55300545797818,2.166532184046547,-0.14252323467816053,1
16.416666666666703,39.13582390780752,27.558575006666757,2.166459635087678,-0.14606178477607468,1
16.500000000000036,39.31900588516735,27.563399999575342,2.1663503835264506,-0.14962205823527647,1
16.583333333333368,39.50217778557135,27.567481417747704,2.1662041869056603,-0.15320591778471293,1
16.6666666666667,39.68533433610373,27.57082002318111,2.1660207131343516,-0.15681527533940912,1
16.750000000000032,39.86847024856692,27.573416355331293,2.1657995372197294,-0.16045209740546104,1
16.833333333333364,40.05158020855831,27.575270727310446,2.1655401375159875,-0.16411841081478235,1
16.916666666666696,40.23465886421109,27.576383221757755,2.1652418914429714,-0.16781630882835596,1
17.00000000000003,40.41770081454293,27.576753686360792,2.164904070621659,-0.1715479576508481,1
17.08333333333336,40.60070059735132,27.576381729004957,2.164525835366613,-0.1753156034041093,1
17.166666666666693,40.78365267658861,27.575266712526737,2.164106228467698,-0.1791215796123984,1
17.250000000000025,40.966551429143536,27.57340774904513,2.163644168184303,-0.18296831525821775,1
17.333333333333357,41.1493911309485,27.570803693844017,2.163138440364875,-0.18685834347455127,1
17.41666666666669,41.33216594232375,27.567453138776482,2.1625876895925233,-0.19079431094718793,1
17.50000000000002,41.51486989245998,27.563354405160332,2.161990409243536,-0.19477898810983973,1
17.583333333333353,41.69749686293023,27.55850553613206,2.161344930329495,-0.1988152802251149,1
17.666666666666686,41.88004057010955,27.552904288424447,2.1606494089749977,-0.20290623945629135,1
17.750000000000018,42.0624945463667,27.54654812353083,2.1599018123611926,-0.20705507804851112,1
17.83333333333335,42.24485211987625,27.539434198216814,2.1590999029400177,-0.21126518275378128,1
17.916666666666682,42.42710639288063,27.531559354337904,2.1582412206944035,-0.21554013065237798,1
18.000000000000014,42.609250218210555,27.522920107919173,2.1573230631850713,-0.219883706544331,1
18.083333333333346,42.79127617384755,27.513512637450816,2.1563424630839125,-0.22429992210912564,1
18.16666666666668,42.973176535284125,27.503332771351232,2.1552961628461453,-0.22879303706019677,1
18.25000000000001,43.154943245404255,27.492375974547247,2.154180586117106,-0.2333675825539384,1
18.333333333333343,43.33656788156886,27.480637334119418,2.152991805402957,-0.23802838715167646,1
18.416666666666675,43.518041619547006,27.468111543959143,2.1517255054556856,-0.24278060567840795,1
18.500000000000007,43.69935519388203,27.45479288838385,2.150376941729052,-0.24762975137536303,1
18.58333333333334,43.88049885422216,27.440675224657003,2.148940893150461,-0.2525817318061316,1
18.66666666666667,44.06146231707499,27.4257519643616,2.147411608320369,-0.2576428890500804,1
18.750000000000004,44.24223471236325,27.41001605357964,2.1457827440910595,-0.262820044804336,1
18.833333333333336,44.42280452406287,27.393459951836455,2.144047295284734,-0.26812055111948446,1
18.916666666666668,44.60315952409088,27.376075609778617,2.142197514079754,-0.27355234761772573,1
19.0,44.783286698476545,27.357854445568613,2.1402248173147536,-0.2791240261896429,1
19.083333333333332,44.96317216469072,27.338787320000105,2.138119679622392,-0.2848449043420773,1
19.166666666666664,45.142801078820085,27.3188645103663,2.1358715098942125,-0.29072510858105705,1
19.249999999999996,45.3221575310495,27.298075683153552,2.1334685080787987,-0.2967756694679437,1
19.33333333333333,45.501224427649056,27.27640986568599,2.130897498706416,-0.30300863029331954,1
19.41666666666666,45.67998335734465,27.25385541691968,2.1281437367891263,-0.3094371716831373,1
19.499999999999993,45.85841443957039,27.23039999768214,2.1251906808344065,-0.3160757548993748,1
19.583333333333325,46.03649615164606,27.206030540783377,2.122019726594104,-0.3229402871400363,1
19.666666666666657,46.214205131377575,27.180733221598153,2.1186098938023017,-0.3300483128015851,1
19.74999999999999,46.39151595092468,27.154493429949998,2.11493745647953,-0.337419235465651,1
19.83333333333332,46.56840085699807,27.127295744433795,2.1109755053313872,-0.3450745763404218,1
19.916666666666654,46.74482947151377,27.099123910719747,2.1066934282736574,-0.3530382760590933,1
19.999999999999986,46.92076844572128,27.069960825918567,2.102056292096103,-0.3613370481500041,1
20.083333333333318,47.09618105950931,27.03978853179717,2.097024104662195,-0.37000079418298903,1
20.16666666666665,47.27102675605938,27.008588220568544,2.0915509327880017,-0.37906309259585874,1
20.249999999999982,47.4452606002563,26.976340258205926,2.085583846073062,-0.3885617755280171,1
20.333333333333314,47.618832647298106,26.943024231832375,2.0790616516328373,-0.39853961060937787,1
20.416666666666647,47.79168720585132,26.908619029809067,2.0719133793429374,-0.40904510746577877,1
20.49999999999998,47.96376197804697,26.873102965794825,2.064056472792123,-0.42013347144889424,1
20.58333333333331,48.134987056959396,26.836453961370374,2.055394639501129,-0.4318677292459056,1
20.666666666666643,48.305283761604755,26.79864980585859,2.045815318516512,-0.44432005155559506,1
20.749999999999975,48.47456329109231,26.75966851663593,2.035186740302188,-0.45757329509363903,1
20.833333333333307,48.642725185318575,26.719488828135788,2.0233545932984995,-0.47172277661329565,1
20.91666666666664,48.809655592718684,26.67809084192647,2.0101383905897077,-0.4868782700561995,1
20.99999999999997,48.97522537109124,26.635456871682198,1.9953277751031868,-0.503166175868825,1
21.083333333333304,49.13928809271494,26.59157251176382,1.97867924984155,-0.5207317362517383,1
21.166666666666636,49.301678099470905,26.54642794004961,1.9599142152066609,-0.5397410447583436,1
21.249999999999968,49.46220886750102,26.50001942494085,1.9387197714550928,-0.5603824053831425,1
21.3333333333333,49.62067209852747,26.452350931233433,1.914754471411319,-0.5828663275147262,1
21.416666666666632,49.77683814180673,26.403435601006706,1.8876618931577416,-0.607423127472322,1
21.499999999999964,49.9304585113137,26.35329673123854,1.8570950452103572,-0.6342968529049362,1
21.583333333333297,50.081271279795416,26.30196772400422,1.822753354647842,-0.6637342825921205,1
21.66666666666663,50.22900983804212,26.249490444207378,1.7844304318869595,-0.6956378060598282,1
21.74999999999996,50.37342515580228,26.19592887429477,1.7422319074289119,-0.7297968489442237,1
21.833333333333293,50.51430092010348,26.141366563841725,1.6964854078262785,-0.7660174727088055,1
21.916666666666625,50.651463314035745,26.085894841281494,1.6476809518856492,-0.8041212906804556,1
21.999999999999957,50.78478774622007,26.02960033516901,1.5964509302875107,-0.8439444138417381,1
22.08333333333329,50.9142009788407,25.97255374968768,1.5435233623753712,-0.8853364339237476,1
22.16666666666662,51.03967838793539,25.9148013474897,1.4896632294186019,-0.9281594493048648,1
22.249999999999954,51.16123723052438,25.85635976568899,1.435617438771498,-0.9722871375035066,1
22.333333333333286,51.27892738072532,25.797214040019636,1.3820733898768327,-1.017603876625743,1
22.416666666666618,51.392821020662325,25.737318265930337,1.3296340291907336,-1.0640039169589546,1
22.49999999999995,51.503002459755926,25.676598184871605,1.2788073256893429,-1.1113906029584761,1
22.583333333333282,51.609558848965825,25.614955037560595,1.2300060826752757,-1.1596756451249624,1
22.666666666666615,51.71257219978068,25.552270159405285,1.1835540314441453,-1.2087784406877264,1
22.749999999999947,51.81211286132606,25.488409934574584,1.1396950738125302,-1.258625441567811,1
22.83333333333328,51.90823444855362,25.423230842958745,1.0986035952509519,-1.3091495677710387,1
22.91666666666661,52.00097012616947,25.35658442150256,1.0603946294285271,-1.3602896641354143,1
22.999999999999943,52.09033011187978,25.288322021903063,1.0251332489379863,-1.4119899982113215,1
23.083333333333275,52.17630024945218,25.218299287167614,0.9928429255009683,-1.464199796971665,1
23.166666666666607,52.25884150414033,25.14638029628976,0.9635128115771088,-1.5168728200194153,1
23.24999999999994,52.33789024234084,25.07244134411056,0.937104001795507,-1.5699669669708862,1
23.33333333333327,52.41335916949608,24.996374335613133,0.9135548787062114,-1.6234439167352208,1
23.416666666666604,52.48513881289076,24.91808978261275,0.8927856601272973,-1.6772687964763109,1
23.499999999999936,52.55309944801712,24.837519397402627,0.8747022612859893,-1.7314098781263603,1
23.583333333333268,52.61709337818084,24.7546182832042,0.8591995734512392,-1.7858383004153389,1
23.6666666666666,52.67695748691244,24.66936672571253,0.8461642469390896,-1.840527814483479,1
23.749999999999932,52.73251599161956,24.58177159387283,0.8354770528111709,-1.8954545512513672,1
23.833333333333265,52.78358333490077,24.491867361397894,0.8270148854223567,-1.9505968088314398,1
23.916666666666597,52.82996715718507,24.399716763491856,0.8206524575811452,-2.005934858373718,1
23.99999999999993,52.871471300984894,24.305411105800808,0.8162637314561895,-2.0613736933170035,1
24.08333333333326,52.90790110062625,24.209069811198493,0.8137864215468725,-2.11660474678232,1
24.166666666666593,52.939073202311135,24.110838458347803,0.8133286678511706,-2.1714004742531374,1
24.249999999999925,52.96481821294625,24.01088831712223,0.8149048748772756,-2.225596327259424,1
24.333333333333258,52.984983317988586,23.90941488574751,0.8184611286539633,-2.2790766150781274,1
24.41666666666659,52.999434638975934,23.806635690395446,0.8238950621148295,-2.331763432604852,1
24.499999999999922,53.00805918900597,23.702787577836276,0.831071353953735,-2.3836079978602376,1
24.583333333333254,53.01076635391525,23.598123699377542,0.8398337568378009,-2.4345838789818313,1
24.666666666666586,53.007488878776606,23.492910350941635,0.8500143526607836,-2.48468170095351,1
24.74999999999992,52.99818337571818,23.387423801525426,0.861440589555198,-2.5339050105209786,1
24.83333333333325,52.98283039273214,23.281947211957966,0.8739405473832316,-2.5822670475566016,1
24.916666666666583,52.96143409688604,23.176767718840708,0.887346793849995,-2.62978822605283,1
24.999999999999915,52.93402163170944,23.07217373533364,0.9014991255023198,-2.676494170937412,1
25.083333333333247,52.900642209641,22.96845250115124,0.9162464325935947,-2.7224141905045927,1
25.16666666666658,52.86136599800269,22.865887898583534,0.9314478814425285,-2.767580090464704,1
25.24999999999991,52.81628285234172,22.76475853921619,0.9469735706171789,-2.8120252560438526,1
25.333333333333243,52.76550094512971,22.66533611685852,0.9627047866211721,-2.855783944491044,1
25.416666666666575,52.70914533143769,22.567884015542244,0.978533959620757,-2.898890742772184,1
25.499999999999908,52.64735648680003,22.472656156883023,0.9943643992016502,-2.941380154929226,1
25.58333333333324,52.580288846356844,22.37989606819385,1.010109873406289,-2.9832862911648688,1
25.666666666666572,52.5081093687168,22.28983615114561,1.0256940807196913,-3.024642636649454,1
25.749999999999904,52.4309961429122,22.20269713017851,1.0410500536931675,-3.06548188270181,1
25.833333333333236,52.349137052366956,22.118687660022925,1.056119524055465,-3.105835806652482,1
25.91666666666657,52.262728505962954,22.03800407238041,1.0708522720725198,3.137450117604345,1
25.9999999999999,52.17197424304215,21.960830242877687,1.085205477257078,3.097975543838631,1
26.083333333333233,52.07708421647547,21.887337560706637,1.0991430830308826,3.058897126940669,1
26.166666666666565,51.97827355571135,21.8176849848,1.112635184384793,3.0201873073522454,1
26.249999999999897,51.87576160993002,21.752019171888342,1.1256574447854768,2.981819618382672,1
26.33333333333323,51.76977107001846,21.69047466328224,1.1381905463934199,2.943768676657922,1
26.41666666666656,51.66052716699198,21.63317411868333,1.1502196759654897,2.906010165500837,1
26.499999999999893,51.548256943672556,21.580228586720825,1.1617340475181512,2.8685208132980713,1
26.583333333333226,51.43318859584715,21.531737803217712,1.1727264618451683,2.831278368461281,1
26.666666666666558,51.315550878731926,21.487790509402092,1.1831929022518475,2.7942615722327435,1
26.74999999999989,51.19557257432561,21.448464783389007,1.1931321653345472,2.7574501303005214,1
26.833333333333222,51.073482015118344,21.413828379265134,1.2025455252573287,2.720824683960575,1
26.916666666666554,50.949506659605014,21.383939069015096,1.2114364297234692,2.684366781381374,1
26.999999999999886,50.82387271511264,21.358844983337587,1.2198102256809813,2.6480588493811545,1
27.08333333333322,50.69680480357234,21.338584948117624,1.2276739127165253,2.6118841660118193,1
27.16666666666655,50.56852566603161,21.323188813954005,1.2350359220638258,2.575826834150652,1
27.249999999999883,50.439255901900744,21.312677776695242,1.2419059191670778,2.5398717562269635,1
27.333333333333215,50.3092137391466,21.30706468741967,1.2482946277858893,2.5040046101517897,1
27.416666666666547,50.17861483188073,21.30635435071271,1.2542136736974303,2.4682118264719004,1
27.49999999999988,50.047672082028946,21.31054381045302,1.2596754461368445,2.4324805667323712,1
27.58333333333321,49.91659548201191,21.319622622625598,1.2646929752133536,2.396798703002913,1
27.666666666666544,49.78559197560569,21.333573114939757,1.2692798236427747,2.3611547985006527,1
27.749999999999876,49.65486533438583,21.352370633248473,1.2734499912442483,2.325538089224916,1
27.833333333333208,49.52461604738418,21.375983774948075,1.277217830757483,2.28993846650688,1
27.91666666666654,49.395041221804824,21.404374609688062,1.2805979736450221,2.2543464603680237,1
27.999999999999872,49.26633449285098,21.437498887844026,1.2836052646506118,2.2187532235755234,1
28.083333333333204,49.13868594090918,21.4753062373062,1.2862547039888181,2.1831505162796834,1
28.166666666666536,49.01228201451961,21.51774034921512,1.288561396141919,2.1475306911177716,1
28.24999999999987,48.88730545773212,21.564739153337392,1.2905405043373708,2.1118866786699804,1
28.3333333333332,48.7639352406063,21.616234983821236,1.2922072098725204,2.0762119731563775,1
28.416666666666533,48.64234649176193,21.67215473610571,1.2935766755425182,2.040500618268482,1
28.499999999999865,48.52271043202244,21.73242001578118,1.2946640125124684,2.0047471930352674,1
28.583333333333197,48.40519430832121,21.796947280213654,1.29548425005566,1.9689467976308381,1
28.66666666666653,48.289961327156924,21.8656479737535,1.2960523076562058,1.9330950390395394,1
28.74999999999986,48.177170586993206,21.93842865735103,1.2963829690465274,1.8971880165037256,1
28.833333333333194,48.06697700909733,22.015191133398616,1.2964908578178318,1.861222306689646,1
28.916666666666526,47.959531266406344,22.095832566612316,1.2963904143049756,1.8251949485177585,1
28.999999999999858,47.85497971009524,22.180245601755892,1.2960958735058479,1.7891034276150823,1
29.08333333333319,47.75346429360266,22.268318478997553,1.2956212438495818,1.7529456603587859,1
29.166666666666522,47.655122493945505,22.359935147674555,1.2949802866774471,1.7167199774918964,1
29.249999999999854,47.56008723022513,22.454975379223722,1.2941864963451524,1.6804251073036522,1
29.333333333333186,47.4684867792954,22.553314880016767,1.293253080895433,1.644060158378419,1
29.41666666666652,47.38044468862715,22.654825404818148,1.2921929432852104,1.6076246019280946,1
29.49999999999985,47.296079686464985,22.759374871560066,1.2910186631822709,1.5711182537333832,1
29.583333333333183,47.215505589430876,22.86682747810386,1.2897424793723666,1.5345412557290652,1
29.666666666666515,47.13883120778571,22.977043821629444,1.28837627283895,1.4978940572773223,1
29.749999999999847,47.06616024861363,23.08988102126421,1.2869315505945211,1.461177396181146,1
29.83333333333318,46.997591217246224,23.205192844530007,1.2854194303549522,1.4243922794968014,1
29.91666666666651,46.93321731729295,23.322829838150984,1.2838506261563418,1.387539964210134,1
29.999999999999844,46.8731263496913,23.44263946372621,1.2822354350181766,1.35062193784617,1
30.083333333333176,46.81740061123483,23.564466238729032,1.280583724757126,1.3136398990849094,1
30.166666666666508,46.76611679307853,23.688151883249795,1.278904923052969,1.276595738458477,1
30.24999999999984,46.719345879759175,23.81353547285011,1.277208007862307,1.2394915192058513,1
30.333333333333172,46.67715304930303,23.940453597845178,1.275501499267207,1.202329458361326,1
30.416666666666504,46.63959757502372,24.06874052927609,1.273793452835166,1.1651119081516657,1
30.499999999999837,46.60673272963917,24.198228391776592,1.2720914545541508,1.1278413377747394,1
30.58333333333317,46.578605692357776,24.328747343479012,1.2704026173923948,1.0905203156292735,1
30.6666666666665,46.555257459600334,24.46012576304227,1.2687335795174972,1.0531514920614171,1
30.749999999999833,46.5367227600347,24.59219044382133,1.267090504193576,1.0157375826891242,1
30.833333333333165,46.52302997460535,24.724766795133156,1.2654790813591417,0.9782813523600697,1
30.916666666666497,46.51420106223914,24.857679050509205,1.2639045308723347,0.9407855997930376,1
30.99999999999983,46.5102514919016,24.99075048275974,1.2623716073945317,0.9032531429465617,1
31.08333333333316,46.5111901816654,25.123803625611227,1.2608846068683386,0.865686805152203,1
31.166666666666494,46.51701944543373,25.25666050161553,1.259447374531937,0.828089402043287,1
31.249999999999826,46.52773494793679,25.389142855969073,1.2580633143988076,0.7904637293033436,1
31.333333333333158,46.54332566858931,25.521072395822298,1.2567354001202178,0.7528125512519637,1
31.41666666666649,46.56377387476169,25.652271034605292,1.2554661871376487,0.715138590279402,1
31.499999999999822,46.589055104976936,25.78256114084462,1.2542578260236443,0.6774445171351079,1
31.583333333333155,46.6191381625008,25.911765790900144,1.2531120769024426,0.6397329420695026,1
31.666666666666487,46.65398511974381,26.039709025008886,1.252030324836229,0.6020064068228094,1
31.74999999999982,46.69355133384177,26.16621610598657,1.251013596058899,0.5642673774496307,1
31.83333333333315,46.73778547372657,26.291113779906365,1.2500625749368166,0.5265182379632792,1
31.916666666666483,46.786629558941804,26.41423053804884,1.2491776215351207,0.4887612847796372,1
31.999999999999815,46.840019010399416,26.535396879397513,1.2483587896685895,0.4509987219365578,1
32.08333333333315,46.897882713213804,26.654445572940382,1.2476058453178092,0.4132326570615329,1
32.16666666666649,46.96014309169018,26.77121191902972,1.246918285294307,0.3754650980575379,1
32.24999999999982,47.026716196484344,26.885534009049927,1.2462953560422514,0.3376979504746147,1
32.33333333333316,47.097511803892466,26.997252982646266,1.2457360724691835,0.2999330155328526,1
32.416666666666494,47.1724335271722,27.10621328177563,1.2452392367038783,0.2621719887609576,1
32.49999999999983,47.25137893974117,27.212262900853734,1.2448034566857016,0.22441645921353548,1
32.583333333333165,47.33423971004589,27.315253632291085,1.2444271644966156,0.18666790922953044,1
32.6666666666665,47.42090174784394,27.415041306732345,1.2441086343541428,0.14892771469392485,1
32.74999999999984,47.51124536159519,27.51148602733968,1.2438460001910212,0.111197145764792,1
32.83333333333317,47.60514542661395,27.604452397490334,1.2436372727548586,0.07347736802806497,1
32.91666666666651,47.702471563593896,27.693809741291155,1.2434803561686978,0.035769444042914704,1
32.999999999999844,47.803088327081156,27.77943231634782,1.2433730639009841,-0.0019256647586163784,1
33.08333333333318,47.906855403438406,27.86119951826381,1.2433131341008499,-0.03960709585313052,1
33.166666666666515,48.01362781781419,27.93899607638292,1.2432982442618685,-0.07727408312283279,1
33.24999999999985,48.12325614960707,28.01271224032916,1.2433260251843923,-0.1149259541009731,1
33.33333333333319,48.23558675589344,28.082243956938797,1.2433940742132354,-0.15256212699745278,1
33.41666666666652,48.350462002270824,28.147493037220492,1.2434999677337526,-0.19018210753482884,1
33.49999999999986,48.46772050055536,28.208367313020894,1.24364127291526,-0.22778548562343678,1
33.583333333333194,48.587197352762495,28.264780783113892,1.2438155586962236,-0.2653719319027974,1
33.66666666666653,48.70872440079357,28.31665374847234,1.2440204060106956,-0.30294119417489107,1
33.749999999999865,48.832130481247994,28.3639129365204,1.2442534172600819,-0.3404930937532932,1
33.8333333333332,48.957241684780584,28.406491614203148,1.2445122250385028,-0.37802752175057763,1
33.916666666666536,49.083881619426286,28.44432968974708,1.2447945001237333,-0.41554443532482777,1
33.99999999999987,49.21187167731967,28.47737380302069,1.2450979587490194,-0.4530438539045541,1
34.08333333333321,49.34103130424406,28.505577404438156,1.2454203691739505,-0.4905258554098136,1
34.16666666666654,49.47117827145449,28.528900822381235,1.2457595575750575,-0.527990572485869,1
34.24999999999988,49.60212894923006,28.547311319144672,1.2461134132789198,-0.5654381887643148,1
34.333333333333215,49.73369858162387,28.560783135438733,1.2464798933623074,-0.6028689351652463,1
34.41666666666655,49.865701561892884,28.56929752350873,1.2468570266453027,-0.6402830862527508,1
34.499999999999886,49.997951708105084,28.572842768955855,1.247242917104449,-0.6776809566547664,1
34.58333333333322,50.13026253843737,28.57141420136593,1.2476357467337849,-0.7150628975571819,1
34.66666666666656,50.26244754569421,28.565014193873246,1.2480337778821764,-0.7524292932809431,1
34.74999999999989,50.39432047059421,28.553652151805217,1.2484353550956746,-0.7897805579498827,1
34.83333333333323,50.525695573389186,28.53734449057036,1.2488389064937215,-0.8271171322560097,1
34.916666666666565,50.656387903397835,28.51611460296719,1.2492429447079396,-0.8644394803280703,1
34.9999999999999,50.78621356605365,28.489992816105026,1.2496460674119787,-0.9017480867083301,1
35.083333333333236,50.914989987084134,28.45901633813953,1.2500469574704864,-0.9390434534417225,1
35.16666666666657,51.04253617345565,28.423229195036217,1.2504443827347373,-0.9763260972807588,1
35.24999999999991,51.16867297073479,28.38268215758424,1.2508371955118096,-1.0135965470089006,1
35.33333333333324,51.29322331653387,28.33743265889052,1.251224331733473,-1.0508553408844485,1
35.41666666666658,51.4160124897239,28.287544702591013,1.251604809850137,-1.0881030242064105,1
35.499999999999915,51.536868355113754,28.23308876202156,1.2519777294743488,-1.1253401470032534,1
35.58333333333325,51.65562160330911,28.17414167059547,1.2523422697974165,-1.1625672618449465,1
35.666666666666586,51.772105985478824,28.11078650363902,1.2526976878017821,-1.1997849217782308,1
35.74999999999992,51.88615854277004,28.043112451939137,1.2530433162908095,-1.2369936783846252,1
35.83333333333326,51.99761983012616,27.971214687260385,1.253378561756655,-1.2741940799602889,1
35.91666666666659,52.106334134274036,27.895194220090268,1.253702902105914,-1.311386669816503,1
35.99999999999993,52.21214968565843,27.81515774987372,1.254015884261736,-1.3485719846992061,1
36.083333333333265,52.31491886411283,27.73121750799896,1.2543171216601288,-1.3857505533257262,1
36.1666666666666,52.414498398065945,27.643491093797994,1.254606291657206,-1.422922895036582,1
36.249999999999936,52.51074955709331,27.55210130382597,1.2548831328631775,-1.4600895185599831,1
36.33333333333327,52.60353833763264,27.457175954684327,1.2551474424179572,-1.4972509208864415,1
36.41666666666661,52.69273564169035,27.358847699653495,1.2553990732223608,-1.5344075862507123,1
36.49999999999994,52.778217448375216,27.257253839401464,1.255637931137982,-1.5715599852181057,1
36.58333333333328,52.859864978103126,27.152536127035383,1.255863972167989,-1.6087085738720595,1
36.666666666666615,52.937564849324346,27.04484056776402,1.2560771996302584,-1.6458537930997232,1
36.74999999999995,53.01120922763233,26.9343172134399,1.256277661333472,-1.68299606797219,1
36.833333333333286,53.08069596711999,26.821119952250804,1.2564654467660386,-1.720135807215908,1
36.91666666666662,53.14592874385635,26.70540629383157,1.256640684306968,-1.757273402771718,1
36.99999999999996,53.20681718136308,26.587337150068283,1.2568035384671248,-1.7944092294378926,1
37.08333333333329,53.2632769679772,26.467076611868503,1.2569542071686073,-1.8315436445934956,1
37.16666666666663,53.315229965992636,26.34479172217263,1.257092919069357,-1.8686769879983338,1
37.249999999999964,53.36260431247982,26.220652245483397,1.257219930939482,-1.9058095816657452,1
37.3333333333333,53.40533451168916,26.09483043419226,1.2573355250951859,-1.9429417298044442,1
37.416666666666636,53.44336151895077,25.967500791983547,1.2574400068956253,-1.9800737188256405,1
37.49999999999997,53.47663281598942,25.838839834599344,1.257533702307485,-2.017205817411647,1
37.58333333333331,53.50510247758065,25.70902584825042,1.2576169555415306,-2.054338276642208,1
37.66666666666664,53.5287312294809,25.578238645960713,1.2576901267649157,-2.0914713301748007,1
37.74999999999998,53.54748649757164,25.44665932213542,1.2577535898925425,-2.128605194475199,1
37.833333333333314,53.561342448164964,25.31447000564504,1.2578077304603246,-2.1657400690946185,1
37.91666666666665,53.57028001942563,25.18185361172021,1.2578529435827726,-2.202876136989831,1
37.999999999999986,53.574286943872536,25.04899359295458,1.2578896319969097,-2.2400135648826742,1
38.08333333333332,53.57335776193062,24.916073689715144,1.2579182041941388,-2.277152503655465,1
38.16666666666666,53.567493826512724,24.783277680261918,1.2579390726413016,-2.314293088778885,1
38.24999999999999,53.55670329861958,24.650789130880696,1.2579526520918236,-2.3514354407689932,1
38.33333333333333,53.54100113395518,24.51879114633475,1.2579593579874984,-2.3885796656701075,1
38.416666666666664,53.520409060563914,24.387466120942896,1.2579596049511401,-2.4257258555603824,1
38.5,53.494955547505654,24.256995490593017,1.2579538053700374,-2.462874089077014,1
38.583333333333336,53.46467576459456,24.127559486001175,1.2579423680698483,-2.500024431958099,1
38.66666666666667,53.42961153323776,23.99933688752757,1.2579256970783064,-2.5371769375982893,1
38.75000000000001,53.389811268420246,23.87250478186101,1.257904190477853,-2.574331647615483,1
38.83333333333334,53.34532991189296,23.747238320883955,1.2578782393460683,-2.611488592425917,1
38.91666666666668,53.29622885663201,23.62371048302995,1.2578482267825521,-2.6486477918251348,1
39.000000000000014,53.24257586264782,23.502091837444713,1.2578145270206924,-2.6858092555724316,1
39.08333333333335,53.18444496423428,23.382550311261177,1.257777504622567,-2.7229729839764856,1
39.166666666666686,53.12191636875946,23.265250960297262,1.2577375137550424,-2.7601389684800255,1
39.25000000000002,53.055076347110564,23.150355743483235,1.2576948975449693,-2.797307192241494,1
39.33333333333336,52.98401711591788,23.038023301323044,1.2576499875112228,-2.8344776307117936,1
39.41666666666669,52.90883671169358,22.928408738691044,1.2576031030711996,-2.8716502522043372,1
39.50000000000003,52.82963885703334,22.821663412262073,1.2575545511192618,-2.908825018456732,1
39.583333333333364,52.74653281904,22.717934722868726,1.2575046256745086,-2.946001885182564,1
39.6666666666667,52.659633260140495,22.61736591307515,1.2574536075951608,-2.983180802611868,1
39.750000000000036,52.56906008147848,22.520095870251524,1.2574017643567656,-3.020361716018987,1
39.83333333333337,52.47493825907675,22.426258935427718,1.2573493498913575,-3.0575445662366456,1
39.91666666666671,52.37739767297468,22.33598471819835,1.2572966044846563,-3.0947292901551826,1
40.00000000000004,52.276572929557275,22.249397917944716,1.2572437547283424,-3.1319158212059977,1
40.08333333333338,52.172603177302996,22.166618151631692,1.257191013524418,3.114081217351206,1
40.166666666666714,52.065631916188465,22.087759788429853,1.2571385801386432,3.0768912832605837,1
40.25000000000005,51.955806800998474,22.01293179140469,1.2570866403000291,3.0396997579161336,1
40.333333333333385,51.84327943879975,21.94223756650583,1.257035366343374,3.0025067172302866,1
40.41666666666672,51.72820518084671,21.87577481907985,1.256984917391841,2.9653122384193162,1
40.50000000000006,51.610742909196915,21.813635418120302,1.2569354395766017,2.928116399628375,1
40.58333333333339,51.491054818322695,21.755905268458314,1.2568870662906,2.890919279575973,1
40.66666666666673,51.369306192014236,21.702664191086274,1.2568399184735348,2.853720957218048,1
40.750000000000064,51.245665175877384,21.653985811795934,1.2567941049252107,2.816521511431695,1
40.8333333333334,51.1203025457371,21.609937458300703,1.2567497226444597,2.7793210207185397,1
40.916666666666735,50.99339147226461,21.570580065999895,1.2567068571909081,2.7421195629276744,1
41.00000000000007,50.86510728215316,21.53596809253041,1.2566655830669287,2.7049172149980065,1
41.08333333333341,50.735627216172986,21.50614944123873,1.2566259641171977,2.667714052719803,1
41.16666666666674,50.605130184442174,21.481165393693168,1.2565880539433625,2.630510150515155,1
41.25000000000008,50.473796519254705,21.461050551343213,1.2565518963314053,2.593305581237039,1
41.333333333333414,50.34180772581164,21.445832786419338,1.2565175256893895,2.55610041598659,1
41.41666666666675,50.20934623120521,21.435533202153138,1.2564849674933627,2.51889472394817,1
41.500000000000085,50.07659513200881,21.43016610238386,1.256454238739295,2.481688572241761,1
41.58333333333342,49.94373794082869,21.429738970603527,1.256425348399027,2.4444820257921847,1
41.66666666666676,49.810958332175105,21.434252458478824,1.2563982978783093,2.4072751472146066,1
41.75000000000009,49.67843988801226,21.443700383873892,1.256373081475116,2.370067996715775,1
41.83333333333343,49.546365843347196,21.458069738383998,1.256349686836524,2.332860632010389,1
41.916666666666764,49.41491883221821,21.477340704375937,1.2563280954125502,2.295653108251999,1
42.0000000000001,49.28428063444281,21.501486681516898,1.2563082829054517,2.258445477977805,1
42.083333333333435,49.15463192348461,21.53047432275939,1.256290219713093,2.2212377910667143,1
42.16666666666677,49.0261520157969,21.56426357973584,1.2562738713650925,2.1840300947100046,1
42.25000000000011,48.89901862199861,21.60280775750253,1.2562591989505647,2.1468224333939343,1
42.33333333333344,48.77340760023565,21.646053578558675,1.256246159536372,2.1096148488936315,1
42.41666666666678,48.64949271207771,21.693941256052852,1.2562347065749069,2.072407380277601,1
42.500000000000114,48.52744538129631,21.746404576075363,1.256224790300517,2.035200063922178,1
42.58333333333345,48.40743445586624,21.803370988921948,1.2562163581137857,1.9979929335352677,1
42.666666666666785,48.2896259735271,21.864761709200994,1.2562093549529711,1.9607860201887177,1
42.75000000000012,48.17418293123681,21.930491824643656,1.256203723651997,1.9235793523586666,1
42.83333333333346,48.06126505884268,22.000470413463557,1.2561994052844767,1.8863729559732363,1
42.91666666666679,47.95102859728976,22.074600670100494,1.2561963394933369,1.849166854466937,1
43.00000000000013,47.84362608167895,22.152780039170487,1.2561944648056818,1.8119610688411711,1
43.083333333333464,47.73920612948038,22.23490035743267,1.256193718932624,1.7747556177302357,1
43.1666666666668,47.637913234199885,22.320848003572276,1.256194039053875,1.7375505174722405,1
43.250000000000135,47.53988756478804,22.41050405558769,1.256195362086961,1.7003457821843753,1
43.33333333333347,47.445264771073035,22.503744455558977,1.2561976249409945,1.6631414238419775,1
43.416666666666806,47.354175795489475,22.60044018156476,1.256200764754995,1.6259374523608743,1
43.50000000000014,47.266746691366144,22.700457426504524,1.2562047191208117,1.588733875682486,1
43.58333333333348,47.183098448025966,22.80365778357361,1.2562094262907495,1.551530699861209,1
43.66666666666681,47.10334682294156,22.909898438129165,1.256214825370063,1.5143279291536063,1
43.75000000000015,47.02760218117944,23.01903236567638,1.256220856494515,1.4771255661089653,1
43.833333333333485,46.955969342355345,23.130908535696037,1.256227460993253,1.439923611660799,1
43.91666666666682,46.88854743531235,23.24537212102643,1.2562345815372875,1.4027220652188894,1
44.000000000000156,46.8254297607222,23.36226471250525,1.2562421622738975,1.3655209247614981,1
44.08333333333349,46.76670366179913,23.48142453856986,1.2562501489473217,1.3283201869273857,1
44.16666666666683,46.712450403303514,23.60268668950789,1.2562584890061177,1.2911198471073109,1
44.25000000000016,46.662745059001246,23.725883346043766,1.256267131697606,1.2539198995346952,1
44.3333333333335,46.617656407732426,23.85084401194123,1.2562760281498313,1.216720337375169,1
44.416666666666835,46.57724683823095,23.977395750296502,1.256285131441499,1.1795211528147278,1
44.50000000000017,46.54157226282416,24.10536342319203,1.2562943966603564,1.142322337146258,1
44.583333333333506,46.51068204012931,24.234569934376463,1.2563037809505107,1.1051238808542045,1
44.66666666666684,46.48461890685081,24.364836474632522,1.2563132435491753,1.0679257736971786,1
44.75000000000018,46.463418918769754,24.495982769491206,1.256322745813358,1.0307280047883218,1
44.83333333333351,46.44711140100417,24.62782732894772,1.2563322512369994,0.9935305626732642,1
44.91666666666685,46.435718907605775,24.76018769883217,1.2563417254590852,0.9563334354055271,1
45.000000000000185,46.42925719054582,24.89288071348606,1.2563511362632451,0.9191366106192481,1
45.08333333333352,46.42773517812984,25.025722749394163,1.2563604535693649,0.8819400755991184,1
45.166666666666856,46.43115496286803,25.158529979420265,1.2563696494177252,0.8447438173474382,1
45.25000000000019,46.43951179881477,25.291118627294846,1.256378697946181,0.8075478226482172,1
45.33333333333353,46.45279410837824,25.423305222002575,1.2563875753608928,0.7703520781282583,1
45.41666666666686,46.470983498587465,25.554906851717988,1.256396259901107,0.7331565703151796,1
45.5000000000002,46.49405478679169,25.68574141693852,1.2564047317984803,0.6959612856923431,1
45.583333333333535,46.5219760357538,25.815627882465467,1.2564129732314333,0.6587662107506737,1
45.66666666666687,46.55470859808667,25.94438652788519,1.256420968274998,0.6215713320373609,1
45.750000000000206,46.59220716996868,26.07183919620518,1.2564287028466286,0.5843766362014521,1
45.83333333333354,46.63441985406191,26.197809540302295,1.2564361646484132,0.5471821100363528,1
45.91666666666688,46.68128823154389,26.322123266843676,1.2564433431061273,0.5099877405192648,1
46.00000000000021,46.73274744315155,26.44460837734444,1.2564502293055406,0.4727935148475973,1
46.08333333333355,46.7887262791236,26.565095406030338,1.2564568159263858,0.43559942047239963,1
46.166666666666885,46.849147277915485,26.68341765417804,1.256463097174372,0.3984054451288692,1
46.25000000000022,46.91392683354918,26.799411420610703,1.2564690687116162,0.361211576863998,1
46.333333333333556,46.98297531144829,26.912916228031744,1.2564747275858474,0.3240178040614262,1
46.41666666666689,47.05619717259733,27.02377504488562,1.2564800721587175,0.28682411546357905,1
46.50000000000023,47.133491105852855,27.13183450244055,1.2564851020335428,0.24963050019116706,1
46.58333333333356,47.21475016822297,27.236945106794725,1.2564898179827766,0.21243694776013616,1
46.6666666666669,47.29986193292076,27.33896144551457,1.256494221875499,0.17524344809615727,1
46.750000000000234,47.388708644986906,27.43774238862101,1.2564983166051917,0.13804999154674952,1
46.83333333333357,47.48116738426604,27.533151283647378,1.256502106018048,0.10085656889113342,1
46.916666666666906,47.577110235511796,27.625056144500878,1.2565055948420534,0.06366317134791433,1
47.00000000000024,47.67640446538542,27.71332983386789,1.256508788617052,0.026469790580696505,1
47.08333333333358,47.77891270610359,27.797850238912293,1.2565116936259986,-0.010723581298268024,1
47.16666666666691,47.88449314548205,27.87850044002521,1.256514316827579,-0.047916951726292484,1
47.25000000000025,47.99299972311269,27.955168872393976,1.256516665790369,-0.08511032769022514,1
47.333333333333584,48.104282332403656,28.027749480168126,1.2565187486286802,-0.12230371572807097,1
47.41666666666692,48.21818702820363,28.096141863010132,1.2565205739402294,-0.1594971219321605,1
47.500000000000256,48.33455623972416,28.160251414829233,1.2565221507457547,-0.1966905519537615,1
47.58333333333359,48.45322898846637,28.219989454507257,1.2565234884306824,-0.23388401100903042,1
47.66666666666693,48.57404111085161,28.275273348436357,1.2565245966889387,-0.2710775038862014,1
47.75000000000026,48.69682548524911,28.326026624699804,1.2565254854689851,-0.3082710349539124,1
47.8333333333336,48.821412263087645,28.37217907873839,1.2565261649221433,-0.3454646081705699,1
47.916666666666934,48.947629103732595,28.413666870356703,1.256526645353264,-0.38265822709465547,1
48.00000000000027,49.07530141280448,28.450432611935344,1.2565269371737802,-0.4198518948958796,1
48.083333333333606,49.20425258361045,28.482425447727312,1.2565270508571769,-0.45704561436709223,1
48.16666666666694,49.33430424135571,28.509601124128906,1.2565269968968957,-0.49423938793685906,1
48.25000000000028,49.46527648979809,28.531922050827976,1.2565267857666849,-0.5314332176826192,1
48.33333333333361,49.59698816000553,28.549357352744828,1.2565264278833932,-0.5686271053443399,1
48.41666666666695,49.729257060873266,28.561882912693775,1.2565259335722003,-0.6058210523385892,1
48.500000000000284,49.861900231055124,28.569481404706067,1.2565253130342655,-0.6430150597729485,1
48.58333333333362,49.99473419196117,28.57214231796777,1.2565245763167674,-0.6802091284606934,1
48.666666666666956,50.127575201472546,28.569861971339133,1.2565237332853054,-0.7174032589356707,1
48.75000000000029,50.260239508023254,28.562643518434893,1.2565227935986212,-0.7545974514673073,1
48.83333333333363,50.392543604698034,28.55049694325804,1.2565217666855932,-0.7917917060756855,1
48.91666666666696,50.52430448299543,28.53343904639251,1.2565206617244569,-0.8289860225466278,1
49.0000000000003,50.65533988590554,28.511493421773398,1.256519487624189,-0.8661804004467325,1
49.083333333333634,50.7854685599528,28.484690424066216,1.2565182530080001,-0.9033748391383103,1
49.16666666666697,50.91451050585551,28.453067126699697,1.2565169661988649,-0.9405693377941708,1
49.250000000000306,51.04228722745578,28.416667270609622,1.256515635207026,-0.977763895412215,1
49.33333333333364,51.168621978575636,28.375541203763913,1.2565142677193955,-1.01495851082979,1
49.41666666666698,51.29334000745815,28.329745811552034,1.2565128710907834,-1.0521531827377706,1
49.50000000000031,51.416268798455484,28.27934443813437,1.256511452336871,-1.0893479096943275,1
49.58333333333365,51.53723831062965,28.224406798859768,1.2565100181288553,-1.1265426901383553,1
49.666666666666984,51.65608121293587,28.16500888387179,1.2565085747896814,-1.1637375224025277,1
49.75000000000032,51.77263311566327,28.101232853036446,1.2565071282917815,-1.2009324047259557,1
49.833333333333655,51.88673279781252,28.033166922336203,1.2565056842562408,-1.2381273352664266,1
49.91666666666699,51.99822243009588,27.960905241886874,1.2565042479533042,-1.2753223121122021,1
50.00000000000033,52.10694779325093,27.884547765745644,1.2565028243041454,-1.3125173332933606,1
50.08333333333366,52.2127584913658,27.804200113689863,1.2565014178838134,-1.349712396792668,1
50.166666666667,52.31550815992048,27.719973425157345,1.2565000329252762,-1.3869075005559657,1
50.250000000000334,52.41505466825634,27.631984205549873,1.2564986733244803,-1.4241026425020666,1
50.33333333333367,52.51126031619319,27.540354165112092,1.2564973426463475,-1.4612978205321527,1
50.416666666667005,52.603992024521865,27.44521005060842,1.2564960441316295,-1.4984930325386685,1
50.50000000000034,52.69312151910829,27.346683470030484,1.256494780704544,-1.535688276413709,1
50.58333333333368,52.77852550835405,27.24491071057734,1.2564935549811171,-1.5728835500569007,1
50.66666666666701,52.86008585376766,27.140032550160075,1.25649236927816,-1.6100788513827793,1
50.75000000000035,52.93768973341016,27.032194062691342,1.2564912256228062,-1.6472741783276628,1
50.833333333333684,53.011229797988605,26.921544417429086,1.2564901257625436,-1.684469528856031,1
50.91666666666702,53.08060431938113,26.808236672651894,1.2564890711756718,-1.7216649009664116,1
51.000000000000355,53.1457173313878,26.692427563951355,1.2564880630821227,-1.7588602926967862,1
51.08333333333369,53.206478762512134,26.574277287434256,1.256487102454582,-1.7960557021295211,1
51.16666666666703,53.26280456058937,26.453949278134505,1.2564861900298525,-1.833251127395836,1
51.25000000000036,53.31461680908864,26.331609983941373,1.256485326320401,-1.8704465666798205,1
51.3333333333337,53.361843834927896,26.20742863535682,1.2564845116260388,-1.9076420182220113,1
51.416666666667034,53.40442030765219,26.081577011400515,1.256483746045682,-1.9448374803225439,1
51.50000000000037,53.442287329837754,25.954229201986468,1.2564830294891436,-1.9820329513438926,1
51.583333333333705,53.47539251859661,25.825561367100136,1.2564823616889136,-2.0192284297132117,1
51.66666666666704,53.50369007806868,25.69575149310926,1.2564817422118817,-2.0564239139242977,1
51.75000000000038,53.52714086280099,25.564979146545753,1.2564811704709657,-2.0936194025391823,1
51.83333333333371,53.545712431925956,25.43342522569934,1.2564806457366071,-2.130814894189378,1
51.91666666666705,53.559379094063765,25.301271710366834,1.256480167148098,-2.168010387576789,1
52.000000000000384,53.56812194288649,25.168701410103374,1.2564797337247102,-2.2052058814743054,1
52.08333333333372,53.57192888329471,25.035897711324125,1.2564793443765963,-2.2424013747260996,1
52.166666666667055,53.57079464817017,24.903044323606434,1.256478997915435,-2.279596866247638,1
52.25000000000039,53.56472080568142,24.77032502554364,1.256478693064799,-2.3167923550254272,1
52.33333333333373,53.553715757132075,24.637923410502303,1.2564784284702233,-2.353987840116514,1
52.41666666666706,53.53779472535479,24.50602263263474,1.2564782027089514,-2.39118332064775,1
52.5000000000004,53.516979733666844,24.37480515349844,1.2564780142993495,-2.428378795814843,1
52.583333333333734,53.49129957541655,24.244452489633073,1.2564778617099668,-2.4655742648812105,1
52.66666666666707,53.46078977416257,24.115144961444415,1.2564777433682357,-2.5027697271766502,1
52.750000000000405,53.42549253454131,23.987061443742817,1.2564776576687968,-2.539965182095844,1
52.83333333333374,53.38545668389034,23.86037911828142,1.2564776029814437,-2.5771606290967113,1
52.916666666667076,53.34073760470865,23.73527322863662,1.2564775776586796,-2.614356067698625,1
53.00000000000041,53.29139715804738,23.61191683777005,1.2564775800428818,-2.6515514974805106,1
53.08333333333375,53.2375035979369,23.49048058860751,1.2564776084730707,-2.688746918078836,1
53.16666666666708,53.17913147696881,23.371132467966248,1.2564776612912834,-2.725942329185509,1
53.25000000000042,53.11636154316358,23.254037574157227,1.2564777368485498,-2.763137730545695,1
53.333333333333755,53.04928062826654,23.139357888583977,1.2564778335104763,-2.8003331219555716,1
53.41666666666709,52.97798152762696,23.027252051654074,1.2564779496624363,-2.837528503260025,1
53.500000000000426,52.90256287182636,22.917875143313303,1.256478083714377,-2.8747238743503067,1
53.58333333333376,52.82312899023391,22.811378468506156,1.2564782341052412,-2.9119192351616587,1
53.6666666666671,52.73978976667765,22.707909347859513,1.256478399307018,-2.949114585670918,1
53.75000000000043,52.65266048743141,22.607610913879064,1.256478577828425,-2.986309925894113,1
53.83333333333377,52.56186168172776,22.510621912940454,1.2564787682182321,-3.023505255884053,1
53.916666666667105,52.467518955017816,22.417076513349045,1.2564789690682365,-3.060700575727936,1
54.00000000000044,52.36976281520855,22.327104119733843,1.2564791790158985,-3.0978958855449643,1
54.083333333333776,52.26872849211825,22.240829194032305,1.2564793967466494,-3.1350911854839882,1
54.16666666666711,52.16455575039982,22.15837108331367,1.2564796209958822,3.110898831458404,1
54.25000000000045,52.05738869619096,22.07984385467894,1.256479850550636,3.073703550721827,1
54.33333333333378,51.947375577758685,22.00535613746588,1.2564800842509891,3.036508279261859,1
54.41666666666712,51.834668580414096,21.935010972977267,1.2564803209911697,2.999313016833888,1
54.500000000000455,51.71942361598119,21.868905671940198,1.2564805597203998,2.9621177631748328,1
54.58333333333379,51.60180010711101,21.80713167989363,1.2564807994434848,2.92492251800522,1
54.666666666667126,51.48196076673951,21.749774450690243,1.2564810392211598,2.8877272810311965,1
54.75000000000046,51.36007137299444,21.696913328287586,1.2564812781702093,2.850532051946473,1
54.8333333333338,51.236300539862484,21.64862143699196,1.2564815154633706,2.8133368304341992,1
54.91666666666713,51.110819483934065,21.604965580306764,1.2564817503290377,2.7761416161687618,1
55.00000000000047,50.983801787548515,21.566006148525208,1.2564819820507738,2.7389464088175113,1
55.083333333333805,50.855423158667236,21.531797035195094,1.2564822099666506,2.7017512080424084,1
55.16666666666714,50.72586118780709,21.502385562571195,1.2564824334684255,2.6645560135015924,1
55.250000000000476,50.59529510237027,21.477812416158248,1.256482652000568,2.6273608248508684,1
55.33333333333381,50.4639055187105,21.45811158843505,1.2564828650591509,2.590165641745116,1
55.41666666666715,50.3318741922785,21.443310331837438,1.2564830721906153,2.552970463839615,1
55.50000000000048,50.199383766192476,21.433429121065124,1.2564832729904252,2.5157752907912907,1
55.58333333333382,50.06661751858123,21.428481624764448,1.2564834671016205,2.4785801222598787,1
55.666666666667155,49.933759109049575,21.42847468662617,1.2564836542132807,2.4413849579090092,1
55.75000000000049,49.800992324616615,21.433408315924382,1.2564838340589102,2.4041897974072106,1
55.833333333333826,49.668500825478446,21.44327568750958,1.2564840064147575,2.3669946404288376,1
55.91666666666716,49.53646789094681,21.45806315125584,1.2564841710980765,2.329799486654919,1
56.0000000000005,49.405076165915204,21.477750250948997,1.2564843279653395,2.2926043357739316,1
56.08333333333383,49.274507408203135,21.502309752589653,1.2564844769104142,2.2554091874825,1
56.16666666666717,49.14494223712792,21.531707682071787,1.2564846178627114,2.2182140414860245,1
56.250000000000504,49.01655988365187,21.565903372184877,1.2564847507853116,2.181018897499238,1
56.33333333333384,48.88953794245043,21.60484951887443,1.2564848756730804,2.143823755246695,1
56.416666666667176,48.76405212624413,21.64849224668308,1.2564849925507797,2.1066286144631983,1
56.50000000000051,48.640276022734284,21.696771183281726,1.2564851014711818,2.0694334748941556,1
56.58333333333385,48.51838085447849,21.749619542987563,1.256485202513192,2.0322383362958827,1
56.66666666666718,48.39853524203812,21.806964219153503,1.2564852957799904,1.9950431984358428,1
56.75000000000052,48.280904970725466,21.868725885301114,1.256485381397191,1.9578480610928342,1
56.833333333333854,48.165652761272995,21.934819104857237,1.2564854595110333,1.9206529240571222,1
56.91666666666719,48.05293804474211,22.005152449342425,1.2564855302866027,1.8834577871305223,1
57.000000000000526,47.942916741982614,22.07962862484776,1.2564855939060902,1.8462626501264348,1
57.08333333333386,47.83574104794793,22.158144606625058,1.2564856505670927,1.8090675128698352,1
57.1666666666672,47.73155922116449,22.240591781604305,1.2564857004809586,1.7718723751972227,1
57.25000000000053,47.630515378646436,22.32685609864121,1.2564857438711818,1.7346772369565282,1
57.33333333333387,47.532749296539244,22.416818226287,1.2564857809718475,1.6974820980069871,1
57.416666666667204,47.43839621676813,22.510353717862273,1.2564858120261326,1.660286958218977,1
57.50000000000054,47.347586659958615,22.607333183606567,1.2564858372848617,1.623091817473824,1
57.583333333333876,47.26044624488799,22.707622469665484,1.2564858570051227,1.5858966756635813,1
57.66666666666721,47.177095514717486,22.811082843667876,1.2564858714489417,1.5487015326907803,1
57.75000000000055,47.09764977024549,22.91757118663632,1.2564858808820194,1.5115063884681585,1
57.83333333333388,47.02221891041238,23.026940190965487,1.2564858855725303,1.474311242918367,1
57.91666666666722,46.950907280277725,23.139038564194532,1.2564858857899843,1.4371160959736566,1
58.000000000000554,46.88381352668004,23.25371123829166,1.2564858818041522,1.399920947575551,1
58.08333333333389,46.82103046177879,23.370799584161386,1.256485873884055,1.3627257976745013,1
58.166666666667226,46.76264493466738,23.490141631077748,1.2564858622970159,1.325530646229532,1
58.25000000000056,46.708737711234804,23.61157229074003,1.2564858473077767,1.2883354932078743,1
58.3333333333339,46.659383362442064,23.73492358564096,1.2564858291776755,1.2511403385845923,1
58.41666666666723,46.6146501611679,23.86002488143162,1.256485808163888,1.2139451823422023,1
58.50000000000057,46.57459998776662,23.986703122961565,1.2564857845187285,1.1767500244702875,1
58.583333333333904,46.539288244468565,24.114783073667688,1.2564857584890108,1.1395548649651104,1
58.66666666666724,46.50876377874178,24.244087557980702,1.2564857303154693,1.1023597038292232,1
58.750000000000576,46.48306881572069,24.374437706413918,1.2564857002322358,1.0651645410710788,1
58.83333333333391,46.46223889979553,24.50565320299532,1.256485668466373,1.0279693767046432,1
58.91666666666725,46.446302845443086,24.637552534700628,1.2564856352374614,0.9907742107490111,1
59.00000000000058,46.435282697367,24.769953242542393,1.25648560075724,0.9535790432280258,1
59.08333333333392,46.4291937000026,24.9026721739677,1.256485565229296,0.9163838741699042,1
59.166666666667254,46.428044276428594,25.03552573621545,1.2564855288488048,0.8791887036068678,1
59.25000000000059,46.43183601671473,25.16833015028267,1.2564854918023147,0.841993531574783,1
59.333333333333925,46.44056367572162,25.30090170514858,1.2564854542675787,0.8047983581128065,1
59.41666666666726,46.454215180355675,25.433057011904744,1.2564854164134274,0.7676031832630432,1
59.5000000000006,46.472771646269294,25.564613257439785,1.256485378399683,0.7304080070702117,1
59.58333333333393,46.49620740398308,25.695388457327688,1.2564853403771117,0.6932128295813209,1
59.66666666666727,46.524490034394006,25.825201707569924,1.2564853024874119,0.6560176508453577,1
59.750000000000604,46.557580413620464,25.95387343484312,1.2564852648632379,0.6188224709129858,1
59.83333333333394,46.59543276712213,26.081225644906123,1.256485227628254,0.5816272898362579,1
59.916666666667275,46.63799473301977,26.207082168822794,1.2564851908972199,0.5444321076683377,1
60.00000000000061,46.68520743452752,26.331268906659986,1.2564851547761025,0.5072369244632366,1
60.08333333333395,46.73700556139731,26.45361406832352,1.2564851193622149,0.4700417402755622,1
60.16666666666728,46.79331746026288,26.57394841119905,1.2564850847443778,0.4328465551602802,1
60.25000000000062,46.85406523375837,26.692105474269052,1.2564850510031038,0.3956513691724887,1
60.333333333333954,46.91916484827444,26.80792180838208,1.2564850182107992,0.3584561823672064,1
60.41666666666729,46.988526250202796,26.92123720235575,1.2564849864319863,0.3212609947991732,1
60.500000000000625,47.06205349050837,27.03189490460067,1.2564849557235391,0.28406580652266433,1
60.58333333333396,47.13964485745682,27.139741839958713,1.256484926134935,0.246870617591317,1
60.6666666666673,47.22119301731379,27.244628821455702,1.2564848977085166,0.20967542805797035,1
60.75000000000063,47.3065851628212,27.346410756675542,1.2564848704797664,0.17248023797451745,1
60.83333333333397,47.395703169245344,27.444946848470334,1.256484844477588,0.13528504739177005,1
60.916666666667304,47.48842375778076,27.540100789728793,1.2564848197245968,0.09808985635933551,1
61.00000000000064,47.58461866608396,27.631740951933565,1.2564847962374148,0.0608946649255055,1
61.083333333333975,47.68415482570108,27.719740567246568,1.2564847740269705,0.023699473137156278,1
61.16666666666731,47.78689454614394,27.80397790387047,1.256484753098802,-0.013495718960339749,1
61.25000000000065,47.89269570536005,27.884336434443753,1.2564847334533613,-0.05069091132319158,1
61.33333333333398,48.001411946332844,27.96070499723635,1.2564847150863194,-0.08788610390925664,1
61.41666666666732,48.11289287954044,28.032977949922905,1.2564846979888702,-0.12508129667809764,1
61.500000000000654,48.226984290992625,28.101055315720927,1.2564846821480333,-0.1622764895910297,1
61.58333333333399,48.34352835555843,28.164842921691655,1.2564846675469536,-0.19947168261115822,1
61.666666666667325,48.46236385528914,28.224252529012325,1.2564846541651973,-0.23666687570340772,1
61.75000000000066,48.58332640243469,28.27920195503964,1.256484641979043,-0.27386206883454234,1
61.833333333334,48.706248666845056,28.329615186995543,1.2564846309617683,-0.3110572619731781,1
61.91666666666733,48.83096060744189,28.37542248711809,1.2564846210839289,-0.34825245508978786,1
62.00000000000067,48.957289707440374,28.416560489131882,1.256484612313632,-0.3854476481566987,1
62.083333333334004,49.085061212995804,28.45297228590466,1.256484604616802,-0.422642841148083,1
62.16666666666734,49.21409837494474,28.484607508168793,1.2564845979574377,-0.4598380340399429,1
62.250000000000675,49.344222693306435,28.511422394198735,1.256484592297863,-0.49703322681008943,1
62.33333333333401,49.475254164206184,28.5333798503481,1.2564845875989654,-0.5342284194381154,1
62.416666666667346,49.607011528879106,28.55044950236257,1.256484583820429,-0.5714236119053638,1
62.50000000000068,49.739312524409854,28.56260773739768,1.2564845809209553,-0.6086188041948921,1
62.58333333333402,49.87197413586139,28.56983773668335,1.2564845788584755,-0.6458139962914312,1
62.66666666666735,50.004812849444114,28.572129498789973,1.256484577590353,-0.6830091881813416,1
62.75000000000069,50.137644906375,28.569479853463886,1.2564845770735753,-0.7202043798525659,1
62.833333333334025,50.27028655707571,28.561892466013067,1.2564845772649358,-0.7573995712945782,1
62.91666666666736,50.40255431535792,28.54937783223701,1.2564845781212053,-0.7945947624983312,1
63.000000000000696,50.53426521224436,28.53195326390778,1.256484579599294,-0.8317899534562001,1
63.08333333333403,50.665237049074285,28.509642864822347,1.2564845816564023,-0.8689851441619261,1
63.16666666666737,50.79528864954344,28.482477497459307,1.2564845842501615,-0.906180334610557,1
63.2500000000007,50.92424011032965,28.45049474028616,1.2564845873387651,-0.9433755247983868,1
63.33333333333404,51.05191304995758,28.413738835776137,1.2564845908810895,-0.9805707147228949,1
63.416666666667375,51.17813085555814,28.372260629206554,1.2564845948368055,-1.0177659043826839,1
63.50000000000071,51.302718927181424,28.326117498323327,1.2564845991664793,-1.0549610937774174,1
63.583333333334046,51.42550491932506,28.275373273968935,1.2564846038316646,-1.0921562829077573,1
63.66666666666738,51.54631897934387,28.22009815178366,1.2564846087949857,-1.1293514717753013,1
63.75000000000072,51.664993982411204,28.16036859510224,1.2564846140202117,-1.1665466603825208,1
63.83333333333405,51.781365762706635,28.09626722918026,1.2564846194723207,-1.2037418487326996,1
63.91666666666739,51.8952733405105,28.027882726896582,1.2564846251175577,-1.2409370368298724,1
64.00000000000072,52.00655914489093,27.95530968608999,1.2564846309234825,-1.278132224678765,1
64.08333333333405,52.115069231675434,27.87864849869967,1.2564846368590112,-1.3153274122847352,1
64.16666666666738,52.220653496405475,27.79800521189057,1.2564846428944494,-1.3525225996537151,1
64.25000000000071,52.323165881979456,27.713491381355777,1.2564846490015182,-1.3897177867921549,1
64.33333333333404,52.42246458069686,27.625223916998802,1.2564846551533742,-1.4269129737069672,1
64.41666666666737,52.51841223042411,27.53332492120927,1.2564846613246219,-1.4641081604054744,1
64.5000000000007,52.61087610461072,27.437921519955747,1.2564846674913208,-1.5013033468953565,1
64.58333333333402,52.699728295892925,27.33914568692931,1.2564846736309865,-1.5384985331846013,1
64.66666666666735,52.784845893030806,27.237134060981194,1.2564846797225862,-1.575693719281457,1
64.75000000000068,52.86611115093415,27.132027757107004,1.2564846857465288,-1.6128889051943853,1
64.83333333333401,52.94341165354182,27.02397217123899,1.2564846916846517,-1.6500840909320176,1
64.91666666666734,53.01664046932936,26.91311677911644,1.2564846975202009,-1.6872792765031126,1
65.00000000000067,53.08569629922968,26.799614929512348,1.2564847032378084,-1.724474461916517,1
65.083333333334,53.15048361676225,26.6836236321025,1.2564847088234665,-1.7616696471811273,1
65.16666666666733,53.21091280017692,26.56530334027031,1.2564847142644968,-1.7988648323058531,1
65.25000000000065,53.266900256429565,26.444817729147967,1.256484719549518,-1.836060017299585,1
65.33333333333398,53.318368536818106,26.322333469200817,1.2564847246684088,-1.8732552021711606,1
65.41666666666731,53.36524644411891,26.19801999566831,1.2564847296122708,-1.9104503869293379,1
65.50000000000064,53.40746913107535,26.07204927418035,1.2564847343733871,-1.9476455715827652,1
65.58333333333397,53.44497819010235,25.94459556287333,1.25648473894518,-1.9848407561399573,1
65.6666666666673,53.47772173408272,25.8158351713349,1.2564847433221669,-2.022035940609271,1
65.75000000000063,53.505654468143675,25.685946216710935,1.256484747499914,-2.0592311249988855,1
65.83333333333395,53.52873775231407,25.555108377312084,1.2564847514749906,-2.0964263093167803,1
65.91666666666728,53.546939654975795,25.42350264406074,1.2564847552449208,-2.13362149357072,1
66.00000000000061,53.56023499703536,25.29131107012224,1.2564847588081354,-2.170816677768238,1
66.08333333333394,53.56860538675457,25.158716519066687,1.2564847621639232,-2.2080118619166207,1
66.16666666666727,53.57203924519207,25.025902411909698,1.2564847653123823,-2.2452070460228986,1
66.2500000000006,53.570531822220666,24.893052473382067,1.25648476825437,-2.2824022300938336,1
66.33333333333393,53.56408520309812,24.760350477779276,1.2564847709914553,-2.319597414135911,1
66.41666666666725,53.55270830558246,24.627979994742475,1.2564847735258695,-2.356792598155331,1
66.50000000000058,53.53641686759579,24.496124135322546,1.2564847758604585,-2.393987782158005,1
66.58333333333391,53.51523342545348,24.364965298678584,1.2564847779986348,-2.4311829661495494,1
66.66666666666724,53.48918728268918,24.234684919761136,1.2564847799443313,-2.4683781501352833,1
66.75000000000057,53.458314469518434,24.105463218329273,1.2564847817019553,-2.5055733341202266,1
66.8333333333339,53.422657692997255,23.977478949648653,1.2564847832763435,-2.5427685181091,1
66.91666666666723,53.38226627794442,23.850909157215465,1.2564847846727185,-2.579963702106325,1
67.00000000000055,53.33719609870926,23.725928927848308,1.2564847858966464,-2.6171588861160244,1
67.08333333333388,53.287509501879455,23.60271114948677,1.2564847869539948,-2.6543540701420283,1
67.16666666666721,53.23327522003548,23.481426272031783,1.2564847878508942,-2.6915492541878745,1
67.25000000000054,53.17456827667133,23.362242071558573,1.2564847885936987,-2.7287444382568142,1
67.33333333333387,53.1114698824128,23.245323418228356,1.2564847891889492,-2.7659396223518176,1
67.4166666666672,53.044067322677,23.130832048219858,1.2564847896433378,-2.8031348064755788,1
67.50000000000053,52.97245383692851,23.018926339996145,1.2564847899636744,-2.8403299906305235,1
67.58333333333385,52.89672848969909,22.909761095216247,1.2564847901568543,-2.8775251748188158,1
67.66666666666718,52.81699603354959,22.803487324594652,1.2564847902298275,-2.9147203590423656,1
67.75000000000051,52.73336676416335,22.700252039004898,1.2564847901895697,-2.951915543302838,1
67.83333333333384,52.64595636777177,22.60019804611623,1.256484790043055,-2.98911072760166,1
67.91666666666717,52.554885761122975,22.50346375284463,1.2564847897972302,-3.0263059119400313,1
68.0000000000005,52.460280924215034,22.410182973891523,1.256484789458991,-3.0635010963189324,1
68.08333333333383,52.36227272602503,22.320484746634957,1.2564847890351591,-3.1006962807391356,1
68.16666666666715,52.26099674347513,22.23449315262939,1.2564847885324621,-3.1378914652012133,1
68.25000000000048,52.15659307388606,22.15232714596096,1.2564847879575136,3.108098657474039,1
68.33333333333381,52.04920614117735,22.07410038869568,1.2564847873167961,3.0709034729272435,1
68.41666666666714,51.938984496082625,21.999921093648215,1.2564847866166449,3.0337082883379543,1
68.50000000000047,51.82608061065604,21.929891874688707,1.2564847858632333,2.9965131037062958,1
68.5833333333338,51.71065066735438,21.86410960479476,1.2564847850625596,2.959317919032543,1
68.66666666666713,51.5928543429864,21.802665282044902,1.2564847842204356,2.92212273431711,1
68.75000000000045,51.4728545878284,21.745643903738944,1.2564847833424766,2.8849275495605404,1
68.83333333333378,51.350817400211525,21.693124348819318,1.2564847824340915,2.847732364763497,1
68.91666666666711,51.226911596892585,21.64517926875609,1.2564847815004765,2.8105371799267522,1
69.00000000000044,51.10130857952615,21.601874987046582,1.2564847805466077,2.77334199505118,1
69.08333333333377,50.974182097560835,21.56327140746857,1.2564847795772367,2.736146810137744,1
69.1666666666671,50.84570800788788,21.529421931214063,1.2564847785968858,2.6989516251874917,1
69.25000000000043,50.7160640315744,21.500373383018243,1.2564847776098458,2.661756440201542,1
69.33333333333375,50.585429508017924,21.476165946385738,1.2564847766201734,2.6245612551810797,1
69.41666666666708,50.453985146862244,21.45683310800388,1.256484775631691,2.587366070127346,1
69.50000000000041,50.32191277801774,21.442401611419804,1.2564847746479864,2.55017088504163,1
69.58333333333374,50.18939510013205,21.432891420045475,1.256484773672413,2.5129756999252613,1
69.66666666666707,50.05661542785901,21.428315689541854,1.2564847727080926,2.4757805147796037,1
69.7500000000004,49.923757438275366,21.428680749620334,1.2564847717579173,2.438585329606047,1
69.83333333333373,49.79100491679625,21.433986095286702,1.2564847708245526,2.401390144406001,1
69.91666666666706,49.6585415029407,21.444224387539673,1.2564847699104411,2.364194959180888,1
70.00000000000038,49.52655043629905,21.459381463523073,1.2564847690178071,2.3269997739321373,1
70.08333333333371,49.3952143030535,21.479436356117606,1.2564847681486617,2.2898045886611804,1
70.16666666666704,49.264714783402624,21.504361322945112,1.2564847673048074,2.2526094033694446,1
70.25000000000037,49.13523240023907,21.534121884745197,1.2564847664878451,2.215414218058348,1
70.3333333333337,49.00694626942822,21.568676873071123,1.2564847656991796,2.1782190327292947,1
70.41666666666703,48.880033852033236,21.60797848723903,1.2564847649400261,2.141023847383672,1
70.50000000000036,48.75467070882919,21.651972360451655,1.256484764211418,2.1038286620228432,1
70.58333333333368,48.63103025744592,21.70059763500511,1.2564847635142131,2.066633476648147,1
70.66666666666701,48.50928353247557,21.75378704647468,1.2564847628491014,2.029438291260893,1
70.75000000000034,48.389598948876596,21.811467016763196,1.2564847622166122,1.9922431058623578,1
70.83333333333367,48.272142069001575,21.873557755883212,1.2564847616171229,1.9550479204537832,1
70.916666666667,48.15707537357111,21.939973372332275,1.2564847610508656,1.9178527350363734,1
71.00000000000033,48.04455803691063,22.01062199190854,1.2564847605179357,1.880657549611293,1
71.08333333333366,47.93474570676093,22.08540588480238,1.2564847600182993,1.8434623641796644,1
71.16666666666698,47.8277902889672,22.164221600788203,1.2564847595518014,1.8062671787425673,1
71.25000000000031,47.723839737344264,22.246960112329443,1.2564847591181738,1.7690719933010361,1
71.33333333333364,47.623037849008725,22.333506965398783,1.2564847587170431,1.73187680785606,1
71.41666666666697,47.52552406546121,22.423742437804943,1.2564847583479375,1.694681622408581,1
71.5000000000003,47.4314332796938,22.51754170480706,1.2564847580102956,1.6574864369594937,1
71.58333333333363,47.34089564958953,22.61477501178753,1.2564847577034732,1.620291251509645,1
71.66666666666696,47.254036417872065,22.71530785374447,1.2564847574267513,1.5830960660598337,1
71.75000000000028,47.17097573885465,22.819001161355473,1.2564847571793418,1.54590088061081,1
71.83333333333361,47.091828512227906,22.925711493355312,1.2564847569603967,1.5087056951632767,1
71.91666666666694,47.016704224116545,23.035291234961445,1.2564847567690132,1.471510509717888,1
72.00000000000027,46.94570679562474,23.147588802072836,1.2564847566042407,1.4343153242752515,1
72.0833333333336,46.87893443907973,23.262448850959633,1.2564847564650878,1.397120138835928,1
72.16666666666693,46.8164795221725,23.379712493153615,1.2564847563505277,1.359924953400432,1
72.25000000000026,46.758428440183486,23.49921751524217,1.2564847562595047,1.3227297679692331,1
72.33333333333358,46.70486149647004,23.62079860326172,1.2564847561909394,1.2855345825427569,1
72.41666666666691,46.655852791380966,23.744287571380234,1.256484756143734,1.2483393971213854,1
72.50000000000024,46.61147011975189,23.86951359455245,1.2564847561167782,1.2111442117054594,1
72.58333333333357,46.57177487712312,23.99630344482598,1.2564847561089536,1.1739490262952785,1
72.6666666666669,46.5368219748098,24.124481730971404,1.2564847561191381,1.1367538408911035,1
72.75000000000023,46.50665976394186,24.25387114110489,1.256484756146211,1.0995586554931573,1
72.83333333333356,46.481329968578855,24.38429268796769,1.2564847561890558,1.062363470101626,1
72.91666666666688,46.46086762799207,24.5155659565232,1.2564847562465655,1.025168284716661,1
73.00000000000021,46.44530104819396,24.647509353529145,1.2564847563176453,0.9879730993383804,1
73.08333333333354,46.43465176278178,24.779940358739545,1.256484756401216,0.9507779139668703,1
73.16666666666687,46.428934503149705,24.912675777389076,1.2564847564962172,0.9135827286021867,1
73.2500000000002,46.42815717811052,25.04553199361047,1.25648475660161,0.876387543244357,1
73.33333333333353,46.432320862955216,25.178325224434463,1.2564847567163797,0.8391923578933818,1
73.41666666666686,46.44141979796551,25.31087177402087,1.2564847568395379,0.8019971725492359,1
73.50000000000018,46.45544139638139,25.44298828776917,1.2564847569701247,0.7648019872118706,1
73.58333333333351,46.474366261812655,25.57449200595701,1.2564847571072106,0.7276068018812154,1
73.66666666666684,46.498168215070386,25.705201016555808,1.2564847572498978,0.6904116165571788,1
73.75000000000017,46.52681433038119,25.83493450687375,1.256484757397322,0.6532164312396502,1
73.8333333333335,46.5602649809342,25.963513013678007,1.256484757548653,0.6160212459285023,1
73.91666666666683,46.598473893697665,26.090758671450242,1.2564847577030966,0.5788260606235911,1
74.00000000000016,46.641388213429536,26.216495458431964,1.2564847578598946,0.5416308753247587,1
74.08333333333348,46.68894857579327,26.340549440119347,1.2564847580183258,0.5044356900318342,1
74.16666666666681,46.74108918947784,26.462749009870716,1.2564847581777063,0.46724050474463497,1
74.25000000000014,46.79773792720837,26.582925126293855,1.2564847583373902,0.4300453194629683,1
74.33333333333347,46.858816425521354,26.700911547084733,1.2564847584967687,0.3928501341866327,1
74.4166666666668,46.92424019316664,26.816545058994194,1.2564847586552712,0.35565494891541904,1
74.50000000000013,46.99391872798602,26.929665703604492,1.2564847588123647,0.3184597636491118,1
74.58333333333346,47.06775564210693,27.040116998603335,1.2564847589675532,0.2812645783874903,1
74.66666666666679,47.14564879527793,27.14774615424937,1.256484759120378,0.24406939313032988,1
74.75000000000011,47.22749043616158,27.252404284729625,1.2564847592704165,0.2068742078774029,1
74.83333333333344,47.31316735138932,27.353946614116595,1.2564847594172817,0.16967902262847978,1
74.91666666666677,47.402561022172,27.452232676639994,1.2564847595606219,0.13248383738332997,1
75.0000000000001,47.49554778824963,27.547126510996204,1.2564847597001194,0.09528865214172284,1
75.08333333333343,47.59199901895332,27.638496848426563,1.2564847598354898,0.05809346690342851,1
75.16666666666676,47.69178129114299,27.726217294304373,1.2564847599664812,0.020898281668218745,1
75.25000000000009,47.794756573774585,27.81016650297941,1.2564847600928732,-0.016296903564132353,1
75.33333333333341,47.90078241884149,27.890228345638057,1.2564847602144753,-0.053492088793847675,1
75.41666666666674,48.00971215842602,27.966292070946885,1.2564847603311262,-0.09068727402114643,1
75.50000000000007,48.12139510758848,28.038252458257443,1.256484760442693,-0.12788245924624356,1
75.5833333333334,48.23567677281294,28.106009963160318,1.2564847605490694,-0.1650776444693492,1
75.66666666666673,48.35239906572161,28.169470855187143,1.2564847606501746,-0.2022728296906682,1
75.75000000000006,48.47140052176202,28.228547347470037,1.256484760745952,-0.23946801491039968,1
75.83333333333339,48.5925165235645,28.283157718179137,1.2564847608363683,-0.27666320012873663,1
75.91666666666671,48.7155795286611,28.333226423570217,1.2564847609214123,-0.31385838534586563,1
76.00000000000004,48.840419301250826,28.378684202486046,1.256484761001093,-0.35105357056196645,1
76.08333333333337,48.96686314769059,28.419468172166873,1.2564847610754384,-0.38824875577721174,1
76.1666666666667,49.094736155386194,28.45552191523756,1.2564847611444951,-0.4254439409917671,1
76.25000000000003,49.22386143475285,28.48679555775099,1.2564847612083263,-0.46263912620579056,1
76.33333333333336,49.35406036391044,28.513245838179802,1.2564847612670107,-0.4998343114194327,1
76.41666666666669,49.485152835775196,28.534836167261034,1.256484761320641,-0.5370294966328364,1
76.50000000000001,49.616957507205804,28.551536678610848,1.256484761369323,-0.5742246818461368,1
76.58333333333334,49.74929204985944,28.563324270039384,1.2564847614131753,-0.6114198670594614,1
76.66666666666667,49.88197340241064,28.570182635508516,1.2564847614523262,-0.6486150522729297,1
76.75,50.01481802378409,28.57210228768836,1.2564847614869143,-0.6858102374866537,1
76.83333333333333,50.1476421470511,28.569080571081308,1.2564847615170862,-0.7230054227007375,1
76.91666666666666,50.28026203363851,28.56112166569544,1.2564847615429962,-0.7602006079152779,1
76.99999999999999,50.412494227498314,28.54823658126221,1.2564847615648052,-0.7973957931303638,1
77.08333333333331,50.54415580888656,28.530443142006455,1.2564847615826795,-0.8345909783460771,1
77.16666666666664,50.675064647400255,28.507765961989733,1.2564847615967902,-0.8717861635624922,1
77.24999999999997,50.80503965392246,28.480236411061146,1.2564847616073116,-0.9089813487796765,1
77.3333333333333,50.933901031126865,28.447892571462727,1.2564847616144208,-0.9461765339976905,1
77.41666666666663,51.061470522195464,28.41077918514943,1.2564847616182973,-0.9833717192165881,1
77.49999999999996,51.18757165740518,28.368947591896568,1.256484761619121,-1.0205669044364163,1
77.58333333333329,51.31202999824236,28.322455658280376,1.2564847616170731,-1.0577620896572162,1
77.66666666666661,51.43467337870747,28.271367697629874,1.256484761612334,-1.0949572748790228,1
77.74999999999994,51.55533214347617,28.215754381060805,1.2564847616050832,-1.1321524601018653,1
77.83333333333327,51.673839382587275,28.155692639714704,1.2564847615954986,-1.169347645325767,1
77.9166666666666,51.790031162333065,28.091265558338343,1.2564847615837564,-1.2065428305507462,1
77.99999999999993,51.90374675203242,28.02256226035073,1.25648476157003,-1.2437380157768159,1
78.08333333333326,52.01482884637314,27.94967778455671,1.2564847615544896,-1.2809332010039844,1
78.16666666666659,52.12312378301594,27.872712953677663,1.2564847615373018,-1.3181283862322557,1
78.24999999999991,52.22848175515893,27.791774234881185,1.2564847615186296,-1.355323571461629,1
78.33333333333324,52.33075701876876,27.706973592502678,1.2564847614986314,-1.3925187566920996,1
78.41666666666657,52.429808094191536,27.618428333162587,1.2564847614774608,-1.429713941923659,1
78.4999999999999,52.52549796186484,27.52626094349354,1.256484761455267,-1.4669091271562955,1
78.58333333333323,52.617694251859916,27.430598920701858,1.2564847614321935,-1.5041043123899938,1
78.66666666666656,52.70626942699193,27.331574596197818,1.2564847614083787,-1.5412994976247356,1
78.74999999999989,52.791100959245036,27.22932495253867,1.2564847613839554,-1.5784946828605002,1
78.83333333333321,52.872071499268095,27.123991433937608,1.2564847613590504,-1.6156898680972638,1
78.91666666666654,52.94906903870665,27.015719750600834,1.256484761333785,-1.6528850533350008,1
78.99999999999987,53.02198706514658,26.90465967716338,1.2564847613082744,-1.6900802385736833,1
79.0833333333332,53.09072470945512,26.790964845502515,1.2564847612826275,-1.7272754238132817,1
79.16666666666653,53.155186885315345,26.674792532215342,1.2564847612569474,-1.7644706090537647,1
79.24999999999986,53.215284420761236,26.55630344105458,1.2564847612313312,-1.8016657942950998,1
79.33333333333319,53.27093418153121,26.435661480623466,1.2564847612058698,-1.838860979537253,1
79.41666666666652,53.32205918606964,26.313033537637335,1.256484761180648,-1.8760561647801897,1
79.49999999999984,53.368588712017115,26.188589246065504,1.2564847611557448,-1.9132513500238741,1
79.58333333333317,53.410458394042294,26.06250075247282,1.256484761131233,-1.95044653526827,1
79.6666666666665,53.44761031287989,25.934942477885468,1.2564847611071799,-1.9876417205133408,1
79.74999999999983,53.479993075451674,25.806090876510492,1.2564847610836465,-2.024836905759049,1
79.83333333333316,53.507561885959696,25.676124191642735,1.2564847610606886,-2.0620320910053587,1
79.91666666666649,53.530278607853276,25.54522220909692,1.256484761038357,-2.0992272762522317,1
79.99999999999982,53.54811181658417,25.413566008505924,1.256484761016696,-2.1364224614996314,1
80.08333333333314,53.56103684307684,25.281337712829284,1.2564847609957457,-2.173617646747521,1
80.16666666666647,53.56903580785376,25.14872023641844,1.2564847609755405,-2.2108128319958644,1
80.2499999999998,53.572097645768444,25.01589703198723,1.2564847609561105,-2.2480080172446257,1
80.33333333333313,53.570218121312166,24.88305183683766,1.256484760937481,-2.28520320249377,1
80.41666666666646,53.563399834473,24.750368418691995,1.2564847609196725,-2.322398387743262,1
80.49999999999979,53.55165221713923,24.618030321482774,1.2564847609027017,-2.3595935729930693,1
80.58333333333312,53.53499152005196,24.486220611452385,1.2564847608865806,-2.3967887582431584,1
80.66666666666644,53.51344079032516,24.355121623913448,1.2564847608713179,-2.4339839434934976,1
80.74999999999977,53.487029839564045,24.224914711020315,1.2564847608569183,-2.4711791287440557,1
80.8333333333331,53.45579520262601,24.095779990900585,1.2564847608433833,-2.508374313994803,1
80.91666666666643,53.419780087081165,23.96789609849368,1.2564847608307108,-2.5455694992457105,1
80.99999999999976,53.37903431344235,23.841439938441138,1.2564847608188956,-2.582764684496751,1
81.08333333333309,53.33361424624727,23.71658644037049,1.2564847608079301,-2.619959869747898,1
81.16666666666642,53.28358271608822,23.593508316911205,1.2564847607978036,-2.657155054999126,1
81.24999999999974,53.229008932697084,23.47237582477743,1.2564847607885028,-2.6943502402504116,1
81.33333333333307,53.169968389206005,23.353356529248106,1.2564847607800127,-2.7315454255017313,1
81.4166666666664,53.106542757716014,23.23661507237017,1.2564847607723157,-2.768740610753064,1
81.49999999999973,53.03881977631821,23.122312945205532,1.2564847607653928,-2.805935796004389,1
81.58333333333306,52.96689312772373,23.010608264436893,1.2564847607592227,-2.8431309812556878,1
81.66666666666639,52.89086230967029,22.901655553641405,1.256484760753783,-2.880326166506942,1
81.74999999999972,52.81083249728483,22.795605529534757,1.2564847607490497,-2.9175213517581358,1
81.83333333333304,52.72691439759235,22.69260489348139,1.256484760744998,-2.9547165370092534,1
81.91666666666637,52.63922409637246,22.592796128559215,1.2564847607416019,-2.9919117222602805,1
81.9999999999997,52.54788289757528,22.496317302459587,1.2564847607388343,-3.0291069075112045,1
82.08333333333303,52.45301715551902,22.40330187649521,1.2564847607366678,-3.0663020927620135,1
82.16666666666636,52.35475810010123,22.313878520980097,1.2564847607350744,-3.1034972780126964,1
82.24999999999969,52.253241655265526,22.228170937237078,1.2564847607340253,-3.1406924632632442,1
82.33333333333302,52.148608250975,22.14629768647898,1.2564847607334915,3.1052976586659384,1
82.41666666666634,52.0410026289523,22.06837202580027,1.2564847607334442,3.0681024734156854,1
82.49999999999967,51.930573642455165,21.994501751505975,1.256484760733854,3.03090728816559,1
82.583333333333,51.817474050364424,21.92478904999467,1.2564847607346923,2.993712102915658,1
82.66666666666633,51.70186030586921,21.859330356401724,1.2564847607359297,2.9565169176658936,1
82.74999999999966,51.58389234004176,21.798216221198455,1.2564847607375378,2.9193217324163,1
82.83333333333299,51.46373334060121,21.74153118493162,1.2564847607394882,2.8821265471668807,1
82.91666666666632,51.341549526172386,21.6893536612766,1.2564847607417533,2.8449313619176375,1
82.99999999999964,51.217509916351865,21.641755828566005,1.2564847607443057,2.807736176668571,1
83.08333333333297,51.09178609789939,21.598803529943797,1.2564847607471188,2.7705409914196824,1
83.1666666666663,50.96455198737807,21.560556182282976,1.2564847607501664,2.7333458061709712,1
83.24999999999963,50.835983590571765,21.527066693992904,1.256484760753423,2.696150620922437,1
83.33333333333296,50.706258759012286,21.49838139182992,1.2564847607568643,2.6589554356740774,1
83.41666666666629,50.57555694395346,21.47453995681251,1.2564847607604661,2.6217602504258912,1
83.49999999999962,50.44405894813218,21.45557536932966,1.2564847607642056,2.5845650651778755,1
83.58333333333294,50.311946675659954,21.441513863518356,1.2564847607680607,2.5473698799300273,1
83.66666666666627,50.17940288039088,21.43237489097331,1.2564847607720102,2.5101746946823433,1
83.7499999999996,50.04661091311418,21.428171093839143,1.2564847607760337,2.4729795094348197,1
83.83333333333293,49.91375446792094,21.428908287322216,1.256484760780112,2.435784324187452,1
83.91666666666626,49.78101732809599,21.43458545164633,1.2564847607842267,2.3985891389402356,1
83.99999999999959,49.64858311188638,21.445194733463406,1.2564847607883602,2.3613939536931663,1
84.08333333333292,49.51663501849817,21.46072145671719,1.2564847607924963,2.324198768446238,1
84.16666666666625,49.385355574672865,21.481144142944988,1.2564847607966196,2.2870035831994464,1
84.24999999999957,49.25492638219411,21.50643454098927,1.2564847608007157,2.2498083979527856,1
84.3333333333329,49.12552786667389,21.53655766607816,1.2564847608047707,2.21261321270625,1
84.41666666666623,48.99733902796578,21.571471848220632,1.2564847608087724,2.175418027459834,1
84.49999999999956,48.870537192550394,21.611128789849545,1.256484760812709,2.1382228422135316,1
84.58333333333289,48.74529776823577,21.65547363263274,1.25648476081657,2.1010276569673367,1
84.66666666666622,48.62179400151181,21.704445033359807,1.2564847608203455,2.063832471721244,1
84.74999999999955,48.50019673789452,21.7579752487995,1.256484760824027,2.0266372864752467,1
84.83333333333287,48.380674185591644,21.815990229410477,1.2564847608276064,1.9894421012293393,1
84.9166666666662,48.263391682816476,21.87840972177567,1.2564847608310765,1.9522469159835156,1
84.99999999999953,48.148511469071806,21.945147379618636,1.2564847608344312,1.91505173073777,1
85.08333333333286,48.036192460720414,22.016110883248274,1.2564847608376648,1.8778565454920964,1
85.16666666666619,47.926590031152514,22.091202067266735,1.256484760840773,1.8406613602464892,1
85.24999999999952,47.81985579585428,22.170317056363796,1.2564847608437517,1.8034661750009426,1
85.33333333333285,47.71613740267476,22.253346409009882,1.2564847608465974,1.7662709897554514,1
85.41666666666617,47.61557832758131,22.340175268849002,1.256484760849308,1.7290758045100099,1
85.4999999999995,47.51831767618609,22.430683523582086,1.2564847608518812,1.691880619264613,1
85.58333333333283,47.42448999131817,22.524745971121018,1.2564847608543162,1.6546854340192554,1
85.66666666666616,47.33422506690741,22.622232492783475,1.256484760856612,1.6174902487739322,1
85.74999999999949,47.24764776843766,22.72300823328901,1.2564847608587688,1.5802950635286388,1
85.83333333333282,47.16487786021752,22.826933787307365,1.2564847608607868,1.5430998782833705,1
85.91666666666615,47.08602983970773,22.93386539230097,1.2564847608626668,1.5059046930381228,1
85.99999999999947,47.01121277913422,23.043655127394874,1.2564847608644103,1.4687095077928918,1
86.0833333333328,46.94053017460614,23.156151117999,1.256484760866019,1.431514322547673,1
86.16666666666613,46.87407980294733,23.27119774589963,1.256484760867495,1.3943191373024628,1
86.24999999999946,46.81195358643948,23.388635864529586,1.256484760868841,1.3571239520572578,1
86.33333333333279,46.754237465663984,23.508303019119193,1.2564847608700598,1.3199287668120543,1
86.41666666666612,46.70101128061842,23.63003367142361,1.2564847608711545,1.282733581566849,1
86.49999999999945,46.65234866027208,23.753659428715565,1.2564847608721283,1.2455383963216389,1
86.58333333333277,46.60831692071341,23.879009276726777,1.2564847608729852,1.2083432110764212,1
86.6666666666661,46.568976972030136,24.00590981621581,1.256484760873729,1.1711480258311933,1
86.74999999999943,46.53438323405097,24.134185502835102,1.256484760874364,1.1339528405859527,1
86.83333333333276,46.50458356106549,24.2636588899654,1.256484760874894,1.0967576553406972,1
86.91666666666609,46.47961917562618,24.394150874181598,1.2564847608753233,1.059562470095425,1
86.99999999999942,46.45952461152442,24.525480943010525,1.2564847608756566,1.0223672848501337,1
87.08333333333275,46.44432766601905,24.65746742463786,1.2564847608758984,0.9851720996048221,1
87.16666666666607,46.43404936138384,24.78992773921882,1.2564847608760534,0.9479769143594884,1
87.2499999999994,46.42870391582692,24.922678651444926,1.2564847608761263,0.9107817291141314,1
87.33333333333273,46.42829872382239,25.055536524017487,1.2564847608761214,0.8735865438687498,1
87.41666666666606,46.43283434588138,25.188317571677185,1.2564847608760437,0.8363913586233427,1
87.49999999999939,46.44230450777671,25.320838115438313,1.2564847608758978,0.7991961733779092,1
87.58333333333272,46.45669610922214,25.452914836676023,1.2564847608756884,0.7620009881324485,1
87.66666666666605,46.4759892419943,25.584365030715066,1.2564847608754202,0.7248058028869603,1
87.74999999999937,46.50015721747217,25.715006859569243,1.2564847608750975,0.687610617641444,1
87.8333333333327,46.52916660355607,25.844659603481954,1.256484760874725,0.6504154323958994,1
87.91666666666603,46.562977270915,25.973143910919866,1.2564847608743068,0.6132202471503262,1
87.99999999999936,46.60154244849845,26.100282046673886,1.2564847608738474,0.5760250619047244,1
88.08333333333269,46.64480878823584,26.22589813772425,1.256484760873351,0.538829876659094,1
88.16666666666602,46.692716438834104,26.34981841652959,1.2564847608728216,0.5016346914134353,1
88.24999999999935,46.7451991285713,26.471871461403452,1.2564847608722631,0.46443950616774843,1
88.33333333333267,46.80218425697178,26.59188843364574,1.2564847608716794,0.4272443209220338,1
88.416666666666,46.863592995236026,26.709703311101052,1.256484760871074,0.3900491356762918,1
88.49999999999933,46.92934039528631,26.82515311782084,1.2564847608704508,0.35285395043052287,1
88.58333333333266,46.99933550727726,26.93807814951167,1.256484760869813,0.3156587651847277,1
88.66666666666599,47.07348150540879,27.04832219445774,1.2564847608691638,0.2784635799389068,1
88.74999999999932,47.151675821867435,27.155732749612014,1.2564847608685064,0.24126839469306094,1
88.83333333333265,47.23381028871063,27.260161231557117,1.2564847608678436,0.20407320944719082,1
88.91666666666598,47.31977128749789,27.361463182044073,1.256484760867178,0.16687802420129721,1
88.9999999999993,47.409439906461735,27.459498467824623,1.2564847608665126,0.12968283895538096,1
89.08333333333263,47.50269210500094,27.554131474500686,1.2564847608658496,0.0924876537094429,1
89.16666666666596,47.59939888526873,27.64523129412277,1.2564847608651915,0.05529246846348392,1
89.24999999999929,47.69942647061833,27.73267190627786,1.2564847608645402,0.018097283217504943,1
89.33333333333262,47.80263649065921,27.816332352416282,1.2564847608638978,-0.019097902028493104,1
89.41666666666595,47.90888617266794,27.89609690317634,1.256484760863266,-0.05629308727450927,1
89.49999999999928,48.01802853908887,27.97185521847534,1.256484760862647,-0.09348827252054259,1
89.5833333333326,48.129912610851434,28.04350250014549,1.2564847608620417,-0.13068345776659213,1
89.66666666666593,48.24438361622293,28.110939636903527,1.256484760861452,-0.16787864301265693,1
89.74999999999926,48.36128320490767,28.17407334145359,1.256484760860879,-0.205073828258736,1
89.83333333333259,48.48044966709648,28.232816279533594,1.2564847608603236,-0.24226901350482838,1
89.91666666666592,48.60171815716349,28.28708719072668,1.2564847608597869,-0.27946419875093315,1
89.99999999999925,48.724920921700765,28.336811000870554,1.2564847608592697,-0.31665938399704935,1
