Using cpu device
-----------------------------
| time/              |      |
|    fps             | 2510 |
|    iterations      | 1    |
|    time_elapsed    | 3    |
|    total_timesteps | 8192 |
-----------------------------
------------------------------------------
| time/                   |              |
|    fps                  | 2610         |
|    iterations           | 2            |
|    time_elapsed         | 6            |
|    total_timesteps      | 16384        |
| train/                  |              |
|    approx_kl            | 0.0030683414 |
|    clip_fraction        | 0.0153       |
|    clip_range           | 0.2          |
|    entropy_loss         | -2.84        |
|    explained_variance   | 0.0982       |
|    learning_rate        | 0.0003       |
|    loss                 | 10.8         |
|    n_updates            | 10           |
|    policy_gradient_loss | -0.00227     |
|    std                  | 1            |
|    value_loss           | 80           |
------------------------------------------
------------------------------------------
| time/                   |              |
|    fps                  | 2775         |
|    iterations           | 3            |
|    time_elapsed         | 8            |
|    total_timesteps      | 24576        |
| train/                  |              |
|    approx_kl            | 0.0040707877 |
|    clip_fraction        | 0.0197       |
|    clip_range           | 0.2          |
|    entropy_loss         | -2.84        |
|    explained_variance   | 0.658        |
|    learning_rate        | 0.0003       |
|    loss                 | 124          |
|    n_updates            | 20           |
|    policy_gradient_loss | -0.00153     |
|    std                  | 1            |
|    value_loss           | 311          |
------------------------------------------
------------------------------------------
| time/                   |              |
|    fps                  | 2827         |
|    iterations           | 4            |
|    time_elapsed         | 11           |
|    total_timesteps      | 32768        |
| train/                  |              |
|    approx_kl            | 0.0034107703 |
|    clip_fraction        | 0.0143       |
|    clip_range           | 0.2          |
|    entropy_loss         | -2.84        |
|    explained_variance   | 0.543        |
|    learning_rate        | 0.0003       |
|    loss                 | 368          |
|    n_updates            | 30           |
|    policy_gradient_loss | -0.00159     |
|    std                  | 1            |
|    value_loss           | 808          |
------------------------------------------
------------------------------------------
| time/                   |              |
|    fps                  | 2872         |
|    iterations           | 5            |
|    time_elapsed         | 14           |
|    total_timesteps      | 40960        |
| train/                  |              |
|    approx_kl            | 0.0021940009 |
|    clip_fraction        | 0.00394      |
|    clip_range           | 0.2          |
|    entropy_loss         | -2.84        |
|    explained_variance   | 0.371        |
|    learning_rate        | 0.0003       |
|    loss                 | 796          |
|    n_updates            | 40           |
|    policy_gradient_loss | -0.000994    |
|    std                  | 0.998        |
|    value_loss           | 1.58e+03     |
------------------------------------------
-----------------------------------------
| time/                   |             |
|    fps                  | 2896        |
|    iterations           | 6           |
|    time_elapsed         | 16          |
|    total_timesteps      | 49152       |
| train/                  |             |
|    approx_kl            | 0.003563172 |
|    clip_fraction        | 0.0157      |
|    clip_range           | 0.2         |
|    entropy_loss         | -2.83       |
|    explained_variance   | -0.00869    |
|    learning_rate        | 0.0003      |
|    loss                 | 3.52e+03    |
|    n_updates            | 50          |
|    policy_gradient_loss | -0.00242    |
|    std                  | 0.996       |
|    value_loss           | 1.02e+04    |
-----------------------------------------
------------------------------------------
| time/                   |              |
|    fps                  | 2870         |
|    iterations           | 7            |
|    time_elapsed         | 19           |
|    total_timesteps      | 57344        |
| train/                  |              |
|    approx_kl            | 0.0039175744 |
|    clip_fraction        | 0.0186       |
|    clip_range           | 0.2          |
|    entropy_loss         | -2.83        |
|    explained_variance   | 0.298        |
|    learning_rate        | 0.0003       |
|    loss                 | 13.9         |
|    n_updates            | 60           |
|    policy_gradient_loss | -0.00248     |
|    std                  | 0.999        |
|    value_loss           | 73.1         |
------------------------------------------
------------------------------------------
| time/                   |              |
|    fps                  | 2921         |
|    iterations           | 8            |
|    time_elapsed         | 22           |
|    total_timesteps      | 65536        |
| train/                  |              |
|    approx_kl            | 0.0020938972 |
|    clip_fraction        | 0.00745      |
|    clip_range           | 0.2          |
|    entropy_loss         | -2.83        |
|    explained_variance   | 0.616        |
|    learning_rate        | 0.0003       |
|    loss                 | 91.6         |
|    n_updates            | 70           |
|    policy_gradient_loss | -0.00142     |
|    std                  | 0.988        |
|    value_loss           | 238          |
------------------------------------------
------------------------------------------
| time/                   |              |
|    fps                  | 2900         |
|    iterations           | 9            |
|    time_elapsed         | 25           |
|    total_timesteps      | 73728        |
| train/                  |              |
|    approx_kl            | 0.0032791116 |
|    clip_fraction        | 0.0127       |
|    clip_range           | 0.2          |
|    entropy_loss         | -2.81        |
|    explained_variance   | 0.436        |
|    learning_rate        | 0.0003       |
|    loss                 | 273          |
|    n_updates            | 80           |
|    policy_gradient_loss | -0.00161     |
|    std                  | 0.982        |
|    value_loss           | 661          |
------------------------------------------
------------------------------------------
| time/                   |              |
|    fps                  | 2908         |
|    iterations           | 10           |
|    time_elapsed         | 28           |
|    total_timesteps      | 81920        |
| train/                  |              |
|    approx_kl            | 0.0028526185 |
|    clip_fraction        | 0.00818      |
|    clip_range           | 0.2          |
|    entropy_loss         | -2.8         |
|    explained_variance   | 0.375        |
|    learning_rate        | 0.0003       |
|    loss                 | 701          |
|    n_updates            | 90           |
|    policy_gradient_loss | -0.00106     |
|    std                  | 0.984        |
|    value_loss           | 1.54e+03     |
------------------------------------------
------------------------------------------
| time/                   |              |
|    fps                  | 2924         |
|    iterations           | 11           |
|    time_elapsed         | 30           |
|    total_timesteps      | 90112        |
| train/                  |              |
|    approx_kl            | 0.0028569377 |
|    clip_fraction        | 0.0121       |
|    clip_range           | 0.2          |
|    entropy_loss         | -2.8         |
|    explained_variance   | -0.00382     |
|    learning_rate        | 0.0003       |
|    loss                 | 3.5e+03      |
|    n_updates            | 100          |
|    policy_gradient_loss | -0.00197     |
|    std                  | 0.983        |
|    value_loss           | 8.33e+03     |
------------------------------------------
------------------------------------------
| time/                   |              |
|    fps                  | 2931         |
|    iterations           | 12           |
|    time_elapsed         | 33           |
|    total_timesteps      | 98304        |
| train/                  |              |
|    approx_kl            | 0.0074164425 |
|    clip_fraction        | 0.0358       |
|    clip_range           | 0.2          |
|    entropy_loss         | -2.79        |
|    explained_variance   | 0.0663       |
|    learning_rate        | 0.0003       |
|    loss                 | 143          |
|    n_updates            | 110          |
|    policy_gradient_loss | -0.000234    |
|    std                  | 0.968        |
|    value_loss           | 815          |
------------------------------------------
-----------------------------------------
| time/                   |             |
|    fps                  | 2933        |
|    iterations           | 13          |
|    time_elapsed         | 36          |
|    total_timesteps      | 106496      |
| train/                  |             |
|    approx_kl            | 0.003200137 |
|    clip_fraction        | 0.0242      |
|    clip_range           | 0.2         |
|    entropy_loss         | -2.77       |
|    explained_variance   | 0.137       |
|    learning_rate        | 0.0003      |
|    loss                 | 39          |
|    n_updates            | 120         |
|    policy_gradient_loss | -0.000922   |
|    std                  | 0.962       |
|    value_loss           | 141         |
-----------------------------------------
------------------------------------------
| time/                   |              |
|    fps                  | 2941         |
|    iterations           | 14           |
|    time_elapsed         | 38           |
|    total_timesteps      | 114688       |
| train/                  |              |
|    approx_kl            | 0.0040711723 |
|    clip_fraction        | 0.0235       |
|    clip_range           | 0.2          |
|    entropy_loss         | -2.76        |
|    explained_variance   | 0.0585       |
|    learning_rate        | 0.0003       |
|    loss                 | 202          |
|    n_updates            | 130          |
|    policy_gradient_loss | -0.00157     |
|    std                  | 0.96         |
|    value_loss           | 534          |
------------------------------------------
------------------------------------------
| time/                   |              |
|    fps                  | 2934         |
|    iterations           | 15           |
|    time_elapsed         | 41           |
|    total_timesteps      | 122880       |
| train/                  |              |
|    approx_kl            | 0.0042135837 |
|    clip_fraction        | 0.0196       |
|    clip_range           | 0.2          |
|    entropy_loss         | -2.75        |
|    explained_variance   | 0.095        |
|    learning_rate        | 0.0003       |
|    loss                 | 537          |
|    n_updates            | 140          |
|    policy_gradient_loss | -0.00204     |
|    std                  | 0.955        |
|    value_loss           | 1.28e+03     |
------------------------------------------
------------------------------------------
| time/                   |              |
|    fps                  | 2907         |
|    iterations           | 16           |
|    time_elapsed         | 45           |
|    total_timesteps      | 131072       |
| train/                  |              |
|    approx_kl            | 0.0035240003 |
|    clip_fraction        | 0.012        |
|    clip_range           | 0.2          |
|    entropy_loss         | -2.75        |
|    explained_variance   | 0.0215       |
|    learning_rate        | 0.0003       |
|    loss                 | 4.64e+03     |
|    n_updates            | 150          |
|    policy_gradient_loss | -0.00183     |
|    std                  | 0.956        |
|    value_loss           | 7.43e+03     |
------------------------------------------
------------------------------------------
| time/                   |              |
|    fps                  | 2903         |
|    iterations           | 17           |
|    time_elapsed         | 47           |
|    total_timesteps      | 139264       |
| train/                  |              |
|    approx_kl            | 0.0042503686 |
|    clip_fraction        | 0.0246       |
|    clip_range           | 0.2          |
|    entropy_loss         | -2.74        |
|    explained_variance   | 0.327        |
|    learning_rate        | 0.0003       |
|    loss                 | 16.8         |
|    n_updates            | 160          |
|    policy_gradient_loss | -0.0025      |
|    std                  | 0.949        |
|    value_loss           | 50.1         |
------------------------------------------
-----------------------------------------
| time/                   |             |
|    fps                  | 2925        |
|    iterations           | 18          |
|    time_elapsed         | 50          |
|    total_timesteps      | 147456      |
| train/                  |             |
|    approx_kl            | 0.002352504 |
|    clip_fraction        | 0.00857     |
|    clip_range           | 0.2         |
|    entropy_loss         | -2.73       |
|    explained_variance   | 0.441       |
|    learning_rate        | 0.0003      |
|    loss                 | 102         |
|    n_updates            | 170         |
|    policy_gradient_loss | -0.000824   |
|    std                  | 0.947       |
|    value_loss           | 269         |
-----------------------------------------
------------------------------------------
| time/                   |              |
|    fps                  | 2945         |
|    iterations           | 19           |
|    time_elapsed         | 52           |
|    total_timesteps      | 155648       |
| train/                  |              |
|    approx_kl            | 0.0041519892 |
|    clip_fraction        | 0.0194       |
|    clip_range           | 0.2          |
|    entropy_loss         | -2.73        |
|    explained_variance   | 0.36         |
|    learning_rate        | 0.0003       |
|    loss                 | 356          |
|    n_updates            | 180          |
|    policy_gradient_loss | -0.00213     |
|    std                  | 0.946        |
|    value_loss           | 864          |
------------------------------------------
------------------------------------------
| time/                   |              |
|    fps                  | 2916         |
|    iterations           | 20           |
|    time_elapsed         | 56           |
|    total_timesteps      | 163840       |
| train/                  |              |
|    approx_kl            | 0.0013105402 |
|    clip_fraction        | 0.00115      |
|    clip_range           | 0.2          |
|    entropy_loss         | -2.72        |
|    explained_variance   | 0.0669       |
|    learning_rate        | 0.0003       |
|    loss                 | 4.79e+03     |
|    n_updates            | 190          |
|    policy_gradient_loss | -0.00077     |
|    std                  | 0.943        |
|    value_loss           | 1.06e+04     |
------------------------------------------
----------------------------------------
| time/                   |            |
|    fps                  | 2862       |
|    iterations           | 21         |
|    time_elapsed         | 60         |
|    total_timesteps      | 172032     |
| train/                  |            |
|    approx_kl            | 0.00548715 |
|    clip_fraction        | 0.024      |
|    clip_range           | 0.2        |
|    entropy_loss         | -2.71      |
|    explained_variance   | 0.228      |
|    learning_rate        | 0.0003     |
|    loss                 | 77.9       |
|    n_updates            | 200        |
|    policy_gradient_loss | -0.00168   |
|    std                  | 0.938      |
|    value_loss           | 254        |
----------------------------------------
----------------------------------------
| time/                   |            |
|    fps                  | 2788       |
|    iterations           | 22         |
|    time_elapsed         | 64         |
|    total_timesteps      | 180224     |
| train/                  |            |
|    approx_kl            | 0.00392002 |
|    clip_fraction        | 0.0219     |
|    clip_range           | 0.2        |
|    entropy_loss         | -2.69      |
|    explained_variance   | 0.727      |
|    learning_rate        | 0.0003     |
|    loss                 | 5.85       |
|    n_updates            | 210        |
|    policy_gradient_loss | -0.00195   |
|    std                  | 0.925      |
|    value_loss           | 19.8       |
----------------------------------------
-----------------------------------------
| time/                   |             |
|    fps                  | 2772        |
|    iterations           | 23          |
|    time_elapsed         | 67          |
|    total_timesteps      | 188416      |
| train/                  |             |
|    approx_kl            | 0.004309278 |
|    clip_fraction        | 0.0276      |
|    clip_range           | 0.2         |
|    entropy_loss         | -2.67       |
|    explained_variance   | 0.709       |
|    learning_rate        | 0.0003      |
|    loss                 | 53.8        |
|    n_updates            | 220         |
|    policy_gradient_loss | -0.00289    |
|    std                  | 0.919       |
|    value_loss           | 158         |
-----------------------------------------
------------------------------------------
| time/                   |              |
|    fps                  | 2767         |
|    iterations           | 24           |
|    time_elapsed         | 71           |
|    total_timesteps      | 196608       |
| train/                  |              |
|    approx_kl            | 0.0026652634 |
|    clip_fraction        | 0.00509      |
|    clip_range           | 0.2          |
|    entropy_loss         | -2.67        |
|    explained_variance   | 0.623        |
|    learning_rate        | 0.0003       |
|    loss                 | 273          |
|    n_updates            | 230          |
|    policy_gradient_loss | -0.000932    |
|    std                  | 0.918        |
|    value_loss           | 613          |
------------------------------------------
-----------------------------------------
| time/                   |             |
|    fps                  | 2751        |
|    iterations           | 25          |
|    time_elapsed         | 74          |
|    total_timesteps      | 204800      |
| train/                  |             |
|    approx_kl            | 0.005040204 |
|    clip_fraction        | 0.03        |
|    clip_range           | 0.2         |
|    entropy_loss         | -2.66       |
|    explained_variance   | 0.209       |
|    learning_rate        | 0.0003      |
|    loss                 | 2.94e+03    |
|    n_updates            | 240         |
|    policy_gradient_loss | -0.00286    |
|    std                  | 0.916       |
|    value_loss           | 7.61e+03    |
-----------------------------------------
-----------------------------------------
| time/                   |             |
|    fps                  | 2730        |
|    iterations           | 26          |
|    time_elapsed         | 78          |
|    total_timesteps      | 212992      |
| train/                  |             |
|    approx_kl            | 0.002988691 |
|    clip_fraction        | 0.0234      |
|    clip_range           | 0.2         |
|    entropy_loss         | -2.66       |
|    explained_variance   | 0.402       |
|    learning_rate        | 0.0003      |
|    loss                 | 323         |
|    n_updates            | 250         |
|    policy_gradient_loss | -0.00256    |
|    std                  | 0.912       |
|    value_loss           | 1.02e+03    |
-----------------------------------------
------------------------------------------
| time/                   |              |
|    fps                  | 2747         |
|    iterations           | 27           |
|    time_elapsed         | 80           |
|    total_timesteps      | 221184       |
| train/                  |              |
|    approx_kl            | 0.0025011995 |
|    clip_fraction        | 0.0173       |
|    clip_range           | 0.2          |
|    entropy_loss         | -2.64        |
|    explained_variance   | 0.899        |
|    learning_rate        | 0.0003       |
|    loss                 | 34.9         |
|    n_updates            | 260          |
|    policy_gradient_loss | -0.00186     |
|    std                  | 0.903        |
|    value_loss           | 78           |
------------------------------------------
-----------------------------------------
| time/                   |             |
|    fps                  | 2767        |
|    iterations           | 28          |
|    time_elapsed         | 82          |
|    total_timesteps      | 229376      |
| train/                  |             |
|    approx_kl            | 0.003288592 |
|    clip_fraction        | 0.0133      |
|    clip_range           | 0.2         |
|    entropy_loss         | -2.62       |
|    explained_variance   | 0.827       |
|    learning_rate        | 0.0003      |
|    loss                 | 146         |
|    n_updates            | 270         |
|    policy_gradient_loss | -0.00134    |
|    std                  | 0.894       |
|    value_loss           | 331         |
-----------------------------------------
------------------------------------------
| time/                   |              |
|    fps                  | 2783         |
|    iterations           | 29           |
|    time_elapsed         | 85           |
|    total_timesteps      | 237568       |
| train/                  |              |
|    approx_kl            | 0.0026058417 |
|    clip_fraction        | 0.0099       |
|    clip_range           | 0.2          |
|    entropy_loss         | -2.61        |
|    explained_variance   | 0.744        |
|    learning_rate        | 0.0003       |
|    loss                 | 376          |
|    n_updates            | 280          |
|    policy_gradient_loss | -0.00193     |
|    std                  | 0.89         |
|    value_loss           | 913          |
------------------------------------------
------------------------------------------
| time/                   |              |
|    fps                  | 2800         |
|    iterations           | 30           |
|    time_elapsed         | 87           |
|    total_timesteps      | 245760       |
| train/                  |              |
|    approx_kl            | 0.0029407959 |
|    clip_fraction        | 0.012        |
|    clip_range           | 0.2          |
|    entropy_loss         | -2.6         |
|    explained_variance   | 0.31         |
|    learning_rate        | 0.0003       |
|    loss                 | 4.65e+03     |
|    n_updates            | 290          |
|    policy_gradient_loss | -0.00274     |
|    std                  | 0.886        |
|    value_loss           | 8.67e+03     |
------------------------------------------
------------------------------------------
| time/                   |              |
|    fps                  | 2817         |
|    iterations           | 31           |
|    time_elapsed         | 90           |
|    total_timesteps      | 253952       |
| train/                  |              |
|    approx_kl            | 0.0024530026 |
|    clip_fraction        | 0.0194       |
|    clip_range           | 0.2          |
|    entropy_loss         | -2.59        |
|    explained_variance   | 0.963        |
|    learning_rate        | 0.0003       |
|    loss                 | 6.03         |
|    n_updates            | 300          |
|    policy_gradient_loss | -0.00251     |
|    std                  | 0.882        |
|    value_loss           | 26           |
------------------------------------------
-------------------------------
| time/              |        |
|    fps             | 2470   |
|    iterations      | 1      |
|    time_elapsed    | 3      |
|    total_timesteps | 262144 |
-------------------------------
-----------------------------------------
| time/                   |             |
|    fps                  | 2490        |
|    iterations           | 2           |
|    time_elapsed         | 6           |
|    total_timesteps      | 270336      |
| train/                  |             |
|    approx_kl            | 0.003502478 |
|    clip_fraction        | 0.0162      |
|    clip_range           | 0.2         |
|    entropy_loss         | -2.56       |
|    explained_variance   | 0.855       |
|    learning_rate        | 0.0003      |
|    loss                 | 211         |
|    n_updates            | 320         |
|    policy_gradient_loss | -0.00229    |
|    std                  | 0.869       |
|    value_loss           | 569         |
-----------------------------------------
------------------------------------------
| time/                   |              |
|    fps                  | 2527         |
|    iterations           | 3            |
|    time_elapsed         | 9            |
|    total_timesteps      | 278528       |
| train/                  |              |
|    approx_kl            | 0.0027177553 |
|    clip_fraction        | 0.0127       |
|    clip_range           | 0.2          |
|    entropy_loss         | -2.55        |
|    explained_variance   | 0.352        |
|    learning_rate        | 0.0003       |
|    loss                 | 5.51e+03     |
|    n_updates            | 330          |
|    policy_gradient_loss | -0.00129     |
|    std                  | 0.867        |
|    value_loss           | 9.99e+03     |
------------------------------------------
-----------------------------------------
| time/                   |             |
|    fps                  | 2658        |
|    iterations           | 4           |
|    time_elapsed         | 12          |
|    total_timesteps      | 286720      |
| train/                  |             |
|    approx_kl            | 0.003560495 |
|    clip_fraction        | 0.0172      |
|    clip_range           | 0.2         |
|    entropy_loss         | -2.54       |
|    explained_variance   | 0.445       |
|    learning_rate        | 0.0003      |
|    loss                 | 288         |
|    n_updates            | 340         |
|    policy_gradient_loss | -0.00233    |
|    std                  | 0.859       |
|    value_loss           | 2.97e+03    |
-----------------------------------------
------------------------------------------
| time/                   |              |
|    fps                  | 2711         |
|    iterations           | 5            |
|    time_elapsed         | 15           |
|    total_timesteps      | 294912       |
| train/                  |              |
|    approx_kl            | 0.0046533467 |
|    clip_fraction        | 0.0299       |
|    clip_range           | 0.2          |
|    entropy_loss         | -2.53        |
|    explained_variance   | 0.984        |
|    learning_rate        | 0.0003       |
|    loss                 | 4.78         |
|    n_updates            | 350          |
|    policy_gradient_loss | -0.00334     |
|    std                  | 0.855        |
|    value_loss           | 10.7         |
------------------------------------------
------------------------------------------
| time/                   |              |
|    fps                  | 2618         |
|    iterations           | 6            |
|    time_elapsed         | 18           |
|    total_timesteps      | 303104       |
| train/                  |              |
|    approx_kl            | 0.0039397255 |
|    clip_fraction        | 0.0236       |
|    clip_range           | 0.2          |
|    entropy_loss         | -2.52        |
|    explained_variance   | 0.945        |
|    learning_rate        | 0.0003       |
|    loss                 | 33.1         |
|    n_updates            | 360          |
|    policy_gradient_loss | -0.00283     |
|    std                  | 0.85         |
|    value_loss           | 80.2         |
------------------------------------------
------------------------------------------
| time/                   |              |
|    fps                  | 2562         |
|    iterations           | 7            |
|    time_elapsed         | 22           |
|    total_timesteps      | 311296       |
| train/                  |              |
|    approx_kl            | 0.0033881927 |
|    clip_fraction        | 0.0217       |
|    clip_range           | 0.2          |
|    entropy_loss         | -2.5         |
|    explained_variance   | 0.871        |
|    learning_rate        | 0.0003       |
|    loss                 | 108          |
|    n_updates            | 370          |
|    policy_gradient_loss | -0.00312     |
|    std                  | 0.843        |
|    value_loss           | 331          |
------------------------------------------
------------------------------------------
| time/                   |              |
|    fps                  | 2585         |
|    iterations           | 8            |
|    time_elapsed         | 25           |
|    total_timesteps      | 319488       |
| train/                  |              |
|    approx_kl            | 0.0033902824 |
|    clip_fraction        | 0.0199       |
|    clip_range           | 0.2          |
|    entropy_loss         | -2.49        |
|    explained_variance   | 0.471        |
|    learning_rate        | 0.0003       |
|    loss                 | 1.41e+03     |
|    n_updates            | 380          |
|    policy_gradient_loss | -0.00187     |
|    std                  | 0.842        |
|    value_loss           | 5.54e+03     |
------------------------------------------
------------------------------------------
| time/                   |              |
|    fps                  | 2594         |
|    iterations           | 9            |
|    time_elapsed         | 28           |
|    total_timesteps      | 327680       |
| train/                  |              |
|    approx_kl            | 0.0013649734 |
|    clip_fraction        | 0.0061       |
|    clip_range           | 0.2          |
|    entropy_loss         | -2.49        |
|    explained_variance   | 0.7          |
|    learning_rate        | 0.0003       |
|    loss                 | 255          |
|    n_updates            | 390          |
|    policy_gradient_loss | -0.000966    |
|    std                  | 0.838        |
|    value_loss           | 822          |
------------------------------------------
------------------------------------------
| time/                   |              |
|    fps                  | 2601         |
|    iterations           | 10           |
|    time_elapsed         | 31           |
|    total_timesteps      | 335872       |
| train/                  |              |
|    approx_kl            | 0.0054275217 |
|    clip_fraction        | 0.0364       |
|    clip_range           | 0.2          |
|    entropy_loss         | -2.49        |
|    explained_variance   | 0.995        |
|    learning_rate        | 0.0003       |
|    loss                 | 1.64         |
|    n_updates            | 400          |
|    policy_gradient_loss | -0.00116     |
|    std                  | 0.839        |
|    value_loss           | 4.31         |
------------------------------------------
-----------------------------------------
| time/                   |             |
|    fps                  | 2597        |
|    iterations           | 11          |
|    time_elapsed         | 34          |
|    total_timesteps      | 344064      |
| train/                  |             |
|    approx_kl            | 0.004105476 |
|    clip_fraction        | 0.0358      |
|    clip_range           | 0.2         |
|    entropy_loss         | -2.48       |
|    explained_variance   | 0.974       |
|    learning_rate        | 0.0003      |
|    loss                 | 16.3        |
|    n_updates            | 410         |
|    policy_gradient_loss | -0.00174    |
|    std                  | 0.837       |
|    value_loss           | 42.1        |
-----------------------------------------
-----------------------------------------
| time/                   |             |
|    fps                  | 2615        |
|    iterations           | 12          |
|    time_elapsed         | 37          |
|    total_timesteps      | 352256      |
| train/                  |             |
|    approx_kl            | 0.003793023 |
|    clip_fraction        | 0.0153      |
|    clip_range           | 0.2         |
|    entropy_loss         | -2.48       |
|    explained_variance   | 0.924       |
|    learning_rate        | 0.0003      |
|    loss                 | 83.4        |
|    n_updates            | 420         |
|    policy_gradient_loss | -0.00107    |
|    std                  | 0.837       |
|    value_loss           | 196         |
-----------------------------------------
------------------------------------------
| time/                   |              |
|    fps                  | 2623         |
|    iterations           | 13           |
|    time_elapsed         | 40           |
|    total_timesteps      | 360448       |
| train/                  |              |
|    approx_kl            | 0.0027296147 |
|    clip_fraction        | 0.00979      |
|    clip_range           | 0.2          |
|    entropy_loss         | -2.48        |
|    explained_variance   | 0.601        |
|    learning_rate        | 0.0003       |
|    loss                 | 2.05e+03     |
|    n_updates            | 430          |
|    policy_gradient_loss | -0.00168     |
|    std                  | 0.833        |
|    value_loss           | 5.47e+03     |
------------------------------------------
------------------------------------------
| time/                   |              |
|    fps                  | 2624         |
|    iterations           | 14           |
|    time_elapsed         | 43           |
|    total_timesteps      | 368640       |
| train/                  |              |
|    approx_kl            | 0.0020724928 |
|    clip_fraction        | 0.0177       |
|    clip_range           | 0.2          |
|    entropy_loss         | -2.47        |
|    explained_variance   | 0.914        |
|    learning_rate        | 0.0003       |
|    loss                 | 47.4         |
|    n_updates            | 440          |
|    policy_gradient_loss | -0.000916    |
|    std                  | 0.83         |
|    value_loss           | 183          |
------------------------------------------
-----------------------------------------
| time/                   |             |
|    fps                  | 2624        |
|    iterations           | 15          |
|    time_elapsed         | 46          |
|    total_timesteps      | 376832      |
| train/                  |             |
|    approx_kl            | 0.005123372 |
|    clip_fraction        | 0.0329      |
|    clip_range           | 0.2         |
|    entropy_loss         | -2.46       |
|    explained_variance   | 0.99        |
|    learning_rate        | 0.0003      |
|    loss                 | 5.26        |
|    n_updates            | 450         |
|    policy_gradient_loss | -0.00244    |
|    std                  | 0.826       |
|    value_loss           | 14.3        |
-----------------------------------------
------------------------------------------
| time/                   |              |
|    fps                  | 2589         |
|    iterations           | 16           |
|    time_elapsed         | 50           |
|    total_timesteps      | 385024       |
| train/                  |              |
|    approx_kl            | 0.0030575197 |
|    clip_fraction        | 0.0119       |
|    clip_range           | 0.2          |
|    entropy_loss         | -2.45        |
|    explained_variance   | 0.96         |
|    learning_rate        | 0.0003       |
|    loss                 | 35.6         |
|    n_updates            | 460          |
|    policy_gradient_loss | -0.000906    |
|    std                  | 0.824        |
|    value_loss           | 82.3         |
------------------------------------------
------------------------------------------
| time/                   |              |
|    fps                  | 2597         |
|    iterations           | 17           |
|    time_elapsed         | 53           |
|    total_timesteps      | 393216       |
| train/                  |              |
|    approx_kl            | 0.0031215039 |
|    clip_fraction        | 0.00802      |
|    clip_range           | 0.2          |
|    entropy_loss         | -2.45        |
|    explained_variance   | 0.529        |
|    learning_rate        | 0.0003       |
|    loss                 | 4.26e+03     |
|    n_updates            | 470          |
|    policy_gradient_loss | -0.00138     |
|    std                  | 0.82         |
|    value_loss           | 4.53e+03     |
------------------------------------------
------------------------------------------
| time/                   |              |
|    fps                  | 2604         |
|    iterations           | 18           |
|    time_elapsed         | 56           |
|    total_timesteps      | 401408       |
| train/                  |              |
|    approx_kl            | 0.0042741806 |
|    clip_fraction        | 0.0202       |
|    clip_range           | 0.2          |
|    entropy_loss         | -2.44        |
|    explained_variance   | 0.663        |
|    learning_rate        | 0.0003       |
|    loss                 | 1.14e+03     |
|    n_updates            | 480          |
|    policy_gradient_loss | -0.00106     |
|    std                  | 0.817        |
|    value_loss           | 1.7e+03      |
------------------------------------------
------------------------------------------
| time/                   |              |
|    fps                  | 2603         |
|    iterations           | 19           |
|    time_elapsed         | 59           |
|    total_timesteps      | 409600       |
| train/                  |              |
|    approx_kl            | 0.0046823304 |
|    clip_fraction        | 0.0246       |
|    clip_range           | 0.2          |
|    entropy_loss         | -2.43        |
|    explained_variance   | 0.985        |
|    learning_rate        | 0.0003       |
|    loss                 | 5.46         |
|    n_updates            | 490          |
|    policy_gradient_loss | -0.00305     |
|    std                  | 0.815        |
|    value_loss           | 15.3         |
------------------------------------------
------------------------------------------
| time/                   |              |
|    fps                  | 2602         |
|    iterations           | 20           |
|    time_elapsed         | 62           |
|    total_timesteps      | 417792       |
| train/                  |              |
|    approx_kl            | 0.0022673924 |
|    clip_fraction        | 0.0139       |
|    clip_range           | 0.2          |
|    entropy_loss         | -2.42        |
|    explained_variance   | 0.954        |
|    learning_rate        | 0.0003       |
|    loss                 | 58.2         |
|    n_updates            | 500          |
|    policy_gradient_loss | -0.00203     |
|    std                  | 0.805        |
|    value_loss           | 121          |
------------------------------------------
------------------------------------------
| time/                   |              |
|    fps                  | 2596         |
|    iterations           | 21           |
|    time_elapsed         | 66           |
|    total_timesteps      | 425984       |
| train/                  |              |
|    approx_kl            | 0.0042408677 |
|    clip_fraction        | 0.023        |
|    clip_range           | 0.2          |
|    entropy_loss         | -2.39        |
|    explained_variance   | 0.881        |
|    learning_rate        | 0.0003       |
|    loss                 | 143          |
|    n_updates            | 510          |
|    policy_gradient_loss | -0.00251     |
|    std                  | 0.798        |
|    value_loss           | 428          |
------------------------------------------
------------------------------------------
| time/                   |              |
|    fps                  | 2589         |
|    iterations           | 22           |
|    time_elapsed         | 69           |
|    total_timesteps      | 434176       |
| train/                  |              |
|    approx_kl            | 0.0066961762 |
|    clip_fraction        | 0.0439       |
|    clip_range           | 0.2          |
|    entropy_loss         | -2.38        |
|    explained_variance   | 0.595        |
|    learning_rate        | 0.0003       |
|    loss                 | 2.56e+03     |
|    n_updates            | 520          |
|    policy_gradient_loss | -0.00364     |
|    std                  | 0.797        |
|    value_loss           | 7.06e+03     |
------------------------------------------
-----------------------------------------
| time/                   |             |
|    fps                  | 2595        |
|    iterations           | 23          |
|    time_elapsed         | 72          |
|    total_timesteps      | 442368      |
| train/                  |             |
|    approx_kl            | 0.003199341 |
|    clip_fraction        | 0.0267      |
|    clip_range           | 0.2         |
|    entropy_loss         | -2.38       |
|    explained_variance   | 0.594       |
|    learning_rate        | 0.0003      |
|    loss                 | 3.65e+03    |
|    n_updates            | 530         |
|    policy_gradient_loss | -0.00142    |
|    std                  | 0.792       |
|    value_loss           | 4.2e+03     |
-----------------------------------------
------------------------------------------
| time/                   |              |
|    fps                  | 2595         |
|    iterations           | 24           |
|    time_elapsed         | 75           |
|    total_timesteps      | 450560       |
| train/                  |              |
|    approx_kl            | 0.0038844263 |
|    clip_fraction        | 0.0326       |
|    clip_range           | 0.2          |
|    entropy_loss         | -2.36        |
|    explained_variance   | 0.992        |
|    learning_rate        | 0.0003       |
|    loss                 | 4.8          |
|    n_updates            | 540          |
|    policy_gradient_loss | -0.0032      |
|    std                  | 0.788        |
|    value_loss           | 15.4         |
------------------------------------------
------------------------------------------
| time/                   |              |
|    fps                  | 2592         |
|    iterations           | 25           |
|    time_elapsed         | 78           |
|    total_timesteps      | 458752       |
| train/                  |              |
|    approx_kl            | 0.0045599453 |
|    clip_fraction        | 0.0262       |
|    clip_range           | 0.2          |
|    entropy_loss         | -2.35        |
|    explained_variance   | 0.977        |
|    learning_rate        | 0.0003       |
|    loss                 | 53.7         |
|    n_updates            | 550          |
|    policy_gradient_loss | -0.00139     |
|    std                  | 0.786        |
|    value_loss           | 156          |
------------------------------------------
-----------------------------------------
| time/                   |             |
|    fps                  | 2579        |
|    iterations           | 26          |
|    time_elapsed         | 82          |
|    total_timesteps      | 466944      |
| train/                  |             |
|    approx_kl            | 0.004263099 |
|    clip_fraction        | 0.019       |
|    clip_range           | 0.2         |
|    entropy_loss         | -2.35       |
|    explained_variance   | 0.945       |
|    learning_rate        | 0.0003      |
|    loss                 | 199         |
|    n_updates            | 560         |
|    policy_gradient_loss | -0.00184    |
|    std                  | 0.785       |
|    value_loss           | 543         |
-----------------------------------------
------------------------------------------
| time/                   |              |
|    fps                  | 2569         |
|    iterations           | 27           |
|    time_elapsed         | 86           |
|    total_timesteps      | 475136       |
| train/                  |              |
|    approx_kl            | 0.0043938337 |
|    clip_fraction        | 0.0161       |
|    clip_range           | 0.2          |
|    entropy_loss         | -2.35        |
|    explained_variance   | 0.573        |
|    learning_rate        | 0.0003       |
|    loss                 | 5.44e+03     |
|    n_updates            | 570          |
|    policy_gradient_loss | -0.00176     |
|    std                  | 0.784        |
|    value_loss           | 9.46e+03     |
------------------------------------------
-----------------------------------------
| time/                   |             |
|    fps                  | 2579        |
|    iterations           | 28          |
|    time_elapsed         | 88          |
|    total_timesteps      | 483328      |
| train/                  |             |
|    approx_kl            | 0.003277798 |
|    clip_fraction        | 0.0312      |
|    clip_range           | 0.2         |
|    entropy_loss         | -2.35       |
|    explained_variance   | 0.873       |
|    learning_rate        | 0.0003      |
|    loss                 | 398         |
|    n_updates            | 580         |
|    policy_gradient_loss | -0.000937   |
|    std                  | 0.784       |
|    value_loss           | 616         |
-----------------------------------------
------------------------------------------
| time/                   |              |
|    fps                  | 2588         |
|    iterations           | 29           |
|    time_elapsed         | 91           |
|    total_timesteps      | 491520       |
| train/                  |              |
|    approx_kl            | 0.0042150607 |
|    clip_fraction        | 0.0319       |
|    clip_range           | 0.2          |
|    entropy_loss         | -2.36        |
|    explained_variance   | 0.99         |
|    learning_rate        | 0.0003       |
|    loss                 | 12.4         |
|    n_updates            | 590          |
|    policy_gradient_loss | -0.00314     |
|    std                  | 0.793        |
|    value_loss           | 27.6         |
------------------------------------------
-----------------------------------------
| time/                   |             |
|    fps                  | 2599        |
|    iterations           | 30          |
|    time_elapsed         | 94          |
|    total_timesteps      | 499712      |
| train/                  |             |
|    approx_kl            | 0.003172778 |
|    clip_fraction        | 0.0152      |
|    clip_range           | 0.2         |
|    entropy_loss         | -2.37       |
|    explained_variance   | 0.971       |
|    learning_rate        | 0.0003      |
|    loss                 | 44.6        |
|    n_updates            | 600         |
|    policy_gradient_loss | -0.00174    |
|    std                  | 0.791       |
|    value_loss           | 128         |
-----------------------------------------
-----------------------------------------
| time/                   |             |
|    fps                  | 2613        |
|    iterations           | 31          |
|    time_elapsed         | 97          |
|    total_timesteps      | 507904      |
| train/                  |             |
|    approx_kl            | 0.003259735 |
|    clip_fraction        | 0.00494     |
|    clip_range           | 0.2         |
|    entropy_loss         | -2.36       |
|    explained_variance   | 0.556       |
|    learning_rate        | 0.0003      |
|    loss                 | 2.01e+03    |
|    n_updates            | 610         |
|    policy_gradient_loss | -0.000987   |
|    std                  | 0.791       |
|    value_loss           | 5.62e+03    |
-----------------------------------------
-------------------------------
| time/              |        |
|    fps             | 3411   |
|    iterations      | 1      |
|    time_elapsed    | 2      |
|    total_timesteps | 516096 |
-------------------------------
-----------------------------------------
| time/                   |             |
|    fps                  | 3163        |
|    iterations           | 2           |
|    time_elapsed         | 5           |
|    total_timesteps      | 524288      |
| train/                  |             |
|    approx_kl            | 0.002463419 |
|    clip_fraction        | 0.0108      |
|    clip_range           | 0.2         |
|    entropy_loss         | -2.36       |
|    explained_variance   | 0.941       |
|    learning_rate        | 0.0003      |
|    loss                 | 146         |
|    n_updates            | 630         |
|    policy_gradient_loss | -0.0014     |
|    std                  | 0.787       |
|    value_loss           | 329         |
-----------------------------------------
-----------------------------------------
| time/                   |             |
|    fps                  | 3123        |
|    iterations           | 3           |
|    time_elapsed         | 7           |
|    total_timesteps      | 532480      |
| train/                  |             |
|    approx_kl            | 0.004798469 |
|    clip_fraction        | 0.0334      |
|    clip_range           | 0.2         |
|    entropy_loss         | -2.34       |
|    explained_variance   | 0.994       |
|    learning_rate        | 0.0003      |
|    loss                 | 14.9        |
|    n_updates            | 640         |
|    policy_gradient_loss | -0.00269    |
|    std                  | 0.782       |
|    value_loss           | 32.9        |
-----------------------------------------
------------------------------------------
| time/                   |              |
|    fps                  | 3008         |
|    iterations           | 4            |
|    time_elapsed         | 10           |
|    total_timesteps      | 540672       |
| train/                  |              |
|    approx_kl            | 0.0058337096 |
|    clip_fraction        | 0.0362       |
|    clip_range           | 0.2          |
|    entropy_loss         | -2.33        |
|    explained_variance   | 0.977        |
|    learning_rate        | 0.0003       |
|    loss                 | 44.4         |
|    n_updates            | 650          |
|    policy_gradient_loss | -0.00264     |
|    std                  | 0.779        |
|    value_loss           | 120          |
------------------------------------------
------------------------------------------
| time/                   |              |
|    fps                  | 2914         |
|    iterations           | 5            |
|    time_elapsed         | 14           |
|    total_timesteps      | 548864       |
| train/                  |              |
|    approx_kl            | 0.0040823855 |
|    clip_fraction        | 0.0215       |
|    clip_range           | 0.2          |
|    entropy_loss         | -2.33        |
|    explained_variance   | 0.631        |
|    learning_rate        | 0.0003       |
|    loss                 | 1.82e+03     |
|    n_updates            | 660          |
|    policy_gradient_loss | -0.00187     |
|    std                  | 0.779        |
|    value_loss           | 6.16e+03     |
------------------------------------------
------------------------------------------
| time/                   |              |
|    fps                  | 2888         |
|    iterations           | 6            |
|    time_elapsed         | 17           |
|    total_timesteps      | 557056       |
| train/                  |              |
|    approx_kl            | 0.0031972465 |
|    clip_fraction        | 0.0103       |
|    clip_range           | 0.2          |
|    entropy_loss         | -2.33        |
|    explained_variance   | 0.93         |
|    learning_rate        | 0.0003       |
|    loss                 | 150          |
|    n_updates            | 670          |
|    policy_gradient_loss | -0.00127     |
|    std                  | 0.778        |
|    value_loss           | 551          |
------------------------------------------
------------------------------------------
| time/                   |              |
|    fps                  | 2899         |
|    iterations           | 7            |
|    time_elapsed         | 19           |
|    total_timesteps      | 565248       |
| train/                  |              |
|    approx_kl            | 0.0038802666 |
|    clip_fraction        | 0.027        |
|    clip_range           | 0.2          |
|    entropy_loss         | -2.32        |
|    explained_variance   | 0.823        |
|    learning_rate        | 0.0003       |
|    loss                 | 1.08e+03     |
|    n_updates            | 680          |
|    policy_gradient_loss | -0.00202     |
|    std                  | 0.77         |
|    value_loss           | 1.4e+03      |
------------------------------------------
------------------------------------------
| time/                   |              |
|    fps                  | 2875         |
|    iterations           | 8            |
|    time_elapsed         | 22           |
|    total_timesteps      | 573440       |
| train/                  |              |
|    approx_kl            | 0.0032163663 |
|    clip_fraction        | 0.015        |
|    clip_range           | 0.2          |
|    entropy_loss         | -2.31        |
|    explained_variance   | 0.975        |
|    learning_rate        | 0.0003       |
|    loss                 | 44.5         |
|    n_updates            | 690          |
|    policy_gradient_loss | -0.00199     |
|    std                  | 0.771        |
|    value_loss           | 121          |
------------------------------------------
------------------------------------------
| time/                   |              |
|    fps                  | 2848         |
|    iterations           | 9            |
|    time_elapsed         | 25           |
|    total_timesteps      | 581632       |
| train/                  |              |
|    approx_kl            | 0.0027640364 |
|    clip_fraction        | 0.016        |
|    clip_range           | 0.2          |
|    entropy_loss         | -2.3         |
|    explained_variance   | 0.949        |
|    learning_rate        | 0.0003       |
|    loss                 | 130          |
|    n_updates            | 700          |
|    policy_gradient_loss | -0.00146     |
|    std                  | 0.767        |
|    value_loss           | 330          |
------------------------------------------
------------------------------------------
| time/                   |              |
|    fps                  | 2823         |
|    iterations           | 10           |
|    time_elapsed         | 29           |
|    total_timesteps      | 589824       |
| train/                  |              |
|    approx_kl            | 0.0033534183 |
|    clip_fraction        | 0.0243       |
|    clip_range           | 0.2          |
|    entropy_loss         | -2.29        |
|    explained_variance   | 0.68         |
|    learning_rate        | 0.0003       |
|    loss                 | 3.42e+03     |
|    n_updates            | 710          |
|    policy_gradient_loss | -0.00257     |
|    std                  | 0.762        |
|    value_loss           | 7.34e+03     |
------------------------------------------
------------------------------------------
| time/                   |              |
|    fps                  | 2841         |
|    iterations           | 11           |
|    time_elapsed         | 31           |
|    total_timesteps      | 598016       |
| train/                  |              |
|    approx_kl            | 0.0031181239 |
|    clip_fraction        | 0.0327       |
|    clip_range           | 0.2          |
|    entropy_loss         | -2.28        |
|    explained_variance   | 0.739        |
|    learning_rate        | 0.0003       |
|    loss                 | 1.92e+03     |
|    n_updates            | 720          |
|    policy_gradient_loss | -0.00252     |
|    std                  | 0.759        |
|    value_loss           | 3.11e+03     |
------------------------------------------
------------------------------------------
| time/                   |              |
|    fps                  | 2855         |
|    iterations           | 12           |
|    time_elapsed         | 34           |
|    total_timesteps      | 606208       |
| train/                  |              |
|    approx_kl            | 0.0029193873 |
|    clip_fraction        | 0.0201       |
|    clip_range           | 0.2          |
|    entropy_loss         | -2.27        |
|    explained_variance   | 0.991        |
|    learning_rate        | 0.0003       |
|    loss                 | 7.4          |
|    n_updates            | 730          |
|    policy_gradient_loss | -0.00173     |
|    std                  | 0.756        |
|    value_loss           | 22.3         |
------------------------------------------
------------------------------------------
| time/                   |              |
|    fps                  | 2857         |
|    iterations           | 13           |
|    time_elapsed         | 37           |
|    total_timesteps      | 614400       |
| train/                  |              |
|    approx_kl            | 0.0057887253 |
|    clip_fraction        | 0.0426       |
|    clip_range           | 0.2          |
|    entropy_loss         | -2.26        |
|    explained_variance   | 0.991        |
|    learning_rate        | 0.0003       |
|    loss                 | 33.9         |
|    n_updates            | 740          |
|    policy_gradient_loss | -0.00298     |
|    std                  | 0.746        |
|    value_loss           | 48           |
------------------------------------------
------------------------------------------
| time/                   |              |
|    fps                  | 2867         |
|    iterations           | 14           |
|    time_elapsed         | 39           |
|    total_timesteps      | 622592       |
| train/                  |              |
|    approx_kl            | 0.0034711075 |
|    clip_fraction        | 0.0153       |
|    clip_range           | 0.2          |
|    entropy_loss         | -2.24        |
|    explained_variance   | 0.773        |
|    learning_rate        | 0.0003       |
|    loss                 | 1.47e+03     |
|    n_updates            | 750          |
|    policy_gradient_loss | -0.00151     |
|    std                  | 0.746        |
|    value_loss           | 3.31e+03     |
------------------------------------------
------------------------------------------
| time/                   |              |
|    fps                  | 2874         |
|    iterations           | 15           |
|    time_elapsed         | 42           |
|    total_timesteps      | 630784       |
| train/                  |              |
|    approx_kl            | 0.0026506656 |
|    clip_fraction        | 0.0193       |
|    clip_range           | 0.2          |
|    entropy_loss         | -2.24        |
|    explained_variance   | 0.967        |
|    learning_rate        | 0.0003       |
|    loss                 | 114          |
|    n_updates            | 760          |
|    policy_gradient_loss | -0.00131     |
|    std                  | 0.743        |
|    value_loss           | 254          |
------------------------------------------
------------------------------------------
| time/                   |              |
|    fps                  | 2876         |
|    iterations           | 16           |
|    time_elapsed         | 45           |
|    total_timesteps      | 638976       |
| train/                  |              |
|    approx_kl            | 0.0066775284 |
|    clip_fraction        | 0.0417       |
|    clip_range           | 0.2          |
|    entropy_loss         | -2.24        |
|    explained_variance   | 0.806        |
|    learning_rate        | 0.0003       |
|    loss                 | 1.01e+03     |
|    n_updates            | 770          |
|    policy_gradient_loss | -0.0018      |
|    std                  | 0.743        |
|    value_loss           | 2.18e+03     |
------------------------------------------
------------------------------------------
| time/                   |              |
|    fps                  | 2883         |
|    iterations           | 17           |
|    time_elapsed         | 48           |
|    total_timesteps      | 647168       |
| train/                  |              |
|    approx_kl            | 0.0040930784 |
|    clip_fraction        | 0.0145       |
|    clip_range           | 0.2          |
|    entropy_loss         | -2.24        |
|    explained_variance   | 0.977        |
|    learning_rate        | 0.0003       |
|    loss                 | 156          |
|    n_updates            | 780          |
|    policy_gradient_loss | -0.000932    |
|    std                  | 0.742        |
|    value_loss           | 157          |
------------------------------------------
------------------------------------------
| time/                   |              |
|    fps                  | 2890         |
|    iterations           | 18           |
|    time_elapsed         | 51           |
|    total_timesteps      | 655360       |
| train/                  |              |
|    approx_kl            | 0.0030732537 |
|    clip_fraction        | 0.0285       |
|    clip_range           | 0.2          |
|    entropy_loss         | -2.23        |
|    explained_variance   | 0.937        |
|    learning_rate        | 0.0003       |
|    loss                 | 19.5         |
|    n_updates            | 790          |
|    policy_gradient_loss | -0.000616    |
|    std                  | 0.737        |
|    value_loss           | 651          |
------------------------------------------
------------------------------------------
| time/                   |              |
|    fps                  | 2890         |
|    iterations           | 19           |
|    time_elapsed         | 53           |
|    total_timesteps      | 663552       |
| train/                  |              |
|    approx_kl            | 0.0030397738 |
|    clip_fraction        | 0.0119       |
|    clip_range           | 0.2          |
|    entropy_loss         | -2.22        |
|    explained_variance   | 0.78         |
|    learning_rate        | 0.0003       |
|    loss                 | 282          |
|    n_updates            | 800          |
|    policy_gradient_loss | -0.00216     |
|    std                  | 0.738        |
|    value_loss           | 3.91e+03     |
------------------------------------------
------------------------------------------
| time/                   |              |
|    fps                  | 2896         |
|    iterations           | 20           |
|    time_elapsed         | 56           |
|    total_timesteps      | 671744       |
| train/                  |              |
|    approx_kl            | 0.0038825392 |
|    clip_fraction        | 0.035        |
|    clip_range           | 0.2          |
|    entropy_loss         | -2.22        |
|    explained_variance   | 0.909        |
|    learning_rate        | 0.0003       |
|    loss                 | 107          |
|    n_updates            | 810          |
|    policy_gradient_loss | -0.000786    |
|    std                  | 0.736        |
|    value_loss           | 864          |
------------------------------------------
------------------------------------------
| time/                   |              |
|    fps                  | 2902         |
|    iterations           | 21           |
|    time_elapsed         | 59           |
|    total_timesteps      | 679936       |
| train/                  |              |
|    approx_kl            | 0.0038054725 |
|    clip_fraction        | 0.0236       |
|    clip_range           | 0.2          |
|    entropy_loss         | -2.22        |
|    explained_variance   | 0.945        |
|    learning_rate        | 0.0003       |
|    loss                 | 27.4         |
|    n_updates            | 820          |
|    policy_gradient_loss | -0.00102     |
|    std                  | 0.736        |
|    value_loss           | 256          |
------------------------------------------
------------------------------------------
| time/                   |              |
|    fps                  | 2904         |
|    iterations           | 22           |
|    time_elapsed         | 62           |
|    total_timesteps      | 688128       |
| train/                  |              |
|    approx_kl            | 0.0044835745 |
|    clip_fraction        | 0.0183       |
|    clip_range           | 0.2          |
|    entropy_loss         | -2.21        |
|    explained_variance   | 0.879        |
|    learning_rate        | 0.0003       |
|    loss                 | 40           |
|    n_updates            | 830          |
|    policy_gradient_loss | -0.00191     |
|    std                  | 0.735        |
|    value_loss           | 935          |
------------------------------------------
------------------------------------------
| time/                   |              |
|    fps                  | 2905         |
|    iterations           | 23           |
|    time_elapsed         | 64           |
|    total_timesteps      | 696320       |
| train/                  |              |
|    approx_kl            | 0.0041931905 |
|    clip_fraction        | 0.0329       |
|    clip_range           | 0.2          |
|    entropy_loss         | -2.21        |
|    explained_variance   | 0.992        |
|    learning_rate        | 0.0003       |
|    loss                 | 5.28         |
|    n_updates            | 840          |
|    policy_gradient_loss | -0.00255     |
|    std                  | 0.729        |
|    value_loss           | 21.1         |
------------------------------------------
------------------------------------------
| time/                   |              |
|    fps                  | 2903         |
|    iterations           | 24           |
|    time_elapsed         | 67           |
|    total_timesteps      | 704512       |
| train/                  |              |
|    approx_kl            | 0.0038456835 |
|    clip_fraction        | 0.0275       |
|    clip_range           | 0.2          |
|    entropy_loss         | -2.2         |
|    explained_variance   | 0.816        |
|    learning_rate        | 0.0003       |
|    loss                 | 595          |
|    n_updates            | 850          |
|    policy_gradient_loss | -0.00226     |
|    std                  | 0.729        |
|    value_loss           | 3.1e+03      |
------------------------------------------
-----------------------------------------
| time/                   |             |
|    fps                  | 2903        |
|    iterations           | 25          |
|    time_elapsed         | 70          |
|    total_timesteps      | 712704      |
| train/                  |             |
|    approx_kl            | 0.003058711 |
|    clip_fraction        | 0.0312      |
|    clip_range           | 0.2         |
|    entropy_loss         | -2.18       |
|    explained_variance   | 0.892       |
|    learning_rate        | 0.0003      |
|    loss                 | 623         |
|    n_updates            | 860         |
|    policy_gradient_loss | -0.00278    |
|    std                  | 0.72        |
|    value_loss           | 1.31e+03    |
-----------------------------------------
------------------------------------------
| time/                   |              |
|    fps                  | 2900         |
|    iterations           | 26           |
|    time_elapsed         | 73           |
|    total_timesteps      | 720896       |
| train/                  |              |
|    approx_kl            | 0.0027483995 |
|    clip_fraction        | 0.0137       |
|    clip_range           | 0.2          |
|    entropy_loss         | -2.17        |
|    explained_variance   | 0.983        |
|    learning_rate        | 0.0003       |
|    loss                 | 31.6         |
|    n_updates            | 870          |
|    policy_gradient_loss | -0.000977    |
|    std                  | 0.716        |
|    value_loss           | 107          |
------------------------------------------
------------------------------------------
| time/                   |              |
|    fps                  | 2891         |
|    iterations           | 27           |
|    time_elapsed         | 76           |
|    total_timesteps      | 729088       |
| train/                  |              |
|    approx_kl            | 0.0037905464 |
|    clip_fraction        | 0.0337       |
|    clip_range           | 0.2          |
|    entropy_loss         | -2.15        |
|    explained_variance   | 0.87         |
|    learning_rate        | 0.0003       |
|    loss                 | 192          |
|    n_updates            | 880          |
|    policy_gradient_loss | -0.000903    |
|    std                  | 0.712        |
|    value_loss           | 1.54e+03     |
------------------------------------------
------------------------------------------
| time/                   |              |
|    fps                  | 2875         |
|    iterations           | 28           |
|    time_elapsed         | 79           |
|    total_timesteps      | 737280       |
| train/                  |              |
|    approx_kl            | 0.0036399155 |
|    clip_fraction        | 0.0253       |
|    clip_range           | 0.2          |
|    entropy_loss         | -2.15        |
|    explained_variance   | 0.979        |
|    learning_rate        | 0.0003       |
|    loss                 | 29.8         |
|    n_updates            | 890          |
|    policy_gradient_loss | -0.00147     |
|    std                  | 0.709        |
|    value_loss           | 189          |
------------------------------------------
------------------------------------------
| time/                   |              |
|    fps                  | 2872         |
|    iterations           | 29           |
|    time_elapsed         | 82           |
|    total_timesteps      | 745472       |
| train/                  |              |
|    approx_kl            | 0.0020299137 |
|    clip_fraction        | 0.0079       |
|    clip_range           | 0.2          |
|    entropy_loss         | -2.14        |
|    explained_variance   | 0.8          |
|    learning_rate        | 0.0003       |
|    loss                 | 1.25e+03     |
|    n_updates            | 900          |
|    policy_gradient_loss | -0.00138     |
|    std                  | 0.709        |
|    value_loss           | 2.09e+03     |
------------------------------------------
------------------------------------------
| time/                   |              |
|    fps                  | 2874         |
|    iterations           | 30           |
|    time_elapsed         | 85           |
|    total_timesteps      | 753664       |
| train/                  |              |
|    approx_kl            | 0.0043228455 |
|    clip_fraction        | 0.0193       |
|    clip_range           | 0.2          |
|    entropy_loss         | -2.14        |
|    explained_variance   | 0.925        |
|    learning_rate        | 0.0003       |
|    loss                 | 279          |
|    n_updates            | 910          |
|    policy_gradient_loss | -0.000596    |
|    std                  | 0.708        |
|    value_loss           | 905          |
------------------------------------------
------------------------------------------
| time/                   |              |
|    fps                  | 2870         |
|    iterations           | 31           |
|    time_elapsed         | 88           |
|    total_timesteps      | 761856       |
| train/                  |              |
|    approx_kl            | 0.0031408228 |
|    clip_fraction        | 0.0117       |
|    clip_range           | 0.2          |
|    entropy_loss         | -2.13        |
|    explained_variance   | 0.943        |
|    learning_rate        | 0.0003       |
|    loss                 | 361          |
|    n_updates            | 920          |
|    policy_gradient_loss | -0.00143     |
|    std                  | 0.704        |
|    value_loss           | 524          |
------------------------------------------
-------------------------------
| time/              |        |
|    fps             | 3171   |
|    iterations      | 1      |
|    time_elapsed    | 2      |
|    total_timesteps | 770048 |
-------------------------------
------------------------------------------
| time/                   |              |
|    fps                  | 3069         |
|    iterations           | 2            |
|    time_elapsed         | 5            |
|    total_timesteps      | 778240       |
| train/                  |              |
|    approx_kl            | 0.0022506716 |
|    clip_fraction        | 0.0175       |
|    clip_range           | 0.2          |
|    entropy_loss         | -2.12        |
|    explained_variance   | 0.885        |
|    learning_rate        | 0.0003       |
|    loss                 | 517          |
|    n_updates            | 940          |
|    policy_gradient_loss | -0.00111     |
|    std                  | 0.702        |
|    value_loss           | 1.88e+03     |
------------------------------------------
-----------------------------------------
| time/                   |             |
|    fps                  | 3111        |
|    iterations           | 3           |
|    time_elapsed         | 7           |
|    total_timesteps      | 786432      |
| train/                  |             |
|    approx_kl            | 0.004149765 |
|    clip_fraction        | 0.0329      |
|    clip_range           | 0.2         |
|    entropy_loss         | -2.12       |
|    explained_variance   | 0.935       |
|    learning_rate        | 0.0003      |
|    loss                 | 50.5        |
|    n_updates            | 950         |
|    policy_gradient_loss | -0.00141    |
|    std                  | 0.699       |
|    value_loss           | 904         |
-----------------------------------------
------------------------------------------
| time/                   |              |
|    fps                  | 2964         |
|    iterations           | 4            |
|    time_elapsed         | 11           |
|    total_timesteps      | 794624       |
| train/                  |              |
|    approx_kl            | 0.0047991695 |
|    clip_fraction        | 0.0345       |
|    clip_range           | 0.2          |
|    entropy_loss         | -2.1         |
|    explained_variance   | 0.911        |
|    learning_rate        | 0.0003       |
|    loss                 | 830          |
|    n_updates            | 960          |
|    policy_gradient_loss | -0.00141     |
|    std                  | 0.69         |
|    value_loss           | 1.14e+03     |
------------------------------------------
----------------------------------------
| time/                   |            |
|    fps                  | 3080       |
|    iterations           | 5          |
|    time_elapsed         | 13         |
|    total_timesteps      | 802816     |
| train/                  |            |
|    approx_kl            | 0.00333462 |
|    clip_fraction        | 0.0329     |
|    clip_range           | 0.2        |
|    entropy_loss         | -2.07      |
|    explained_variance   | 0.887      |
|    learning_rate        | 0.0003     |
|    loss                 | 251        |
|    n_updates            | 970        |
|    policy_gradient_loss | -0.00138   |
|    std                  | 0.679      |
|    value_loss           | 1.24e+03   |
----------------------------------------
------------------------------------------
| time/                   |              |
|    fps                  | 3144         |
|    iterations           | 6            |
|    time_elapsed         | 15           |
|    total_timesteps      | 811008       |
| train/                  |              |
|    approx_kl            | 0.0030319374 |
|    clip_fraction        | 0.0164       |
|    clip_range           | 0.2          |
|    entropy_loss         | -2.05        |
|    explained_variance   | 0.937        |
|    learning_rate        | 0.0003       |
|    loss                 | 398          |
|    n_updates            | 980          |
|    policy_gradient_loss | -0.00046     |
|    std                  | 0.677        |
|    value_loss           | 467          |
------------------------------------------
------------------------------------------
| time/                   |              |
|    fps                  | 3131         |
|    iterations           | 7            |
|    time_elapsed         | 18           |
|    total_timesteps      | 819200       |
| train/                  |              |
|    approx_kl            | 0.0025593569 |
|    clip_fraction        | 0.0085       |
|    clip_range           | 0.2          |
|    entropy_loss         | -2.05        |
|    explained_variance   | 0.897        |
|    learning_rate        | 0.0003       |
|    loss                 | 628          |
|    n_updates            | 990          |
|    policy_gradient_loss | -0.00198     |
|    std                  | 0.676        |
|    value_loss           | 1.38e+03     |
------------------------------------------
----------------------------------------
| time/                   |            |
|    fps                  | 3121       |
|    iterations           | 8          |
|    time_elapsed         | 20         |
|    total_timesteps      | 827392     |
| train/                  |            |
|    approx_kl            | 0.00801647 |
|    clip_fraction        | 0.0393     |
|    clip_range           | 0.2        |
|    entropy_loss         | -2.03      |
|    explained_variance   | 0.889      |
|    learning_rate        | 0.0003     |
|    loss                 | 341        |
|    n_updates            | 1000       |
|    policy_gradient_loss | -0.00219   |
|    std                  | 0.661      |
|    value_loss           | 1.43e+03   |
----------------------------------------
------------------------------------------
| time/                   |              |
|    fps                  | 3173         |
|    iterations           | 9            |
|    time_elapsed         | 23           |
|    total_timesteps      | 835584       |
| train/                  |              |
|    approx_kl            | 0.0036089355 |
|    clip_fraction        | 0.0272       |
|    clip_range           | 0.2          |
|    entropy_loss         | -2           |
|    explained_variance   | 0.923        |
|    learning_rate        | 0.0003       |
|    loss                 | 115          |
|    n_updates            | 1010         |
|    policy_gradient_loss | -0.00259     |
|    std                  | 0.657        |
|    value_loss           | 559          |
------------------------------------------
------------------------------------------
| time/                   |              |
|    fps                  | 3187         |
|    iterations           | 10           |
|    time_elapsed         | 25           |
|    total_timesteps      | 843776       |
| train/                  |              |
|    approx_kl            | 0.0031434114 |
|    clip_fraction        | 0.0205       |
|    clip_range           | 0.2          |
|    entropy_loss         | -1.99        |
|    explained_variance   | 0.986        |
|    learning_rate        | 0.0003       |
|    loss                 | 21           |
|    n_updates            | 1020         |
|    policy_gradient_loss | -0.00294     |
|    std                  | 0.657        |
|    value_loss           | 58.3         |
------------------------------------------
-----------------------------------------
| time/                   |             |
|    fps                  | 3195        |
|    iterations           | 11          |
|    time_elapsed         | 28          |
|    total_timesteps      | 851968      |
| train/                  |             |
|    approx_kl            | 0.004191014 |
|    clip_fraction        | 0.0174      |
|    clip_range           | 0.2         |
|    entropy_loss         | -1.98       |
|    explained_variance   | 0.97        |
|    learning_rate        | 0.0003      |
|    loss                 | 23.5        |
|    n_updates            | 1030        |
|    policy_gradient_loss | -0.000746   |
|    std                  | 0.655       |
|    value_loss           | 376         |
-----------------------------------------
------------------------------------------
| time/                   |              |
|    fps                  | 3172         |
|    iterations           | 12           |
|    time_elapsed         | 30           |
|    total_timesteps      | 860160       |
| train/                  |              |
|    approx_kl            | 0.0047686943 |
|    clip_fraction        | 0.0183       |
|    clip_range           | 0.2          |
|    entropy_loss         | -1.98        |
|    explained_variance   | 0.854        |
|    learning_rate        | 0.0003       |
|    loss                 | 1.36e+03     |
|    n_updates            | 1040         |
|    policy_gradient_loss | -0.00182     |
|    std                  | 0.65         |
|    value_loss           | 2.41e+03     |
------------------------------------------
------------------------------------------
| time/                   |              |
|    fps                  | 3153         |
|    iterations           | 13           |
|    time_elapsed         | 33           |
|    total_timesteps      | 868352       |
| train/                  |              |
|    approx_kl            | 0.0026209867 |
|    clip_fraction        | 0.0242       |
|    clip_range           | 0.2          |
|    entropy_loss         | -1.97        |
|    explained_variance   | 0.971        |
|    learning_rate        | 0.0003       |
|    loss                 | 201          |
|    n_updates            | 1050         |
|    policy_gradient_loss | -0.00416     |
|    std                  | 0.65         |
|    value_loss           | 262          |
------------------------------------------
-----------------------------------------
| time/                   |             |
|    fps                  | 3143        |
|    iterations           | 14          |
|    time_elapsed         | 36          |
|    total_timesteps      | 876544      |
| train/                  |             |
|    approx_kl            | 0.008862357 |
|    clip_fraction        | 0.0463      |
|    clip_range           | 0.2         |
|    entropy_loss         | -1.97       |
|    explained_variance   | 0.92        |
|    learning_rate        | 0.0003      |
|    loss                 | 1.08e+03    |
|    n_updates            | 1060        |
|    policy_gradient_loss | -0.000506   |
|    std                  | 0.653       |
|    value_loss           | 997         |
-----------------------------------------
------------------------------------------
| time/                   |              |
|    fps                  | 3135         |
|    iterations           | 15           |
|    time_elapsed         | 39           |
|    total_timesteps      | 884736       |
| train/                  |              |
|    approx_kl            | 0.0071254605 |
|    clip_fraction        | 0.0356       |
|    clip_range           | 0.2          |
|    entropy_loss         | -1.98        |
|    explained_variance   | 0.995        |
|    learning_rate        | 0.0003       |
|    loss                 | 13.3         |
|    n_updates            | 1070         |
|    policy_gradient_loss | -0.00182     |
|    std                  | 0.652        |
|    value_loss           | 32.7         |
------------------------------------------
------------------------------------------
| time/                   |              |
|    fps                  | 3126         |
|    iterations           | 16           |
|    time_elapsed         | 41           |
|    total_timesteps      | 892928       |
| train/                  |              |
|    approx_kl            | 0.0033965814 |
|    clip_fraction        | 0.0438       |
|    clip_range           | 0.2          |
|    entropy_loss         | -1.97        |
|    explained_variance   | 0.806        |
|    learning_rate        | 0.0003       |
|    loss                 | 1.69e+03     |
|    n_updates            | 1080         |
|    policy_gradient_loss | -0.00312     |
|    std                  | 0.649        |
|    value_loss           | 4.93e+03     |
------------------------------------------
------------------------------------------
| time/                   |              |
|    fps                  | 3126         |
|    iterations           | 17           |
|    time_elapsed         | 44           |
|    total_timesteps      | 901120       |
| train/                  |              |
|    approx_kl            | 0.0029791151 |
|    clip_fraction        | 0.0191       |
|    clip_range           | 0.2          |
|    entropy_loss         | -1.96        |
|    explained_variance   | 0.984        |
|    learning_rate        | 0.0003       |
|    loss                 | 12           |
|    n_updates            | 1090         |
|    policy_gradient_loss | -0.000876    |
|    std                  | 0.647        |
|    value_loss           | 114          |
------------------------------------------
------------------------------------------
| time/                   |              |
|    fps                  | 3126         |
|    iterations           | 18           |
|    time_elapsed         | 47           |
|    total_timesteps      | 909312       |
| train/                  |              |
|    approx_kl            | 0.0022017134 |
|    clip_fraction        | 0.0211       |
|    clip_range           | 0.2          |
|    entropy_loss         | -1.96        |
|    explained_variance   | 0.881        |
|    learning_rate        | 0.0003       |
|    loss                 | 3.11e+03     |
|    n_updates            | 1100         |
|    policy_gradient_loss | -0.000387    |
|    std                  | 0.647        |
|    value_loss           | 1.85e+03     |
------------------------------------------
-----------------------------------------
| time/                   |             |
|    fps                  | 3122        |
|    iterations           | 19          |
|    time_elapsed         | 49          |
|    total_timesteps      | 917504      |
| train/                  |             |
|    approx_kl            | 0.005412507 |
|    clip_fraction        | 0.046       |
|    clip_range           | 0.2         |
|    entropy_loss         | -1.95       |
|    explained_variance   | 0.994       |
|    learning_rate        | 0.0003      |
|    loss                 | 3.35        |
|    n_updates            | 1110        |
|    policy_gradient_loss | -0.00187    |
|    std                  | 0.642       |
|    value_loss           | 12.7        |
-----------------------------------------
------------------------------------------
| time/                   |              |
|    fps                  | 3120         |
|    iterations           | 20           |
|    time_elapsed         | 52           |
|    total_timesteps      | 925696       |
| train/                  |              |
|    approx_kl            | 0.0051237782 |
|    clip_fraction        | 0.0367       |
|    clip_range           | 0.2          |
|    entropy_loss         | -1.94        |
|    explained_variance   | 0.989        |
|    learning_rate        | 0.0003       |
|    loss                 | 110          |
|    n_updates            | 1120         |
|    policy_gradient_loss | -0.00238     |
|    std                  | 0.64         |
|    value_loss           | 105          |
------------------------------------------
------------------------------------------
| time/                   |              |
|    fps                  | 3119         |
|    iterations           | 21           |
|    time_elapsed         | 55           |
|    total_timesteps      | 933888       |
| train/                  |              |
|    approx_kl            | 0.0030538284 |
|    clip_fraction        | 0.0118       |
|    clip_range           | 0.2          |
|    entropy_loss         | -1.94        |
|    explained_variance   | 0.847        |
|    learning_rate        | 0.0003       |
|    loss                 | 1.68e+03     |
|    n_updates            | 1130         |
|    policy_gradient_loss | -0.0017      |
|    std                  | 0.638        |
|    value_loss           | 4.07e+03     |
------------------------------------------
------------------------------------------
| time/                   |              |
|    fps                  | 3121         |
|    iterations           | 22           |
|    time_elapsed         | 57           |
|    total_timesteps      | 942080       |
| train/                  |              |
|    approx_kl            | 0.0019389789 |
|    clip_fraction        | 0.00859      |
|    clip_range           | 0.2          |
|    entropy_loss         | -1.93        |
|    explained_variance   | 0.866        |
|    learning_rate        | 0.0003       |
|    loss                 | 309          |
|    n_updates            | 1140         |
|    policy_gradient_loss | -0.00229     |
|    std                  | 0.636        |
|    value_loss           | 1.92e+03     |
------------------------------------------
-----------------------------------------
| time/                   |             |
|    fps                  | 3117        |
|    iterations           | 23          |
|    time_elapsed         | 60          |
|    total_timesteps      | 950272      |
| train/                  |             |
|    approx_kl            | 0.003485477 |
|    clip_fraction        | 0.0105      |
|    clip_range           | 0.2         |
|    entropy_loss         | -1.92       |
|    explained_variance   | 0.841       |
|    learning_rate        | 0.0003      |
|    loss                 | 181         |
|    n_updates            | 1150        |
|    policy_gradient_loss | -0.00034    |
|    std                  | 0.632       |
|    value_loss           | 1.39e+03    |
-----------------------------------------
------------------------------------------
| time/                   |              |
|    fps                  | 3116         |
|    iterations           | 24           |
|    time_elapsed         | 63           |
|    total_timesteps      | 958464       |
| train/                  |              |
|    approx_kl            | 0.0043406514 |
|    clip_fraction        | 0.0358       |
|    clip_range           | 0.2          |
|    entropy_loss         | -1.91        |
|    explained_variance   | 0.997        |
|    learning_rate        | 0.0003       |
|    loss                 | 2.78         |
|    n_updates            | 1160         |
|    policy_gradient_loss | -0.0021      |
|    std                  | 0.628        |
|    value_loss           | 9.89         |
------------------------------------------
-----------------------------------------
| time/                   |             |
|    fps                  | 3117        |
|    iterations           | 25          |
|    time_elapsed         | 65          |
|    total_timesteps      | 966656      |
| train/                  |             |
|    approx_kl            | 0.004210265 |
|    clip_fraction        | 0.0337      |
|    clip_range           | 0.2         |
|    entropy_loss         | -1.9        |
|    explained_variance   | 0.959       |
|    learning_rate        | 0.0003      |
|    loss                 | 605         |
|    n_updates            | 1170        |
|    policy_gradient_loss | -0.00186    |
|    std                  | 0.627       |
|    value_loss           | 443         |
-----------------------------------------
-----------------------------------------
| time/                   |             |
|    fps                  | 3116        |
|    iterations           | 26          |
|    time_elapsed         | 68          |
|    total_timesteps      | 974848      |
| train/                  |             |
|    approx_kl            | 0.004651687 |
|    clip_fraction        | 0.0347      |
|    clip_range           | 0.2         |
|    entropy_loss         | -1.89       |
|    explained_variance   | 0.958       |
|    learning_rate        | 0.0003      |
|    loss                 | 557         |
|    n_updates            | 1180        |
|    policy_gradient_loss | -0.0029     |
|    std                  | 0.623       |
|    value_loss           | 500         |
-----------------------------------------
------------------------------------------
| time/                   |              |
|    fps                  | 3112         |
|    iterations           | 27           |
|    time_elapsed         | 71           |
|    total_timesteps      | 983040       |
| train/                  |              |
|    approx_kl            | 0.0048118904 |
|    clip_fraction        | 0.0372       |
|    clip_range           | 0.2          |
|    entropy_loss         | -1.88        |
|    explained_variance   | 0.879        |
|    learning_rate        | 0.0003       |
|    loss                 | 939          |
|    n_updates            | 1190         |
|    policy_gradient_loss | 6.54e-05     |
|    std                  | 0.624        |
|    value_loss           | 1.88e+03     |
------------------------------------------
------------------------------------------
| time/                   |              |
|    fps                  | 3109         |
|    iterations           | 28           |
|    time_elapsed         | 73           |
|    total_timesteps      | 991232       |
| train/                  |              |
|    approx_kl            | 0.0036081313 |
|    clip_fraction        | 0.0232       |
|    clip_range           | 0.2          |
|    entropy_loss         | -1.88        |
|    explained_variance   | 0.912        |
|    learning_rate        | 0.0003       |
|    loss                 | 970          |
|    n_updates            | 1200         |
|    policy_gradient_loss | -0.00121     |
|    std                  | 0.622        |
|    value_loss           | 1.19e+03     |
------------------------------------------
------------------------------------------
| time/                   |              |
|    fps                  | 3099         |
|    iterations           | 29           |
|    time_elapsed         | 76           |
|    total_timesteps      | 999424       |
| train/                  |              |
|    approx_kl            | 0.0040158015 |
|    clip_fraction        | 0.0156       |
|    clip_range           | 0.2          |
|    entropy_loss         | -1.88        |
|    explained_variance   | 0.985        |
|    learning_rate        | 0.0003       |
|    loss                 | 48.8         |
|    n_updates            | 1210         |
|    policy_gradient_loss | -0.00173     |
|    std                  | 0.621        |
|    value_loss           | 119          |
------------------------------------------
------------------------------------------
| time/                   |              |
|    fps                  | 3079         |
|    iterations           | 30           |
|    time_elapsed         | 79           |
|    total_timesteps      | 1007616      |
| train/                  |              |
|    approx_kl            | 0.0024909652 |
|    clip_fraction        | 0.00499      |
|    clip_range           | 0.2          |
|    entropy_loss         | -1.88        |
|    explained_variance   | 0.873        |
|    learning_rate        | 0.0003       |
|    loss                 | 1.41e+03     |
|    n_updates            | 1220         |
|    policy_gradient_loss | -0.00085     |
|    std                  | 0.62         |
|    value_loss           | 3.46e+03     |
------------------------------------------
-----------------------------------------
| time/                   |             |
|    fps                  | 3060        |
|    iterations           | 31          |
|    time_elapsed         | 82          |
|    total_timesteps      | 1015808     |
| train/                  |             |
|    approx_kl            | 0.002776004 |
|    clip_fraction        | 0.0214      |
|    clip_range           | 0.2         |
|    entropy_loss         | -1.87       |
|    explained_variance   | 0.859       |
|    learning_rate        | 0.0003      |
|    loss                 | 1.19e+03    |
|    n_updates            | 1230        |
|    policy_gradient_loss | -0.00175    |
|    std                  | 0.615       |
|    value_loss           | 4.24e+03    |
-----------------------------------------
--------------------------------
| time/              |         |
|    fps             | 3829    |
|    iterations      | 1       |
|    time_elapsed    | 2       |
|    total_timesteps | 1024000 |
--------------------------------
------------------------------------------
| time/                   |              |
|    fps                  | 3565         |
|    iterations           | 2            |
|    time_elapsed         | 4            |
|    total_timesteps      | 1032192      |
| train/                  |              |
|    approx_kl            | 0.0025283624 |
|    clip_fraction        | 0.0252       |
|    clip_range           | 0.2          |
|    entropy_loss         | -1.83        |
|    explained_variance   | 0.923        |
|    learning_rate        | 0.0003       |
|    loss                 | 481          |
|    n_updates            | 1250         |
|    policy_gradient_loss | -0.00127     |
|    std                  | 0.607        |
|    value_loss           | 747          |
------------------------------------------
-----------------------------------------
| time/                   |             |
|    fps                  | 3380        |
|    iterations           | 3           |
|    time_elapsed         | 7           |
|    total_timesteps      | 1040384     |
| train/                  |             |
|    approx_kl            | 0.002639161 |
|    clip_fraction        | 0.0183      |
|    clip_range           | 0.2         |
|    entropy_loss         | -1.82       |
|    explained_variance   | 0.992       |
|    learning_rate        | 0.0003      |
|    loss                 | 5.85        |
|    n_updates            | 1260        |
|    policy_gradient_loss | -0.0011     |
|    std                  | 0.603       |
|    value_loss           | 48.3        |
-----------------------------------------
------------------------------------------
| time/                   |              |
|    fps                  | 3203         |
|    iterations           | 4            |
|    time_elapsed         | 10           |
|    total_timesteps      | 1048576      |
| train/                  |              |
|    approx_kl            | 0.0035212035 |
|    clip_fraction        | 0.0292       |
|    clip_range           | 0.2          |
|    entropy_loss         | -1.82        |
|    explained_variance   | 0.92         |
|    learning_rate        | 0.0003       |
|    loss                 | 1.63e+03     |
|    n_updates            | 1270         |
|    policy_gradient_loss | -0.00239     |
|    std                  | 0.603        |
|    value_loss           | 2.1e+03      |
------------------------------------------
------------------------------------------
| time/                   |              |
|    fps                  | 3125         |
|    iterations           | 5            |
|    time_elapsed         | 13           |
|    total_timesteps      | 1056768      |
| train/                  |              |
|    approx_kl            | 0.0042819446 |
|    clip_fraction        | 0.00791      |
|    clip_range           | 0.2          |
|    entropy_loss         | -1.82        |
|    explained_variance   | 0.912        |
|    learning_rate        | 0.0003       |
|    loss                 | 511          |
|    n_updates            | 1280         |
|    policy_gradient_loss | -0.000253    |
|    std                  | 0.603        |
|    value_loss           | 2e+03        |
------------------------------------------
------------------------------------------
| time/                   |              |
|    fps                  | 2969         |
|    iterations           | 6            |
|    time_elapsed         | 16           |
|    total_timesteps      | 1064960      |
| train/                  |              |
|    approx_kl            | 0.0032314123 |
|    clip_fraction        | 0.0486       |
|    clip_range           | 0.2          |
|    entropy_loss         | -1.81        |
|    explained_variance   | 0.907        |
|    learning_rate        | 0.0003       |
|    loss                 | 282          |
|    n_updates            | 1290         |
|    policy_gradient_loss | -0.000177    |
|    std                  | 0.599        |
|    value_loss           | 1.51e+03     |
------------------------------------------
-----------------------------------------
| time/                   |             |
|    fps                  | 2704        |
|    iterations           | 7           |
|    time_elapsed         | 21          |
|    total_timesteps      | 1073152     |
| train/                  |             |
|    approx_kl            | 0.004476377 |
|    clip_fraction        | 0.0257      |
|    clip_range           | 0.2         |
|    entropy_loss         | -1.8        |
|    explained_variance   | 0.994       |
|    learning_rate        | 0.0003      |
|    loss                 | 1.85        |
|    n_updates            | 1300        |
|    policy_gradient_loss | -0.00114    |
|    std                  | 0.597       |
|    value_loss           | 12.5        |
-----------------------------------------
------------------------------------------
| time/                   |              |
|    fps                  | 2519         |
|    iterations           | 8            |
|    time_elapsed         | 26           |
|    total_timesteps      | 1081344      |
| train/                  |              |
|    approx_kl            | 0.0028857559 |
|    clip_fraction        | 0.0221       |
|    clip_range           | 0.2          |
|    entropy_loss         | -1.79        |
|    explained_variance   | 0.964        |
|    learning_rate        | 0.0003       |
|    loss                 | 86.2         |
|    n_updates            | 1310         |
|    policy_gradient_loss | -0.000954    |
|    std                  | 0.596        |
|    value_loss           | 638          |
------------------------------------------
------------------------------------------
| time/                   |              |
|    fps                  | 2488         |
|    iterations           | 9            |
|    time_elapsed         | 29           |
|    total_timesteps      | 1089536      |
| train/                  |              |
|    approx_kl            | 0.0032632311 |
|    clip_fraction        | 0.00968      |
|    clip_range           | 0.2          |
|    entropy_loss         | -1.79        |
|    explained_variance   | 0.889        |
|    learning_rate        | 0.0003       |
|    loss                 | 984          |
|    n_updates            | 1320         |
|    policy_gradient_loss | -0.000919    |
|    std                  | 0.596        |
|    value_loss           | 2.56e+03     |
------------------------------------------
------------------------------------------
| time/                   |              |
|    fps                  | 2465         |
|    iterations           | 10           |
|    time_elapsed         | 33           |
|    total_timesteps      | 1097728      |
| train/                  |              |
|    approx_kl            | 0.0053694393 |
|    clip_fraction        | 0.0266       |
|    clip_range           | 0.2          |
|    entropy_loss         | -1.79        |
|    explained_variance   | 0.944        |
|    learning_rate        | 0.0003       |
|    loss                 | 538          |
|    n_updates            | 1330         |
|    policy_gradient_loss | -0.00234     |
|    std                  | 0.595        |
|    value_loss           | 969          |
------------------------------------------
------------------------------------------
| time/                   |              |
|    fps                  | 2456         |
|    iterations           | 11           |
|    time_elapsed         | 36           |
|    total_timesteps      | 1105920      |
| train/                  |              |
|    approx_kl            | 0.0040868926 |
|    clip_fraction        | 0.0317       |
|    clip_range           | 0.2          |
|    entropy_loss         | -1.79        |
|    explained_variance   | 0.901        |
|    learning_rate        | 0.0003       |
|    loss                 | 1.14e+03     |
|    n_updates            | 1340         |
|    policy_gradient_loss | -0.00149     |
|    std                  | 0.595        |
|    value_loss           | 1.62e+03     |
------------------------------------------
------------------------------------------
| time/                   |              |
|    fps                  | 2445         |
|    iterations           | 12           |
|    time_elapsed         | 40           |
|    total_timesteps      | 1114112      |
| train/                  |              |
|    approx_kl            | 0.0036023296 |
|    clip_fraction        | 0.0161       |
|    clip_range           | 0.2          |
|    entropy_loss         | -1.78        |
|    explained_variance   | 0.99         |
|    learning_rate        | 0.0003       |
|    loss                 | 70.8         |
|    n_updates            | 1350         |
|    policy_gradient_loss | -0.00224     |
|    std                  | 0.593        |
|    value_loss           | 155          |
------------------------------------------
------------------------------------------
| time/                   |              |
|    fps                  | 2443         |
|    iterations           | 13           |
|    time_elapsed         | 43           |
|    total_timesteps      | 1122304      |
| train/                  |              |
|    approx_kl            | 0.0019734525 |
|    clip_fraction        | 0.00476      |
|    clip_range           | 0.2          |
|    entropy_loss         | -1.78        |
|    explained_variance   | 0.891        |
|    learning_rate        | 0.0003       |
|    loss                 | 583          |
|    n_updates            | 1360         |
|    policy_gradient_loss | -0.000645    |
|    std                  | 0.592        |
|    value_loss           | 3.08e+03     |
------------------------------------------
------------------------------------------
| time/                   |              |
|    fps                  | 2445         |
|    iterations           | 14           |
|    time_elapsed         | 46           |
|    total_timesteps      | 1130496      |
| train/                  |              |
|    approx_kl            | 0.0018054324 |
|    clip_fraction        | 0.00942      |
|    clip_range           | 0.2          |
|    entropy_loss         | -1.77        |
|    explained_variance   | 0.951        |
|    learning_rate        | 0.0003       |
|    loss                 | 74.9         |
|    n_updates            | 1370         |
|    policy_gradient_loss | -0.000814    |
|    std                  | 0.59         |
|    value_loss           | 831          |
------------------------------------------
------------------------------------------
| time/                   |              |
|    fps                  | 2394         |
|    iterations           | 15           |
|    time_elapsed         | 51           |
|    total_timesteps      | 1138688      |
| train/                  |              |
|    approx_kl            | 0.0029316628 |
|    clip_fraction        | 0.0131       |
|    clip_range           | 0.2          |
|    entropy_loss         | -1.77        |
|    explained_variance   | 0.896        |
|    learning_rate        | 0.0003       |
|    loss                 | 629          |
|    n_updates            | 1380         |
|    policy_gradient_loss | -0.00181     |
|    std                  | 0.59         |
|    value_loss           | 2.26e+03     |
------------------------------------------
------------------------------------------
| time/                   |              |
|    fps                  | 2374         |
|    iterations           | 16           |
|    time_elapsed         | 55           |
|    total_timesteps      | 1146880      |
| train/                  |              |
|    approx_kl            | 0.0021161567 |
|    clip_fraction        | 0.0106       |
|    clip_range           | 0.2          |
|    entropy_loss         | -1.76        |
|    explained_variance   | 0.894        |
|    learning_rate        | 0.0003       |
|    loss                 | 312          |
|    n_updates            | 1390         |
|    policy_gradient_loss | -0.00114     |
|    std                  | 0.589        |
|    value_loss           | 764          |
------------------------------------------
------------------------------------------
| time/                   |              |
|    fps                  | 2347         |
|    iterations           | 17           |
|    time_elapsed         | 59           |
|    total_timesteps      | 1155072      |
| train/                  |              |
|    approx_kl            | 0.0038530435 |
|    clip_fraction        | 0.0186       |
|    clip_range           | 0.2          |
|    entropy_loss         | -1.76        |
|    explained_variance   | 0.991        |
|    learning_rate        | 0.0003       |
|    loss                 | 8.61         |
|    n_updates            | 1400         |
|    policy_gradient_loss | -0.00189     |
|    std                  | 0.588        |
|    value_loss           | 51.5         |
------------------------------------------
------------------------------------------
| time/                   |              |
|    fps                  | 2283         |
|    iterations           | 18           |
|    time_elapsed         | 64           |
|    total_timesteps      | 1163264      |
| train/                  |              |
|    approx_kl            | 0.0042140046 |
|    clip_fraction        | 0.0209       |
|    clip_range           | 0.2          |
|    entropy_loss         | -1.76        |
|    explained_variance   | 0.959        |
|    learning_rate        | 0.0003       |
|    loss                 | 220          |
|    n_updates            | 1410         |
|    policy_gradient_loss | -0.000679    |
|    std                  | 0.588        |
|    value_loss           | 717          |
------------------------------------------
-----------------------------------------
| time/                   |             |
|    fps                  | 2229        |
|    iterations           | 19          |
|    time_elapsed         | 69          |
|    total_timesteps      | 1171456     |
| train/                  |             |
|    approx_kl            | 0.004200654 |
|    clip_fraction        | 0.0276      |
|    clip_range           | 0.2         |
|    entropy_loss         | -1.76       |
|    explained_variance   | 0.87        |
|    learning_rate        | 0.0003      |
|    loss                 | 525         |
|    n_updates            | 1420        |
|    policy_gradient_loss | -0.00171    |
|    std                  | 0.588       |
|    value_loss           | 2.84e+03    |
-----------------------------------------
------------------------------------------
| time/                   |              |
|    fps                  | 2248         |
|    iterations           | 20           |
|    time_elapsed         | 72           |
|    total_timesteps      | 1179648      |
| train/                  |              |
|    approx_kl            | 0.0022875145 |
|    clip_fraction        | 0.00906      |
|    clip_range           | 0.2          |
|    entropy_loss         | -1.76        |
|    explained_variance   | 0.941        |
|    learning_rate        | 0.0003       |
|    loss                 | 85.9         |
|    n_updates            | 1430         |
|    policy_gradient_loss | -0.00191     |
|    std                  | 0.587        |
|    value_loss           | 578          |
------------------------------------------
------------------------------------------
| time/                   |              |
|    fps                  | 2268         |
|    iterations           | 21           |
|    time_elapsed         | 75           |
|    total_timesteps      | 1187840      |
| train/                  |              |
|    approx_kl            | 0.0034523183 |
|    clip_fraction        | 0.0326       |
|    clip_range           | 0.2          |
|    entropy_loss         | -1.76        |
|    explained_variance   | 0.973        |
|    learning_rate        | 0.0003       |
|    loss                 | 68.9         |
|    n_updates            | 1440         |
|    policy_gradient_loss | -0.00382     |
|    std                  | 0.587        |
|    value_loss           | 345          |
------------------------------------------
------------------------------------------
| time/                   |              |
|    fps                  | 2267         |
|    iterations           | 22           |
|    time_elapsed         | 79           |
|    total_timesteps      | 1196032      |
| train/                  |              |
|    approx_kl            | 0.0046262955 |
|    clip_fraction        | 0.0231       |
|    clip_range           | 0.2          |
|    entropy_loss         | -1.76        |
|    explained_variance   | 0.92         |
|    learning_rate        | 0.0003       |
|    loss                 | 603          |
|    n_updates            | 1450         |
|    policy_gradient_loss | -0.00102     |
|    std                  | 0.585        |
|    value_loss           | 1.57e+03     |
------------------------------------------
------------------------------------------
| time/                   |              |
|    fps                  | 2235         |
|    iterations           | 23           |
|    time_elapsed         | 84           |
|    total_timesteps      | 1204224      |
| train/                  |              |
|    approx_kl            | 0.0031969198 |
|    clip_fraction        | 0.0299       |
|    clip_range           | 0.2          |
|    entropy_loss         | -1.75        |
|    explained_variance   | 0.972        |
|    learning_rate        | 0.0003       |
|    loss                 | 32           |
|    n_updates            | 1460         |
|    policy_gradient_loss | -0.00226     |
|    std                  | 0.586        |
|    value_loss           | 391          |
------------------------------------------
------------------------------------------
| time/                   |              |
|    fps                  | 2226         |
|    iterations           | 24           |
|    time_elapsed         | 88           |
|    total_timesteps      | 1212416      |
| train/                  |              |
|    approx_kl            | 0.0036370622 |
|    clip_fraction        | 0.015        |
|    clip_range           | 0.2          |
|    entropy_loss         | -1.75        |
|    explained_variance   | 0.877        |
|    learning_rate        | 0.0003       |
|    loss                 | 269          |
|    n_updates            | 1470         |
|    policy_gradient_loss | -0.00263     |
|    std                  | 0.585        |
|    value_loss           | 2.31e+03     |
------------------------------------------
------------------------------------------
| time/                   |              |
|    fps                  | 2240         |
|    iterations           | 25           |
|    time_elapsed         | 91           |
|    total_timesteps      | 1220608      |
| train/                  |              |
|    approx_kl            | 0.0039594453 |
|    clip_fraction        | 0.022        |
|    clip_range           | 0.2          |
|    entropy_loss         | -1.75        |
|    explained_variance   | 0.988        |
|    learning_rate        | 0.0003       |
|    loss                 | 28.4         |
|    n_updates            | 1480         |
|    policy_gradient_loss | -0.00173     |
|    std                  | 0.583        |
|    value_loss           | 125          |
------------------------------------------
------------------------------------------
| time/                   |              |
|    fps                  | 2243         |
|    iterations           | 26           |
|    time_elapsed         | 94           |
|    total_timesteps      | 1228800      |
| train/                  |              |
|    approx_kl            | 0.0034872787 |
|    clip_fraction        | 0.0312       |
|    clip_range           | 0.2          |
|    entropy_loss         | -1.74        |
|    explained_variance   | 0.899        |
|    learning_rate        | 0.0003       |
|    loss                 | 3.18e+03     |
|    n_updates            | 1490         |
|    policy_gradient_loss | -0.00134     |
|    std                  | 0.582        |
|    value_loss           | 3e+03        |
------------------------------------------
-----------------------------------------
| time/                   |             |
|    fps                  | 2239        |
|    iterations           | 27          |
|    time_elapsed         | 98          |
|    total_timesteps      | 1236992     |
| train/                  |             |
|    approx_kl            | 0.002519583 |
|    clip_fraction        | 0.00817     |
|    clip_range           | 0.2         |
|    entropy_loss         | -1.74       |
|    explained_variance   | 0.866       |
|    learning_rate        | 0.0003      |
|    loss                 | 1.73e+03    |
|    n_updates            | 1500        |
|    policy_gradient_loss | -0.000894   |
|    std                  | 0.581       |
|    value_loss           | 3.33e+03    |
-----------------------------------------
------------------------------------------
| time/                   |              |
|    fps                  | 2201         |
|    iterations           | 28           |
|    time_elapsed         | 104          |
|    total_timesteps      | 1245184      |
| train/                  |              |
|    approx_kl            | 0.0035738708 |
|    clip_fraction        | 0.0229       |
|    clip_range           | 0.2          |
|    entropy_loss         | -1.74        |
|    explained_variance   | 0.962        |
|    learning_rate        | 0.0003       |
|    loss                 | 252          |
|    n_updates            | 1510         |
|    policy_gradient_loss | -0.00383     |
|    std                  | 0.58         |
|    value_loss           | 688          |
------------------------------------------
-------------------------------------------
| time/                   |               |
|    fps                  | 2218          |
|    iterations           | 29            |
|    time_elapsed         | 107           |
|    total_timesteps      | 1253376       |
| train/                  |               |
|    approx_kl            | 0.00077199365 |
|    clip_fraction        | 0.00292       |
|    clip_range           | 0.2           |
|    entropy_loss         | -1.73         |
|    explained_variance   | 0.887         |
|    learning_rate        | 0.0003        |
|    loss                 | 1.72e+03      |
|    n_updates            | 1520          |
|    policy_gradient_loss | -0.000701     |
|    std                  | 0.58          |
|    value_loss           | 2.45e+03      |
-------------------------------------------
------------------------------------------
| time/                   |              |
|    fps                  | 2225         |
|    iterations           | 30           |
|    time_elapsed         | 110          |
|    total_timesteps      | 1261568      |
| train/                  |              |
|    approx_kl            | 0.0040763784 |
|    clip_fraction        | 0.0172       |
|    clip_range           | 0.2          |
|    entropy_loss         | -1.73        |
|    explained_variance   | 0.992        |
|    learning_rate        | 0.0003       |
|    loss                 | 5.18         |
|    n_updates            | 1530         |
|    policy_gradient_loss | -0.000824    |
|    std                  | 0.579        |
|    value_loss           | 55.7         |
------------------------------------------
------------------------------------------
| time/                   |              |
|    fps                  | 2235         |
|    iterations           | 31           |
|    time_elapsed         | 113          |
|    total_timesteps      | 1269760      |
| train/                  |              |
|    approx_kl            | 0.0028064656 |
|    clip_fraction        | 0.0239       |
|    clip_range           | 0.2          |
|    entropy_loss         | -1.73        |
|    explained_variance   | 0.932        |
|    learning_rate        | 0.0003       |
|    loss                 | 1.05e+03     |
|    n_updates            | 1540         |
|    policy_gradient_loss | -0.000681    |
|    std                  | 0.579        |
|    value_loss           | 1.76e+03     |
------------------------------------------
--------------------------------
| time/              |         |
|    fps             | 3006    |
|    iterations      | 1       |
|    time_elapsed    | 2       |
|    total_timesteps | 1277952 |
--------------------------------
------------------------------------------
| time/                   |              |
|    fps                  | 2914         |
|    iterations           | 2            |
|    time_elapsed         | 5            |
|    total_timesteps      | 1286144      |
| train/                  |              |
|    approx_kl            | 0.0031158675 |
|    clip_fraction        | 0.0178       |
|    clip_range           | 0.2          |
|    entropy_loss         | -1.73        |
|    explained_variance   | 0.959        |
|    learning_rate        | 0.0003       |
|    loss                 | 586          |
|    n_updates            | 1560         |
|    policy_gradient_loss | -0.00067     |
|    std                  | 0.58         |
|    value_loss           | 675          |
------------------------------------------
------------------------------------------
| time/                   |              |
|    fps                  | 2957         |
|    iterations           | 3            |
|    time_elapsed         | 8            |
|    total_timesteps      | 1294336      |
| train/                  |              |
|    approx_kl            | 0.0031877204 |
|    clip_fraction        | 0.0322       |
|    clip_range           | 0.2          |
|    entropy_loss         | -1.73        |
|    explained_variance   | 0.818        |
|    learning_rate        | 0.0003       |
|    loss                 | 97.4         |
|    n_updates            | 1570         |
|    policy_gradient_loss | -0.00168     |
|    std                  | 0.58         |
|    value_loss           | 1.45e+03     |
------------------------------------------
------------------------------------------
| time/                   |              |
|    fps                  | 3040         |
|    iterations           | 4            |
|    time_elapsed         | 10           |
|    total_timesteps      | 1302528      |
| train/                  |              |
|    approx_kl            | 0.0019097318 |
|    clip_fraction        | 0.0113       |
|    clip_range           | 0.2          |
|    entropy_loss         | -1.73        |
|    explained_variance   | 0.947        |
|    learning_rate        | 0.0003       |
|    loss                 | 20.5         |
|    n_updates            | 1580         |
|    policy_gradient_loss | -0.000791    |
|    std                  | 0.58         |
|    value_loss           | 793          |
------------------------------------------
-----------------------------------------
| time/                   |             |
|    fps                  | 3044        |
|    iterations           | 5           |
|    time_elapsed         | 13          |
|    total_timesteps      | 1310720     |
| train/                  |             |
|    approx_kl            | 0.002767534 |
|    clip_fraction        | 0.0149      |
|    clip_range           | 0.2         |
|    entropy_loss         | -1.73       |
|    explained_variance   | 0.947       |
|    learning_rate        | 0.0003      |
|    loss                 | 877         |
|    n_updates            | 1590        |
|    policy_gradient_loss | -0.000941   |
|    std                  | 0.577       |
|    value_loss           | 1.01e+03    |
-----------------------------------------
------------------------------------------
| time/                   |              |
|    fps                  | 3016         |
|    iterations           | 6            |
|    time_elapsed         | 16           |
|    total_timesteps      | 1318912      |
| train/                  |              |
|    approx_kl            | 0.0017243708 |
|    clip_fraction        | 0.00825      |
|    clip_range           | 0.2          |
|    entropy_loss         | -1.73        |
|    explained_variance   | 0.966        |
|    learning_rate        | 0.0003       |
|    loss                 | 280          |
|    n_updates            | 1600         |
|    policy_gradient_loss | -0.00153     |
|    std                  | 0.578        |
|    value_loss           | 645          |
------------------------------------------
------------------------------------------
| time/                   |              |
|    fps                  | 3062         |
|    iterations           | 7            |
|    time_elapsed         | 18           |
|    total_timesteps      | 1327104      |
| train/                  |              |
|    approx_kl            | 0.0030169026 |
|    clip_fraction        | 0.00966      |
|    clip_range           | 0.2          |
|    entropy_loss         | -1.73        |
|    explained_variance   | 0.861        |
|    learning_rate        | 0.0003       |
|    loss                 | 1.87e+03     |
|    n_updates            | 1610         |
|    policy_gradient_loss | -0.00162     |
|    std                  | 0.577        |
|    value_loss           | 3.42e+03     |
------------------------------------------
-----------------------------------------
| time/                   |             |
|    fps                  | 3087        |
|    iterations           | 8           |
|    time_elapsed         | 21          |
|    total_timesteps      | 1335296     |
| train/                  |             |
|    approx_kl            | 0.004416881 |
|    clip_fraction        | 0.034       |
|    clip_range           | 0.2         |
|    entropy_loss         | -1.72       |
|    explained_variance   | 0.839       |
|    learning_rate        | 0.0003      |
|    loss                 | 407         |
|    n_updates            | 1620        |
|    policy_gradient_loss | -0.00031    |
|    std                  | 0.575       |
|    value_loss           | 1.13e+03    |
-----------------------------------------
-----------------------------------------
| time/                   |             |
|    fps                  | 3046        |
|    iterations           | 9           |
|    time_elapsed         | 24          |
|    total_timesteps      | 1343488     |
| train/                  |             |
|    approx_kl            | 0.003677609 |
|    clip_fraction        | 0.0252      |
|    clip_range           | 0.2         |
|    entropy_loss         | -1.71       |
|    explained_variance   | 0.99        |
|    learning_rate        | 0.0003      |
|    loss                 | 12.7        |
|    n_updates            | 1630        |
|    policy_gradient_loss | -0.00115    |
|    std                  | 0.574       |
|    value_loss           | 33          |
-----------------------------------------
---------------------------------------
| time/                   |           |
|    fps                  | 3046      |
|    iterations           | 10        |
|    time_elapsed         | 26        |
|    total_timesteps      | 1351680   |
| train/                  |           |
|    approx_kl            | 0.0031278 |
|    clip_fraction        | 0.0361    |
|    clip_range           | 0.2       |
|    entropy_loss         | -1.71     |
|    explained_variance   | 0.983     |
|    learning_rate        | 0.0003    |
|    loss                 | 216       |
|    n_updates            | 1640      |
|    policy_gradient_loss | -0.00219  |
|    std                  | 0.574     |
|    value_loss           | 196       |
---------------------------------------
------------------------------------------
| time/                   |              |
|    fps                  | 3048         |
|    iterations           | 11           |
|    time_elapsed         | 29           |
|    total_timesteps      | 1359872      |
| train/                  |              |
|    approx_kl            | 0.0047319992 |
|    clip_fraction        | 0.0391       |
|    clip_range           | 0.2          |
|    entropy_loss         | -1.71        |
|    explained_variance   | 0.953        |
|    learning_rate        | 0.0003       |
|    loss                 | 785          |
|    n_updates            | 1650         |
|    policy_gradient_loss | -0.00289     |
|    std                  | 0.572        |
|    value_loss           | 1.02e+03     |
------------------------------------------
------------------------------------------
| time/                   |              |
|    fps                  | 3024         |
|    iterations           | 12           |
|    time_elapsed         | 32           |
|    total_timesteps      | 1368064      |
| train/                  |              |
|    approx_kl            | 0.0025334922 |
|    clip_fraction        | 0.0136       |
|    clip_range           | 0.2          |
|    entropy_loss         | -1.7         |
|    explained_variance   | 0.911        |
|    learning_rate        | 0.0003       |
|    loss                 | 605          |
|    n_updates            | 1660         |
|    policy_gradient_loss | -0.00212     |
|    std                  | 0.571        |
|    value_loss           | 2.95e+03     |
------------------------------------------
------------------------------------------
| time/                   |              |
|    fps                  | 3007         |
|    iterations           | 13           |
|    time_elapsed         | 35           |
|    total_timesteps      | 1376256      |
| train/                  |              |
|    approx_kl            | 0.0024230368 |
|    clip_fraction        | 0.0244       |
|    clip_range           | 0.2          |
|    entropy_loss         | -1.69        |
|    explained_variance   | 0.927        |
|    learning_rate        | 0.0003       |
|    loss                 | 369          |
|    n_updates            | 1670         |
|    policy_gradient_loss | -0.00109     |
|    std                  | 0.566        |
|    value_loss           | 1.29e+03     |
------------------------------------------
----------------------------------------
| time/                   |            |
|    fps                  | 2986       |
|    iterations           | 14         |
|    time_elapsed         | 38         |
|    total_timesteps      | 1384448    |
| train/                  |            |
|    approx_kl            | 0.00475661 |
|    clip_fraction        | 0.0249     |
|    clip_range           | 0.2        |
|    entropy_loss         | -1.68      |
|    explained_variance   | 0.969      |
|    learning_rate        | 0.0003     |
|    loss                 | 26.9       |
|    n_updates            | 1680       |
|    policy_gradient_loss | -0.002     |
|    std                  | 0.56       |
|    value_loss           | 422        |
----------------------------------------
------------------------------------------
| time/                   |              |
|    fps                  | 2965         |
|    iterations           | 15           |
|    time_elapsed         | 41           |
|    total_timesteps      | 1392640      |
| train/                  |              |
|    approx_kl            | 0.0024498263 |
|    clip_fraction        | 0.0106       |
|    clip_range           | 0.2          |
|    entropy_loss         | -1.66        |
|    explained_variance   | 0.897        |
|    learning_rate        | 0.0003       |
|    loss                 | 350          |
|    n_updates            | 1690         |
|    policy_gradient_loss | -0.00193     |
|    std                  | 0.558        |
|    value_loss           | 2.56e+03     |
------------------------------------------
-----------------------------------------
| time/                   |             |
|    fps                  | 2962        |
|    iterations           | 16          |
|    time_elapsed         | 44          |
|    total_timesteps      | 1400832     |
| train/                  |             |
|    approx_kl            | 0.003748543 |
|    clip_fraction        | 0.0262      |
|    clip_range           | 0.2         |
|    entropy_loss         | -1.66       |
|    explained_variance   | 0.971       |
|    learning_rate        | 0.0003      |
|    loss                 | 316         |
|    n_updates            | 1700        |
|    policy_gradient_loss | -0.00184    |
|    std                  | 0.557       |
|    value_loss           | 644         |
-----------------------------------------
------------------------------------------
| time/                   |              |
|    fps                  | 2949         |
|    iterations           | 17           |
|    time_elapsed         | 47           |
|    total_timesteps      | 1409024      |
| train/                  |              |
|    approx_kl            | 0.0024713913 |
|    clip_fraction        | 0.0143       |
|    clip_range           | 0.2          |
|    entropy_loss         | -1.65        |
|    explained_variance   | 0.882        |
|    learning_rate        | 0.0003       |
|    loss                 | 1.53e+03     |
|    n_updates            | 1710         |
|    policy_gradient_loss | -0.00103     |
|    std                  | 0.556        |
|    value_loss           | 3.98e+03     |
------------------------------------------
------------------------------------------
| time/                   |              |
|    fps                  | 2944         |
|    iterations           | 18           |
|    time_elapsed         | 50           |
|    total_timesteps      | 1417216      |
| train/                  |              |
|    approx_kl            | 0.0043587033 |
|    clip_fraction        | 0.0294       |
|    clip_range           | 0.2          |
|    entropy_loss         | -1.64        |
|    explained_variance   | 0.943        |
|    learning_rate        | 0.0003       |
|    loss                 | 837          |
|    n_updates            | 1720         |
|    policy_gradient_loss | -0.000446    |
|    std                  | 0.551        |
|    value_loss           | 1.54e+03     |
------------------------------------------
-----------------------------------------
| time/                   |             |
|    fps                  | 2929        |
|    iterations           | 19          |
|    time_elapsed         | 53          |
|    total_timesteps      | 1425408     |
| train/                  |             |
|    approx_kl            | 0.003150194 |
|    clip_fraction        | 0.0203      |
|    clip_range           | 0.2         |
|    entropy_loss         | -1.63       |
|    explained_variance   | 0.989       |
|    learning_rate        | 0.0003      |
|    loss                 | 30          |
|    n_updates            | 1730        |
|    policy_gradient_loss | -0.00106    |
|    std                  | 0.549       |
|    value_loss           | 130         |
-----------------------------------------
------------------------------------------
| time/                   |              |
|    fps                  | 2932         |
|    iterations           | 20           |
|    time_elapsed         | 55           |
|    total_timesteps      | 1433600      |
| train/                  |              |
|    approx_kl            | 0.0030856673 |
|    clip_fraction        | 0.00752      |
|    clip_range           | 0.2          |
|    entropy_loss         | -1.63        |
|    explained_variance   | 0.9          |
|    learning_rate        | 0.0003       |
|    loss                 | 1.66e+03     |
|    n_updates            | 1740         |
|    policy_gradient_loss | -0.00187     |
|    std                  | 0.548        |
|    value_loss           | 3.52e+03     |
------------------------------------------
------------------------------------------
| time/                   |              |
|    fps                  | 2911         |
|    iterations           | 21           |
|    time_elapsed         | 59           |
|    total_timesteps      | 1441792      |
| train/                  |              |
|    approx_kl            | 0.0019699626 |
|    clip_fraction        | 0.0262       |
|    clip_range           | 0.2          |
|    entropy_loss         | -1.63        |
|    explained_variance   | 0.867        |
|    learning_rate        | 0.0003       |
|    loss                 | 1.17e+03     |
|    n_updates            | 1750         |
|    policy_gradient_loss | -0.00153     |
|    std                  | 0.548        |
|    value_loss           | 2.38e+03     |
------------------------------------------
-----------------------------------------
| time/                   |             |
|    fps                  | 2914        |
|    iterations           | 22          |
|    time_elapsed         | 61          |
|    total_timesteps      | 1449984     |
| train/                  |             |
|    approx_kl            | 0.003722468 |
|    clip_fraction        | 0.0213      |
|    clip_range           | 0.2         |
|    entropy_loss         | -1.62       |
|    explained_variance   | 0.986       |
|    learning_rate        | 0.0003      |
|    loss                 | 18.7        |
|    n_updates            | 1760        |
|    policy_gradient_loss | -0.00139    |
|    std                  | 0.545       |
|    value_loss           | 105         |
-----------------------------------------
------------------------------------------
| time/                   |              |
|    fps                  | 2928         |
|    iterations           | 23           |
|    time_elapsed         | 64           |
|    total_timesteps      | 1458176      |
| train/                  |              |
|    approx_kl            | 0.0035027808 |
|    clip_fraction        | 0.0304       |
|    clip_range           | 0.2          |
|    entropy_loss         | -1.61        |
|    explained_variance   | 0.993        |
|    learning_rate        | 0.0003       |
|    loss                 | 12.2         |
|    n_updates            | 1770         |
|    policy_gradient_loss | -0.00256     |
|    std                  | 0.545        |
|    value_loss           | 63.4         |
------------------------------------------
------------------------------------------
| time/                   |              |
|    fps                  | 2944         |
|    iterations           | 24           |
|    time_elapsed         | 66           |
|    total_timesteps      | 1466368      |
| train/                  |              |
|    approx_kl            | 0.0023071417 |
|    clip_fraction        | 0.0225       |
|    clip_range           | 0.2          |
|    entropy_loss         | -1.61        |
|    explained_variance   | 0.943        |
|    learning_rate        | 0.0003       |
|    loss                 | 299          |
|    n_updates            | 1780         |
|    policy_gradient_loss | -0.00177     |
|    std                  | 0.543        |
|    value_loss           | 1.62e+03     |
------------------------------------------
-----------------------------------------
| time/                   |             |
|    fps                  | 2973        |
|    iterations           | 25          |
|    time_elapsed         | 68          |
|    total_timesteps      | 1474560     |
| train/                  |             |
|    approx_kl            | 0.002961184 |
|    clip_fraction        | 0.0102      |
|    clip_range           | 0.2         |
|    entropy_loss         | -1.61       |
|    explained_variance   | 0.914       |
|    learning_rate        | 0.0003      |
|    loss                 | 130         |
|    n_updates            | 1790        |
|    policy_gradient_loss | -0.000486   |
|    std                  | 0.544       |
|    value_loss           | 2.11e+03    |
-----------------------------------------
-----------------------------------------
| time/                   |             |
|    fps                  | 2996        |
|    iterations           | 26          |
|    time_elapsed         | 71          |
|    total_timesteps      | 1482752     |
| train/                  |             |
|    approx_kl            | 0.002432351 |
|    clip_fraction        | 0.0147      |
|    clip_range           | 0.2         |
|    entropy_loss         | -1.61       |
|    explained_variance   | 0.954       |
|    learning_rate        | 0.0003      |
|    loss                 | 521         |
|    n_updates            | 1800        |
|    policy_gradient_loss | -0.00236    |
|    std                  | 0.543       |
|    value_loss           | 1.06e+03    |
-----------------------------------------
------------------------------------------
| time/                   |              |
|    fps                  | 3010         |
|    iterations           | 27           |
|    time_elapsed         | 73           |
|    total_timesteps      | 1490944      |
| train/                  |              |
|    approx_kl            | 0.0035429958 |
|    clip_fraction        | 0.0408       |
|    clip_range           | 0.2          |
|    entropy_loss         | -1.61        |
|    explained_variance   | 0.976        |
|    learning_rate        | 0.0003       |
|    loss                 | 25.7         |
|    n_updates            | 1810         |
|    policy_gradient_loss | -0.00107     |
|    std                  | 0.545        |
|    value_loss           | 424          |
------------------------------------------
------------------------------------------
| time/                   |              |
|    fps                  | 3020         |
|    iterations           | 28           |
|    time_elapsed         | 75           |
|    total_timesteps      | 1499136      |
| train/                  |              |
|    approx_kl            | 0.0024093213 |
|    clip_fraction        | 0.00803      |
|    clip_range           | 0.2          |
|    entropy_loss         | -1.61        |
|    explained_variance   | 0.948        |
|    learning_rate        | 0.0003       |
|    loss                 | 1.02e+03     |
|    n_updates            | 1820         |
|    policy_gradient_loss | -0.00225     |
|    std                  | 0.544        |
|    value_loss           | 1.45e+03     |
------------------------------------------
------------------------------------------
| time/                   |              |
|    fps                  | 3024         |
|    iterations           | 29           |
|    time_elapsed         | 78           |
|    total_timesteps      | 1507328      |
| train/                  |              |
|    approx_kl            | 0.0024327412 |
|    clip_fraction        | 0.00818      |
|    clip_range           | 0.2          |
|    entropy_loss         | -1.61        |
|    explained_variance   | 0.912        |
|    learning_rate        | 0.0003       |
|    loss                 | 1.89e+03     |
|    n_updates            | 1830         |
|    policy_gradient_loss | -0.00199     |
|    std                  | 0.544        |
|    value_loss           | 3.17e+03     |
------------------------------------------
------------------------------------------
| time/                   |              |
|    fps                  | 3027         |
|    iterations           | 30           |
|    time_elapsed         | 81           |
|    total_timesteps      | 1515520      |
| train/                  |              |
|    approx_kl            | 0.0039624656 |
|    clip_fraction        | 0.0369       |
|    clip_range           | 0.2          |
|    entropy_loss         | -1.61        |
|    explained_variance   | 0.959        |
|    learning_rate        | 0.0003       |
|    loss                 | 1.07e+03     |
|    n_updates            | 1840         |
|    policy_gradient_loss | -0.003       |
|    std                  | 0.542        |
|    value_loss           | 1.15e+03     |
------------------------------------------
------------------------------------------
| time/                   |              |
|    fps                  | 3045         |
|    iterations           | 31           |
|    time_elapsed         | 83           |
|    total_timesteps      | 1523712      |
| train/                  |              |
|    approx_kl            | 0.0035567423 |
|    clip_fraction        | 0.0187       |
|    clip_range           | 0.2          |
|    entropy_loss         | -1.61        |
|    explained_variance   | 0.927        |
|    learning_rate        | 0.0003       |
|    loss                 | 150          |
|    n_updates            | 1850         |
|    policy_gradient_loss | -0.00106     |
|    std                  | 0.543        |
|    value_loss           | 2.4e+03      |
------------------------------------------
